age_ma,code,bin,paleo_lon,paleo_lat,robinson_x,robinson_y
410,E,arid,58.073250384116534,-66.01577150164084,4123445.01798307,-6911605.823916305
410,E,arid,95.13475493083315,-32.56982814583836,8552947.95834581,-3483480.5932581844
410,E,arid,94.96527732150305,-33.55969086732951,8506129.372819887,-3589349.109559781
410,E,arid,97.0578132648841,-31.559507467948592,8757348.42823963,-3375399.467455815
410,E,arid,114.09851815365994,-39.88088973487417,9940532.94849792,-4263691.785710026
410,E,arid,136.59996662504793,0.8106307945240655,12904949.396117194,86698.52024206679
410,E,arid,136.55770100626373,-8.246071369099853,12859311.71314594,-881933.1583133466
410,E,arid,-6.526813223444343,13.191082665244455,-611859.5648892979,1410811.5771711918
410,E,arid,-0.8253947383092209,19.190569155262274,-76697.94751737696,2052465.519769956
410,E,arid,-1.773119316285355,24.36605361787825,-163218.0763029625,2605999.2429335024
410,E,arid,-8.567909819321248,21.154704384338096,-793483.555165235,2262538.6780497073
410,E,arid,-14.334912509779754,29.19149639843083,-1303405.5451400303,3122070.577817155
410,E,arid,3.129642822689623,28.79467367899851,284900.23658610164,3079625.9092352926
410,E,arid,-19.097278216812303,31.37822856676021,-1724193.2810494401,3356005.4264895995
410,E,arid,-25.786469072518113,25.339011201713518,-2368646.426212821,2710053.292152482
410,E,arid,1.9716108677321906,20.950096674496464,182657.95599578478,2240655.006739702
410,E,arid,-7.874977152268161,20.012602890003915,-730744.1141834947,2140386.2470426057
410,E,arid,-8.132469393937244,32.20423657304601,-732107.3340023881,3444372.6919434047
410,E,arid,-2.0533908879748877,17.565131105861155,-191320.20315244282,1878622.0738887973
410,E,arid,-3.7982096709702295,17.44824443453607,-353956.2898070163,1866120.90331657
410,E,arid,124.99041592045351,-38.66428887918293,10954547.464828126,-4134269.2529913913
410,E,arid,106.94876937687543,-32.299599943864976,9624516.879347816,-3454574.131318701
410,E,arid,125.15210931080608,-35.25359470090305,11134935.5274853,-3770413.9270612258
410,E,arid,94.8854220814073,-50.91538284197571,7729432.235929063,-5421412.64207169
410,E,arid,174.51528462105358,-13.173186108109478,16360366.15393651,-1408897.5085563534
410,E,arid,148.26988837934044,-10.275086074602706,13940385.152095757,-1098940.1481117276
410,E,arid,53.9062815994478,-46.395430605507805,4525748.654961193,-4951536.938597401
410,E,arid,-5.846715430424343,-21.796036627122305,-540859.421407869,-2331131.8328947336
410,E,arid,4.712452828836459,4.304693158861634,444737.86297231144,460395.14415084466
410,E,arid,11.340524966503915,-2.2383626447787592,1071070.3749098054,-239397.17639600846
410,E,arid,37.911799626882484,-47.018407800019226,3170599.0647065965,-5016735.464939119
410,E,arid,37.834974637666434,-49.466735119936125,3113836.596195698,-5271671.549708361
410,E,arid,-7.928563818371406,-1.9847434428821529,-748872.8356294037,-212272.11804750087
410,E,arid,-18.760493573107844,-7.023278185810282,-1768021.4102513595,-751153.0544468215
410,E,arid,-26.57523193984159,-7.6937380045046355,-2503448.7742923093,-822860.0264294181
410,E,arid,-22.81889444782556,-7.749614538828205,-2149515.049385435,-828836.1303100109
410,E,arid,-20.138841472731574,-6.081371734055967,-1898939.838498793,-650414.356502625
410,E,arid,-20.138841472731574,-6.081371734055967,-1898939.838498793,-650414.356502625
410,E,arid,-39.89396856789799,-6.291579086831126,-3761264.9792207284,-672896.4344627685
410,E,arid,-37.61925821229415,-1.8096319996855619,-3553381.8056240734,-193543.6142022695
410,E,arid,-42.860906188562595,-8.20002963268918,-4036236.468006706,-877008.9041768678
410,E,arid,-42.79585164895203,-9.30937643486064,-4026854.332197698,-995655.756807876
410,E,arid,-28.53359197954827,-21.3536394802956,-2641608.822582123,-2283815.6345211063
410,E,arid,-28.43087021322345,-28.87224727317075,-2587550.625170769,-3087923.1255144877
410,E,arid,-37.288830711794006,-37.686364854371895,-3283000.7436003406,-4030078.381092587
410,CA,arid,133.73979101864222,6.90489014463008,12604760.277768105,738491.2261185971
410,CA,arid,12.037574276416656,30.286528787133715,1090778.6923128678,3239210.2176678716
410,CA,arid,177.22025954613724,-9.953318126106423,16666841.391535908,-1064526.643710431
410,CA,arid,3.8604917295120385,-27.27678405683312,352924.4421802839,-2917285.3467892404
410,CA,arid,1.3819812336650097,-28.624505903432766,125868.27643234134,-3061425.1322629405
410,CA,arid,4.84778508754522,-23.935595930646006,446641.15162519977,-2559962.3404931654
410,CA,arid,-8.209036326351523,-1.5562778169030795,-775438.5976809416,-166446.89925329684
410,CA,arid,-9.561479771800641,-2.123850610984625,-903073.8718353151,-227149.89560516446
410,CA,arid,-3.2850729331343755,-27.325841810131564,-300280.86819506,-2922531.8751824307
410,CA,arid,-4.541096722851061,-27.78261769656629,-414579.61704643304,-2971382.9119467144
410,CA,arid,-4.1285398188913,-28.71424495698616,-375921.3220342582,-3071023.385760189
410,CA,arid,-1.7203648924861359,-28.898846622225246,-156561.54417809346,-3090768.1896839626
410,CA,arid,-4.5941678617736486,-24.566349696635534,-422720.6380464993,-2627420.4172135275
410,CA,arid,-3.4781957097094316,-28.484030765988482,-316916.3891667501,-3046400.458927801
410,CA,arid,-2.375970377589458,-29.15851697826273,-216057.19239286752,-3118542.9789567394
410,CA,arid,-5.738183806935187,-24.98077316525697,-527510.5443170762,-2671741.4617854375
410,CA,arid,-5.017503233937553,-23.644023635466837,-462548.04776919284,-2528778.6972293635
410,CA,arid,-5.163569831069406,-24.77840545739568,-474896.35669658595,-2650099.0825565825
410,CA,arid,-17.96274184387907,-34.47695917579569,-1603188.5829781105,-3687418.447732417
410,C,wet_humid,12.037574276416656,30.286528787133715,1090778.6923128678,3239210.2176678716
410,C,wet_humid,-14.124781180617633,-36.85422079252969,-1248206.2559077754,-3941324.945386526
410,C,wet_humid,-17.96274184387907,-34.47695917579569,-1603188.5829781105,-3687418.447732417
410,B,warm_humid,12.637945079086526,3.100019918948556,1193282.8889080314,331553.06349850184
410,B,warm_humid,15.946861836390088,31.835985446146054,1437463.8251616217,3404977.7922439766
410,K,warm_humid,52.2299020447425,-62.78976409034014,3834904.232475792,-6606459.082179798
410,K,warm_humid,58.769589081079424,-67.49040203037775,4106309.11027899,-7048067.169329518
410,K,warm_humid,-3.7283196365328664,-26.407330843387367,-341601.26326699764,-2824302.4758973364
410,K,warm_humid,40.96521805535421,-52.10534661479064,3307516.6661228845,-5543725.159965985
410,K,warm_humid,-18.78292091036781,-34.956775658274466,-1673162.800273617,-3738700.0954955514
410,K,warm_humid,-129.76124270272274,-69.60233092897869,-8851000.59574721,-7239753.84581016
410,K,warm_humid,-59.448822009860635,-70.78098174513559,-3998435.9828509265,-7344650.22135056
330,E,arid,0.36983220301735314,-20.005312201814466,34318.33001512938,-2139606.4813234555
330,E,arid,-1.9237711298225102,-25.88744575330963,-176485.0360111541,-2768704.575116592
330,E,arid,11.57452726736428,-34.64342655611807,1032349.31583182,-3705211.61760687
330,E,arid,52.77506763906306,8.27238377312627,4969611.625094533,884747.3216489528
330,E,arid,58.97550683599171,2.545524024467583,5569522.794026864,272248.6721367856
330,E,arid,58.97550683599171,2.545524024467583,5569522.794026864,272248.6721367856
330,E,arid,54.90928867763425,7.987237365061979,5171584.247935253,854250.354515387
330,E,arid,52.71780216062492,9.183044098065608,4960937.091996145,982144.2575343382
330,E,arid,62.98635548246462,5.104988696098989,5942118.628129429,545988.3231027547
330,E,arid,62.772232713560925,4.652790370252753,5923194.627672847,497624.79429571616
330,E,arid,50.85315439831175,21.879702147550404,4703546.396092206,2340080.1893533072
330,E,arid,55.72701488470009,22.399923660230403,5149487.776370659,2395719.749745024
330,E,arid,39.521490109043874,43.15987873924527,3382611.858787448,4611146.251688998
330,E,arid,111.37653016061302,-17.74942903273795,10374175.676205138,-1898332.9728022846
330,E,arid,32.69759893362194,9.167533328615331,3076999.492556309,980485.349406073
330,E,arid,17.854853329772695,20.066736596801405,1656655.5492755678,2146176.0466012247
330,E,arid,6.781072792741497,16.28060793132184,633079.574242919,1741241.012660807
330,E,arid,6.443703689200294,23.24167305856249,594492.6748492228,2485746.909202878
330,E,arid,-31.04231122472218,1.5529880194188594,-2932307.9058512254,166095.04911031574
330,E,arid,-40.64481675465351,10.402354627852192,-3821018.2921392866,1112551.767511894
330,E,arid,-33.07880910009568,18.750050032874555,-3076049.937752968,2005351.0299483154
330,E,arid,-6.454376552457271,20.499000129836585,-598424.3290929684,2192408.330689185
330,E,arid,-7.088153503392415,21.133379740981336,-656466.0738956507,2260257.9161183946
330,E,arid,-13.251371835409364,23.00312873868096,-1223122.9814947995,2460234.162239547
330,E,arid,-10.023061204220765,21.48912551784737,-927703.1546158968,2298306.4364998597
330,E,arid,-19.19787336648475,28.627602219322853,-1748490.8019993855,3061756.3045709236
330,E,arid,-18.48897096990543,28.95094663266669,-1682325.961431696,3096340.8277653907
330,E,arid,-31.015341198312072,-15.316630210781051,-2899656.4134781524,-1638142.7255230984
330,E,arid,-35.003088892346604,0.9736006049108966,-3306766.844330857,104128.45423026443
330,CA,arid,-27.581691082991153,-15.951842124705733,-2576282.977125991,-1706079.2196555096
330,CA,arid,-20.764949017416075,-14.443354914906948,-1943631.2445552077,-1544744.1529044071
330,CA,arid,-29.545387418586717,-16.101245753369255,-2759092.3643617537,-1722058.0692940275
330,CA,arid,-23.739010220137736,-15.4548767778503,-2218951.2208493943,-1652928.327229365
330,CA,arid,-25.862985802964744,-16.190135032845927,-2414891.1917489534,-1731564.8560842548
330,T,cold,-105.4051623344794,-70.94145777990674,-7075559.2106171455,-7358812.370940035
330,C,wet_humid,54.68724520524376,5.866738379611667,5157184.770808021,627458.9092881883
330,C,wet_humid,54.68724520524376,5.866738379611667,5157184.770808021,627458.9092881883
330,C,wet_humid,66.48007649482278,5.185815393287678,6271466.949383737,554632.893390741
330,C,wet_humid,86.54081330008646,39.17662615920524,7566018.322433501,4188800.6513330406
330,C,wet_humid,63.04514458561618,4.856365282509678,5948377.41454706,519397.5121453864
330,C,wet_humid,95.49015750334306,-7.08392166269074,8998828.852163816,-757638.9908635874
330,C,wet_humid,94.38570194606723,-7.134095134220866,8894476.160968639,-763005.1401491622
330,C,wet_humid,89.8473979065235,-14.063495327427827,8413937.888565075,-1504117.58476961
330,C,wet_humid,90.05133288031553,-15.798011716312136,8413191.247819819,-1689626.921259349
330,C,wet_humid,96.09495348141652,-20.857084092209043,8904055.41381229,-2230706.913617964
330,C,wet_humid,98.27295449520714,-15.27232582128232,9188211.303363884,-1633404.3280796339
330,C,wet_humid,91.28386235174848,-7.704714276125205,8599091.416342627,-824033.9599903203
330,C,wet_humid,91.27651288838165,-11.093204854192,8575541.711261803,-1186439.5542875894
330,C,wet_humid,93.95850278257738,-10.814422817425758,8829793.050695146,-1156623.267288918
330,C,wet_humid,97.6165747446772,-12.599281801745994,9157206.830241388,-1347517.3949804585
330,C,wet_humid,99.12631590003723,-13.426528282702638,9290090.535565946,-1435992.899220794
330,C,wet_humid,96.44981234584557,-10.145009632846737,9069251.553160772,-1085028.2206553502
330,C,wet_humid,99.34080498281645,-10.304806413879046,9339817.018510727,-1102118.7961376878
330,C,wet_humid,100.86324443462426,-11.131121353718303,9475889.401845556,-1190494.7984866067
330,C,wet_humid,97.41772086949831,-8.674331967979436,9170824.908992505,-927736.4757526416
330,C,wet_humid,98.73424720402255,-9.060224410216298,9292117.421507232,-969008.4442451049
330,C,wet_humid,98.32510113643428,-8.233355500934307,9259120.302013341,-880573.1712283752
330,C,wet_humid,88.19009657174159,-8.301654386092002,8304331.5723945815,-887877.8712863211
330,C,wet_humid,98.61081261730268,-14.145980572513436,9233645.289665474,-1512939.5120436805
330,C,wet_humid,100.69605591475106,-18.21348824089643,9372229.278898144,-1947964.7819021018
330,C,wet_humid,101.51483163638773,-12.266477166189114,9526299.426521648,-1311923.311068004
330,C,wet_humid,97.19409540942083,-43.25575673650539,8314184.827062198,-4621271.19428294
330,C,wet_humid,104.79012674632656,-34.717585437120455,9343607.985385435,-3713137.7127202866
330,C,wet_humid,100.0865685526834,-34.031047233869415,8948520.9188969,-3639749.0010172166
330,C,wet_humid,45.19640192098351,25.170298584001497,4153149.6928888895,2692010.48961746
330,C,wet_humid,46.01931571420702,24.25998146506945,4237078.835674794,2594655.0234671924
330,C,wet_humid,47.05205981434094,23.92653621145432,4335128.604370227,2558993.4080738043
330,C,wet_humid,47.28564779155356,24.53299887955152,4351176.805533398,2623853.6402138122
330,C,wet_humid,38.69021817935914,40.60171859712503,3358329.5370365167,4340257.731621749
330,C,wet_humid,42.655452309167,23.099484785334646,3936444.071621593,2470539.632253011
330,C,wet_humid,46.058419806523574,22.899898211629626,4252097.674326371,2449193.429715372
330,C,wet_humid,43.61589632416281,24.05182867186887,4017514.5182136777,2572393.3492125426
330,C,wet_humid,44.871048336347876,24.295378467588964,4131051.66765656,2598440.671767394
330,C,wet_humid,46.774854670073665,26.35382643397969,4286237.4966942575,2818580.5627660477
330,C,wet_humid,45.30143734074836,25.463119992058434,4160036.9493628843,2723325.925299662
330,C,wet_humid,37.89269529018347,35.78255034378679,3363977.9478954026,3826918.7452610927
330,C,wet_humid,35.39010118499725,36.26453615932257,3135408.701880971,3878386.3648949796
330,C,wet_humid,38.69021817935914,40.60171859712503,3358329.5370365167,4340257.731621749
330,C,wet_humid,37.38672847223968,40.46547257218965,3247488.7268256764,4325793.376063706
330,C,wet_humid,37.38672847223968,40.46547257218965,3247488.7268256764,4325793.376063706
330,C,wet_humid,38.69021817935914,40.60171859712503,3358329.5370365167,4340257.731621749
330,C,wet_humid,38.69021817935914,40.60171859712503,3358329.5370365167,4340257.731621749
330,C,wet_humid,42.45937380817343,42.20101593321887,3653807.3497209637,4509772.912505317
330,C,wet_humid,41.12058924181637,42.080383008241625,3540970.2235353896,4497004.929622595
330,C,wet_humid,121.44786744458237,-18.54483127328944,11297492.679301731,-1983402.4889255415
330,C,wet_humid,46.55598840173108,41.787937106323746,4015489.9251711513,4466039.145636102
330,C,wet_humid,109.36189515213356,-17.794474301669204,10185777.853108296,-1903150.624548838
330,C,wet_humid,158.0691185628739,-48.97466060135788,13052714.621537346,-5220611.984817418
330,C,wet_humid,137.8967776118029,-33.392951524891025,12359402.162401224,-3571518.2285874896
330,C,wet_humid,19.792721799439093,-16.074636778804475,1848414.0502597925,-1719212.2160415608
330,C,wet_humid,20.081237198039105,-16.278787781817655,1874785.3524283732,-1741046.3460553307
330,C,wet_humid,9.111679986413733,-5.265638875692958,859525.8553941061,-563170.1678192712
330,C,wet_humid,8.7678562624068,-6.400338811801475,826596.8954295213,-684528.4949210843
330,C,wet_humid,26.296459368618756,2.822349705365675,2483164.4192333617,301855.70610311645
330,C,wet_humid,22.082564807214524,2.102785603490038,2085691.47711258,224896.95279521734
330,C,wet_humid,21.57767587405356,1.7500688408800573,2038178.127988547,187173.22036475778
330,C,wet_humid,35.39010118499725,36.26453615932257,3135408.701880971,3878386.3648949796
330,C,wet_humid,28.595430263431414,2.1549335045708236,2700792.661546618,230474.2704707567
330,C,wet_humid,11.871415207091818,-9.255126937314882,1117081.6682867152,-989853.6630381504
330,C,wet_humid,7.5147500559855045,-6.721015965405888,708329.5645948787,-718825.5301194225
330,C,wet_humid,9.662357210559701,-8.66747210367464,909610.940570879,-927002.7996278509
330,C,wet_humid,9.83687139801199,-9.652518998455921,925344.9902244336,-1032355.5548881147
330,C,wet_humid,10.707479333392131,-10.512205161605195,1006512.9096782987,-1124300.4965463502
330,C,wet_humid,12.090708574399477,-10.231492110056974,1136815.0415143054,-1094277.6890135626
330,C,wet_humid,11.871415207091818,-9.255126937314882,1117081.6682867152,-989853.6630381504
330,C,wet_humid,9.425748377463583,-4.130082651144552,889623.2913050215,-441720.22173162515
330,C,wet_humid,14.274146430284029,-7.6266328677214545,1344716.0409327052,-815683.0018578365
330,C,wet_humid,9.181281969448989,-5.505843475380328,865986.9624992526,-588860.5095463063
330,C,wet_humid,19.792721799439093,-16.074636778804475,1848414.0502597925,-1719212.2160415608
330,C,wet_humid,0.7236293716239187,-3.2856473587127146,68320.95897290212,-351406.27061647986
330,C,wet_humid,1.2507719159135187,-2.7325065371654857,118113.36044750853,-292246.8081986595
330,C,wet_humid,0.18098820233410165,-3.8315452491871516,17084.225661982688,-409791.0834784171
330,C,wet_humid,14.617104310312422,-2.1814641125113634,1380552.367184838,-233311.76968034756
330,C,wet_humid,18.678283516406797,-1.2424829027361346,1764481.0296041619,-132885.93175819406
330,C,wet_humid,9.978295084748066,17.576107224850663,929689.3858411536,1879795.9833832665
330,C,wet_humid,4.476878871779311,-15.962294873727663,418158.88064630964,-1707197.1503788151
330,C,wet_humid,5.580993898606193,19.068603945423575,518707.93033038883,2039421.0543255864
330,C,wet_humid,2.640050762210416,21.069977005114723,244534.0519216337,2253476.721795344
330,C,wet_humid,2.959573804779021,-2.516686269026914,279498.3624273047,-269164.4192015034
330,C,wet_humid,4.847953112590825,-3.2072731986355807,457729.2353102782,-343024.0054525971
330,C,wet_humid,6.648276436734318,-0.7533370216206272,628083.5577250076,-80570.84125001145
330,C,wet_humid,2.258291551885348,-1.6058622106078602,213319.65669003688,-171750.0451364988
330,C,wet_humid,3.526775132759845,-2.427997473259974,333072.89943748433,-259678.98331606973
330,C,wet_humid,3.041289797563552,0.532478999342765,287325.79134804953,56949.65171865485
330,C,wet_humid,2.535383619529587,-1.5677479095522724,239495.80831540705,-167673.64763403585
330,C,wet_humid,1.1990131873337326,-2.235187643071378,113242.43128272021,-239057.60389922693
330,C,wet_humid,1.2507719159135187,-2.7325065371654857,118113.36044750853,-292246.8081986595
330,C,wet_humid,4.3514766723602945,0.4661482324085167,411107.5544793521,49855.44881523114
330,C,wet_humid,-31.905809625730253,18.846816901538652,-2966490.27856748,2015700.4447179115
330,C,wet_humid,-3.578865537662355,48.57322032165226,-296320.94588636723,5178887.6675927015
330,C,wet_humid,-49.76614147378688,0.9745674636891662,-4701442.387844011,104231.86163185122
330,C,wet_humid,-48.82966010961798,0.5318501067957269,-4613181.352243205,56882.39045308705
330,C,wet_humid,-48.218091014123516,3.1177861745084057,-4552754.40540051,333453.1982825855
330,C,wet_humid,-47.86147795373393,1.3138005308660399,-4521275.198594956,140513.4888271799
330,C,wet_humid,-45.227022822028474,1.8901434525172616,-4271904.204893636,202154.4681358888
330,C,wet_humid,-23.648977888828117,-13.315010425986348,-2216666.3735689344,-1424065.8700018765
330,C,wet_humid,-27.581691082991153,-15.951842124705733,-2576282.977125991,-1706079.2196555096
330,C,wet_humid,-67.48184008907546,-57.035194060889786,-5231268.417131792,-6042794.288236686
330,C,wet_humid,-71.22971401298841,-53.2686680675127,-5699136.884982652,-5662651.1234184615
330,C,wet_humid,-74.86527532903737,-55.39244391196723,-5886531.272588437,-5877971.847577188
330,C,wet_humid,-57.63063766999279,-45.14095384754634,-4875476.125739504,-4819892.914676358
330,C,wet_humid,-55.40752135499525,-46.257967979780084,-4655727.589229104,-4937134.255683414
330,C,wet_humid,-57.887909123823334,-43.76778756243137,-4937196.3319922825,-4675305.95840458
330,C,wet_humid,-18.76625492506447,-44.65486345429804,-1592215.7434399494,-4768766.684715923
330,C,wet_humid,-51.44876370349446,-23.275283359064446,-4746327.448719278,-2489341.5804798817
330,C,wet_humid,-58.95484421509503,-43.19792353494539,-5044795.525677708,-4615164.128912358
330,C,wet_humid,56.18039627353778,4.115033679320569,5302466.373083917,440110.7058466064
330,B,warm_humid,54.044528250926454,8.27428251546998,5089144.85307457,884950.3958764909
330,B,warm_humid,91.72958065552554,-13.254166093485201,8598608.952076321,-1417558.461559037
330,B,warm_humid,95.11214146181298,-18.429527898041464,8849348.704473652,-1971070.5856404959
330,B,warm_humid,93.49912456918695,-13.431994599420996,8762655.076354006,-1436577.5312627747
330,B,warm_humid,96.84092890278163,-15.86140887277305,9046682.048733573,-1696407.3034472272
330,B,warm_humid,97.97887390765368,-15.881297453908418,9152719.741121978,-1698534.4048092607
330,B,warm_humid,99.79949467315473,-10.089868113462598,9384662.376314348,-1079130.7287004557
330,B,warm_humid,97.49994304940726,-16.07625269688196,9105358.707561985,-1719385.0399021988
330,B,warm_humid,95.9687061678476,-5.818266316994526,9050392.187075883,-622274.7295972228
330,B,warm_humid,90.8804139836102,-6.927008392115512,8565220.417354124,-740856.8151355799
330,B,warm_humid,101.0564570653929,-19.05299034552241,9392621.561411142,-2037751.1441877338
330,B,warm_humid,99.22313434421605,-14.874553894619037,9282129.62659523,-1590861.4986094376
330,B,warm_humid,92.98365022510816,-8.827032739279145,8752432.319588028,-944068.1275374402
330,B,warm_humid,97.31918380212525,-15.666078597411342,9093942.757232413,-1675516.5558950198
330,B,warm_humid,99.23013721450113,-18.776837559111655,9227151.416658886,-2008216.0099405996
330,B,warm_humid,100.69605591475106,-18.21348824089643,9372229.278898144,-1947964.7819021018
330,B,warm_humid,96.84092890278163,-15.86140887277305,9046682.048733573,-1696407.3034472272
330,B,warm_humid,97.49994304940726,-16.07625269688196,9105358.707561985,-1719385.0399021988
330,B,warm_humid,97.79652264909677,-15.46971238269209,9141119.817372603,-1654515.009036961
330,B,warm_humid,96.58924550716212,-16.05962963104964,9020532.926502585,-1717607.1883811685
330,B,warm_humid,97.1738862127368,-15.338329443983929,9084610.185100013,-1640463.4794017484
330,B,warm_humid,95.74020966472686,-15.924699391508064,8943024.20999596,-1703176.2803928526
330,B,warm_humid,95.41721882847955,-15.960035459364546,8912389.975811861,-1706955.504021005
330,B,warm_humid,97.33198431312283,-15.951096136703098,9091357.352538943,-1705999.4355808145
330,B,warm_humid,97.3554120329399,-15.748070255626235,9096247.782305436,-1684285.6374617761
330,B,warm_humid,97.69162741997366,-15.998397799271373,9124312.88519384,-1711058.3900726594
330,B,warm_humid,97.81046054692635,-15.755786939390651,9138662.035917757,-1685110.9436928355
330,B,warm_humid,98.01523297233422,-15.963678195157746,9155006.791255629,-1707345.0978250871
330,B,warm_humid,98.1724917529656,-16.57956232903858,9161200.079945305,-1773214.4554352844
330,B,warm_humid,97.67975438080938,-16.48696217898884,9116510.052842986,-1763310.7846095292
330,B,warm_humid,95.30425550170976,-16.479322162564458,8894906.940768823,-1762493.6779128814
330,B,warm_humid,94.86726459272215,-15.992143983286658,8860601.775358204,-1710389.5389455247
330,B,warm_humid,95.05024221308385,-13.624502545008403,8905976.858896732,-1457166.5856454044
330,B,warm_humid,57.40981963709051,20.942546290858502,5318746.009177093,2239847.4608941907
330,B,warm_humid,56.087226274988694,18.143522993991358,5220888.457926088,1940481.888233395
330,B,warm_humid,18.453442664615448,-0.21958369699658672,1743417.2110985448,-23484.898188557803
330,B,warm_humid,18.808551214743535,-2.8614530001863185,1776061.1456383385,-306037.8779076828
330,B,warm_humid,88.50236855088593,-7.375333805395449,8338817.598009352,-788806.0809591244
330,K,warm_humid,89.92248668746912,-6.833308570534327,8475408.1411125,-730835.4394578564
330,K,warm_humid,88.73044630219884,-7.160537782612717,8361416.096021423,-765833.232280346
330,K,warm_humid,47.05205981434094,23.92653621145432,4335128.604370227,2558993.4080738043
330,K,warm_humid,31.564239695614074,-35.540770572970764,2804985.1071231966,-3801093.639944496
330,K,warm_humid,8.50310748208116,-5.435634248351647,802049.492610949,-581351.4984017735
330,K,warm_humid,20.92528741655528,7.491798194450328,1971465.6213472404,801262.1724324746
330,K,warm_humid,20.293550639992247,8.271810938922219,1910961.17086632,884686.0559043859
330,K,warm_humid,16.46135871139831,-3.780391772071488,1553888.3706972944,-404320.1224599124
330,K,warm_humid,19.79150919135753,-3.525785078244281,1868431.221333466,-377089.45491084625
330,K,warm_humid,18.678283516406797,-1.2424829027361346,1764481.0296041619,-132885.93175819406
330,K,warm_humid,2.258291551885348,-1.6058622106078602,213319.65669003688,-171750.0451364988
330,K,warm_humid,-46.35835442028378,-1.2879564336114173,-4379300.640622277,-137749.4130770431
330,K,warm_humid,-44.38173592615019,-0.4526613746562956,-4192986.4244174277,-48413.00347769621
330,K,warm_humid,-40.33129494849951,-4.998923265703022,-3805041.2325274223,-534644.3547185871
330,K,warm_humid,-31.390522097440652,-12.783244866542791,-2944082.4357991302,-1367192.586060385
330,K,warm_humid,-42.45699013988872,6.302573230261602,-4002886.200749065,674072.2791118954
240,E,arid,13.187864776456426,-7.973704614077475,1242098.9617523435,-852803.000369796
240,E,arid,16.721597355406498,-0.7405687485883891,1579743.8771118314,-79205.24993797741
240,E,arid,89.53638507467554,20.540913579534486,8300863.399448569,2196891.146818481
240,E,arid,92.2050347578674,19.69218925455805,8560666.459399479,2106115.125086307
240,E,arid,91.40430556753796,19.250561995006954,8492678.91066455,2058881.9000618523
240,E,arid,90.43502060560029,16.418559866075608,8441233.511139149,1755995.095369554
240,E,arid,89.27800990165017,19.243479226476357,8295216.941676907,2058124.3805365353
240,E,arid,91.40430556753796,19.250561995006954,8492678.91066455,2058881.9000618523
240,E,arid,93.09559958520116,22.519962594550332,8600653.033689354,2408558.2912773094
240,E,arid,91.90792292558447,21.853828593272066,8501206.863200491,2337312.91164665
240,E,arid,92.58191116901625,21.647040462872912,8566701.095515665,2315196.09272053
240,E,arid,93.09559958520116,22.519962594550332,8600653.033689354,2408558.2912773094
240,E,arid,91.53611544144407,19.902395263097286,8495521.770792043,2128597.299655759
240,E,arid,95.29747075137514,19.089906140616026,8856806.028273579,2041699.3730786454
240,E,arid,92.63460087337882,24.020435278635414,8533235.305365881,2569035.852759301
240,E,arid,101.66135857945653,28.64167420541367,9258664.718997618,3063261.401739024
240,E,arid,102.78387338277395,28.697063397523113,9359384.20789955,3069185.684211189
240,E,arid,101.17046413639427,27.755153182884243,9237057.09407759,2968445.611105846
240,E,arid,92.34509628872252,24.445061154521262,8499082.131871328,2614448.9240639308
240,E,arid,92.83311448082463,25.313022182640918,8527798.042512788,2707273.9287220463
240,E,arid,103.09862323232903,28.28056283389176,9399316.952123601,3024638.686013222
240,E,arid,75.4744732631565,4.801748746584952,7121282.372361134,513556.1715000598
240,E,arid,42.124877394579784,-9.169038083691703,3964146.663289061,-980646.286000734
240,E,arid,48.74265576386149,-18.083326849907035,4537666.50552658,-1934043.8180854977
240,E,arid,34.252103745074415,-12.512442729686937,3213421.661606535,-1338229.7935712833
240,E,arid,46.802953552154634,-18.92336936168979,4351015.719775686,-2023887.8928362378
240,E,arid,35.22911577160403,-12.689185013008949,3304443.8605289557,-1357132.710794754
240,E,arid,36.872835468304295,-10.024887447797058,3467532.6121938783,-1072180.921368576
240,E,arid,38.48468236847183,-10.434594916919911,3617842.230229997,-1115999.9293042985
240,E,arid,42.92064712079404,-9.31359094094823,4038583.7211028766,-996106.5067889973
240,E,arid,10.884454177467004,19.949583961535907,1010111.5030351349,2133644.2822170695
240,E,arid,11.790819692284137,8.540214544622831,1110084.8101160605,913392.3511899486
240,E,arid,24.68141499609618,6.4653173443317575,2326775.6758220145,691478.0732164548
240,E,arid,5.573017068832774,15.048851755259232,521221.0094703203,1609503.5520507684
240,E,arid,7.564070788695845,10.397657825312004,711101.032971806,1112049.4353249057
240,E,arid,7.646974784606853,16.68568171938621,713479.2202145378,1784564.0231163413
240,E,arid,9.744757614475064,16.31462631026741,909721.923056686,1744879.3085364494
240,E,arid,11.12077261407719,17.881063682407827,1035623.6664108457,1912411.4777069027
240,E,arid,8.836389854151307,16.538638221332445,824640.4688206604,1768837.5844917728
240,E,arid,12.523496013856686,20.620648416763792,1160886.6361421312,2205419.118997344
240,E,arid,21.296347656732806,8.806587525561568,2004628.0724977136,941881.4711062766
240,E,arid,16.135555469236948,14.495031986422388,1510211.1570012053,1550271.092281471
240,E,arid,18.217564713706174,9.927571504507183,1713324.1246815764,1061772.9889828644
240,E,arid,15.526114953079588,8.820270419598575,1461460.6355540876,943344.883942061
240,E,arid,15.431449198805447,17.486031170395165,1437974.2544533086,1870162.2396526444
240,E,arid,17.36693524040372,15.046242958149897,1624262.7344259818,1609224.5384916596
240,E,arid,15.10118803514562,15.14450697978412,1412164.7495807123,1619733.9761907714
240,E,arid,24.253359078408888,-2.021502482155359,2290769.9017733047,-216203.56758629327
240,E,arid,24.349968648161017,-2.6464824157491393,2299488.1369231194,-283046.36452891125
240,E,arid,29.097929366114496,2.4146964605310766,2748054.2326297495,258256.41462511162
240,E,arid,28.249981722156743,2.9883515469920128,2667485.4740567496,319609.91887551796
240,E,arid,17.111116850754165,8.01604092347567,1611564.7712737022,857330.9513641072
240,E,arid,21.529676327358523,0.1697936687445804,2034051.8755363165,18159.75902854552
240,E,arid,12.833653741984929,18.560702682027593,1193798.4860609933,1985099.965418895
240,E,arid,8.578773864617656,26.11506632958683,786579.2402925371,2793046.9162852527
240,E,arid,9.634055188683503,22.71432437624437,889722.6540623176,2429345.84236448
240,E,arid,9.561423748905257,29.335532885880074,868995.1851513691,3137477.4198971074
240,E,arid,22.280458708072626,21.04689187066147,2063804.766777496,2251007.6676996686
240,E,arid,30.7564847144289,3.720340918344917,2903363.5292997514,397897.570148455
240,E,arid,23.417759911777075,20.539910529481837,2171049.9106257646,2196783.8664701614
240,E,arid,22.79542463105844,17.825007266651873,2123021.1125066695,1906416.1666034334
240,E,arid,12.837638612161669,6.3929451201654235,1210284.0079689776,683737.7254660631
240,E,arid,15.369650181403102,4.185384496068831,1450587.2611085272,447634.85818565934
240,E,arid,17.61434292520859,12.951035430440589,1651719.1168115982,1385138.093933406
240,E,arid,23.745585375577917,2.3269116069829585,2242626.9295999967,248867.65698987138
240,E,arid,-34.756488333688786,24.834703957935623,-3196182.4674506397,2656119.9896700475
240,E,arid,-39.52317383760216,18.461940169036694,-3677086.172208708,1974537.1352863002
240,E,arid,-39.76426303519781,20.627790740964056,-3685970.331743436,2206183.020415902
240,E,arid,6.889767891635112,30.863168395135464,623129.488245462,3300901.3387687993
240,E,arid,7.30059505059627,28.805611900017563,664572.4273926978,3080795.84918691
240,E,arid,-32.011821459501576,-8.609922869448134,-3013706.387622755,-920847.7947270393
240,E,arid,-42.73175538327785,9.191994712077761,-4021186.2475610212,983101.5437929892
240,E,arid,-32.61835847043013,6.032101551662906,-3075745.4234009576,645144.8163886402
240,E,arid,-29.809415315102196,11.398219560591874,-2799817.7391568664,1219061.4765196939
240,E,arid,-31.901881186885497,7.90139541851156,-3004822.9680067482,845069.3908257044
240,E,arid,-8.435281238903258,-54.16849678730837,-670034.6233335466,-5754173.46462389
240,CA,arid,57.0506470348557,-56.457885714029175,4445029.186195876,-5985051.603561962
240,CA,arid,94.2020019851811,17.323372912516565,8780463.533499613,1852765.749838297
240,CA,arid,44.08302273133628,-50.49274723198254,3602032.9512748704,-5377818.529356913
240,CA,arid,52.37789479003379,-46.16981880995468,4403540.984084764,-4927895.378273547
240,CA,arid,3.9452604383769256,17.530937539079815,367611.22347158013,1874965.0300118998
240,CA,arid,29.995642155330273,-2.8455705280777983,2832455.053657842,-304339.2172895929
240,CA,arid,15.526114953079588,8.820270419598575,1461460.6355540876,943344.883942061
240,CA,arid,29.097929366114496,2.4146964605310766,2748054.2326297495,258256.41462511162
240,CA,arid,28.249981722156743,2.9883515469920128,2667485.4740567496,319609.91887551796
240,CA,arid,10.897876879298149,2.8084153081192413,1029086.9895376184,300365.3957923387
240,CA,arid,9.21298632664199,14.022951455604307,862812.2252834035,1499781.3529988865
240,CA,arid,9.744757614475064,16.31462631026741,909721.923056686,1744879.3085364494
240,CA,arid,5.56803416299269,19.209625872563556,517380.3941948276,2054503.681705114
240,CA,arid,6.972930588826601,28.67094108554473,634995.6572848709,3066391.7060275353
240,CA,arid,-16.23591404801119,-52.05654308338651,-1311370.1650615332,-5538721.681424529
240,CA,arid,-20.87913671377508,-51.583931833723945,-1692438.4294141792,-5490210.486046132
240,CA,arid,24.684785590522736,-13.876305134845426,2312194.3885046784,-1484097.291702334
240,CA,arid,23.535001455537735,-11.455663873158576,2210376.7990024136,-1225205.2584045695
240,C,wet_humid,-0.25052722590104226,1.5693447839093468,-23665.137180798094,167844.43640539804
240,C,wet_humid,4.354882587203784,-64.91460246624105,312848.01519772783,-6808421.600780361
240,C,wet_humid,84.86206122587545,-73.69118341576548,5498282.45686163,-7597017.752119015
240,C,wet_humid,97.765658695367,5.997532358364244,9218976.15720632,641447.5751386611
240,C,wet_humid,66.4973067092176,4.710596153210085,6274523.9784221025,503807.2310519927
240,C,wet_humid,75.4744732631565,4.801748746584952,7121282.372361134,513556.1715000598
240,C,wet_humid,76.26846360482688,5.131957235959162,7195054.8559517525,548872.6601794553
240,C,wet_humid,44.06140104911519,22.956418593765655,4067298.7822346617,2455238.412132297
240,C,wet_humid,115.16625595457636,46.57022002181028,9658434.160699477,4969842.134801829
240,C,wet_humid,111.66321006928848,44.932352557178994,9458366.320266757,4797961.077425577
240,C,wet_humid,35.27850375499148,42.2228226617307,3035494.8829451376,4512080.637587063
240,C,wet_humid,40.40903702705863,40.63546386083434,3506905.2873643013,4343839.71207283
240,C,wet_humid,131.53464427077662,-60.89933807057104,9839274.631560503,-6423830.3904899135
240,C,wet_humid,134.11583550978457,-56.51858563778721,10443953.374430353,-5991132.202886657
240,C,wet_humid,121.45121566638065,-68.76976225722804,8364463.623321135,-7164740.569196256
240,C,wet_humid,91.06032892029008,-39.13010717098367,7962950.121518032,-4183850.996507885
240,C,wet_humid,10.421415084966513,38.38094089385171,914588.6287698799,4104093.995387449
240,C,wet_humid,9.727088049666978,36.5891928818315,860575.1067556676,3913042.085723958
240,C,wet_humid,155.15614692358693,-71.96117330302114,10284055.912718842,-7448132.393383857
240,C,wet_humid,128.6663290953283,-71.63990273826514,8562822.155309914,-7420116.383407336
240,C,wet_humid,25.335808855221156,-7.669329681993812,2386729.885164426,-820249.5089626356
240,C,wet_humid,34.78973318523872,-12.114016687873367,3265241.185050731,-1295617.3712394692
240,B,warm_humid,128.60689138657182,-59.18372289163543,9777792.443871006,-6255873.459251712
240,K,warm_humid,129.83787938372808,-60.78945312356402,9722642.877180351,-6413134.151743732
240,K,warm_humid,129.2864029527751,-59.74015058265928,9778489.66840568,-6310567.694648488
155,E,arid,8.038283707338142,23.524624361056322,741199.1803176778,2516008.8752217893
155,E,arid,5.942776655270581,-13.039435560301799,557205.7478864071,-1394592.6478364258
155,E,arid,23.920200878658516,11.024237398002935,2247477.4175959555,1179063.3491927942
155,E,arid,25.13859024279028,-16.465332875959916,2346277.0519307647,-1760997.511022674
155,E,arid,26.78253033893052,-8.203934483925151,2522119.7167891026,-877426.5356818116
155,E,arid,26.20924755232277,-12.058544380476288,2460048.8127135914,-1289684.5013148289
155,E,arid,9.533025173888579,12.918108628765284,893956.983633681,1381616.5125747125
155,E,arid,-0.9989127374404256,28.601675004876512,-90985.14628103189,3058983.2137114163
155,E,arid,-12.658530663451304,-26.25955990967085,-1160239.7144535852,-2808499.442125578
155,E,arid,1.2344029679400026,9.996356545260708,116086.39625050801,1069129.6922779672
155,E,arid,24.34654642099351,-21.50884610041106,2253361.7726778463,-2300415.635110394
155,E,arid,24.430305194947763,-18.347693201926372,2273333.2704398623,-1962318.2237350377
155,E,arid,-12.912585988309827,-42.78794966397626,-1107524.1272564898,-4571849.5470650755
155,E,arid,16.63758466965083,-28.44778316810709,1516094.4074587626,-3042523.591215518
155,E,arid,17.074729237085702,-27.52529110237691,1559928.9922357262,-2943862.312144251
155,E,arid,12.82988077867853,21.527737820652064,1187412.7524794813,2302436.1832451085
155,E,arid,40.2184087019029,-5.656954920589824,3793143.0153619633,-605022.167524454
155,E,arid,100.256800565282,40.859116369337585,8690581.101984909,4367574.463567185
155,E,arid,101.75877849336861,40.398575407840426,8842043.047538113,4318690.0807249015
155,E,arid,97.22708831933554,39.84532523621577,8472172.802689316,4259911.869157572
155,E,arid,105.74834771440541,40.727292525946744,9172972.834037164,4353586.024604123
155,E,arid,101.26967467406844,40.863192437498746,8778191.259710468,4368006.941152603
155,E,arid,108.47410834491986,28.274735855711203,9889553.955624118,3024015.471605234
155,E,arid,107.72980485065874,22.846907953677302,9946572.47119917,2443525.9958423655
155,E,arid,61.946231231305454,35.33126519483179,5509673.889482878,3778712.246015657
155,E,arid,69.93672587647845,38.61436928418315,6130925.165992117,4128953.8833182235
155,E,arid,70.65743772474222,26.78740748484906,6467689.90965872,2864949.112595022
155,E,arid,73.2927324322302,37.110646001797626,6469563.6555276355,3968682.7074536476
155,E,arid,33.00647812810205,-25.94670469004127,3027556.994717345,-2775041.8827542667
155,E,arid,69.92762774571916,28.804157968771896,6365532.101032326,3080640.338236471
155,E,arid,45.99887740805921,-17.78390740605227,4284329.423884151,-1902020.480835305
155,E,arid,39.36756056510919,-0.9089085458864274,3719112.0245487457,-97209.51437480163
155,E,arid,41.00371925720098,1.6431165162593202,3873207.41113423,175734.46447338501
155,E,arid,44.00419064428623,-15.332884205682042,4113903.4076839415,-1639881.1059337882
155,E,arid,35.52346163957278,3.185268054541242,3354045.756466051,340670.5135133127
155,E,arid,37.847431186277184,2.0190343995427873,3574754.7244627825,215939.60143192476
155,E,arid,108.70995821523998,46.28454628935443,9133077.83184784,4939919.455039161
155,E,arid,34.77958134019477,-4.273930963927614,3282368.61993282,-457105.0695488662
155,E,arid,26.854779634996,-9.214003828994137,2527072.6929557445,-985455.4633535548
155,E,arid,27.955500008183154,-9.232652208422614,2630614.4173810785,-987449.9452704194
155,E,arid,29.68579258741214,-10.129945396644832,2791414.009847544,-1083417.0714870347
155,E,arid,7.076924218230054,36.45422669374442,626474.7782756577,3898636.2500533867
155,E,arid,30.679908133781293,27.842012296114643,2800466.1783180498,2977735.121255211
155,E,arid,29.977751918807936,42.3926526826539,2576953.3244156647,4530049.586424518
155,E,arid,32.0609763418016,40.579894238906846,2783225.2039022255,4337941.013751344
155,E,arid,50.40090040901584,35.692633130284854,4476093.7199415015,3817314.9997124705
155,E,arid,40.558395184841046,38.483526634439926,3557707.79379047,4115020.228984448
155,E,arid,49.98264677132387,37.664310112091336,4401036.58329603,4027727.155543907
155,E,arid,11.2724241383629,39.09713839232616,985897.3078315484,4180342.888462606
155,E,arid,11.05360712131094,33.27644520463933,991149.4710417103,3559058.572554828
155,E,arid,16.776148589778618,44.38135714281947,1425675.4122020034,4739971.75369691
155,E,arid,15.937168662792077,44.332998878427254,1354763.9547277102,4734878.569770927
155,E,arid,14.159530371631194,45.240392319958254,1197162.6141000683,4830344.216031416
155,E,arid,15.09861953109381,44.28686557404245,1283831.2564418537,4730019.16948572
155,E,arid,2.6054963028281537,41.86710149157175,224628.40855113292,4474423.284771278
155,E,arid,26.040009727252595,45.05720548165,2204056.7325898586,4811088.621030434
155,E,arid,34.49280987812983,36.79470981466705,3048921.665519508,3934974.7702470697
155,E,arid,5.65494524269443,35.812655403427236,501962.4863772999,3830134.0161242518
155,E,arid,8.46423570436203,42.99984245075578,725110.48768405,4594241.281011588
155,E,arid,3.531697901800012,38.8798365128878,309210.16262769577,4157216.247301544
155,E,arid,3.4504884951389263,41.879199070898835,297458.1738388419,4475704.399229174
155,E,arid,-46.611174514900675,14.498778184964465,-4362562.626618291,1550671.7537373456
155,E,arid,-44.26950544495311,9.807801170007666,-4163865.4233312975,1048963.3033537967
155,E,arid,-48.06772209729283,17.395277436950458,-4479824.875088553,1860456.0209717504
155,E,arid,-45.71771339097596,14.092672745818454,-4281168.956180876,1507238.155958691
155,E,arid,-48.33329643027216,12.379969087835585,-4535119.839942184,1324061.4877036058
155,E,arid,-54.66864699992784,24.442314555574697,-5031517.964800323,2614155.181795312
155,E,arid,-49.65924196668793,19.644875383782413,-4610923.838504979,2101054.769095415
155,E,arid,-49.97203958905761,20.70197218529007,-4631594.639551105,2214117.0372868283
155,E,arid,-49.08814441696534,18.34904660609748,-4567829.224041322,1962462.9726063858
155,E,arid,-49.083151768569415,23.103535726085585,-4529587.073591575,2470972.8879144625
155,E,arid,-43.63889085899158,26.89340206158595,-3993439.5299016535,2876284.5898846276
155,E,arid,-34.79020081241976,22.748406767157476,-3212734.130179611,2432991.044774919
155,E,arid,-34.79020081241976,22.748406767157476,-3212734.130179611,2432991.044774919
155,E,arid,-36.51316327138554,23.959793335684896,-3363903.4684998505,2562550.239469202
155,E,arid,-37.515780932559856,23.57687879813197,-3458922.87604484,2521597.5228665853
155,E,arid,-41.69884293047727,27.138870867634438,-3813473.7788526895,2902536.155142315
155,E,arid,40.559397180411054,-31.571704339066127,3659444.7927024094,-3376704.3356700023
155,E,arid,-59.32925670571502,33.707877264038125,-5311153.847192382,3605195.022779703
155,E,arid,-60.464007390523996,32.85377775595733,-5430244.232466946,3513852.913790317
155,E,arid,-51.96084670163156,33.16486904564841,-4661160.7053023465,3547125.7114717388
155,E,arid,-41.973779644899636,35.780805435725036,-3726309.2464639125,3826732.383888088
155,E,arid,-40.169031641784024,35.538229329841016,-3569695.453495094,3800822.179267161
155,E,arid,-48.059784384220215,33.59781707032026,-4304131.389242344,3593426.1192877437
155,E,arid,-47.34411920150115,32.47865876065456,-4257818.982392733,3473728.336669275
155,E,arid,-42.11293182226942,21.908812143488387,-3894936.4263176722,2343193.6163742235
155,E,arid,-32.81499708590751,35.63448615500503,-2914999.5369156706,3811104.1807350726
155,E,arid,-39.153742907664565,25.29430449114512,-3596877.8781367606,2705272.1870646146
155,E,arid,-48.324227133589034,36.685058005600936,-4273563.659275127,3923273.308071114
155,E,arid,-59.72063511934844,31.735161989910303,-5385178.898412753,3394191.5331777083
155,E,arid,-53.31104393526374,31.338939801013556,-4813825.428024376,3351802.10990805
155,E,arid,-46.99875804788665,29.387044990377095,-4270836.132569739,3142987.475490243
155,E,arid,-44.7389541824596,26.03231798903131,-4102889.561258413,2784197.5929763285
155,E,arid,-53.35501805046458,26.270127757743584,-4890220.6398714855,2809629.596326208
155,E,arid,-50.1655764833266,27.820199993260328,-4579395.602796424,2975402.308180047
155,E,arid,115.45495055408354,38.89187355422174,10107823.376218911,4158497.494255245
155,E,arid,-51.97952687918059,37.237441104405285,-4585659.340779538,3982207.677324284
155,E,arid,-29.758434167663047,-32.17726483042711,-2679195.8285498996,-3441487.374782991
155,E,arid,-31.921581662337285,-35.581509636640234,-2836261.006255033,-3805445.4011317547
155,E,arid,-36.750170686598075,-9.012895310768522,-3458769.899538791,-963946.5018887351
155,E,arid,-5.874405349129741,-8.584504399275072,-553047.4092675376,-918129.2389180728
155,E,arid,-4.989630715664437,-7.4956345382299485,-470094.4524827694,-801672.4768206638
155,E,arid,-12.200294466174213,-14.2456218586038,-1142257.3540953232,-1523596.3026695764
155,E,arid,-21.68521086593557,-29.204139128833834,-1971658.0037437852,-3123422.8941965527
155,E,arid,-28.38661663717684,5.08253022002904,-2678016.3665578295,543586.3459900474
155,E,arid,-34.62005709532532,-24.061866790969354,-3188831.113387633,-2573466.91671172
155,E,arid,-34.2374341888609,-24.96721565813402,-3147537.2119760704,-2670291.548866851
155,E,arid,-33.976481688347455,-23.4561035463735,-3133346.2583078677,-2508680.51559788
155,E,arid,-44.856103121490996,-0.4344511369835702,-4237807.256288787,-46465.383586044256
155,E,arid,-36.97846478171583,-15.087316729345043,-3458258.3731061355,-1613617.4207165693
155,E,arid,-36.705092365884745,11.141121570219818,-3448333.6423902377,1191564.3413086256
155,E,arid,95.60098218094643,48.182827741679894,7935853.349289201,5138253.868457934
155,E,arid,98.38174146754346,46.25587339692312,8266828.703638228,4936914.75062447
155,E,arid,81.00938073529727,-60.62583040449226,6075766.9230723,-6397191.165189648
155,E,arid,14.88412660557502,37.258863518830985,1312959.5870134535,3984492.5818112576
155,CA,arid,9.708667866656727,32.75517717220768,872249.0170326707,3503306.4700519987
155,CA,arid,0.8330133922711627,33.490382211825136,74633.56428863773,3581937.4673441197
155,CA,arid,7.977617213135071,34.709476936221215,711347.122349492,3712271.0925199804
155,CA,arid,7.184018994962157,33.93204358352588,642555.3397349128,3629163.840808849
155,CA,arid,8.523418226220029,42.00079476960889,734290.6305152953,4488579.478651039
155,CA,arid,-45.099343675783174,10.92717515756346,-4237793.484272085,1168682.3516867363
155,CA,arid,-51.5231286346977,35.131797092445304,-4586360.082527882,3757400.226431023
155,CA,arid,-59.910080504858946,30.748366143622704,-5420506.51119538,3288619.171296419
155,CA,arid,-53.051735898443404,40.46328657461629,-4608236.019754242,4325561.274830465
155,CA,arid,-22.710042102008053,-44.324299611812066,-1930601.8095868484,-4733962.283484099
155,CA,arid,-4.989630715664437,-7.4956345382299485,-470094.4524827694,-801672.4768206638
155,CA,arid,-41.88154245615117,-12.160612038839707,-3930662.229432765,-1300600.833398224
155,CA,arid,86.54093348240184,70.67457428610652,5828117.2025651205,7335243.842921101
155,CA,arid,98.95843771586671,77.17331999058597,6086578.427843485,7885817.900556806
155,CA,arid,109.7043833288629,75.16054607691372,6960935.342114055,7720851.001106469
155,CA,arid,142.23917804169957,70.90097046205986,9552839.944828624,7355242.037538998
155,D,cold,-162.05317758512845,76.47748403741366,-10078067.447478976,7829555.54994581
155,D,cold,-153.10420374440153,76.29288656308705,-9549046.050283216,7814479.9402437955
155,D,cold,17.740073469467614,78.52465810412853,1067294.9400876064,7992075.759312095
155,D,cold,20.62179769756299,10.407937511925498,1938645.2893981112,1113148.867847608
155,D,cold,27.470683617994958,9.290099293120004,2584878.8158640456,993594.0273842815
155,D,cold,10.849223518155428,13.332338306115034,1016898.9550637123,1425919.1171509812
155,D,cold,19.642925631281578,15.999752655158046,1834628.4640944223,1711203.2931028293
155,C,wet_humid,83.47669080554705,43.876907656633165,7115103.693325724,4686813.254487467
155,C,wet_humid,100.256800565282,40.859116369337585,8690581.101984909,4367574.463567185
155,C,wet_humid,83.16587709769126,44.85191048816066,7047901.234054265,4789499.915736838
155,C,wet_humid,85.57495027701115,14.094709381052157,8013521.542553158,1507455.9773202057
155,C,wet_humid,85.43681486102277,16.09025804044842,7978636.907104426,1720882.9237242583
155,C,wet_humid,81.03311493795988,15.859179014240574,7569973.033137816,1696168.8181013856
155,C,wet_humid,86.31743341486514,16.149187289775437,8060166.632823442,1727185.4588424626
155,C,wet_humid,133.61313654533828,48.772741319800275,11048168.536516244,5199632.836163268
155,C,wet_humid,134.2393342085019,46.77405856738279,11243740.223741993,4991177.469253529
155,C,wet_humid,136.1646948434007,67.36211920684694,9527536.784971759,7036277.968374453
155,C,wet_humid,88.95091046580029,58.20275404046774,6823957.088551288,6158950.8140479885
155,C,wet_humid,65.66668106634323,49.20246196674833,5414153.679155893,5244261.363582117
155,C,wet_humid,109.36879900744466,55.0660959556437,8623132.17646252,5845043.675486846
155,C,wet_humid,125.83798315175326,60.21034781792115,9475461.592302475,6356623.000683019
155,C,wet_humid,56.813302876425475,62.358230558120184,4189482.4977928638,6565005.797096369
155,C,wet_humid,56.23273868443234,59.10523097536589,4278405.51311104,6248141.414884967
155,C,wet_humid,56.454259133786984,59.34998821892801,4285502.183354878,6272238.314411155
155,C,wet_humid,56.79995194067225,58.776909425404455,4334677.187712841,6215755.203169952
155,C,wet_humid,116.36295445604054,62.18533877222687,8595507.707038397,6548357.872296223
155,C,wet_humid,109.36879900744466,55.0660959556437,8623132.17646252,5845043.675486846
155,C,wet_humid,113.30889259684209,59.002038980529626,8629218.06354583,6237970.0223096665
155,C,wet_humid,115.77895541943055,61.07736801509255,8645794.888443317,6441141.560280725
155,C,wet_humid,116.76663827612647,59.13882468130297,8881294.157920733,6251451.147774638
155,C,wet_humid,113.25840355882292,53.85197416571223,9019575.51075758,5722027.5705339685
155,C,wet_humid,112.59221503346905,55.507791275973304,8844298.979357999,5889595.986502881
155,C,wet_humid,116.5437856059502,57.05361809770765,9033138.454774167,6044633.767448881
155,C,wet_humid,119.80282883632135,60.233893944155206,9019002.189653216,6358925.2870141305
155,C,wet_humid,115.17742496795871,71.47775339061722,7680646.1161207855,7405932.655604564
155,C,wet_humid,120.8029038285572,70.00490734491198,8200960.747887732,7275755.89122254
155,C,wet_humid,124.50609320682675,70.40079760961117,8412573.833106533,7310984.079364586
155,C,wet_humid,122.64360226343626,70.20500836609531,8306145.95559751,7293583.66102292
155,C,wet_humid,136.1445389549109,71.47032265924082,9079684.16016252,7405281.963157249
155,C,wet_humid,134.745609869238,69.60260792397371,9190953.922800325,7239778.678324678
155,C,wet_humid,127.12730527461562,68.8961394459381,8742693.127766041,7176174.51363343
155,C,wet_humid,113.65307576512598,69.1664436562294,7791719.9933165265,7200573.529718155
155,C,wet_humid,119.16062874674336,61.49575008906451,8862160.190789687,6481733.805361975
155,C,wet_humid,126.08242556048728,62.28759083644112,9304010.91981156,6558206.563674441
155,C,wet_humid,119.16062874674336,61.49575008906451,8862160.190789687,6481733.805361975
155,C,wet_humid,133.2162812347125,63.008265285180386,9759706.429766543,6627393.590790071
155,C,wet_humid,126.08242556048728,62.28759083644112,9304010.91981156,6558206.563674441
155,C,wet_humid,78.60731512247601,38.41860143311927,6897397.257504177,4108105.3279928183
155,C,wet_humid,32.80222680953695,-27.18591168993958,2999483.6174927303,-2907566.947691371
155,C,wet_humid,35.419128709685054,-37.153352656633125,3125861.3808083693,-3973238.3395452327
155,C,wet_humid,32.07150074271757,-32.194317173248656,2887267.8739100015,-3443311.560186141
155,C,wet_humid,25.42998885540871,-34.686394407208255,2267747.9717722526,-3709804.057233773
155,C,wet_humid,35.7302069665721,-34.9852294202892,3182441.871825115,-3741740.728312713
155,C,wet_humid,126.59095786643175,38.87673735988997,11083562.252830423,4156886.363660225
155,C,wet_humid,126.59331862062298,39.3767340060633,11056852.991250735,4210088.351544113
155,C,wet_humid,115.51435523769355,3.4889284633889326,10905368.943336533,373147.57014517224
155,C,wet_humid,106.98048697008564,52.671296843692744,8599923.618959198,5601664.786627721
155,C,wet_humid,121.61824483252148,8.108731089628584,11453573.197732175,867244.345983062
155,C,wet_humid,98.14790022124461,-68.61755629742822,6771315.35304894,-7150947.565547414
155,C,wet_humid,88.83902615844808,-63.44179912815698,6479982.85796569,-6668819.605783653
155,C,wet_humid,94.21831718217157,-70.05993544221013,6392037.336381773,-7280663.0052285865
155,C,wet_humid,103.4759591612037,-56.50590319222894,8058834.526514602,-5989861.922505795
155,C,wet_humid,97.87813959982824,-72.62628260422771,6432371.934581748,-7505766.767586791
155,C,wet_humid,86.42300349481073,-70.05635338717522,5863430.433671447,-7280343.679253094
155,C,wet_humid,63.45447661430975,-63.469890618584344,4627090.838763073,-6671498.744163319
155,C,wet_humid,60.262502579441964,-72.36410363580812,3973812.6411097925,-7483106.797591876
155,C,wet_humid,2.6054963028281537,41.86710149157175,224628.40855113292,4474423.284771278
155,C,wet_humid,5.528161841751695,50.92402561206259,450299.4803967346,5422303.312899447
155,C,wet_humid,56.23273868443234,59.10523097536589,4278405.51311104,6248141.414884967
155,C,wet_humid,50.50356728499765,64.5271631684898,3642818.500620305,6771870.253421769
155,C,wet_humid,14.159530371631194,45.240392319958254,1197162.6141000683,4830344.216031416
155,C,wet_humid,18.473944950111303,60.593552723861364,1385989.2267365698,6394043.873461468
155,C,wet_humid,1.4342772251486444,34.35703853243969,128071.28829915848,3674599.558206981
155,C,wet_humid,-12.80682293898997,70.39330334189266,-865403.6120371071,7310318.826205743
155,C,wet_humid,-26.31469543605876,70.97057259889077,-1765805.6072469167,7361378.7025268935
155,C,wet_humid,-73.6446572956651,47.143957090669865,-6154107.638520309,5029859.8843957465
155,C,wet_humid,-71.50969269255258,46.13151618511727,-6013411.689442223,4923880.1660157405
155,C,wet_humid,-62.83476503306829,46.43123629282211,-5274181.066402282,4955287.537177633
155,C,wet_humid,-77.47993454859434,53.97008826755068,-6164373.5793854315,5734029.338307787
155,C,wet_humid,-63.74727500534993,46.56768897823268,-5346258.033114025,4969577.133708005
155,C,wet_humid,-62.45514260579727,46.119017560371525,-5252396.462985002,4922569.856830814
155,C,wet_humid,11.617757908149974,59.87077088298275,877621.1402650079,6323376.757671215
155,C,wet_humid,-54.66864699992784,24.442314555574697,-5031517.964800323,2614155.181795312
155,C,wet_humid,-18.24424881799467,32.22021491965899,-1642303.2847450925,3446081.9781170273
155,C,wet_humid,-17.543626091405702,32.0679978237474,-1580096.3417812865,3429798.3446220667
155,C,wet_humid,-37.14819434207756,26.054520791245352,-3406579.2017827104,2786572.0185088282
155,C,wet_humid,-95.9702484824886,37.07371692660791,-8472697.144133095,3964743.2214475404
155,C,wet_humid,-23.68237815732436,29.655111410244984,-2150269.3424558807,3171662.160235593
155,C,wet_humid,-62.074462348635045,34.402740576713306,-5541827.321070392,3679484.9595809258
155,C,wet_humid,-28.485154377880725,-47.305104877116854,-2377935.802922614,-5046697.987263195
155,C,wet_humid,25.15806099213733,14.585614391620668,2354394.9445201918,1559959.0128980079
155,C,wet_humid,25.15806099213733,14.585614391620668,2354394.9445201918,1559959.0128980079
155,C,wet_humid,27.488910853716103,12.33485612753486,2579412.3521937453,1319236.5710558055
155,C,wet_humid,33.12184866273191,12.550457928058558,3107256.6495239893,1342295.5903566622
155,C,wet_humid,22.05196614756571,25.700237943347307,2023921.5590962432,2748684.0549686565
155,B,warm_humid,39.66581072721674,38.37818083127554,3481136.585621095,4103800.0053478708
155,B,warm_humid,9.518294359817698,33.98734959890372,851154.9963663984,3635077.043854635
155,B,warm_humid,16.94513668539715,35.383860225388894,1506822.2917066186,3784331.258323355
155,B,warm_humid,22.268588563966055,22.75017707565328,2056407.1449320507,2433180.3839179636
155,B,warm_humid,22.769460723863872,22.725141889109317,2102758.9404337406,2430502.8043976505
155,B,warm_humid,22.086107064985665,23.181212294434047,2037889.71966095,2479280.5340123754
155,B,warm_humid,23.406737773475367,23.535423377269485,2158257.5198636595,2517163.838008721
155,B,warm_humid,27.182446296659627,30.446456459632525,2461843.7338774684,3256319.612392556
155,B,warm_humid,21.054686866107676,31.570018135265705,1899656.342431555,3376523.9391707843
155,B,warm_humid,19.03585435098258,55.58660090278191,1494297.2915101019,5897533.704777887
155,B,warm_humid,22.073624619483507,26.94943925972492,2019688.3085717326,2882277.4445551406
155,B,warm_humid,21.681258469271096,31.10784579973589,1959296.8075579572,3327078.361097372
155,B,warm_humid,22.122700270597193,28.191063460053925,2017398.197783661,3015066.470255441
155,B,warm_humid,22.77010124139842,27.7351014382099,2079067.9098480628,2966301.1016166215
155,B,warm_humid,8.81221833567763,17.496598952701508,821149.5941071654,1871292.476650235
155,B,warm_humid,9.02041718035918,12.0523606305515,846678.5821293265,1289023.1373555795
155,B,warm_humid,-1.8809952881437495,4.829569626270632,-177476.19298943752,516531.6666129454
155,B,warm_humid,75.59924698196691,-60.3494983079788,5685005.426154693,-6370223.232265327
155,B,warm_humid,78.35057344721508,-65.825957137223,5574538.463690955,-6893894.898616297
155,B,warm_humid,65.48423968611057,-63.06198944636077,4794910.990504061,-6632535.183105168
155,K,warm_humid,13.213699933052144,36.17625015921855,1171116.9769595796,3868960.498193618
155,K,warm_humid,18.473944950111303,60.593552723861364,1385989.2267365698,6394043.873461468
155,K,warm_humid,3.7437393700484565,29.83215976311707,339729.05764898733,3190601.37970813
155,K,warm_humid,7.797653597651893,31.359973279020398,704053.5467879807,3354052.381761206
155,K,warm_humid,16.536727389316884,38.34985703922105,1451483.0820523745,4100783.0149090923
155,K,warm_humid,39.07600928975477,41.34384695976899,3378483.0557865994,4418982.505245307
155,K,warm_humid,7.256245706615192,48.96850922626058,599216.4855641985,5219973.095908106
155,K,warm_humid,8.573927317803376,55.81874262322468,671715.701694395,5920894.503815281
155,K,warm_humid,-49.183703486985884,19.576429884318145,-4567300.383914242,2093734.3284067314
155,K,warm_humid,-50.5798900365545,39.060483399488284,-4424553.683434412,4176442.3424433027
155,K,warm_humid,-15.6613960300196,-41.34680569492509,-1354051.2003863966,-4419296.151005663
155,K,warm_humid,90.03610432124796,45.964657215196155,7579072.255994148,4906383.455310583
155,K,warm_humid,71.29935218830101,40.87510361614239,6179934.492546893,4369270.718673422
155,K,warm_humid,96.71372053213146,48.0485184390133,8035244.424605083,5124261.522055718
155,K,warm_humid,7.690742731492586,41.72490823987418,663561.489868629,4459362.952387244
155,K,warm_humid,9.272442734827969,43.52749693962974,791941.2294245783,4649955.83004799
155,CR,warm_temp,107.35587780134226,38.88202828661208,9399212.426488709,4157449.5457485314
155,CR,warm_temp,-29.784702357617025,-36.25606868670584,-2638890.2289535105,-3877482.3649434797
80,E,arid,6.560448508918944,16.40405751178524,612367.828575018,1754444.0555309537
80,E,arid,0.14861968093380604,17.036910938099854,13858.954476413679,1822128.333074781
80,E,arid,3.048882206969881,20.41252994974169,282722.2263004942,2183159.992352921
80,E,arid,23.798991437217506,13.957809010362446,2228998.0873301155,1492814.2637117545
80,E,arid,-1.473246301260697,-7.3733317395563125,-138811.51147052794,-788591.9561523631
80,E,arid,12.039356478679252,16.156517360088635,1124201.1365153857,1727969.4163242164
80,E,arid,11.169431773339966,16.349502670187608,1042667.4425887961,1748609.3663366842
80,E,arid,14.22046274711396,13.645245201981563,1332389.4866476136,1459385.047860935
80,E,arid,13.344449363115265,15.87451721287044,1246587.2956549393,1697809.252029475
80,E,arid,19.68180113598833,11.081874038182486,1849149.2917770725,1185227.701228625
80,E,arid,9.184062454996962,15.775466138779679,858064.0544938046,1687215.6516454061
80,E,arid,20.41577096951913,8.419945678186378,1922271.9971484554,900529.3581215894
80,E,arid,13.344449363115265,15.87451721287044,1246587.2956549393,1697809.252029475
80,E,arid,-2.347736000675255,8.371884071471076,-221061.40181281953,895389.0744692652
80,E,arid,-3.6249029741292005,20.192767648993996,-336262.8631133289,2159655.545081529
80,E,arid,-7.116866629899092,21.23538955848011,-659008.0959966125,2271168.3024018304
80,E,arid,-4.7110848748848495,22.61218227073079,-435160.072327052,2418421.4591662833
80,E,arid,24.301149685821695,-41.63968863570455,2097692.5007605096,-4450334.946124528
80,E,arid,3.589233290584375,4.763515596269521,338662.9083333097,509467.06454382936
80,E,arid,1.4490258307757922,0.14201676376554537,136899.2023805036,15188.965685334264
80,E,arid,1.6914911664003676,-7.126221412887804,159399.14168391892,-762163.0305039372
80,E,arid,5.237963842498143,-0.7716169319862016,494845.95907623036,-82525.91275459096
80,E,arid,40.51335845214575,-13.220174148245503,3797818.3127755513,-1413922.9628960346
80,E,arid,21.67682907304936,-42.35275390772666,1863803.8907377257,-4525828.6417948045
80,E,arid,13.432876432431927,-36.11296784240703,1190862.6339690937,-3862203.7196904826
80,E,arid,74.88834264862047,30.902756442337946,6772208.928781878,3305136.693538561
80,E,arid,68.89916227755663,33.95202725910241,6162021.816746841,3631300.469973053
80,E,arid,69.2182948325344,31.04740531526267,6256414.64283479,3320612.0794043173
80,E,arid,71.03287644281045,31.319174826253473,6414488.374763668,3349687.5473482856
80,E,arid,76.91368995896829,28.428857832501844,7009115.441680388,3040499.434289307
80,E,arid,94.37548036283263,34.30407657911582,8428859.529145453,3668937.9568066997
80,E,arid,98.15947238146894,22.448029213477206,9069682.381293062,2400864.792757133
80,E,arid,105.28044669133706,30.580271042931752,9530795.267379558,3270635.570957286
80,E,arid,105.00843865796573,29.287448356323903,9545145.114745917,3132334.0330513828
80,E,arid,105.57566700015988,28.41958386067204,9621326.49549906,3039507.539124418
80,E,arid,106.8623630286525,29.063588806753007,9720224.09116768,3108389.197024293
80,E,arid,106.1483836831408,29.282471334270905,9648910.637626661,3131801.66513903
80,E,arid,105.86157652971585,29.71570017383804,9610011.793400636,3178143.4063703567
80,E,arid,106.52224675545268,26.025053667232996,9769040.377795178,2783420.7274623895
80,E,arid,108.25439090227958,26.88666473543724,9906641.59695883,2875564.072548345
80,E,arid,112.32155774452389,24.903231796793342,10327466.716741491,2663448.758514224
80,E,arid,110.44036472412643,33.16753868491348,9906980.957371488,3547411.2294253292
80,E,arid,111.00372436006737,34.030710411101836,9924612.970438957,3639712.989770987
80,E,arid,110.6836499956341,33.786852578101396,9905378.397748446,3613639.654642448
80,E,arid,109.85570710185293,24.257181049930082,10114665.80292129,2594355.523704171
80,E,arid,112.54743989701166,30.968037435156067,10175517.618721118,3312120.8339991877
80,E,arid,98.29429201360463,25.698224252000404,9021457.477909533,2748468.705012602
80,E,arid,98.31772322504422,25.481552037860805,9028146.966291053,2725297.109918692
80,E,arid,98.15065279661192,25.39864732872537,9014518.496556448,2716430.9960319917
80,E,arid,98.45466222369107,25.435409732367155,9041679.33191142,2720362.4958088174
80,E,arid,98.0898921795898,25.1404283837147,9014196.299347615,2688816.040077875
80,E,arid,97.91400389575213,24.711532565584918,9006506.170497984,2642947.267401143
80,E,arid,98.27949848720988,25.006412349136607,9034310.842557138,2674483.7354626143
80,E,arid,98.53060025807318,25.130890144359437,9054889.140323134,2687795.978407319
80,E,arid,97.93543126913167,24.49446014959589,9012654.226876158,2619732.024801939
80,E,arid,98.2703934958167,24.660144632347265,9040287.114894133,2637451.499954447
80,E,arid,105.76987541787837,30.363315816990454,9581898.171746906,3247425.0180577673
80,E,arid,109.74741854993478,27.055411937932472,10038890.127067838,2893610.644167853
80,E,arid,109.82333733378074,26.749836400267696,10053736.679358156,2860931.1217020894
80,E,arid,109.52776959965026,26.489090771780837,10033265.75279027,2833046.1228979602
80,E,arid,111.36793657387015,25.914372058932425,10216139.643989284,2771584.145817034
80,E,arid,68.23964754488888,36.903528469336464,6029030.766427518,3946586.084891963
80,E,arid,64.56003125181321,32.31462661167395,5809560.902945901,3456181.583804969
80,E,arid,131.79318257872407,-28.114726932311733,12020977.387217404,-3006902.117361616
80,E,arid,43.67730993839995,7.803811437299208,4114209.455328216,834632.5939877529
80,E,arid,38.63822619863023,13.7462512568154,3619773.7970960666,1470187.8147732166
80,E,arid,30.822090895197164,12.855183266925183,2890537.8981412505,1374886.5301505486
80,E,arid,40.91729472329631,7.229599232527588,3855633.238678616,773219.4873338753
80,E,arid,101.89138071349402,13.026178293633066,9553668.860580307,1393174.7592498814
80,E,arid,99.12358646603673,42.853925042988294,8498735.761272008,4578822.58091213
80,E,arid,36.60442468045553,19.958943968891656,3396951.2888009707,2134645.3653262276
80,E,arid,100.50628242705302,15.870413730914311,9388968.027302321,1697370.3810012725
80,E,arid,101.89138071349402,13.026178293633066,9553668.860580307,1393174.7592498814
80,E,arid,104.03146808449861,13.574484267863532,9748082.071785301,1451817.0460038711
80,E,arid,6.7906457600573695,33.65485619542152,608022.526580165,3599525.4628746132
80,E,arid,19.994784455890247,22.77269979262216,1846353.3726450421,2435589.2471106495
80,E,arid,17.855551976796228,24.522333039253244,1643086.7707086147,2622712.9573519756
80,E,arid,-0.5011224325109607,31.91946896487709,-45158.280052149945,3413908.9002044513
80,E,arid,1.003746265391259,30.658586996829406,90843.3546004306,3279014.155745697
80,E,arid,3.7025772697604187,31.25924066071444,334422.83502615907,3343275.4606169593
80,E,arid,-62.71488863643401,20.139433984837677,-5818254.575088758,2153951.3055783855
80,E,arid,-63.35273494285463,23.406252924359855,-5843023.8275850015,2503348.9407898746
80,E,arid,-46.301512939590836,-28.563764981639324,-4217798.853224702,-3054928.4937473233
80,E,arid,-54.27146581760812,-48.97592651522157,-4481482.099091155,-5220743.462280792
80,E,arid,-53.263898581033736,-40.99891167210456,-4613667.209333681,-4382405.149652278
80,E,arid,-39.37262933653507,-40.216526436974846,-3424384.079784511,-4299355.557819906
80,E,arid,-41.15631966437582,-29.013796001205385,-3744145.0420666323,-3103063.266801909
80,E,arid,-52.22727541872337,-41.09786005691378,-4521492.906081026,-4392900.152411881
80,E,arid,-50.68620939071913,-38.01941175379557,-4455737.543284268,-4065576.565786609
80,E,arid,-45.74347243478488,-23.588924972704252,-4217408.66333622,-2522885.868318363
80,E,arid,-48.47654722399881,-20.322659893563962,-4495911.860526662,-2173548.0293334457
80,E,arid,-49.14031459836169,-26.291655588130848,-4503686.767590434,-2811931.8409464126
80,E,arid,-52.78379607478261,-38.02185013722504,-4640080.565882826,-4065836.410805614
80,E,arid,-52.39416445276408,1.1573736071648744,-4949585.148669848,123783.32937692544
80,E,arid,-52.312587899651845,-17.945489952551263,-4871105.933920762,-1919301.9585024514
80,E,arid,-52.20590508360539,-16.950682261245763,-4868918.324049029,-1812906.0884195443
80,E,arid,19.69095750790769,13.619988330138906,1845004.931961732,1456683.782724495
80,E,arid,39.307137899352135,-34.21497083629317,3511831.4536877964,-3659412.2750983555
80,CA,arid,22.423888816830527,-32.32630981055115,2017772.3695990127,-3457431.3711657627
80,CA,arid,19.93108408101094,-39.09485714817848,1743211.5351157594,-4180100.1418879703
80,CA,arid,19.49286897312056,-41.066559982508224,1687845.674824807,-4389580.5033345325
80,CA,arid,68.11521242913466,31.900265508042434,6138569.668188287,3411854.5131894294
80,CA,arid,60.45767417682849,38.8546450849251,5293881.15287532,4154534.750083535
80,CA,arid,73.66004333263851,42.844094270536026,6315875.289333321,4577783.614897913
80,CA,arid,57.43802091925942,-32.09418209553891,5172768.730158665,-3432599.471691237
80,CA,arid,58.15612983127265,-34.74552765623655,5184907.0367020015,-3716124.0908422354
80,CA,arid,53.17564356830046,-30.972311640017388,4807589.708598512,-3312578.1135668885
80,CA,arid,52.43253578714361,-33.87287875443767,4690765.861125775,-3622837.904358357
80,CA,arid,52.87096679015777,-37.77640944309185,4652981.891926629,-4039677.2804995566
80,CA,arid,56.25079307919369,-35.577633967913435,4998013.600746818,-3805031.406288629
80,CA,arid,115.9604287576081,40.235852493295766,10084509.771233005,4301408.368227302
80,CA,arid,98.75599659757005,43.817523736565576,8420348.459008634,4680551.264681251
80,CA,arid,5.08382171755853,34.2312281282829,454176.59869943693,3661150.260829318
80,CA,arid,5.015544919633167,33.232841430514576,449805.5119503507,3554395.2825125903
80,CA,arid,5.952337800171724,34.19143704890992,531851.0514844892,3656896.3718001144
80,CA,arid,7.660905390418291,33.62016787205465,686035.4550999982,3595816.165342328
80,CA,arid,5.153737054859623,35.229576077210105,458579.4016397502,3767847.691031198
80,CA,arid,3.3851779295020665,34.817508321626356,301717.92048322584,3723816.947107122
80,CA,arid,6.7906457600573695,33.65485619542152,608022.526580165,3599525.4628746132
80,CA,arid,15.624434407910403,25.81427753139582,1433620.2584265757,2760879.7680405336
80,CA,arid,24.105642480092204,29.115460723524137,2192313.524863839,3113937.547123603
80,CA,arid,2.7281928785040583,30.39078571705293,247130.20744013583,3250363.8087131516
80,CA,arid,3.788213925637307,31.246473528828773,342172.6140551854,3341909.5609789086
80,CA,arid,-79.09740274153778,57.79727432617053,-6090282.846999169,6118707.43860869
80,CA,arid,-79.66615289432028,57.9054512338397,-6128110.537689095,6129454.02554419
80,CA,arid,-81.13691454879465,38.51987387573987,-7115959.999376098,4118891.1543450756
80,CA,arid,-80.86740670624306,56.01564302863289,-6324797.256341339,5940684.668275053
80,CA,arid,-79.68777815067013,40.134923309103534,-6933638.536332415,4290686.946697633
80,CA,arid,-75.18169433543892,36.2106796649307,-6662301.199299995,3872636.4534813277
80,CA,arid,-49.616241331206126,-44.36587488436946,-4216887.282458786,-4738341.1976677505
80,CA,arid,-51.356062067922785,-42.18808714016263,-4419722.566836459,-4508404.657901489
80,CA,arid,-30.345956035509435,-24.83426037370358,-2790595.6833575554,-2656072.5501042814
80,CA,arid,-28.239063599419758,-24.47816471246832,-2598831.5489329565,-2617989.2690429506
80,CA,arid,-32.58947161532788,-26.679128869036248,-2983926.284811217,-2853369.407813533
80,CA,arid,160.7859927901689,75.89902856341742,10089359.011337547,7782125.90890538
80,CA,arid,-7.978581168849873,-4.598830337726653,-752878.5808138285,-491853.66768967675
80,D,cold,-3.867880840984562,-4.684321971084856,-364968.297376616,-500997.15807120566
80,C,wet_humid,36.8717746071835,-38.184618270791,3238854.604918425,-4083179.9212482986
80,C,wet_humid,3.1104232652115216,2.8214120762028334,293716.14863453957,301755.42487937136
80,C,wet_humid,0.7183202868828966,-6.889344407815081,67701.15572005119,-736828.579737313
80,C,wet_humid,5.237963842498143,-0.7716169319862016,494845.95907623036,-82525.91275459096
80,C,wet_humid,1.444229361315797,-6.036975612343823,136183.13076923077,-645666.1064879003
80,C,wet_humid,3.132935640016559,-5.4138477585827705,295515.149934259,-579021.3916303148
80,C,wet_humid,1.5869763283048028,2.6848089185046224,149864.22343625358,287145.45702505147
80,C,wet_humid,10.40678020821969,0.132737591793951,983198.5994710632,14196.540418817824
80,C,wet_humid,38.53871299411845,-7.70595077805926,3630407.8509366973,-824166.2062731902
80,C,wet_humid,42.89174181294443,-6.608746456158209,4043176.2267276365,-706818.0911284969
80,C,wet_humid,25.218531472133478,1.6277381815178815,2382147.738741412,174089.72212221636
80,C,wet_humid,26.595796798998585,-22.82879896862236,2455643.83566032,-2441589.195560023
80,C,wet_humid,108.58730918759939,49.96898724204646,8905712.38700538,5323687.177649276
80,C,wet_humid,119.02456241710298,44.90813751518797,10083364.028702142,4795414.239272872
80,C,wet_humid,112.32155774452389,24.903231796793342,10327466.716741491,2663448.758514224
80,C,wet_humid,169.79312689132428,77.48659072779608,10390705.756329339,7910828.381057775
80,C,wet_humid,128.457197837949,54.755402039553154,10154436.321994962,5813638.192456717
80,C,wet_humid,116.02768241327975,52.47680798411636,9341308.148070147,5581771.245547192
80,C,wet_humid,129.52683569824606,54.93954583324319,10223298.724600755,5832256.996499104
80,C,wet_humid,153.77957474713753,75.49020768462468,9709758.420368997,7748294.903682351
80,C,wet_humid,122.09252339839479,46.33264486482237,10254353.193270003,4944959.263006353
80,C,wet_humid,127.46271610160358,67.9102502577277,8864391.822757754,7086538.0426532645
80,C,wet_humid,103.96259435884794,52.32735121250871,8379620.309961119,5566471.42369733
80,C,wet_humid,159.05369849888757,72.85466167580938,10421513.55961402,7525442.984551007
80,C,wet_humid,171.58381638011778,77.66019062082307,10470718.789849909,7924595.281827045
80,C,wet_humid,116.02768241327975,52.47680798411636,9341308.148070147,5581771.245547192
80,C,wet_humid,97.58169705721939,68.29894761659693,6756672.649395598,7121997.283797366
80,C,wet_humid,175.27531236809133,77.9896732766232,10638538.812707378,7950532.239190648
80,C,wet_humid,161.72109096157573,75.45574313341761,10216477.553834192,7745432.276105294
80,C,wet_humid,176.95041312232584,77.05735003858223,10903842.305611223,7876506.848491065
80,C,wet_humid,-179.794197750964,76.2602366995622,-11219390.047945185,7811807.446353258
80,C,wet_humid,159.0634618948196,71.7466893743912,10571607.053979944,7429441.348725431
80,C,wet_humid,161.2035667980778,73.71194582297937,10441542.701650579,7598784.310506828
80,C,wet_humid,163.28972572083418,75.65337664648675,10284884.671539627,7761825.946947299
80,C,wet_humid,169.06326543039333,71.9864955855584,11202250.994506078,7450335.700447175
80,C,wet_humid,125.63544581399546,51.1317621477643,10218128.025185946,5443701.399850047
80,C,wet_humid,118.26693619242943,13.839190927715896,11078429.110131346,1480127.8663839332
80,C,wet_humid,70.63111391628118,-35.39688914327055,6280434.471179748,-3785723.1774776983
80,C,wet_humid,58.86207729653243,-33.6970593566161,5269551.5403935965,-3604038.2701561595
80,C,wet_humid,129.76593028764196,47.302388270984224,10833024.050012857,5046414.204746705
80,C,wet_humid,132.51911448644947,48.189464530343,10999957.16103799,5138945.120686223
80,C,wet_humid,128.24233424759396,50.129133157401945,10505860.734788919,5340250.860144297
80,C,wet_humid,54.37596289887241,-23.184720895491036,5017247.640509779,-2479655.784742038
80,C,wet_humid,157.49666824302764,-64.1985451015444,11399029.164510952,-6740770.575965418
80,C,wet_humid,157.15790187346317,-62.05836828216027,11623568.096969174,-6536117.37545322
80,C,wet_humid,158.67096666524992,-61.72254520528719,11774402.587511327,-6503684.418051769
80,C,wet_humid,150.04930964052468,-62.37501090038232,11062970.396860858,-6566620.385821152
80,C,wet_humid,113.87173483320183,-62.48790836720711,8386188.29242424,-6577477.6966141965
80,C,wet_humid,115.63911119185109,-61.97469255612084,8559872.54592722,-6528044.056902364
80,C,wet_humid,119.05835210459824,-60.905765457297825,8905449.695319435,-6424455.76791968
80,C,wet_humid,133.47500853237378,-62.02728540659455,9874991.875103299,-6533119.006707361
80,C,wet_humid,15.888784089661865,31.979425190809827,1431501.6143405703,3420322.9874296174
80,C,wet_humid,18.516156519595,32.38204693772734,1665806.122406598,3463393.7024231525
80,C,wet_humid,6.820625327458041,34.15423670286325,609523.0415782129,3652919.3741567126
80,C,wet_humid,24.969800282113745,25.88347656411912,2290728.6736569866,2768280.099430572
80,C,wet_humid,6.7906457600573695,33.65485619542152,608022.526580165,3599525.4628746132
80,C,wet_humid,5.658994045345348,33.70384411321892,506600.90285112447,3604763.7608650643
80,C,wet_humid,6.820625327458041,34.15423670286325,609523.0415782129,3652919.3741567126
80,C,wet_humid,8.100914900076049,40.8617314946313,702203.5910603682,4367851.933060144
80,C,wet_humid,13.05035096266848,38.965380466523214,1142124.6841566414,4166321.2407538006
80,C,wet_humid,18.971530695275487,31.238970392777,1713658.4208903264,3341106.8330120747
80,C,wet_humid,21.2809360260714,30.72357185716429,1925601.6810989005,3285966.5518396893
80,C,wet_humid,15.559311511615089,31.019692769831316,1406486.7881982275,3317647.226809813
80,C,wet_humid,22.03592287252829,27.478853138828068,2013429.7452607742,2938895.90542477
80,C,wet_humid,24.969800282113745,25.88347656411912,2290728.6736569866,2768280.099430572
80,C,wet_humid,23.32958485132043,29.268934638416265,2120751.3534112466,3130353.712178509
80,C,wet_humid,16.178607685010846,30.346461284341558,1465731.6788814845,3245621.88704308
80,C,wet_humid,0.5801366952400354,32.7614965110941,52119.597213598456,3503982.4027309455
80,C,wet_humid,3.7025772697604187,31.25924066071444,334422.83502615907,3343275.4606169593
80,C,wet_humid,1.0308649878165963,50.51278349863708,84220.08283388948,5379886.9846152365
80,C,wet_humid,-1.1259006260082765,47.14505657570922,-94085.10909097105,5029974.797236557
80,C,wet_humid,19.665507316819816,27.983310473093976,1794368.0431462908,2992846.9699113215
80,C,wet_humid,16.021339112574854,29.865327416535234,1453719.2932981087,3194149.446724951
80,C,wet_humid,22.03592287252829,27.478853138828068,2013429.7452607742,2938895.90542477
80,C,wet_humid,168.07600899686292,-46.67674123779667,14086397.32395329,-4980993.116422066
80,C,wet_humid,-174.3119502884768,-62.84681571413348,-12791259.576146904,-6611928.752263945
80,C,wet_humid,-148.96855265684013,-60.413366276527334,-11195497.452138076,-6376461.018819578
80,C,wet_humid,-150.97757449562312,-62.30372780368829,-11139312.673075158,-6559760.117158081
80,C,wet_humid,-148.72908801963615,-59.4205945233345,-11282749.658395376,-6279182.236444733
80,C,wet_humid,-152.45386969784812,-62.202872225968136,-11259514.686223831,-6550047.217159978
80,C,wet_humid,-175.25247816655155,-66.17529310569553,-12422347.4474975,-6926465.21126672
80,C,wet_humid,-155.38396790491888,-61.980290376980115,-11501242.040061316,-6528584.317415788
80,C,wet_humid,-156.11152464201447,-61.920376003004925,-11561932.113519384,-6522800.605827764
80,C,wet_humid,-153.18928051118348,-62.149815737396366,-11319785.60553663,-6544934.523577903
80,C,wet_humid,-155.27674586873962,-65.54388148511434,-11080985.221813044,-6867516.375227368
80,C,wet_humid,-141.67644528923947,-60.76229833561881,-10611922.585625602,-6410489.570945463
80,C,wet_humid,-153.14362821913625,-64.17856001223562,-11086263.127330441,-6738876.369931142
80,C,wet_humid,-175.10638096249184,-62.972608949309794,-12833280.899724258,-6623979.908730543
80,C,wet_humid,-2.47673925275326,72.83899291870499,-162314.31211640727,7524094.885634721
80,C,wet_humid,-16.600888292289845,68.51524815195074,-1146646.895526633,7141662.786479395
80,C,wet_humid,-73.29678436015075,73.55861931330558,-4757553.097415901,7585727.275443981
80,C,wet_humid,-79.88433590890533,79.18381018048724,-4753628.197294528,8042201.736767718
80,C,wet_humid,-88.733537116179,76.258918287646,-5537200.816523841,7811699.492644213
80,C,wet_humid,-79.5684038553069,79.20133716899885,-4733441.722377858,8043517.571794799
80,C,wet_humid,-5.909011247799785,72.77493598383356,-387575.75402959203,7518580.747630533
80,C,wet_humid,-67.8448423344716,57.77970627649534,-5224690.705869186,6116961.4873739015
80,C,wet_humid,-93.18943080494171,56.4078210384674,-7263893.352701976,5980034.747589976
80,C,wet_humid,-93.3210932280743,69.00493711452434,-6409767.816383778,7186004.465198028
80,C,wet_humid,-79.09740274153778,57.79727432617053,-6090282.846999169,6118707.43860869
80,C,wet_humid,-92.97419944132744,61.960928000582584,-6883099.466433088,6526715.503501308
80,C,wet_humid,-95.69030038353503,60.89402941489559,-7158352.726239782,6423313.842067325
80,C,wet_humid,-54.782266096443955,13.524792232404481,-5133579.191540278,1446502.3979451086
80,C,wet_humid,8.878002841147085,68.05078320194279,616447.0694500308,7099375.905899318
80,C,wet_humid,-13.305329570589066,59.000700129270925,-1013300.9729582348,6237838.008683811
80,C,wet_humid,7.5815872444167285,59.39043396633399,575309.2915900605,6276216.442948633
80,C,wet_humid,-64.46571685468082,19.542590918054117,-5986763.573460258,2090115.1566932506
80,C,wet_humid,-62.93219265258343,19.695625851207268,-5842830.218420084,2106482.679184028
80,C,wet_humid,-79.02589852410964,38.07896080108846,-6945119.418223181,4071922.1531848074
80,C,wet_humid,-72.8966906546797,33.10665363728913,-6540645.977314594,3540899.5130060674
80,C,wet_humid,-79.74725786908331,39.26631381764743,-6969023.103385908,4198342.51867383
80,C,wet_humid,-78.12331786327097,26.529568459204036,-7155744.897110974,2837374.930219414
80,C,wet_humid,-71.04274872170085,24.92107623973653,-6531808.707850037,2665357.1444375846
80,C,wet_humid,-72.41957185869823,34.553351621272824,-6461535.686006433,3695583.988239713
80,C,wet_humid,-74.0751613018204,32.85545742905683,-6652614.167017396,3514032.5713597136
80,C,wet_humid,-57.381325954523255,34.06373195748947,-5129683.277476668,3643243.4467095425
80,C,wet_humid,-100.97449838412307,82.93674397858167,-5643959.821958833,8300216.475942148
80,C,wet_humid,-135.30990918275756,81.44948852732593,-7752058.166888569,8204000.979857221
80,C,wet_humid,-125.28936438735474,79.14276151951326,-7460631.662296184,8039116.455962892
80,C,wet_humid,-118.83477680659624,78.84250961815457,-7111799.524657232,8016399.998165282
80,C,wet_humid,-120.6990984789306,70.30298551194248,-8164899.057930408,7302296.545418579
80,C,wet_humid,-126.38134076010914,70.68134240964037,-8510481.08188816,7335842.518291201
80,C,wet_humid,-104.50703464070243,82.04915953467005,-5927816.716792122,8243805.383212431
80,C,wet_humid,-113.23179825516857,80.62469117960396,-6577296.660119016,8147123.22392098
80,C,wet_humid,-149.5261730199242,74.51808214451906,-9576635.124602787,7667002.393040401
80,C,wet_humid,-114.42244686265282,82.60392559138582,-6430834.446711024,8279421.950408569
80,C,wet_humid,-103.10418729963202,74.40404049523427,-6614192.191704034,7657395.7883190885
80,C,wet_humid,-80.77310081238993,43.46074989546398,-6901337.773260824,4642911.70039772
80,C,wet_humid,-62.83621896044143,39.596706307601245,-5482240.17135372,4233481.747631172
80,C,wet_humid,-88.94937301723596,49.25416177245295,-7331213.54523022,5249625.797200113
80,C,wet_humid,-72.2546649899022,43.892078558364105,-6158052.6479744995,4688412.875881332
80,C,wet_humid,-57.482781597220416,39.32736881953414,-5021852.117722236,4204837.423926292
80,C,wet_humid,-56.7364625514974,49.74262302749372,-4660555.894490924,5300256.565359575
80,C,wet_humid,-60.334367520607124,34.7987934591757,-5377954.578165056,3721816.8463162356
80,C,wet_humid,-71.0717130943548,53.12508877787949,-5692973.670012251,5648009.186997318
80,C,wet_humid,-68.41245030422543,47.22626289273009,-5713909.568821465,5038460.980462652
80,C,wet_humid,-75.20100450548695,39.32939801041552,-6569698.7930226475,4205053.274778823
80,C,wet_humid,-78.69178165209473,39.04423205283278,-6884226.688076653,4174712.930737497
80,C,wet_humid,-78.44672934628721,43.51064873415319,-6700635.629567386,4648177.860094253
80,C,wet_humid,-64.85521566746867,49.57789852424121,-5333536.412534873,5283193.000115579
80,C,wet_humid,-67.2574758410122,39.606373770319514,-5867697.066896364,4234509.669417005
80,C,wet_humid,-45.68772957561892,39.47634124697416,-3988475.1783133987,4220682.271128315
80,C,wet_humid,-71.71856025425872,33.35577300149332,-6428893.294364572,3567542.26167384
80,C,wet_humid,-75.9716054675396,37.16228947007425,-6704492.622129319,3974191.6272910344
80,C,wet_humid,-75.18169433543892,36.2106796649307,-6662301.199299995,3872636.4534813277
80,C,wet_humid,-80.22724383934217,47.19696112534025,-6701939.145662155,5035399.153647142
80,C,wet_humid,-80.17074464877386,46.67527540402929,-6719146.081727544,4980839.692526749
80,C,wet_humid,-77.38411676882272,47.460185599342935,-6453653.1878774855,5062893.932073265
80,C,wet_humid,-79.67506853854238,44.79845079824206,-6754225.39206923,4783875.90710688
80,C,wet_humid,-78.79070854761885,48.266900007469175,-6536837.110083256,5147009.203346984
80,C,wet_humid,-81.83651890630199,45.22598761964002,-6919728.244160572,4828830.402496343
80,C,wet_humid,-81.4511455596671,46.18909960840311,-6846991.799184751,4929916.391234861
80,C,wet_humid,-79.86932790036222,46.60541803862064,-6696789.929327167,4973527.170599684
80,C,wet_humid,-80.98614387249765,45.890178814475355,-6820361.304030899,4898571.045827483
80,C,wet_humid,-79.67506853854238,44.79845079824206,-6754225.39206923,4783875.90710688
80,C,wet_humid,-79.33424950884681,48.37536737572462,-6577251.234468943,5158301.252470741
80,C,wet_humid,-78.79070854761885,48.266900007469175,-6536837.110083256,5147009.203346984
80,C,wet_humid,-81.4511455596671,46.18909960840311,-6846991.799184751,4929916.391234861
80,C,wet_humid,-85.4577938814713,55.43650008271365,-6716900.625714702,5882412.497546479
80,C,wet_humid,-73.66263305156022,48.40038346321358,-6106038.307610444,5160904.952458192
80,C,wet_humid,-52.172375005584826,-49.17462522251349,-4302373.547678671,-5241372.5550427865
80,C,wet_humid,-54.169894083107025,-45.95560237382852,-4560173.274053504,-4905433.735102318
80,C,wet_humid,-59.169126620947615,-53.558761281476656,-4723207.055292588,-5692202.394668763
80,C,wet_humid,-59.453514126361014,-54.54472884530082,-4707960.709954215,-5792314.310298449
80,C,wet_humid,-20.923680061926426,-7.399535094611278,-1971428.7066452412,-791394.455574292
80,C,wet_humid,-54.69160409485727,-36.82964580392519,-4833614.528174713,-3938702.693005338
80,C,wet_humid,-51.303193225403724,2.054345845521889,-4845631.245576303,219716.2280894354
80,C,wet_humid,-52.706791224726,3.5549239070228325,-4975764.823886517,380205.9078232035
80,C,wet_humid,-48.51738677858247,-0.22546939807908242,-4583753.452460363,-24114.385224648162
80,C,wet_humid,29.537880029072074,6.130574685385069,2785123.360135919,655676.7061302171
80,C,wet_humid,8.946266170460367,2.491533622501804,844880.3019189907,266474.2956844196
80,C,wet_humid,-1.6362305794141643,-0.10139999903004683,-154585.80079528945,-10844.924676686418
80,C,wet_humid,124.39774763559446,48.83039429743477,10282209.03013099,5205624.493952879
80,C,wet_humid,63.595057149623926,44.372979730033364,5404720.751760452,4739089.4713304015
80,C,wet_humid,55.02222980523253,43.23250031654827,4707344.9717540955,4618815.459010334
80,C,wet_humid,43.827637779573955,8.792685974470826,4125543.413331983,940394.672473806
80,O,warm_humid,30.99772120883504,13.840474515058482,2903647.6806133366,1480265.1481606078
80,B,warm_humid,44.67233511828551,-4.953819184418409,4214686.650798954,-529820.3890269774
80,B,warm_humid,32.755784530669374,19.079481853010893,3044327.635404025,2040584.4714989036
80,B,warm_humid,29.171383371881436,20.314824187830364,2705508.822815569,2172709.9694860694
80,B,warm_humid,32.755784530669374,19.079481853010893,3044327.635404025,2040584.4714989036
80,B,warm_humid,19.67379311278092,24.894122964851,1808953.6798111117,2662474.6078227465
80,B,warm_humid,13.86573836704353,37.949825908993716,1219304.091945538,4058160.8587887688
80,B,warm_humid,5.015544919633167,33.232841430514576,449805.5119503507,3554395.2825125903
80,B,warm_humid,5.08382171755853,34.2312281282829,454176.59869943693,3661150.260829318
80,B,warm_humid,6.820625327458041,34.15423670286325,609523.0415782129,3652919.3741567126
80,B,warm_humid,22.349404837310143,21.784635393519608,2067508.1598025593,2329912.4256412596
80,B,warm_humid,18.971530695275487,31.238970392777,1713658.4208903264,3341106.8330120747
80,B,warm_humid,7.564900435010347,32.95300568302914,679149.6714106565,3524466.1741331746
80,B,warm_humid,23.32958485132043,29.268934638416265,2120751.3534112466,3130353.712178509
80,B,warm_humid,18.084449597471398,28.339389910966005,1648450.8797604237,3030930.453090493
80,B,warm_humid,23.945398582036006,25.05389633159892,2200941.55276643,2679561.9045193107
80,B,warm_humid,-53.51420485153107,-35.93695751064184,-4747719.138287037,-3843408.8960441025
80,B,warm_humid,-3.867880840984562,-4.684321971084856,-364968.297376616,-500997.15807120566
80,B,warm_humid,2.686785635357052,-9.420282050156061,252789.91887249483,-1007517.3379249715
80,B,warm_humid,27.7128573469484,6.346998471357342,2612730.483473767,678823.6435498615
80,B,warm_humid,28.475250971551915,8.772562661202315,2680445.8716265345,938242.4439805525
80,B,warm_humid,-1.8893657403160549,-1.0688351624408672,-178487.41414303653,-114313.97287857562
80,B,warm_humid,1.381421270762174,0.6743026765631026,130508.21117741703,72117.96631570673
80,B,warm_humid,-0.49936994273353735,-7.618508203970281,-47044.09324714652,-814814.053317757
80,K,warm_humid,0.7874829498485904,0.30806592216907047,74398.41153112217,32948.2421243444
80,K,warm_humid,3.132935640016559,-5.4138477585827705,295515.149934259,-579021.3916303148
80,K,warm_humid,0.717762509165711,-4.828698757721233,67722.55677281861,-516438.5255931396
80,K,warm_humid,38.53871299411845,-7.70595077805926,3630407.8509366973,-824166.2062731902
80,K,warm_humid,43.83237732402638,2.7281783688179395,4139201.1734087137,291783.90235040017
80,K,warm_humid,60.45767417682849,38.8546450849251,5293881.15287532,4154534.750083535
80,K,warm_humid,73.66004333263851,42.844094270536026,6315875.289333321,4577783.614897913
80,K,warm_humid,70.63111391628118,-35.39688914327055,6280434.471179748,-3785723.1774776983
80,K,warm_humid,66.47888419385256,-37.92584441473743,5846563.023904328,-4055605.023983957
80,K,warm_humid,49.853435876207875,20.601565904461253,4621400.089119758,2203378.164694875
80,K,warm_humid,125.03942934290454,43.241308778819715,10697020.832747567,4619745.593501608
80,K,warm_humid,15.580377564544397,38.925706373335885,1363805.2566817976,4162098.610137566
80,K,warm_humid,7.254688512099858,34.13661054049217,648357.81409685,3651034.9802048067
80,K,warm_humid,4.579035143080409,33.253808864161314,410625.817741189,3556637.6937186103
80,K,warm_humid,13.05035096266848,38.965380466523214,1142124.6841566414,4166321.2407538006
80,K,warm_humid,-4.738342069855,31.115523100489327,-428184.40181057673,3327899.7241483927
80,K,warm_humid,3.1392881476760115,32.359754139995644,282448.88720767736,3461008.997370371
80,K,warm_humid,14.080957721182259,44.94797459457178,1192607.8568451854,4799604.056513901
80,K,warm_humid,69.09127004045254,51.87612191139346,5588140.812912006,5520214.6401452925
80,K,warm_humid,-2.0536739314782997,72.333724325995,-135475.74265620287,7480476.178139618
80,K,warm_humid,-69.22825344645236,55.92815133491397,-5418542.198551093,5931893.7709905775
80,K,warm_humid,-42.4127036312745,38.627615524557086,-3717828.6630044524,4130364.3601077967
80,K,warm_humid,-71.63333842186215,52.18490398025192,-5780130.1304193195,5551879.189964064
80,K,warm_humid,-73.92129401489682,42.641521985409156,-6345551.030167485,4556369.881805949
80,K,warm_humid,-77.48834217890361,48.52673149221509,-6417810.401279296,5174051.853470114
80,K,warm_humid,-54.169894083107025,-45.95560237382852,-4560173.274053504,-4905433.735102318
80,K,warm_humid,29.10708668296526,-15.359417699313312,2721087.8488733093,-1642718.8885080656
80,K,warm_humid,0.5040990553533239,0.37977501841647904,47625.20838929988,40617.66769675022
80,K,warm_humid,49.133842817950644,1.075742868847872,4641644.398382789,115052.76533057712
80,K,warm_humid,52.91087075154839,-21.81473087407018,4894438.4194558915,-2333131.2566731316
80,K,warm_humid,47.43126861482069,2.265588769700059,4479673.242426688,242309.06245352
80,K,warm_humid,47.251066365247375,2.286424087593254,4462628.1397365695,244537.43948908488
80,K,warm_humid,-28.242448910894034,-10.943165753421646,-2653783.640093255,-1170392.5773575392
80,K,warm_humid,130.00393963482566,46.82940069584467,10885228.018666014,4996967.7297907
80,L,warm_humid,-91.81689673082325,54.962698527935466,-7245526.060527293,5834596.650454122
80,L,warm_humid,-49.616241331206126,-44.36587488436946,-4216887.282458786,-4738341.1976677505
80,L,warm_humid,36.8717746071835,-38.184618270791,3238854.604918425,-4083179.9212482986
80,L,warm_humid,99.12358646603673,42.853925042988294,8498735.761272008,4578822.58091213
80,L,warm_humid,14.949648406784792,46.93485469531597,1250908.4234879198,5007998.301504534
80,L,warm_humid,102.0378834456684,51.978632290921006,8246462.336795779,5530731.712250702
80,M,warm_temp,-5.076833464342441,73.03101314702941,-331870.17693491053,7540596.9283587495
80,PA,warm_temp,-53.97110529877448,-50.01534531602421,-4424962.69272491,-5328483.125054377
15,E,arid,5.292816816510711,33.51001704076815,474172.65298353095,3584037.1714919205
15,E,arid,32.477277138951,26.63514378263485,2973984.025926156,2848665.493736219
15,E,arid,38.113846054381575,-0.6974286656239432,3600754.6641781833,-74591.3352451187
15,E,arid,35.11131090614103,1.7988342933141288,3316498.1513984757,192388.77884120477
15,E,arid,-5.703844420365488,31.697472393971033,-514399.7616009285,3390159.408771877
15,E,arid,-7.6972402090727305,31.732905653012413,-694087.4553417652,3393950.145212014
15,E,arid,-5.691563460280248,32.19736379032683,-512382.8984172016,3443637.4734585965
15,E,arid,32.00158945912394,28.140332728317592,2918684.3484763163,3009640.705455007
15,E,arid,48.08142082928989,8.328674027358787,4527453.702502316,890767.6751106823
15,E,arid,33.425178485855014,-22.877597993685335,3085930.9626539126,-2446808.3691925937
15,E,arid,51.52450880025577,21.130223986237294,4771944.881127079,2259920.394630065
15,E,arid,71.28586413231442,31.187820579665637,6440225.778187378,3335634.532404452
15,E,arid,82.80577033363338,39.91754577433837,7212899.3675913755,4267587.485017468
15,E,arid,86.8450049667904,35.844762798304906,7707778.038572274,3833563.0578474207
15,E,arid,86.01658362824212,34.76202763247668,7668295.5675266385,3717887.535552328
15,E,arid,88.31487841126376,43.56658227761235,7541093.245755105,4654080.1947533395
15,E,arid,87.30550947807424,43.56834228425292,7454828.47077779,4654265.90562489
15,E,arid,101.77008223919458,35.88733123287779,9030811.961573875,3838109.197879337
15,E,arid,95.78792437571185,39.89567582308997,8344647.902212378,4265263.237133914
15,E,arid,99.77937431789074,38.88997796947425,8735541.25512414,4158295.7258463707
15,E,arid,101.2728155513446,36.8879799614988,8948149.70869002,3944927.0836741887
15,E,arid,101.2728155513446,36.8879799614988,8948149.70869002,3944927.0836741887
15,E,arid,99.57443954640041,36.49025404643399,8813319.074604012,3902481.862352405
15,E,arid,88.06712988597569,33.868637307143295,7878869.073077338,3622384.400299211
15,E,arid,99.57443954640041,36.49025404643399,8813319.074604012,3902481.862352405
15,E,arid,100.57239383540538,36.188905258051655,8913150.238507207,3870311.6650489937
15,E,arid,102.77258496660231,37.88605440767161,9040106.091119295,4051364.227961776
15,E,arid,77.2109133929498,42.57626891971906,6630377.90684817,4549470.078032387
15,E,arid,79.23373269170789,50.576097078208164,6470328.5550214555,5386422.060920479
15,E,arid,63.04077028636025,50.55767426438596,5148672.847703377,5384520.680506118
15,E,arid,69.14039277029292,41.569881815411954,5970516.769562672,4442938.627931395
15,E,arid,78.81724630182175,41.92517663327613,6792922.302885669,4480573.069518938
15,E,arid,88.40097681255128,60.56650349462116,6633914.074512989,6391405.825537539
15,E,arid,88.40097681255128,60.56650349462116,6633914.074512989,6391405.825537539
15,E,arid,55.767713036713886,31.1200988420544,5039419.629414429,3328389.264023435
15,E,arid,50.49959646584933,34.394560259993426,4508603.2473550625,3678610.518310789
15,E,arid,48.84444902959562,25.27771803656808,4487287.787272455,2703498.367085765
15,E,arid,57.566062382959146,22.897594816970123,5314502.439018002,2448947.0763123715
15,E,arid,43.36460012564818,30.595881631156047,3925495.137355669,3272305.6567456
15,E,arid,39.64128108868529,32.82375255117446,3560561.0117663615,3510641.4088910045
15,E,arid,41.475849688896744,33.715153802402426,3712813.1049815207,3605973.0960283047
15,E,arid,48.53913399524218,33.39309848979111,4350459.47412469,3571533.9452889753
15,E,arid,56.8138958658202,32.06085753352801,5117169.949532761,3429034.4925064025
15,E,arid,51.12898773500431,14.140363392083351,4787611.808510733,1512338.7457775054
15,E,arid,54.75661357668632,17.464535183419038,5102651.9479245525,1867863.2182058701
15,E,arid,47.07304735867933,12.352360396722409,4417000.635538595,1321108.6858633512
15,E,arid,66.73356613052395,21.84960377286697,6172701.073055965,2336861.0505405217
15,E,arid,52.33202677054609,18.084769937669538,4871805.179262109,1934198.1585131625
15,E,arid,33.277486221845834,27.208976960741598,3042757.4425313394,2910033.672788991
15,E,arid,40.31668080564807,15.243982931229972,3769631.8831268265,1630373.0282397037
15,E,arid,98.47248071235688,7.074626026359494,9279930.033529019,756644.8046850405
15,E,arid,41.75718938762288,34.70090950927616,3723527.635219437,3711355.4190177666
15,E,arid,30.86129454324921,40.3952811123209,2681651.151634169,4318340.263560923
15,E,arid,30.84852153956287,41.39523450352777,2666401.1364841345,4424429.679572732
15,E,arid,31.034147142490912,37.800879417459484,2730897.490008946,4042285.643299853
15,E,arid,30.54272876203472,39.447142869379,2666722.497642056,4217576.989732861
15,E,arid,28.217455595768715,39.32689983843552,2465159.331284455,4204787.536967628
15,E,arid,29.460783487569,39.22998640023542,2575002.207167038,4194477.799815641
15,E,arid,30.16739935983218,38.873383012666984,2641323.2241242733,4156529.3147038654
15,E,arid,30.86129454324921,40.3952811123209,2681651.151634169,4318340.263560923
15,E,arid,40.158031256629236,12.74872601072803,3766521.749716817,1363500.7307448247
15,E,arid,47.07304735867933,12.352360396722409,4417000.635538595,1321108.6858633512
15,E,arid,132.93057790468717,-39.381397994227356,11610092.305779068,-4210584.435087225
15,E,arid,23.346703731280304,42.24459978593406,2008594.364193154,4514385.127184934
15,E,arid,24.460770259627054,47.23111220271202,2042937.2840255713,5038967.671409404
15,E,arid,23.50407877420079,48.24358032759487,1950303.2839655222,5144580.935507684
15,E,arid,24.754140630997178,45.348852182051175,2091552.3417513303,4841740.614940632
15,E,arid,11.084035436840896,50.23134602978117,907369.0839704523,5350816.897685816
15,E,arid,1.69343299885384,43.1415886284969,144954.7348727904,4609214.529228088
15,E,arid,6.587370263658354,49.18923552018546,543170.9793926872,5242888.803017114
15,E,arid,26.557469249797816,38.149695110754834,2333213.9955815724,4079459.0362352887
15,E,arid,18.62499923151228,50.29843819172324,1523966.3126180738,5357750.00751151
15,E,arid,26.230574950107457,47.36064833047339,2188952.79447662,5052499.632504813
15,E,arid,23.41472840309568,44.99415913178646,1982597.929066925,4804460.933841983
15,E,arid,19.531696881088273,47.296628331686634,1630590.2617594893,5045812.5009239605
15,E,arid,-3.2973582188557704,42.09240691991292,-283922.7136661382,4498277.699759604
15,E,arid,-1.27667720687067,41.112304996130916,-110517.76747300549,4394432.1009457335
15,E,arid,-3.2136638393103594,37.09282208531969,-283693.11732524825,3966781.322914567
15,E,arid,-5.264670216301009,40.072661177738404,-458224.80450300605,4284072.107198107
15,E,arid,-2.261066164069425,40.102500053382634,-196768.0752412682,4287242.3286008295
15,E,arid,-5.295268455386239,41.822508602676805,-456634.3756743994,4469700.703675701
15,E,arid,6.630059686818084,47.189437922952976,553881.263431599,5034612.986350942
15,E,arid,19.406697789618633,42.797493245254344,1664439.848063174,4572858.283105953
15,E,arid,-75.88660366633913,22.314775942753194,-7013439.885794877,2386612.9198615355
15,E,arid,-70.69613089663719,18.95046219012121,-6571935.291503515,2026785.529592522
15,E,arid,-108.05022555644588,31.711219664957778,-9744012.957575807,3391630.126920317
15,E,arid,-106.87961016993295,23.377122179060056,-9858067.886411509,2500233.374761489
15,E,arid,-110.2349308263018,35.53852349997686,-9796219.507485732,3800853.603134904
15,E,arid,-107.02579875418549,32.69895955617657,-9617436.128417755,3497293.2420620886
15,E,arid,-110.25078338167457,36.53844134213743,-9756251.014395216,3907625.2472057445
15,E,arid,-111.01644029683048,35.24604886944792,-9877573.426999796,3769607.707621675
15,E,arid,-110.25886380819496,37.03839946428881,-9735681.489484552,3960975.5167146246
15,E,arid,-107.02579875418549,32.69895955617657,-9617436.128417755,3497293.2420620886
15,E,arid,-114.03614648324914,35.77913949047226,-10123865.777134242,3826554.4557471294
15,E,arid,-115.04583706706494,35.789712484648305,-10213051.537706831,3827683.6806213325
15,E,arid,-112.04996559836269,33.75746148860395,-10028792.43510508,3610496.971000443
15,E,arid,-114.30311440068014,33.251320022867304,-10250249.12394619,3556371.51958123
15,E,arid,-113.3118681096371,33.26771569599078,-10160728.764195736,3558124.9837645493
15,E,arid,-111.8188335591722,35.90348880055265,-9921837.527526772,3839834.7224400896
15,E,arid,-113.52316750483882,36.27371936702216,-10057263.199169118,3879366.770315932
15,E,arid,-113.53135336633754,35.77376319933407,-10079278.27661848,3825980.2495738426
15,E,arid,-103.90760657736074,37.66059861650143,-9149353.093740823,4027331.4722131486
15,E,arid,-102.9194563292133,36.64772083156162,-9103181.45272101,3919288.601526193
15,E,arid,-111.27406873753552,37.52783616649812,-9803880.055753626,4013176.527910593
15,E,arid,-110.25078338167457,36.53844134213743,-9756251.014395216,3907625.2472057445
15,E,arid,-111.25754932587559,36.527923127950174,-9845788.59021441,3906502.580161023
15,E,arid,-100.63286168787971,47.6193072441532,-8384023.577142942,5079503.394325285
15,E,arid,-111.9762577395128,44.902695594488186,-9486563.508253604,4794841.859194065
15,E,arid,-101.8014746001608,41.63379150840366,-8787858.108884405,4449710.160040394
15,E,arid,-62.13128041484284,-27.472444110199817,-5677053.8133193245,-2938210.479286978
15,E,arid,-63.20408909665278,-25.501185742171888,-5803531.611250778,-2727396.802988201
15,E,arid,-62.26753912269188,-23.474334770816633,-5742171.77489077,-2510630.3619058523
15,E,arid,-62.769117042281856,-23.488238482021185,-5788268.357289423,-2512117.376046669
15,E,arid,-54.61677750029988,-39.26738237882358,-4772873.741889242,-4198456.195147244
15,E,arid,-61.51602405456331,-15.449929255297764,-5750114.040478351,-1652399.1850578538
15,E,arid,-67.49969042985477,-16.61447734449479,-6298556.946758959,-1776948.6486524234
15,E,arid,-64.75531121274621,-17.790447342615685,-6031237.177643931,-1902719.935849065
15,E,arid,-66.28167116634583,-23.584480959045695,-6111021.597170643,-2522410.5784946727
15,E,arid,-64.30656612803723,-22.530170330236466,-5940861.168911768,-2409650.0396114774
15,E,arid,-65.8277052361729,-22.0715077880395,-6086484.703552228,-2360594.530646428
15,E,arid,-65.31002145295143,-22.557626336457425,-6033257.446612508,-2412586.541978459
15,E,arid,-74.9158572898275,-1.8033638289652278,-7076296.49097133,-192873.22134782278
15,E,arid,-68.53145892257825,-15.641757374820124,-6404112.818095326,-1672915.3791221092
15,E,arid,-66.21872969441225,9.429983473035952,-6230232.7979859635,1008554.9248761868
15,E,arid,-67.23194155440666,9.95264611638233,-6322892.961926039,1064454.770872074
15,E,arid,33.281039084061526,-0.9224669727456113,3144104.030842724,-98659.61414716509
15,CA,arid,32.78100077506067,-0.9276498521286632,3096862.7499463693,-99213.93304337324
15,CA,arid,35.11131090614103,1.7988342933141288,3316498.1513984757,192388.77884120477
15,CA,arid,15.408813512735865,-17.65307129266272,1435478.949995352,-1888027.387198266
15,CA,arid,13.264334428377218,-25.62264284880455,1217616.4242108527,-2740385.80707288
15,CA,arid,77.68999323124588,26.348088211126147,7119262.652026225,2817966.901186757
15,CA,arid,74.38199274126573,30.615201333523856,6732854.830576826,3274372.561526821
15,CA,arid,33.698817711791456,29.9932914786548,3056473.0433519883,3207838.4087860016
15,CA,arid,83.50242042726502,20.545720557948698,7741394.358493293,2197405.27303345
15,CA,arid,72.65046432455873,25.0287215307535,6678040.732851447,2676869.589578776
15,CA,arid,70.7608942521016,25.302853566172963,6500358.518392516,2706186.458051014
15,CA,arid,74.11913227524468,27.85679539187464,6765328.766075035,2979316.166815802
15,CA,arid,71.22231139641072,26.24846079745646,6528182.610098943,2807312.4732089774
15,CA,arid,151.4423480921171,-33.739627438222485,13555456.398049744,-3608590.0216543544
15,CA,arid,1.6555979495183875,45.141404393765015,140061.02980224977,4819940.274568464
15,CA,arid,0.1810030213985017,43.6268557333918,15450.20997025267,4660439.653422372
15,CA,arid,19.502168265662156,46.29683265197239,1638316.8102140266,4941206.897259515
15,CA,arid,-5.264670216301009,40.072661177738404,-458224.80450300605,4284072.107198107
15,CA,arid,6.630059686818084,47.189437922952976,553881.263431599,5034612.986350942
15,CA,arid,-99.30218381184515,40.600054291279925,-8619552.206392398,4340081.063946782
15,CA,arid,-98.84418779448524,38.59345572953361,-8665925.08885467,4126726.929170524
15,CA,arid,-98.77360479983557,41.592970112354216,-8528377.876567379,4445385.03801644
15,CA,arid,-99.75801152562791,42.606596301794916,-8565113.888159698,4552676.987782661
15,CA,arid,-102.9194563292133,36.64772083156162,-9103181.45272101,3919288.601526193
15,CA,arid,-100.42013530798432,35.61448690184394,-8921195.641717471,3808967.9510094873
15,CA,arid,-114.96024534933193,44.37271612388228,-9770083.075905694,4739061.708882232
15,CA,arid,-98.94972230036886,33.59418181015453,-8861848.791122554,3593037.3868055125
15,CA,arid,-56.161722706255794,-62.40189685088292,-4139632.653791916,-6569206.8799509965
15,T,cold,-56.689704069936454,-63.69282182849827,-4124401.359462145,-6692737.801302259
15,T,cold,66.42940922450272,-69.2278264539752,4550966.42229522,-7206103.400954548
15,T,cold,64.98516062758928,-69.20420852583212,4453242.582116792,-7203976.179947429
15,T,cold,-137.64482685042103,60.12033536533453,-10373364.753447419,6347818.252646291
15,T,cold,-136.99570620702528,62.09561840795445,-10128614.357504927,6539709.704136757
15,T,cold,-150.50250061481975,64.73673844835002,-10832024.423080513,6791657.322929101
15,T,cold,-67.28182427680116,-47.62506394876634,-5605242.733473353,-5080104.128765415
15,T,cold,-13.210667444357474,67.99768870776171,-917834.6569347815,7094527.990270386
15,D,cold,-7.136987885438378,67.05831325954772,-501054.70781639934,7008294.612900436
15,D,cold,158.97887706738314,52.34235492376902,12812576.341852639,5568007.832194078
15,D,cold,141.2076266659808,50.61456408915585,11528001.548123445,5390391.688331204
15,G,cold,165.79326551978,59.42087245251177,12577224.01389712,6279209.5633617025
15,G,cold,141.08185085176262,55.11392547388739,11119073.742491324,5849873.337832887
15,G,cold,141.36196474037325,43.615347715017535,12067301.11382968,4659225.508762505
15,G,cold,-113.84729564300545,37.88326698049678,-10014390.4004683,4051067.1379243005
15,G,cold,-113.88035525943909,39.88310145697912,-9921415.360406468,4263926.847853671
15,G,cold,-112.84889559734552,37.89328189493437,-9926111.76434786,4052134.544578895
15,G,cold,-113.8635927968045,38.88318538364472,-9968919.885253001,4157572.710058678
15,G,cold,1.3648226266247543,35.57585122873004,121268.55787431131,3804840.9755836185
15,G,cold,-8.202208838236619,36.04295412685853,-727364.9220374724,3854727.8024472124
15,G,cold,-3.661822038961554,33.661981222036594,-327864.1495992783,3600287.351172268
15,C,wet_humid,-5.628037623476507,34.69680201311848,-501865.65245245665,3710916.41457173
15,C,wet_humid,8.226762519590002,3.4583055188594107,776673.4916760172,369872.3882117175
15,C,wet_humid,35.780792336469766,11.100723485940104,3361626.150230507,1187243.6867413241
15,C,wet_humid,37.305056357364066,14.086432353360204,3493405.3275415036,1506570.7361024348
15,C,wet_humid,38.113846054381575,-0.6974286656239432,3600754.6641781833,-74591.3352451187
15,C,wet_humid,18.10615506867145,28.313470218373023,1650551.2925810681,3028158.244758475
15,C,wet_humid,11.732313985866746,27.70698033333059,1071323.7942239987,2963293.5888653356
15,C,wet_humid,-6.700448167106869,31.715144935922662,-604240.8087896586,3392050.062065033
15,C,wet_humid,-5.653889601965857,33.697030630025075,-506157.22933521844,3604035.198431639
15,C,wet_humid,4.762219048871579,5.514360528337423,449174.9328554765,589771.424649848
15,C,wet_humid,-16.05234566247164,14.880941200035824,-1501652.4841121088,1591544.6296036234
15,C,wet_humid,16.863532722186108,-34.67602439053127,1503887.11986635,-3708695.7110918905
15,C,wet_humid,16.430709140645117,-33.669754538443435,1471092.6347781224,-3601118.5594985737
15,C,wet_humid,16.364169486697463,-31.968566502731417,1474388.3737802715,-3419161.334250749
15,C,wet_humid,36.121723739885084,-7.700127894379023,3402736.4693069905,-823543.4375572893
15,C,wet_humid,10.330648813570125,36.43006232562929,914601.2883286764,3896056.8398614703
15,C,wet_humid,92.0,22.5,8499749.096698971,2406423.230650835
15,C,wet_humid,130.1510717485227,47.991193003603975,10817334.844567452,5118287.388023874
15,C,wet_humid,128.1858577203784,45.96694496337223,10790297.013807302,4906623.402754481
15,C,wet_humid,130.1510717485227,47.991193003603975,10817334.844567452,5118287.388023874
15,C,wet_humid,116.03587504110862,24.470137065464392,10678923.799524253,2617130.732125357
15,C,wet_humid,107.08097049780463,23.619334364568097,9871945.220465401,2526138.168754654
15,C,wet_humid,106.08956497416088,23.525166928817676,9782363.69292699,2516066.903253924
15,C,wet_humid,118.31757251108189,30.71925667952603,10706097.643121546,3285504.892417496
15,C,wet_humid,102.24083781621759,22.155719467975082,9451833.510026662,2369601.2762705293
15,C,wet_humid,102.28377350898522,26.18109857186675,9376794.013798416,2800108.577580187
15,C,wet_humid,97.60286196096403,23.081106671805866,9007563.554894226,2468574.058280142
15,C,wet_humid,102.28377350898522,26.18109857186675,9376794.013798416,2800108.577580187
15,C,wet_humid,102.95056459366135,24.735881782645833,9469291.008063773,2645551.3307635565
15,C,wet_humid,101.96248500334585,24.642636357335544,9380289.52235661,2635579.0460208207
15,C,wet_humid,98.88950753677062,25.359502681581557,9083188.509360166,2712244.7265847973
15,C,wet_humid,101.03140190637524,24.052322701902785,9306118.830344493,2572446.1852732617
15,C,wet_humid,100.53785493082142,24.005955246427174,9261533.834335512,2567487.2246033293
15,C,wet_humid,97.72888392366166,22.087899057751716,9035826.89485544,2362347.6372672115
15,C,wet_humid,98.15560686441839,22.637529520859285,9066147.344598552,2421132.4200985464
15,C,wet_humid,116.68871480563551,31.571891123178258,10528155.29852191,3376724.3185436497
15,C,wet_humid,114.74804503254867,26.861953510183636,10501559.127502639,2872921.3539876007
15,C,wet_humid,119.38230571452407,30.316214446656364,10816727.613390772,3242386.02914467
15,C,wet_humid,109.06172787482548,19.28420715514699,10132712.773050256,2062480.3334224834
15,C,wet_humid,109.34336429705182,21.32125106024615,10123463.939519439,2280351.5556291235
15,C,wet_humid,100.25237953676502,26.492589436523815,9183515.686437229,2833420.2806489016
15,C,wet_humid,100.68663160559102,27.036157890187848,9210536.90471593,2891551.5253794766
15,C,wet_humid,106.73498386322444,26.60293766054079,9774645.927804595,2845221.2650782056
15,C,wet_humid,102.77758068908402,26.22773214691674,9420991.96541265,2805095.69582979
15,C,wet_humid,108.30640461851416,21.624715198203013,10022101.290814668,2312808.3142977464
15,C,wet_humid,86.94186275686816,25.36628853906193,7985651.2938670665,2712970.430929912
15,C,wet_humid,80.33523727609754,24.98491394038787,7385141.228981879,2672184.298439904
15,C,wet_humid,140.19486290915367,50.604184217675126,11446177.217923699,5389320.594038433
15,C,wet_humid,136.19872887270262,48.56113711248246,11277809.560213689,5177630.837705782
15,C,wet_humid,135.26055669387407,45.55028173364443,11414687.93767676,4862897.133084104
15,C,wet_humid,109.6361665538831,54.49035414344726,8685684.293674326,5786806.719785799
15,C,wet_humid,110.68168903805778,56.484872441293625,8621602.057723982,5987755.261423396
15,C,wet_humid,113.71908406481415,56.46779743301521,8859516.00939481,5986044.656476321
15,C,wet_humid,113.71908406481415,56.46779743301521,8859516.00939481,5986044.656476321
15,C,wet_humid,125.97704686170607,52.440603138940354,10145165.71967388,5578065.960388156
15,C,wet_humid,138.24550519122707,64.28817442843426,9996420.876155175,6749261.706380376
15,C,wet_humid,132.1783861395079,64.33903684230437,9552673.969246546,6754077.279206511
15,C,wet_humid,152.14029621786628,59.15937902964336,11569615.893534485,6253475.84283243
15,C,wet_humid,152.17809650110866,60.159196758732556,11464411.511815028,6351620.244496392
15,C,wet_humid,154.4190870889467,65.13859580600881,11067133.389031852,6829494.468582618
15,C,wet_humid,179.74446815335816,65.55995048235458,12824880.827796705,6869020.957480717
15,C,wet_humid,128.8344182024927,54.364297289976776,10217220.752644718,5774032.357453985
15,C,wet_humid,158.87782178252775,55.34176325867792,12497645.00519901,5872862.130502304
15,C,wet_humid,140.16863121553294,51.60404857974976,11360192.168993546,5492277.4818082
15,C,wet_humid,59.01648287544393,47.54614119158702,4919139.183273163,5071867.239793434
15,C,wet_humid,131.2704909617304,43.50391057877474,11213087.451816622,4647466.772014186
15,C,wet_humid,127.9971451744358,52.4657823268668,10305840.688574832,5580642.922120403
15,C,wet_humid,72.52103094108875,11.901410579862032,6808057.549241721,1272878.737891389
15,C,wet_humid,76.68451050285377,6.286503459365511,7229954.4392725555,672353.5864063221
15,C,wet_humid,74.46240750415062,4.565831126439901,7026563.016510876,488324.3401692931
15,C,wet_humid,73.02623548047086,6.7813423601443485,6883106.138025328,725277.5536315452
15,C,wet_humid,76.81728966910732,7.277773363339374,7238271.814025135,778371.8034640998
15,C,wet_humid,92.91678583915947,19.485352776714947,8629778.234321136,2083993.3808340046
15,C,wet_humid,73.27013732987055,6.747644740735585,6906231.05381003,721673.5286584883
15,C,wet_humid,94.0,25.5,8631300.118950896,2727269.9958376684
15,C,wet_humid,114.71112500950501,-6.954652294169577,10811019.186020393,-743813.3835272564
15,C,wet_humid,110.64109369999373,-6.284050675838555,10431456.734338343,-672091.2565211566
15,C,wet_humid,119.12097573702295,0.42903038646022895,11254029.318990057,45885.623906960376
15,C,wet_humid,118.95846423975753,2.4224217253878395,11234599.223724667,259082.64644231368
15,C,wet_humid,118.40912156632122,-3.1406288762267454,11180103.705962172,-335896.26862111595
15,C,wet_humid,115.4694495122649,2.137555573422996,10905954.93747386,228615.66752798398
15,C,wet_humid,118.36835980809833,-2.64228891444766,11178125.143194448,-282597.86157348007
15,C,wet_humid,116.88304719488535,3.2564350898463834,11035549.616695877,348281.9630304695
15,C,wet_humid,108.76608248886653,3.4488791145659183,10268442.538468275,368864.2164110813
15,C,wet_humid,125.85433518613132,-8.46194643910599,11849619.536762021,-905021.4224594807
15,C,wet_humid,101.10375764336322,1.323805015120367,9550835.922881428,141583.4875979258
15,C,wet_humid,106.742630127453,-4.851650557527907,10071304.89695709,-518893.2634949487
15,C,wet_humid,119.20217514286811,-0.5676675780252656,11261592.98026606,-60713.13777986108
15,C,wet_humid,106.56340188432826,-3.3623407066344435,10060821.082830101,-359608.7696449354
15,C,wet_humid,104.30216201695424,2.913739799834578,9848912.05743523,311630.050615167
15,C,wet_humid,104.91687886531085,1.9799934658403298,9909675.269237304,211764.0989193842
15,C,wet_humid,142.37212787172925,43.62551036609896,12152816.211519653,4660297.713125763
15,C,wet_humid,136.70642850481397,39.936577974253,11906837.038385859,4269610.080512966
15,C,wet_humid,128.7285338732251,34.62736962084613,11482227.643457973,3703495.4115110673
15,C,wet_humid,138.83733329353694,43.58912373691344,11853590.719455246,4656458.648842007
15,C,wet_humid,140.30050160702922,46.10473044675289,11800123.099172527,4921071.991838077
15,C,wet_humid,140.32163147143987,45.10483970287614,11873596.616765387,4816096.540080459
15,C,wet_humid,139.83702026054962,44.09969907823112,11903408.20773483,4710298.6886095535
15,C,wet_humid,140.35197754881878,43.604996612878786,11981803.82116162,4658133.396393787
15,C,wet_humid,140.3617573645921,43.10504718113581,12017221.868273146,4605354.946587413
15,C,wet_humid,138.55152928924448,44.002740149151535,11800693.947228698,4700079.3284722315
15,C,wet_humid,138.67381743594981,42.00473986823167,11946458.860257063,4488997.15042055
15,C,wet_humid,137.62931019866187,41.970081686767145,11858746.274288205,4485327.7392065935
15,C,wet_humid,136.76429543345338,38.937577081442925,11970775.345468981,4163362.069747491
15,C,wet_humid,134.62660368232423,39.86285489060449,11730055.176682293,4261775.008173652
15,C,wet_humid,130.57314530502074,38.20672807763944,11468499.561361643,4085535.523325502
15,C,wet_humid,127.6365361472743,35.582997287067315,11340550.012294378,3805604.3100741226
15,C,wet_humid,127.12169233414473,35.56115105990223,11295830.59942558,3803270.7065986893
15,C,wet_humid,128.15153253410045,35.604643958579274,11385283.31909779,3807916.5609527477
15,C,wet_humid,129.18197845960978,35.647331417794774,11474792.036249539,3812476.2371441517
15,C,wet_humid,137.13784622016516,41.45292197349658,11849853.793660374,4430544.024138678
15,C,wet_humid,138.78865566454556,40.00661770508592,12083903.594672935,4277054.778536915
15,C,wet_humid,135.69607584472664,39.400699707462785,11850502.910266541,4212637.417771162
15,C,wet_humid,133.71015546270735,37.826922263938975,11764629.951249076,4045061.582077179
15,C,wet_humid,133.76894714671883,36.828015573380924,11822511.868984215,3938528.738455054
15,C,wet_humid,134.90760633772783,40.373588777392925,11723931.936470455,4316036.73167427
15,C,wet_humid,126.71576361515245,36.526175779327076,11213855.088049658,3906316.0749476617
15,C,wet_humid,127.73185244405789,41.8662768581471,11012233.17870201,4474335.956281848
15,C,wet_humid,126.57469856413604,37.51981372359502,11152356.47136003,4012321.117749082
15,C,wet_humid,127.2323289466758,40.86643208018515,11028480.189176368,4368350.670336231
15,C,wet_humid,126.73135126575158,37.36659771247754,11173852.866038764,3995982.6576603847
15,C,wet_humid,127.73212572103185,42.36627681705549,10981754.963737672,4527259.287430396
15,C,wet_humid,125.73535284441417,40.86695836274128,10898692.205680205,4368406.509228025
15,C,wet_humid,121.12083431864282,36.31460987413652,10728480.529405331,3883732.1734912717
15,C,wet_humid,112.97772730564496,1.9337210965029137,10671164.27428314,206815.1805208457
15,C,wet_humid,116.71931174006329,5.2497591697618375,11010489.47629444,561471.802844278
15,C,wet_humid,118.79547346998442,4.415793541896247,11210769.19179762,472277.53891113226
15,C,wet_humid,101.91424497442557,4.932815465388934,9615367.93721394,527574.0020529313
15,C,wet_humid,102.87161151985114,3.5285282903164803,9711655.832312945,377382.8466368112
15,C,wet_humid,105.0355410223698,0.9870538487570962,9922765.15763677,105567.30447392781
15,C,wet_humid,102.00243753152675,5.0430459078503445,9623177.126182372,539363.4230088369
15,C,wet_humid,105.55098363479291,5.077273835853259,9957790.630871734,543024.1656141788
15,C,wet_humid,104.99548112228167,5.514403873098004,9903227.184050359,589776.0604548918
15,C,wet_humid,103.28846290986587,1.5622129499464994,9756780.497722428,167081.67310163938
15,C,wet_humid,105.78995175503749,3.091527196208958,9988785.183468753,330644.75066569255
15,C,wet_humid,106.28591885675785,3.1509361380842247,10035402.629280528,336998.6498530923
15,C,wet_humid,96.62477657195623,22.97558085916467,8919089.067960877,2457287.8580730264
15,C,wet_humid,141.911933544888,-16.1652523472628,13251162.910896515,-1728903.6309049365
15,C,wet_humid,145.88360046995538,-18.00315132767376,13582725.06273807,-1925468.9262617144
15,C,wet_humid,147.05564392371798,-17.477654388412198,13703513.393837288,-1869266.3328037981
15,C,wet_humid,148.34436432316554,-17.66744108959964,13819381.273691708,-1889564.2553681724
15,C,wet_humid,124.70085191027506,14.609613892765285,11669649.92391453,1562525.7942180047
15,C,wet_humid,126.71562973752381,13.644356967250808,11872662.438606914,1459290.0496573802
15,C,wet_humid,126.75225216409976,11.644676189084667,11902195.132911028,1245420.4954058095
15,C,wet_humid,128.82209346733066,7.680345154186824,12135446.499679307,821427.6350909577
15,C,wet_humid,124.75528340191394,11.610082198517775,11715078.843029276,1241720.6005445283
15,C,wet_humid,125.7896044103359,9.627632905460688,11833142.957957651,1029693.9361041504
15,C,wet_humid,126.71562973752381,13.644356967250808,11872662.438606914,1459290.0496573802
15,C,wet_humid,127.75995280164906,11.162218773104073,12002426.499036318,1193820.7286459378
15,C,wet_humid,124.84358515437542,6.6108419082265355,11768326.187175252,707042.2037380033
15,C,wet_humid,126.4797579701572,10.1396938479816,11893044.511631273,1084459.6871911054
15,C,wet_humid,125.7896044103359,9.627632905460688,11833142.957957651,1029693.9361041504
15,C,wet_humid,126.2475472954172,11.935938041381528,11851324.643259231,1276571.5167389028
15,C,wet_humid,124.25607850737498,11.601506514623551,11668300.20643042,1240803.4143930157
15,C,wet_humid,123.73901862299458,12.592808596010677,11607780.710987693,1346825.0735353024
15,C,wet_humid,124.72823360268032,13.109849473487914,11693808.570188783,1402123.5423884094
15,C,wet_humid,116.71931174006329,5.2497591697618375,11010489.47629444,561471.802844278
15,C,wet_humid,119.27368131687241,4.705568703872901,11254400.657937905,503269.5359317979
15,C,wet_humid,116.80128538394425,4.253101455526234,11023375.804512009,454877.3144416856
15,C,wet_humid,114.39102325543737,3.052693700817736,10801053.86325101,326491.43453923793
15,C,wet_humid,114.88938767840534,3.093460770783274,10847954.93230962,330851.55014021037
15,C,wet_humid,114.84848748238878,3.5917908538096546,10842071.41792206,384148.89757083374
15,C,wet_humid,114.19168288380526,3.0363857964268495,10782293.139677446,324747.27316909266
15,C,wet_humid,116.88304719488535,3.2564350898463834,11035549.616695877,348281.9630304695
15,C,wet_humid,115.69415290625004,2.4569323622379162,10926202.47438155,262773.6248962883
15,C,wet_humid,99.43574995303618,16.233500345699163,9283959.066437915,1736202.8146233
15,C,wet_humid,99.46498922238104,15.9850835830001,9290126.141870726,1709634.4229160296
15,C,wet_humid,102.32072853436881,8.498443089226624,9633600.99730332,908924.8113530885
15,C,wet_humid,102.20909985867138,9.492346504359846,9615938.446038557,1015224.7783590029
15,C,wet_humid,100.7489412782733,11.345086739249963,9463222.87122756,1213378.8169919832
15,C,wet_humid,30.16739935983218,38.873383012666984,2641323.2241242733,4156529.3147038654
15,C,wet_humid,32.15176096211617,38.71868349149936,2817150.1315041315,4140060.7012488595
15,C,wet_humid,31.034147142490912,37.800879417459484,2730897.490008946,4042285.643299853
15,C,wet_humid,30.84852153956287,41.39523450352777,2666401.1364841345,4424429.679572732
15,C,wet_humid,26.287226293420474,41.20738445359567,2274441.953758742,4404514.665839976
15,C,wet_humid,25.833717446308565,40.35711804613573,2245229.341186182,4314287.629833781
15,C,wet_humid,27.83102080506295,41.37267556934567,2405875.540080549,4422038.456306783
15,C,wet_humid,27.844401181229003,40.37272675113949,2419784.3794878186,4315945.190417906
15,C,wet_humid,26.932466676868575,37.11569655285361,2377280.8462404176,3969221.4737376575
15,C,wet_humid,30.16739935983218,38.873383012666984,2641323.2241242733,4156529.3147038654
15,C,wet_humid,27.05592692356014,38.110903097992214,2377433.8922848757,4075325.7521338523
15,C,wet_humid,29.047122566462114,37.955782908113946,2554231.43077601,4058795.7161269234
15,C,wet_humid,27.92874638566823,37.0381188388959,2466066.733766955,3960945.5787480716
15,C,wet_humid,31.034147142490912,37.800879417459484,2730897.490008946,4042285.643299853
15,C,wet_humid,33.867058794219055,41.416707356566484,2926969.692288529,4426705.684203815
15,C,wet_humid,34.87345953531838,41.42361317084094,3013835.6270386963,4427437.642876686
15,C,wet_humid,34.99594069752199,37.49246348512469,3083833.7897673487,4009404.7817711066
15,C,wet_humid,36.107897887132026,38.41098568833411,3168400.1812945907,4107294.169123487
15,C,wet_humid,38.07982057923575,38.258351238138125,3343821.9162886185,4091035.2499642246
15,C,wet_humid,39.064279423721175,38.18241621218955,3431481.620052388,4082945.3079786375
15,C,wet_humid,41.690123974614394,37.40306379313969,3675200.6807463444,3999871.5347490404
15,C,wet_humid,27.92874638566823,37.0381188388959,2466066.733766955,3960945.5787480716
15,C,wet_humid,30.86129454324921,40.3952811123209,2681651.151634169,4318340.263560923
15,C,wet_humid,27.05592692356014,38.110903097992214,2377433.8922848757,4075325.7521338523
15,C,wet_humid,33.017064069098645,37.64637826928032,2907431.7422850514,4025815.422229633
15,C,wet_humid,105.33429177211849,17.629237877715465,9813278.35855338,1885478.373197893
15,C,wet_humid,106.31095374373115,21.5356469918,9839001.836802298,2303282.1019714708
15,C,wet_humid,105.4277668487425,20.44672572232776,9775722.640745373,2186817.3690358303
15,C,wet_humid,105.33429177211849,17.629237877715465,9813278.35855338,1885478.373197893
15,C,wet_humid,104.140837133821,19.527474240996227,9671536.938127272,2088498.386369921
15,C,wet_humid,101.04420201331,19.42871712967008,9385524.434345566,2077936.0468228299
15,C,wet_humid,109.00240201623048,10.941493995541403,10242356.764758771,1170213.7795648025
15,C,wet_humid,110.28569926334198,8.049283289518344,10386731.533242702,860886.2874067953
15,C,wet_humid,107.30995147062707,17.81486807057859,9994332.240450563,1905331.7657626816
15,C,wet_humid,148.00989463089317,-45.44703210319482,12498403.685446862,-4852054.0492627015
15,C,wet_humid,141.03701163426732,-44.21586171685959,11997356.059406096,-4722539.005512506
15,C,wet_humid,147.39203994635463,-44.97467306416269,12481597.504922604,-4802411.800981651
15,C,wet_humid,138.33371787751815,-34.2843137380207,12355820.311343698,-3666825.283006118
15,C,wet_humid,142.3830686048275,-47.17604719244213,11895817.420325473,-5033213.621652382
15,C,wet_humid,19.34490277564119,40.297920822536554,1681794.498465285,4308000.798723464
15,C,wet_humid,19.32145942275232,39.29808303304332,1688217.8048595458,4201722.137009027
15,C,wet_humid,14.44827204821881,42.36856849560085,1242172.6163210168,4527501.729811235
15,C,wet_humid,15.56818340166233,46.85301489507191,1303331.4697631681,4999438.105054885
15,C,wet_humid,15.058691437829058,46.360392261742916,1264538.8019087699,4947866.336159144
15,C,wet_humid,15.56818340166233,46.85301489507191,1303331.4697631681,4999438.105054885
15,C,wet_humid,11.608346170847412,49.2360546264238,956878.4831706614,5247747.097703295
15,C,wet_humid,14.317614357171612,46.37137869726249,1202226.1273095375,4949017.311206586
15,C,wet_humid,3.5300837543203656,51.16021082001529,287047.08450260403,5446630.283629864
15,C,wet_humid,24.311546341988393,41.232061637916495,2103222.415993748,4407131.23059189
15,C,wet_humid,22.335127260770722,41.25766803885876,1931974.3205263605,4409846.194053924
15,C,wet_humid,22.335127260770722,41.25766803885876,1931974.3205263605,4409846.194053924
15,C,wet_humid,44.93325823862907,42.485188190785884,3860557.392321077,4539837.696404099
15,C,wet_humid,54.91809362940814,53.53178853023505,4384814.348681694,5689456.540224903
15,C,wet_humid,33.80016522868638,46.41647571189453,2837353.556951009,4953741.433671982
15,C,wet_humid,38.87710141406388,43.44984841513583,3321909.3178330436,4641761.114894839
15,C,wet_humid,24.460770259627054,47.23111220271202,2042937.2840255713,5038967.671409404
15,C,wet_humid,54.90692611743037,54.53176702284959,4348394.301294983,5791001.55756745
15,C,wet_humid,54.90692611743037,54.53176702284959,4348394.301294983,5791001.55756745
15,C,wet_humid,27.648475218556705,52.37197730256035,2227763.3485023915,5571040.902533382
15,C,wet_humid,11.586429824141582,50.23595431433642,948465.4409237793,5351293.165431757
15,C,wet_humid,12.591365032471451,50.24511702707517,1030662.4518357317,5352240.108167709
15,C,wet_humid,11.084035436840896,50.23134602978117,907369.0839704523,5350816.897685816
15,C,wet_humid,12.584662462383832,50.545086597581616,1027908.9944077182,5383221.449263504
15,C,wet_humid,7.410200511486834,56.197872208045226,578657.658160076,5958980.2346607605
15,C,wet_humid,8.415333508867063,56.207312663685116,657094.2899404465,5959927.516471805
15,C,wet_humid,8.44482242035765,55.20745067009212,665038.5736484047,5859313.52037181
15,C,wet_humid,-2.3141693989473895,43.10223744263374,-198133.27307440896,4605058.163410376
15,C,wet_humid,3.6607052247669984,45.160840753607204,309653.8950603124,4821983.30663773
15,C,wet_humid,-1.3125117132921007,43.11212838341411,-112367.53751586984,4606102.901917136
15,C,wet_humid,-2.333031577480335,44.102144163477966,-198592.82132316212,4710556.367519811
15,C,wet_humid,12.54499855416732,52.24490652406282,1011796.4932032108,5558027.006526196
15,C,wet_humid,4.533539697271203,51.169864473395506,368616.3907898607,5447624.07643108
15,C,wet_humid,11.563574397455145,51.23584970381356,939761.648445095,5454415.788636089
15,C,wet_humid,4.533539697271203,51.169864473395506,368616.3907898607,5447624.07643108
15,C,wet_humid,9.599381443433703,49.21752106227272,791378.7144304547,5245824.021780489
15,C,wet_humid,6.541082935172592,51.1890160577821,531772.0620316695,5449595.50756397
15,C,wet_humid,8.499584461702504,53.207706952035636,680386.705574087,5656435.695417295
15,C,wet_humid,8.525084129908958,52.207826287899216,687772.4788894363,5554227.995320031
15,C,wet_humid,12.520218962038212,53.244794024736564,1001941.1088320786,5660217.214921436
15,C,wet_humid,10.603768868146446,49.22682211076628,874125.7902510049,5246789.132167938
15,C,wet_humid,20.311106085219745,39.284492573057996,1774806.6743023607,4200276.399731827
15,C,wet_humid,22.289845988235772,39.25796649741751,1947964.1367343648,4197454.501536759
15,C,wet_humid,23.300859789866596,40.244896754710226,2026267.386526902,4302369.024969988
15,C,wet_humid,24.16865116682214,34.23297079361426,2159155.2663474795,3661336.559656461
15,C,wet_humid,22.748235811751368,37.55171070564466,2004033.2692016757,4015722.1558080255
15,C,wet_humid,18.515161672737467,46.310597185594894,1555269.6302280566,4942649.176855925
15,C,wet_humid,19.531696881088273,47.296628331686634,1630590.2617594893,5045812.5009239605
15,C,wet_humid,-17.015857802157726,64.9584690856749,-1221830.1939986737,6812552.093409548
15,C,wet_humid,15.313285169166623,37.354882551023884,1350237.1153202308,3994733.2766355528
15,C,wet_humid,14.298819681734331,36.36967794567171,1266243.0094666276,3889610.9032799364
15,C,wet_humid,17.341596774554333,39.32589872905321,1515019.9879257616,4204681.04577181
15,C,wet_humid,10.487677347557083,42.428839656939,901360.9717465034,4533877.553019258
15,C,wet_humid,11.478176585372161,42.413499215346185,986574.0242591319,4532254.830230493
15,C,wet_humid,11.506883503819202,43.41327819664519,983429.7886291377,4637901.142362181
15,C,wet_humid,15.336790611266146,38.354710327345245,1346130.055365151,4101299.9848393686
15,C,wet_humid,4.533539697271203,51.169864473395506,368616.3907898607,5447624.07643108
15,C,wet_humid,1.2038671996351296,61.13920466988196,89844.91830286116,6447149.065640153
15,C,wet_humid,18.581094867732876,52.29824989007807,1498013.777964333,5563491.085280125
15,C,wet_humid,13.573998514203028,51.25410430753075,1102998.1398940894,5456294.348462079
15,C,wet_humid,12.520218962038212,53.244794024736564,1001941.1088320786,5660217.214921436
15,C,wet_humid,17.892426095124346,51.59225208168236,1450248.7165528145,5491065.414132274
15,C,wet_humid,25.727219568510495,47.35669878794232,2147001.384624027,5052087.127701738
15,C,wet_humid,25.393688030883354,45.21901669250361,2147266.066828437,4828097.796037396
15,C,wet_humid,22.434683367651523,45.25701183832404,1896622.2995758508,4832090.718024393
15,C,wet_humid,25.41931240505527,46.21885666350234,2136422.010071102,4933035.305090889
15,C,wet_humid,25.051116556915964,45.65123720752855,2112780.9667248097,4873496.378409424
15,C,wet_humid,23.744848061644547,45.540755751678546,2003951.8773984767,4861896.857754918
15,C,wet_humid,21.631917072419633,44.767579049758815,1834121.1096910916,4780627.829250192
15,C,wet_humid,14.62320428014035,49.26331256660291,1205170.5033318244,5250575.184961983
15,C,wet_humid,19.531696881088273,47.296628331686634,1630590.2617594893,5045812.5009239605
15,C,wet_humid,15.628527720171661,49.272242647019134,1287945.9103437918,5251501.6420164285
15,C,wet_humid,17.55835953482308,47.32435374170151,1465590.0447617616,5048708.69412686
15,C,wet_humid,21.533717379836837,48.26955634653409,1786504.5001134186,5147285.7941868985
15,C,wet_humid,-2.796655510152215,42.09737093760164,-240802.52104052386,4498803.14815565
15,C,wet_humid,-0.7845812421860313,41.617194541714284,-67733.91315130226,4447951.714011803
15,C,wet_humid,-1.3012838283121155,39.61193685125306,-113523.85368345283,4235101.173481777
15,C,wet_humid,-3.714220459296661,37.08785233511447,-327888.04597970616,3966251.163439267
15,C,wet_humid,-9.32120444585327,43.03232036774894,-798376.8493182819,4597672.470742337
15,C,wet_humid,6.630059686818084,47.189437922952976,553881.263431599,5034612.986350942
15,C,wet_humid,-6.739343260254496,59.06030048490432,-512968.8462054894,6243713.586837979
15,C,wet_humid,14.50447679665602,44.36815125838331,1232719.758982019,4738580.943995698
15,C,wet_humid,20.33417688112433,40.284335415533036,1767922.9976732158,4306557.918798802
15,C,wet_humid,21.3232588510237,40.27096698540271,1854044.6770338495,4305138.050874943
15,C,wet_humid,20.33417688112433,40.284335415533036,1767922.9976732158,4306557.918798802
15,C,wet_humid,20.40773722871024,43.28383432229257,1745438.357171047,4624235.845997492
15,C,wet_humid,14.534034632752741,45.36793183394068,1227883.4739961138,4843745.070559645
15,C,wet_humid,15.493295045746867,44.35356361284465,1316871.8386386402,4737044.559187743
15,C,wet_humid,17.470218636906097,44.32498197515985,1485153.5588461717,4734034.156924024
15,C,wet_humid,18.458331176562133,44.31099639403486,1569283.1264380075,4732561.029845398
15,C,wet_humid,16.454086486289114,43.33937330294976,1406839.5048460541,4630099.540861914
15,C,wet_humid,21.395608248100288,43.27048205341845,1830069.810493762,4622826.031819093
15,C,wet_humid,19.39395005869217,42.29758145066502,1668032.8993735444,4519991.301254027
15,C,wet_humid,20.35794047037002,41.284173538339836,1760698.1032003274,4412656.348658735
15,C,wet_humid,19.888222824607535,42.290767159724425,1710609.3216692207,4519270.291600252
15,C,wet_humid,15.98761438877216,44.346343200958685,1358945.0801223957,4736284.07846861
15,C,wet_humid,18.458331176562133,44.31099639403486,1569283.1264380075,4732561.029845398
15,C,wet_humid,17.752929648700256,43.820862159807746,1513659.3952647154,4680903.32182918
15,C,wet_humid,16.440533929084125,42.83947126635439,1409707.1359664407,4577295.024718564
15,C,wet_humid,16.454086486289114,43.33937330294976,1406839.5048460541,4630099.540861914
15,C,wet_humid,16.962165888636566,43.83215170500849,1446141.611958715,4682093.853204973
15,C,wet_humid,17.45641033532342,43.82508039464351,1488340.7788490958,4681348.156590153
15,C,wet_humid,16.935031742959104,42.832346480711095,1452167.0165259095,4576542.019939572
15,C,wet_humid,18.952301734389735,44.3040817220064,1611345.0699237736,4731832.676356664
15,C,wet_humid,20.42069739792071,43.7837460371771,1741496.9157077614,4676989.0464594755
15,C,wet_humid,21.395608248100288,43.27048205341845,1830069.810493762,4622826.031819093
15,C,wet_humid,21.395608248100288,43.27048205341845,1830069.810493762,4622826.031819093
15,C,wet_humid,19.900869462966263,42.79068032891439,1706889.0604605377,4572138.174588531
15,C,wet_humid,20.889054838345913,42.77721625979047,1791782.0835580078,4570715.024679927
15,C,wet_humid,21.38306944567018,42.770566096766835,1834225.881717519,4570012.088412748
15,C,wet_humid,19.406697789618633,42.797493245254344,1664439.848063174,4572858.283105953
15,C,wet_humid,18.40524703801574,42.31136928355632,1582874.7696415375,4521450.139773059
15,C,wet_humid,18.899624942197175,42.3044489937923,1625454.7133674806,4520717.935222969
15,C,wet_humid,67.82672618356263,-49.239364562592954,5590845.92977561,-5248090.528410889
15,C,wet_humid,175.01276854059927,-48.89434730457926,14459647.698324863,-5212269.4075561045
15,C,wet_humid,-178.0655421738576,-48.17170678951632,-14782322.620964687,-5137095.534155038
15,C,wet_humid,179.61179042025302,-50.35672769558029,14690400.795995837,-5363771.924922639
15,C,wet_humid,178.52465367898435,-50.32309102539775,14604984.549795818,-5360297.080275054
15,C,wet_humid,177.62892498108025,-45.57046220864763,14988340.03536077,-4865016.098326172
15,C,wet_humid,175.01276854059927,-48.89434730457926,14459647.698324863,-5212269.4075561045
15,C,wet_humid,177.08049713534518,-45.631764444405036,14936518.251243142,-4871452.17196388
15,C,wet_humid,-118.67302688170976,73.83239934609328,-7674027.614458632,7609023.552323287
15,C,wet_humid,-82.18216546179464,80.3794370389129,-4793376.398138292,8129750.690277477
15,C,wet_humid,-118.73956353754005,53.82792904367654,-9457919.40586318,5719583.413991188
15,C,wet_humid,-128.99977564215277,53.89147334823819,-10269887.343325924,5726041.958723714
15,C,wet_humid,-118.73956353754005,53.82792904367654,-9457919.40586318,5719583.413991188
15,C,wet_humid,-120.25607305618182,54.34189867326895,-9538669.564353228,5771761.63290044
15,C,wet_humid,-120.41635564309915,49.8272395328793,-9885652.86895663,5309017.559709862
15,C,wet_humid,-77.93910716157396,8.575697518572861,-7337643.531631393,917187.3255648358
15,C,wet_humid,-86.73503171363221,13.347452243389668,-8129540.267677011,1427535.579185188
15,C,wet_humid,-87.66119648682624,15.381284641923306,-8194789.768444911,1645057.578863271
15,C,wet_humid,-79.87506542132671,23.38622049940376,-7367166.334153699,2501206.450618864
15,C,wet_humid,-69.69643885846362,18.948009281532077,-6479030.29028608,2026523.185672281
15,C,wet_humid,-95.71289361231015,17.54666996729753,-8918104.295039194,1876647.6324251082
15,C,wet_humid,-70.69613089663719,18.95046219012121,-6571935.291503515,2026785.529592522
15,C,wet_humid,-96.16634680209398,20.553512766812254,-8915330.266469672,2198238.6820158777
15,C,wet_humid,-64.70003255365772,18.235999405969643,-6021696.043275167,1950372.3872559918
15,C,wet_humid,-146.25481401941016,64.98405588634567,-10499061.252912391,6814960.605156377
15,C,wet_humid,-146.34795770156018,61.791410178080966,-10852605.267018015,6510342.069858507
15,C,wet_humid,-143.14526039541204,64.97720589525623,-10276577.984030636,6814315.86256448
15,C,wet_humid,-158.2422045471361,56.591880584929655,-12314874.416411884,5998471.593042134
15,C,wet_humid,-150.50250061481975,64.73673844835002,-10832024.423080513,6791657.322929101
15,C,wet_humid,-130.9687042614417,57.90361074493421,-10074592.14258438,6129271.247949625
15,C,wet_humid,-152.47529117773237,63.98935756440578,-11059453.88862623,6720927.43246858
15,C,wet_humid,-147.35069638173988,63.385392660768986,-10754040.079843815,6663438.122017682
15,C,wet_humid,-131.46067554153325,58.906475562862184,-10020433.143887283,6228544.298290778
15,C,wet_humid,-150.1829308846189,63.08717790808051,-10993949.648535214,6634945.030602387
15,C,wet_humid,-114.81437182929751,35.873443832415305,-10188923.123970525,3836626.0951516815
15,C,wet_humid,-117.86374175061204,39.34348013938375,-10296082.144865561,4206551.212911159
15,C,wet_humid,-109.97949875307222,44.9228720434056,-9316276.296749298,4796963.974590058
15,C,wet_humid,-110.93901162218086,42.91296691906298,-9508582.506551549,4585061.963573616
15,C,wet_humid,-87.90844926685112,32.43199834948182,-7907250.431701063,3468737.0657213726
15,C,wet_humid,-104.68131380571795,47.671927194531,-8718373.076996874,5084994.064350773
15,C,wet_humid,-110.35563831806674,42.537897916044635,-9478681.684152178,4545412.318100734
15,C,wet_humid,-112.84889559734552,37.89328189493437,-9926111.76434786,4052134.544578895
15,C,wet_humid,-71.648698218148,40.167711874026075,-6233112.57617497,4294170.183763829
15,C,wet_humid,-114.95056467987281,43.87276441738231,-9798004.428687776,4686376.381093082
15,C,wet_humid,-114.97009272997809,44.872666998677104,-9741946.04010626,4791683.317231731
15,C,wet_humid,-69.52028050445836,44.13248189469974,-5916665.592141902,4713753.429738602
15,C,wet_humid,-52.70443936426713,-37.211229147678154,-4650154.0945336465,-3979411.8513279986
15,C,wet_humid,-63.37642445836502,-53.02433174086073,-5080608.936962955,-5637728.00358245
15,C,wet_humid,-64.83407062803076,-4.5374072871929885,-6118075.365881392,-485284.35724991653
15,C,wet_humid,-65.8891597983191,-2.5655228886057433,-6222395.6938307425,-274387.58878689393
15,C,wet_humid,-69.16003604680053,-40.67015935269695,-6000975.782574598,-4347522.334087866
15,C,wet_humid,-65.86840769820009,-53.5925270129927,-5256555.95525767,-5695639.255316785
15,C,wet_humid,-71.10044234280164,5.29764886907932,-6706962.45919779,566593.6979311579
15,C,wet_humid,-68.94281047517184,-0.6472519822458546,-6513309.938789093,-69224.8426221217
15,C,wet_humid,-75.86549164558234,-3.8279984303011685,-7161268.2730066385,-409411.74449919205
15,C,wet_humid,-56.11930741287596,5.7111513043761395,-5292665.161098918,610818.5743438749
15,C,wet_humid,-58.24757376791199,10.152388650494588,-5477030.786670282,1085817.4208564984
15,C,wet_humid,-64.22274706344886,9.48475755479131,-6042179.057786062,1014413.1246978592
15,C,wet_humid,7.82388198777092,9.465463517710244,736094.5629601012,1012349.5880326295
15,C,wet_humid,35.86398665448993,19.10032105150121,3333087.4096813523,2042813.2718988268
15,C,wet_humid,149.64976772568107,-38.59994590286751,13119777.72956085,-4127418.034077866
15,C,wet_humid,19.34490277564119,40.297920822536554,1681794.498465285,4308000.798723464
15,C,wet_humid,7.557037591450054,50.69856400865761,616572.2643866093,5399057.882718292
15,C,wet_humid,20.33417688112433,40.284335415533036,1767922.9976732158,4306557.918798802
15,C,wet_humid,16.540412581028203,46.33874929894376,1389150.1947961769,4945598.840045653
15,C,wet_humid,16.984535914060167,44.631991126878745,1441242.3626955694,4766359.409574207
15,C,wet_humid,14.998915995355974,44.36083314375438,1274796.7302048625,4737810.199915797
15,C,wet_humid,-69.69643885846362,18.948009281532077,-6479030.29028608,2026523.185672281
15,C,wet_humid,-70.69613089663719,18.95046219012121,-6571935.291503515,2026785.529592522
15,C,wet_humid,-76.69741609850587,17.965473952651724,-7141475.086239705,1921439.276094122
15,C,wet_humid,-65.7004566567289,17.938366674184888,-6117793.426306921,1918540.113679009
15,C,wet_humid,-117.9722637440502,45.34294567508254,-9968188.60359406,4841120.073206003
15,C,wet_humid,-53.89068627867934,-2.2282700253659073,-5089788.774979595,-238317.75147280187
15,C,wet_humid,-55.00507757404431,1.7413955903467842,-5195664.3524224665,186245.5996174261
15,C,wet_humid,133.2214121816551,-23.376647744012747,12287722.009158386,-2500182.633379713
15,C,wet_humid,145.24507991238607,-34.30166177783333,12972247.132072588,-3668679.812457764
15,C,wet_humid,115.2887057468317,-34.169877097250044,10302106.135592544,-3654591.45879313
15,C,wet_humid,-46.86399567340857,-3.0255592991459843,-4425044.19998929,-323589.358705622
15,C,wet_humid,-40.41626654263754,-17.845249530619835,-3763990.526002572,-1908581.1044962252
15,C,wet_humid,-8.63545650552843,10.745752172069373,-811571.5349348508,1149278.8069083528
15,C,wet_humid,131.72636262920258,-32.39209458305175,11850331.195031207,-3464468.515624699
15,C,wet_humid,135.286926482446,-43.350156918241545,11566437.60118942,-4631237.969134453
15,B,warm_humid,109.45060987392553,-38.93326720405451,9580248.00878821,-4162903.350141608
15,B,warm_humid,-111.84392083928716,37.50336239502426,-9855175.051625902,4010566.935354938
15,B,warm_humid,-65.23686040553193,-24.806628761667042,-5999502.552298243,-2653117.4576248885
15,B,warm_humid,-8.172737489584039,8.737150975249028,-769339.8507688068,934455.0935930618
15,B,warm_humid,7.82388198777092,9.465463517710244,736094.5629601012,1012349.5880326295
15,B,warm_humid,37.12329899040914,-7.698880574516668,3497089.626438375,-823410.0342762521
15,B,warm_humid,109.88488783156721,21.875374932250978,10163630.483042348,2339617.3768164446
15,B,warm_humid,73.02623548047086,6.7813423601443485,6883106.138025328,725277.5536315452
15,B,warm_humid,119.12097573702295,0.42903038646022895,11254029.318990057,45885.623906960376
15,B,warm_humid,107.51484827383706,15.824506940413295,10044359.982702004,1692460.6090426215
15,B,warm_humid,108.60563953097643,14.922766863965673,10159180.908799494,1596017.9408769973
15,B,warm_humid,143.42671812173654,-45.63793466473435,12097411.800641138,-4872099.919380074
15,B,warm_humid,147.96248674780082,-44.94814932583016,12531891.8924179,-4799622.432740249
15,B,warm_humid,27.648475218556705,52.37197730256035,2227763.3485023915,5571040.902533382
15,B,warm_humid,11.563574397455145,51.23584970381356,939761.648445095,5454415.788636089
15,B,warm_humid,10.581690084599312,50.226720267381424,866274.1551484021,5350338.814569969
15,M,warm_temp,13.573998514203028,51.25410430753075,1102998.1398940894,5456294.348462079
15,M,warm_temp,10.603768868146446,49.22682211076628,874125.7902510049,5246789.132167938
15,M,warm_temp,6.587370263658354,49.18923552018546,543170.9793926872,5242888.803017114
15,M,warm_temp,17.034193074174784,46.331634672665366,1430683.1778330896,4944853.421513306
15,M,warm_temp,-17.015857802157726,64.9584690856749,-1221830.1939986737,6812552.093409548
15,L,warm_humid,15.585221407699825,51.272051211774226,1266258.1993063272,5458141.096932627
15,L,warm_humid,18.576303888164695,48.31016768602725,1540738.2817144631,5151514.122380965
15,L,warm_humid,-6.739343260254496,59.06030048490432,-512968.8462054894,6243713.586837979
15,L,warm_humid,-79.08674354688033,80.33027193775433,-4616635.280679278,8126243.311270732
15,L,warm_humid,-79.44281384121345,29.29597156219965,-7221072.510324707,3133245.719854073
15,L,warm_humid,-109.42753174464711,46.5478585868369,-9178427.400658228,4967500.815849122
15,K,warm_humid,-71.14762058301523,40.159187138246146,-6189791.051613985,4293264.591578076
15,K,warm_humid,-69.52028050445836,44.13248189469974,-5916665.592141902,4713753.429738602
15,K,warm_humid,-113.8047458806891,47.77791413828739,-9471767.559584808,5096050.439902104
15,K,warm_humid,-45.77684733174193,-5.995289676238668,-4316609.511268849,-641207.7160018459
15,K,warm_humid,43.92046417724068,42.9796514635821,3762992.81199059,4592108.044403145
15,K,warm_humid,5.537206410838647,51.1794672051682,450191.37774308084,5448612.585675388
15,K,warm_humid,174.6098435826761,-41.85655214813661,15054562.15917561,-4473306.100978415
15,K,warm_humid,178.16713414173765,-49.31047669677125,14678918.322614742,-5255467.9026124105
15,K,warm_humid,-179.80170597105945,-44.565831143661114,-15263275.5231643,-4759395.416617623
15,K,warm_humid,175.89556425182,-42.72733299987492,15091903.044010265,-4565442.01544044
15,K,warm_humid,179.21578339896263,-44.17391589469397,15248809.486345807,-4718119.470892369
15,K,warm_humid,14.958866801875882,-29.147994373946943,1360317.1147432625,-3117417.445964833
15,K,warm_humid,17.194910405119806,-30.680128990834646,1556102.4468505732,-3281318.8201389755
15,K,warm_humid,65.94640263469901,30.379373391927675,5973900.680632384,3249142.891929909
15,K,warm_humid,115.749935695923,36.87277069089813,10227984.991029061,3943304.253685147
15,K,warm_humid,135.22699675900125,-41.350647214112314,11691198.219640369,-4419703.375172498
15,K,warm_humid,9.62073389192718,48.217620286965754,798437.3010632157,5141877.495563743
15,K,warm_humid,179.68455346180227,-49.35782842439743,14799153.963073418,-5260379.1958194645
15,K,warm_humid,-99.75801152562791,42.606596301794916,-8565113.888159698,4552676.987782661
15,K,warm_humid,-56.88676860510901,-33.328300775042564,-5099894.0892135985,-3564604.2781072943
15,K,warm_humid,32.39130761087246,34.80795974556358,2887119.787841155,3722796.471269955
15,K,warm_humid,-5.703844420365488,31.697472393971033,-514399.7616009285,3390159.408771877
