{
"type": "FeatureCollection",
"name": "land_0Ma",
"crs": { "type": "name", "properties": { "name": "urn:ogc:def:crs:OGC:1.3:CRS84" } },
"features": [
{ "type": "Feature", "properties": { }, "geometry": { "type": "Polygon", "coordinates": [ [ [ 138.160294060000069, 35.912021607000042 ], [ 137.654649417000087, 39.171770619000021 ], [ 136.738, 39.0214 ], [ 136.846000000000117, 38.6044 ], [ 133.65400000000011, 36.9465 ], [ 132.80594105600008, 38.246645288000025 ], [ 129.72203106500001, 36.166984515000024 ], [ 129.026215085000103, 33.358291637000043 ], [ 129.139191021000102, 31.808910679000064 ], [ 132.184035996000034, 33.544250671000043 ], [ 137.406723185000033, 34.751724790000026 ], [ 138.160294060000069, 35.912021607000042 ] ] ] } },
{ "type": "Feature", "properties": { }, "geometry": { "type": "Polygon", "coordinates": [ [ [ 143.170213631000024, 37.534945819000029 ], [ 144.426006045, 40.51504637000005 ], [ 143.301284970000097, 41.232212663000041 ], [ 142.847778165000022, 42.077037794000034 ], [ 142.54835510800001, 43.933940644000081 ], [ 142.282561910000027, 44.027950549000039 ], [ 140.633499055000016, 48.382747626000018 ], [ 138.753631880000057, 46.444026828000062 ], [ 140.41302074500004, 43.577335809000033 ], [ 141.029863898000031, 38.514068555000058 ], [ 143.170213631000024, 37.534945819000029 ] ] ] } },
{ "type": "Feature", "properties": { }, "geometry": { "type": "Polygon", "coordinates": [ [ [ 0.728811112000074, 36.900241820000076 ], [ 0.350102715000048, 38.744790204000026 ], [ -6.288799138999933, 36.265300860000032 ], [ -5.649604185999976, 35.941303528000049 ], [ -4.842404029999955, 36.272918670000024 ], [ -4.285499926999933, 35.738899781000043 ], [ -2.83789890099996, 36.340400712000068 ], [ -2.576999120999972, 36.088100745000077 ], [ 0.728811112000074, 36.900241820000076 ] ] ] } },
{ "type": "Feature", "properties": { }, "geometry": { "type": "Polygon", "coordinates": [ [ [ 44.044843345000054, 38.155622724000068 ], [ 40.96402964400005, 39.168629645000074 ], [ 36.1334, 36.818 ], [ 35.659779348000029, 34.63053533000005 ], [ 35.567298841000031, 31.330419564000064 ], [ 34.44789899000007, 27.509700708000025 ], [ 36.760045434000062, 23.675434761000076 ], [ 37.776875603000072, 23.415360116000045 ], [ 38.435041818000066, 22.470605216000024 ], [ 38.641597397000055, 21.309607120000067 ], [ 40.968640702000073, 19.197714087000065 ], [ 41.44740392500006, 17.788023613000064 ], [ 42.64916039700006, 16.363471325000035 ], [ 42.709177943000043, 15.41741665700005 ], [ 42.176432075000037, 14.684023222000064 ], [ 42.459998877000032, 13.850000587000068 ], [ 43.525122702000033, 12.315114722000033 ], [ 44.938976990000057, 12.449388044000045 ], [ 45.634004940000075, 13.253246842000067 ], [ 47.355047891000027, 13.489095539000061 ], [ 50.492581443000063, 14.727748737000068 ], [ 51.987105511000038, 14.720871094000076 ], [ 53.142539997000036, 16.492114832000027 ], [ 55.011900599000057, 16.581198044000075 ], [ 56.247367158000039, 17.190328506000071 ], [ 57.498691193000063, 16.879811905000054 ], [ 57.633814530000059, 17.721986970000046 ], [ 58.64345139000006, 19.90897848700007 ], [ 59.403700751000031, 20.764073555000039 ], [ 59.875244301000066, 22.272908993000044 ], [ 60.737980832000069, 22.754652315000044 ], [ 58.188463073000037, 23.065931202000058 ], [ 56.741750781000064, 23.694108908000032 ], [ 56.380390167, 24.941415787000039 ], [ 57.065639496000074, 26.664972305000049 ], [ 56.943645811000067, 28.093641124000044 ], [ 53.149997141000028, 30.063913115000048 ], [ 51.269301946000049, 32.072200749000054 ], [ 50.282687798000048, 32.695144704000029 ], [ 47.843068339000055, 33.459443272000051 ], [ 45.030809982000051, 36.339991559000055 ], [ 43.909999904000081, 37.790000532000079 ], [ 44.044843345000054, 38.155622724000068 ] ] ] } },
{ "type": "Feature", "properties": { }, "geometry": { "type": "Polygon", "coordinates": [ [ [ 59.119998886000062, 36.749999734000028 ], [ 57.427220319000071, 37.467006694000084 ], [ 58.041370392000033, 36.658908844000052 ], [ 55.998439789000038, 36.566848755000024 ], [ 56.518688202000078, 36.053359985000043 ], [ 54.209270477000075, 35.35995101900005 ], [ 53.918029785000044, 34.801059723000037 ], [ 52.64630889900009, 34.335758209000062 ], [ 53.069938660000048, 32.212429047000057 ], [ 53.745830536000028, 31.140890121000041 ], [ 55.114109039000027, 29.986919403000059 ], [ 57.631759644000063, 28.95429039000004 ], [ 57.591116422000034, 27.384771826000076 ], [ 58.390499010000042, 26.981800754000062 ], [ 60.08736004900004, 26.783149668000078 ], [ 63.057317542000078, 27.770124053000078 ], [ 60.808889788000045, 30.291065586000055 ], [ 60.318249264000031, 34.762905486000079 ], [ 59.844768614000031, 35.954392579000064 ], [ 59.119998886000062, 36.749999734000028 ] ] ] } },
{ "type": "Feature", "properties": { }, "geometry": { "type": "Polygon", "coordinates": [ [ [ 67.030257917000029, 30.119770577000057 ], [ 67.282935958000053, 30.119770577000057 ], [ 70.532692047000069, 34.72489973100005 ], [ 73.030219856000031, 36.561531568000078 ], [ 69.279724139000052, 35.469856432000022 ], [ 67.900471114000084, 34.430236966000052 ], [ 66.415687446000049, 34.220844398000054 ], [ 60.693591494000032, 31.920988462000025 ], [ 60.808889788000045, 30.291065586000055 ], [ 62.673640348000049, 28.010218214000076 ], [ 63.45339905000003, 27.569485035000071 ], [ 66.097798130000058, 28.145828424000058 ], [ 66.687641824000082, 27.503432909000026 ], [ 67.030257917000029, 30.119770577000057 ] ] ] } },
{ "type": "Feature", "properties": { }, "geometry": { "type": "Polygon", "coordinates": [ [ [ 11.95441507800007, 36.842900701000076 ], [ 11.201618060000047, 37.965068762000044 ], [ 8.714161022000045, 36.957937537000078 ], [ 5.505073243000028, 36.297208169000044 ], [ 9.916176641000048, 34.20037128000007 ], [ 9.800021867000059, 33.334209059000045 ], [ 12.442161611000074, 34.587531758000068 ], [ 13.063469766000026, 35.498706932000061 ], [ 13.011062441000034, 36.224007245000053 ], [ 11.95441507800007, 36.842900701000076 ] ] ] } },
{ "type": "Feature", "properties": { }, "geometry": { "type": "Polygon", "coordinates": [ [ [ 71.026274683000054, 34.299216201000036 ], [ 70.272847880000029, 34.345644450000066 ], [ 67.282935958000053, 30.119770577000057 ], [ 67.030257917000029, 30.119770577000057 ], [ 66.474349944000039, 25.874660670000026 ], [ 66.7424, 25.4737 ], [ 66.047310347000064, 24.755690647000051 ], [ 65.9958, 24.1975 ], [ 69.3113, 20.5774 ], [ 71.1847, 17.665 ], [ 72.352680417000045, 16.654813750000063 ], [ 73.691114713000047, 12.965484232000057 ], [ 75.1988, 10.1448 ], [ 74.844, 7.4728 ], [ 75.3013, 6.5235 ], [ 75.8011, 6.4809 ], [ 76.3465, 6.9368 ], [ 77.4368, 6.7556 ], [ 79.178485806000083, 9.623389662000024 ], [ 80.6685, 10.5736 ], [ 80.099, 11.5051 ], [ 80.7101, 12.7613 ], [ 80.5343, 14.7785 ], [ 80.7585, 15.3012 ], [ 83.5209, 17.2482 ], [ 86.0171, 19.5445 ], [ 88.2862, 20.313 ], [ 89.71498076000006, 21.657714546000022 ], [ 90.507152942000062, 21.784402730000071 ], [ 91.2423, 23.7947 ], [ 95.25939388200004, 27.217207189000082 ], [ 96.387258156000101, 27.574462724000057 ], [ 95.690221786000052, 28.368555069000024 ], [ 93.411611557000072, 26.971357346000048 ], [ 89.872858772000086, 26.695469315000025 ], [ 87.383746588000079, 26.812326158000076 ], [ 82.742410660000075, 27.643022537000036 ], [ 80.65980730900003, 28.953518104000072 ], [ 77.015556462000063, 30.606428062000074 ], [ 75.44654930400003, 32.493136426000035 ], [ 74.048391047000052, 32.974288687000069 ], [ 72.261736202000066, 34.446450263000031 ], [ 71.084096897000052, 34.033041694000076 ], [ 71.026274683000054, 34.299216201000036 ] ] ] } },
{ "type": "Feature", "properties": { }, "geometry": { "type": "Polygon", "coordinates": [ [ [ 90.373860860000036, 35.333009016000069 ], [ 83.529999088000068, 35.139999630000034 ], [ 84.707765579000068, 34.63428306600008 ], [ 85.285974503000034, 33.991827011000055 ], [ 84.968316362000053, 33.852628159000062 ], [ 85.760676877000037, 33.513554966000072 ], [ 89.183531534000053, 33.402910029000054 ], [ 90.397058487000038, 33.042421341000072 ], [ 91.085910357000046, 32.157262549000052 ], [ 92.188790784000048, 32.339290960000028 ], [ 94.230368328000054, 32.014494532000072 ], [ 96.294848967000064, 31.236088238000036 ], [ 97.200753979000069, 30.488233774000047 ], [ 98.820220904000053, 27.795862748000047 ], [ 98.540000858000042, 30.769988654000034 ], [ 97.239998050000054, 32.930000826000025 ], [ 96.187171875000047, 33.823463638000064 ], [ 90.373860860000036, 35.333009016000069 ] ] ] } },
{ "type": "Feature", "properties": { }, "geometry": { "type": "Polygon", "coordinates": [ [ [ 117.236553537000091, 12.452068954000033 ], [ 116.323004368000056, 12.815832671000067 ], [ 115.841001511000059, 12.167901993000044 ], [ 114.027508734000108, 11.878132531000064 ], [ 111.704999924000049, 10.419702530000052 ], [ 111.347778320000089, 10.737854004000042 ], [ 109.627046270000051, 9.128714187000066 ], [ 109.473925637000036, 6.870066774000069 ], [ 112.319716049000021, 6.048953972000049 ], [ 113.169810067000071, 5.425543684000047 ], [ 113.814589908000016, 5.878630614000031 ], [ 116.472870116000081, 8.312270643000033 ], [ 118.040893555000025, 10.288391113000046 ], [ 118.296081543000014, 11.221618652000075 ], [ 118.585815430000025, 11.644714355000076 ], [ 118.832469459000095, 12.412327885000025 ], [ 117.236553537000091, 12.452068954000033 ] ] ] } },
{ "type": "Feature", "properties": { }, "geometry": { "type": "Polygon", "coordinates": [ [ [ 115.817857473000132, 17.282460573000037 ], [ 114.80500221300008, 17.250001907000062 ], [ 114.072000504000016, 16.757699966000075 ], [ 113.666611098000089, 17.171961748000058 ], [ 110.238866155000039, 13.524456283000063 ], [ 110.168683795000049, 11.055664525000054 ], [ 109.627046270000051, 9.128714187000066 ], [ 111.425254073000076, 10.765671586000046 ], [ 111.31138994700008, 12.142678684000032 ], [ 113.183000565000043, 13.291601181000033 ], [ 113.753999710000016, 14.551000595000062 ], [ 114.855001450000032, 15.538499832000072 ], [ 115.817857473000132, 17.282460573000037 ] ] ] } },
{ "type": "Feature", "properties": { }, "geometry": { "type": "Polygon", "coordinates": [ [ [ 138.753631880000057, 46.444026828000062 ], [ 134.584243942000057, 42.839969751000069 ], [ 131.256439166000064, 42.294639724000035 ], [ 130.210006873000111, 41.810001597000053 ], [ 129.880005036000057, 40.749999612000067 ], [ 128.149993926000093, 39.209999690000075 ], [ 129.79834001200004, 36.922882814000047 ], [ 129.72203106500001, 36.166984515000024 ], [ 135.959000138000079, 40.867450629000075 ], [ 137.654649417000087, 39.171770619000021 ], [ 139.441666001000044, 39.921009790000035 ], [ 139.620559944000092, 42.726131715000058 ], [ 140.305892981000056, 43.633117600000041 ], [ 138.753631880000057, 46.444026828000062 ] ] ] } },
{ "type": "Feature", "properties": { }, "geometry": { "type": "Polygon", "coordinates": [ [ [ -172.709, -15.9155 ], [ -173.3, -14.751 ], [ -174.511993416999985, -14.447600469999941 ], [ -175.036844133999978, -15.348491453999941 ], [ -174.361071991999978, -15.563586734999943 ], [ -174.17367378299997, -16.833243337999932 ], [ -174.806954329, -18.723746327999947 ], [ -174.94161920099998, -20.588032458999976 ], [ -177.903045136999964, -24.93840923199997 ], [ -175.994236039999976, -25.586368551999954 ], [ -175.253156634999982, -23.219901548999928 ], [ -174.01471371599996, -21.094799158999933 ], [ -173.454, -18.5409 ], [ -172.889, -18.0042 ], [ -172.709, -15.9155 ] ] ] } },
{ "type": "Feature", "properties": { }, "geometry": { "type": "Polygon", "coordinates": [ [ [ -179.99999999, -37.185299283999946 ], [ -178.603636544000011, -35.008942463999972 ], [ -177.557805050999974, -31.954770230999944 ], [ -176.187354776999967, -29.545484500999976 ], [ -175.406005052999973, -26.906208904999971 ], [ -175.416999317999966, -25.921635730999981 ], [ -176.016922543, -26.022039261999964 ], [ -175.994236039999976, -25.586368551999954 ], [ -177.903045136999964, -24.93840923199997 ], [ -179.99999999, -31.383581913999929 ], [ -179.99999999, -37.185299283999946 ] ] ] } },
{ "type": "Feature", "properties": { }, "geometry": { "type": "Polygon", "coordinates": [ [ [ 139.934294194000017, 39.088480559000061 ], [ 138.870309360000078, 39.594890699000082 ], [ 137.654649417000087, 39.171770619000021 ], [ 137.874241, 36.678369181000051 ], [ 140.795102039000085, 35.845130196000071 ], [ 139.934294194000017, 39.088480559000061 ] ] ] } },
{ "type": "Feature", "properties": { }, "geometry": { "type": "Polygon", "coordinates": [ [ [ 79.56361, 73.87652 ], [ 76.72664, 74.04994 ], [ 73.78826, 74.88322 ], [ 72.37889, 72.19694 ], [ 71.75031, 71.69524 ], [ 71.84449, 71.07468 ], [ 71.242, 69.70539 ], [ 68.721663529000068, 68.25638788100008 ], [ 69.584595725000042, 67.85129407800008 ], [ 69.529693137000038, 67.252810667000062 ], [ 68.734804980000035, 66.33099990200003 ], [ 69.739820061000046, 63.944089083000051 ], [ 70.870462028000077, 63.253141215000014 ], [ 69.896853668000062, 60.332316134 ], [ 71.153122520000068, 58.196659086000039 ], [ 75.330216452000059, 54.867546628000071 ], [ 77.93282991600006, 50.402009792000058 ], [ 80.018010828000058, 49.553800607000028 ], [ 82.44665006300005, 47.768607217000067 ], [ 84.551958489000071, 47.041950876000044 ], [ 86.351886233000073, 49.06971757500002 ], [ 83.994987177000041, 49.498058976000024 ], [ 81.059911278000072, 50.828015243000024 ], [ 79.707024731000061, 52.38727431500007 ], [ 79.261732101000064, 53.313787460000064 ], [ 79.70349510300008, 54.575689079000028 ], [ 82.474668952000059, 56.933513319000035 ], [ 81.91470485900004, 57.993150082000064 ], [ 79.113524387000041, 61.244520273 ], [ 75.011795839000058, 68.097408214000041 ], [ 74.911753679000071, 69.598040609000066 ], [ 75.962196356000049, 70.398377887000038 ], [ 82.316406, 71.208355 ], [ 80.111863, 72.826724 ], [ 79.56361, 73.87652 ] ] ] } },
{ "type": "Feature", "properties": { }, "geometry": { "type": "Polygon", "coordinates": [ [ [ 70.40257, 76.5659 ], [ 69.26118, 77.51474 ], [ 60.70581, 76.53102 ], [ 57.42675, 75.8454 ], [ 55.99588, 75.45788 ], [ 53.55149, 74.11644 ], [ 51.03343, 71.76943 ], [ 54.78243, 70.43622 ], [ 57.81048, 70.6362 ], [ 56.41663, 71.36947 ], [ 55.99588, 72.11919 ], [ 56.08018, 72.48937 ], [ 57.5221, 73.43595 ], [ 60.88658, 74.88916 ], [ 62.76109, 75.35578 ], [ 70.40257, 76.5659 ] ] ] } },
{ "type": "Feature", "properties": { }, "geometry": { "type": "Polygon", "coordinates": [ [ [ 73.78826, 74.88322 ], [ 70.40257, 76.5659 ], [ 60.88658, 74.88916 ], [ 56.60888, 72.92934 ], [ 55.99588, 72.11919 ], [ 56.41663, 71.36947 ], [ 57.71435, 70.87617 ], [ 67.250237281000068, 68.920434029000049 ], [ 67.744073365000077, 68.358009600000074 ], [ 67.265184114000078, 67.847625047000065 ], [ 69.136752839000053, 68.123894096000072 ], [ 68.721663529000068, 68.25638788100008 ], [ 71.242, 69.70539 ], [ 71.84449, 71.07468 ], [ 71.75031, 71.69524 ], [ 72.37889, 72.19694 ], [ 73.78826, 74.88322 ] ] ] } },
{ "type": "Feature", "properties": { }, "geometry": { "type": "Polygon", "coordinates": [ [ [ 69.26118, 77.51474 ], [ 68.53288, 82.03088 ], [ 67.18893, 82.13847 ], [ 65.90695177300006, 80.390350686000033 ], [ 60.377158909000052, 78.770317762000033 ], [ 50.989551800000058, 78.723647620000065 ], [ 42.497589065000057, 79.824958726000034 ], [ 37.54393, 75.75232 ], [ 34.44329, 74.62769 ], [ 21.54364, 73.26643 ], [ 18.76766, 72.324380000000104 ], [ 24.92323, 71.41461 ], [ 33.39064, 69.50333 ], [ 37.22148, 69.04237 ], [ 60.200621004000027, 63.717254093000065 ], [ 60.957930878000063, 64.561394259000068 ], [ 63.393435257000085, 65.985352429000045 ], [ 64.68187213200008, 66.321823206000033 ], [ 67.265184114000078, 67.847625047000065 ], [ 67.744073365000077, 68.358009600000074 ], [ 67.60689667500003, 68.714668994000078 ], [ 66.015647070000057, 69.277093423000053 ], [ 57.71435, 70.87617 ], [ 57.81048, 70.6362 ], [ 56.99339, 70.43622 ], [ 54.78243, 70.43622 ], [ 51.03343, 71.76943 ], [ 53.55149, 74.11644 ], [ 55.99588, 75.45788 ], [ 60.70581, 76.53102 ], [ 69.26118, 77.51474 ] ] ] } },
{ "type": "Feature", "properties": { }, "geometry": { "type": "Polygon", "coordinates": [ [ [ 37.235792230000065, 81.783405210000041 ], [ 34.120383858000025, 79.389198615000055 ], [ 26.518343003000041, 76.17001371300006 ], [ 19.096623095000041, 75.97481668000006 ], [ 20.563955305000036, 73.681033801000069 ], [ 20.525557321000065, 73.091005433000078 ], [ 34.44329, 74.62769 ], [ 37.54393, 75.75232 ], [ 42.497589065000057, 79.824958726000034 ], [ 43.00192, 80.67967 ], [ 44.75591, 81.81765 ], [ 49.588778175000073, 82.254139475000045 ], [ 37.235792230000065, 81.783405210000041 ] ] ] } },
{ "type": "Feature", "properties": { }, "geometry": { "type": "Polygon", "coordinates": [ [ [ 159.211, -32.949 ], [ 158.0810261580001, -32.25484924899996 ], [ 157.110559888000012, -33.06788109799993 ], [ 157.618209680000064, -33.766820375999941 ], [ 158.602773633000083, -34.246070792999944 ], [ 159.158, -33.614 ], [ 159.211, -32.949 ] ] ] } },
{ "type": "Feature", "properties": { }, "geometry": { "type": "Polygon", "coordinates": [ [ [ -69.008139927999935, -38.243013098999938 ], [ -74.732769495999946, -38.001127342999951 ], [ -75.912399830999959, -44.679795022999947 ], [ -75.69734490899998, -46.060996958999965 ], [ -69.795761535999986, -46.08089767599995 ], [ -66.833609957999954, -46.764970135999931 ], [ -61.267233142999949, -44.447386254999969 ], [ -61.953982077999967, -42.107074086999951 ], [ -61.549603602999987, -40.759145835999959 ], [ -61.956716937999943, -39.90552109999993 ], [ -63.994463405999973, -39.511249349999964 ], [ -65.548457415999962, -39.590941350999977 ], [ -69.008139927999935, -38.243013098999938 ] ] ] } },
{ "type": "Feature", "properties": { }, "geometry": { "type": "Polygon", "coordinates": [ [ [ -179.99999999, -45.353215327999969 ], [ -175.1479, -44.7076 ], [ -173.5031, -43.9913 ], [ -168.8605, -42.9301 ], [ -168.5024, -42.4791 ], [ -170.7441, -41.8026 ], [ -179.99999999, -40.627895821999971 ], [ -179.99999999, -45.353215327999969 ] ] ] } },
{ "type": "Feature", "properties": { }, "geometry": { "type": "Polygon", "coordinates": [ [ [ 179.99999999, -46.6627 ], [ 178.7816, -46.427 ], [ 178.5132, -45.9493 ], [ 179.1646, -45.4322 ], [ 179.99999999, -45.353215327999969 ], [ 179.99999999, -42.597386451999967 ], [ 173.341963162000098, -42.352 ], [ 167.737615857000037, -44.45333444999995 ], [ 167.778960752000103, -45.592575730999954 ], [ 167.402585314000021, -46.671375934999951 ], [ 165.183374725000021, -47.184795673999979 ], [ 165.338, -48.4336 ], [ 165.8941, -48.9047 ], [ 165.930331732000013, -49.347216318999983 ], [ 164.042658035000045, -54.976638440999977 ], [ 165.027040862000035, -55.69224152299995 ], [ 167.81865933000006, -55.539374505999945 ], [ 173.970479886000021, -53.343231459999963 ], [ 173.979200000000105, -52.9387 ], [ 175.4763, -51.2657 ], [ 178.1202, -49.98 ], [ 179.99999999, -49.4483 ], [ 179.99999999, -46.6627 ] ] ] } },
{ "type": "Feature", "properties": { }, "geometry": { "type": "Polygon", "coordinates": [ [ [ -74.136, 16.3785 ], [ -72.495002480999972, 18.551013760000046 ], [ -74.889256254999964, 18.438249660000054 ], [ -74.878505727999936, 17.919619901000033 ], [ -75.82090016899997, 17.627389629000049 ], [ -76.635032802999945, 18.250648609000052 ], [ -78.2758, 16.3542 ], [ -80.0489, 15.5919 ], [ -81.1004, 14.7435 ], [ -81.6235, 13.5332 ], [ -83.426415736999957, 11.089625590000026 ], [ -75.413557827999966, 15.359676367000075 ], [ -74.136, 16.3785 ] ] ] } },
{ "type": "Feature", "properties": { }, "geometry": { "type": "Polygon", "coordinates": [ [ [ -85.000781180999979, 15.907289847000072 ], [ -86.2624, 14.2816 ], [ -88.28737098199997, 12.376156036000054 ], [ -86.793610279999939, 11.538174956000036 ], [ -84.169, 13.9388 ], [ -83.370660681999937, 14.13635868700004 ], [ -83.5314, 15.3387 ], [ -84.069, 15.4793 ], [ -84.1612, 15.8048 ], [ -85.000781180999979, 15.907289847000072 ] ] ] } },
{ "type": "Feature", "properties": { }, "geometry": { "type": "Polygon", "coordinates": [ [ [ 172.055410800000118, -26.938686134999955 ], [ 168.587000000000103, -25.0969 ], [ 168.2771, -25.2355 ], [ 167.903, -25.9557 ], [ 167.88045377900005, -27.239893077999966 ], [ 166.935878458000047, -27.372817979999979 ], [ 167.165, -28.8474 ], [ 167.625000000000114, -29.095 ], [ 167.2643, -30.5185 ], [ 167.661, -31.2668 ], [ 166.528, -31.1154 ], [ 165.997, -32.3195 ], [ 167.165, -34.3592 ], [ 167.873, -34.9415 ], [ 169.182, -35.3466 ], [ 169.288000000000125, -35.721 ], [ 170.739, -35.9505 ], [ 171.041905999000051, -36.394998103999974 ], [ 171.464, -27.6467 ], [ 172.055410800000118, -26.938686134999955 ] ] ] } },
{ "type": "Feature", "properties": { }, "geometry": { "type": "Polygon", "coordinates": [ [ [ 177.869070000000107, -34.098416414999974 ], [ 174.771074719000012, -32.768712383999969 ], [ 174.1387, -30.4165 ], [ 173.450256404000015, -30.20006675999997 ], [ 173.162, -29.7559 ], [ 173.17015424000013, -27.421807644999948 ], [ 171.880271946000107, -26.872004911999969 ], [ 171.464, -27.6467 ], [ 171.531, -30.0508 ], [ 171.084350814000118, -33.385182996999959 ], [ 173.119, -33.564 ], [ 175.321, -34.329 ], [ 176.402957270000115, -36.176602661999937 ], [ 177.869070000000107, -34.098416414999974 ] ] ] } },
{ "type": "Feature", "properties": { }, "geometry": { "type": "Polygon", "coordinates": [ [ [ 164.958, -18.84 ], [ 163.921996956000044, -16.937370434999934 ], [ 163.314667046000096, -17.254240339999967 ], [ 164.806580064000059, -19.753980260999978 ], [ 168.133682022000016, -22.209709270999952 ], [ 168.95226995500002, -23.556390343999965 ], [ 169.372452164000038, -25.541613161999976 ], [ 171.023780919000046, -26.429154896999933 ], [ 170.371, -24.3947 ], [ 168.604963163000093, -21.2981 ], [ 164.958, -18.84 ] ] ] } },
{ "type": "Feature", "properties": { }, "geometry": { "type": "Polygon", "coordinates": [ [ [ 154.982021678000024, -5.142095778999931 ], [ 154.960209659000043, -4.570469736999939 ], [ 154.339581201000101, -3.87124150599993 ], [ 152.926368796000048, -4.119392439999956 ], [ 153.510287739000091, -5.987225317999957 ], [ 155.071083074000057, -7.534518140999978 ], [ 156.184906193000074, -7.948299313999939 ], [ 159.429008659000033, -10.104653757999927 ], [ 162.107257928000081, -11.43858531799998 ], [ 164.508990706000077, -11.092972955999928 ], [ 165.13297517500007, -11.288666795999973 ], [ 163.28435658300009, -8.986980171999956 ], [ 162.244108313000083, -9.721655682999938 ], [ 162.279000000000138, -9.1301 ], [ 161.307, -8.6901 ], [ 161.023, -7.929 ], [ 160.538, -7.608 ], [ 160.335, -7.8086 ], [ 158.837000000000103, -6.7644 ], [ 157.663, -7.0459 ], [ 155.598, -5.8791 ], [ 154.982021678000024, -5.142095778999931 ] ] ] } },
{ "type": "Feature", "properties": { }, "geometry": { "type": "Polygon", "coordinates": [ [ [ 128.870488518000116, 3.600735721000035 ], [ 127.564769956000092, 5.45075192500002 ], [ 127.632300908000047, 2.761200570000028 ], [ 126.627602077000134, -0.501200421999954 ], [ 127.166817054000035, -1.200099266999928 ], [ 128.88467399700005, -1.076799317999928 ], [ 127.83859205400006, 0.815280828000027 ], [ 128.987651761000052, 2.492604291000021 ], [ 128.655657154000096, 3.468664403000048 ], [ 128.870488518000116, 3.600735721000035 ] ] ] } },
{ "type": "Feature", "properties": { }, "geometry": { "type": "Polygon", "coordinates": [ [ [ 133.387207030000013, -0.182999399999972 ], [ 131.560642072000064, -0.261910761999957 ], [ 130.150605386000052, -0.990991551999969 ], [ 132.819503892000057, -0.700999149999973 ], [ 135.814209133000077, -1.483650459999979 ], [ 135.077895981000097, -0.836499355999933 ], [ 133.387207030000013, -0.182999399999972 ] ] ] } },
{ "type": "Feature", "properties": { }, "geometry": { "type": "Polygon", "coordinates": [ [ [ 148.158843883000031, -6.912239419999935 ], [ 147.580383034000079, -5.925460514999941 ], [ 146.287369031000054, -5.483100444999934 ], [ 146.117233123000119, -4.802570234999962 ], [ 143.967232373000115, -3.458047875999966 ], [ 144.846644857000115, -4.894531443999938 ], [ 147.268203999000093, -6.965626245999943 ], [ 148.158843883000031, -6.912239419999935 ] ] ] } },
{ "type": "Feature", "properties": { }, "geometry": { "type": "Polygon", "coordinates": [ [ [ 109.89045030300008, 15.265702352000062 ], [ 107.515447356000038, 16.079461019000068 ], [ 108.642586160000064, 11.970794235000028 ], [ 107.870499, 11.16672 ], [ 107.690801757000088, 10.019636210000044 ], [ 107.797747149000088, 9.052977691000024 ], [ 108.485740301000078, 7.821323166000071 ], [ 108.746419761000084, 8.603361547000077 ], [ 109.172424316000047, 8.804077148000033 ], [ 109.567565918000071, 10.345825195000032 ], [ 109.957214356000065, 13.020996094000054 ], [ 109.89045030300008, 15.265702352000062 ] ] ] } },
{ "type": "Feature", "properties": { }, "geometry": { "type": "Polygon", "coordinates": [ [ [ 107.787045441000103, 9.11758608100007 ], [ 107.870499, 11.16672 ], [ 108.642586160000064, 11.970794235000028 ], [ 107.846802, 15.42783 ], [ 106.695495606000065, 16.947998047000059 ], [ 104.740191573000061, 18.008452641000076 ], [ 102.888122559000067, 19.507507324000073 ], [ 102.795288086000085, 20.712219238000046 ], [ 101.541503906000074, 18.189270019000048 ], [ 101.609497070000032, 14.144348145000039 ], [ 104.067565918000071, 12.549316406000059 ], [ 107.787045441000103, 9.11758608100007 ] ] ] } },
{ "type": "Feature", "properties": { }, "geometry": { "type": "Polygon", "coordinates": [ [ [ 101.652832031000074, 12.706604004000042 ], [ 100.31405727200007, 15.014896699000076 ], [ 100.235319138000079, 12.255022049000047 ], [ 101.687774251000064, 8.941274084000042 ], [ 101.652832031000074, 12.706604004000042 ] ] ] } },
{ "type": "Feature", "properties": { }, "geometry": { "type": "Polygon", "coordinates": [ [ [ -154.08457419299998, 65.532668090000072 ], [ -155.104805426999974, 64.852454594000051 ], [ -151.295264477999979, 65.195133822000059 ], [ -152.539781485999981, 65.473347902000057 ], [ -150.805762926999961, 65.657202412000046 ], [ -148.188119079999979, 66.530312676000051 ], [ -148.714187070999969, 66.75921870300003 ], [ -148.283037220999972, 66.937805871000094 ], [ -147.087117111999959, 67.042417245000081 ], [ -149.784994539999957, 67.092205709000041 ], [ -151.044898986999982, 66.801301956000032 ], [ -151.315099715999963, 66.233900070000075 ], [ -154.08457419299998, 65.532668090000072 ] ] ] } },
{ "type": "Feature", "properties": { }, "geometry": { "type": "Polygon", "coordinates": [ [ [ 119.271638473000053, 22.496577940000066 ], [ 120.670761544000015, 24.695199910000042 ], [ 124.379700171000081, 25.237100740000074 ], [ 125.789901899000043, 26.369899523000072 ], [ 129.18917818400007, 30.609359513000083 ], [ 129.136033671000064, 31.884720739000041 ], [ 127.852233887000025, 31.359985352000034 ], [ 121.268737793000028, 31.565917969000054 ], [ 120.073913574000017, 31.289794922000056 ], [ 117.662475586000028, 28.413940430000025 ], [ 114.364631728000063, 26.156043342000032 ], [ 111.348449707000043, 22.178955078000062 ], [ 108.989425695000079, 20.430026834000046 ], [ 110.795593262000068, 19.801818848000039 ], [ 113.889709473000039, 19.579895020000038 ], [ 115.2156372070001, 19.965332031000059 ], [ 116.930248843000086, 21.482927552000032 ], [ 119.271638473000053, 22.496577940000066 ] ] ] } },
{ "type": "Feature", "properties": { }, "geometry": { "type": "Polygon", "coordinates": [ [ [ 107.563171387000068, 19.554565430000025 ], [ 112.318420410000044, 23.171142578000058 ], [ 114.364631728000063, 26.156043342000032 ], [ 112.859008789000086, 25.465332031000059 ], [ 107.425659180000096, 21.364929199000073 ], [ 105.78533935600008, 21.011413574000073 ], [ 107.563171387000068, 19.554565430000025 ] ] ] } },
{ "type": "Feature", "properties": { }, "geometry": { "type": "Polygon", "coordinates": [ [ [ 120.478545871000051, 21.422010789000069 ], [ 121.874908081000072, 24.98880966300004 ], [ 120.670761544000015, 24.695199910000042 ], [ 119.771325284000127, 23.053371816000038 ], [ 119.745922053000058, 21.271372665000058 ], [ 120.478545871000051, 21.422010789000069 ] ] ] } },
{ "type": "Feature", "properties": { }, "geometry": { "type": "Polygon", "coordinates": [ [ [ 119.745922053000058, 21.271372665000058 ], [ 119.771325284000127, 23.053371816000038 ], [ 119.271638473000053, 22.496577940000066 ], [ 116.930248843000086, 21.482927552000032 ], [ 115.2156372070001, 19.965332031000059 ], [ 113.889709473000039, 19.579895020000038 ], [ 112.018822133000072, 19.643725544000063 ], [ 111.519807138000047, 18.387086214000078 ], [ 116.567993164000086, 18.880920410000044 ], [ 117.758850098000053, 20.481445312000062 ], [ 119.745922053000058, 21.271372665000058 ] ] ] } },
{ "type": "Feature", "properties": { }, "geometry": { "type": "Polygon", "coordinates": [ [ [ 110.160585653000055, 19.280852620000076 ], [ 111.851886426000078, 19.665300752000064 ], [ 108.989425695000079, 20.430026834000046 ], [ 107.660129407000056, 19.62630228300003 ], [ 110.160585653000055, 19.280852620000076 ] ] ] } },
{ "type": "Feature", "properties": { }, "geometry": { "type": "Polygon", "coordinates": [ [ [ 139.219115911000017, -3.732850460999941 ], [ 135.361906485000077, -3.62589926499993 ], [ 134.730697632000101, -4.194777964999957 ], [ 134.461459805000118, -5.188695651999979 ], [ 135.081644404000031, -5.84452303199993 ], [ 136.144897013000104, -6.132989185999978 ], [ 136.974489351000102, -7.460345225999959 ], [ 136.528741802000013, -8.061504636999928 ], [ 136.692698559000064, -8.38941832699993 ], [ 137.72578789700006, -8.662430599999936 ], [ 137.996947943, -9.09628939299995 ], [ 142.349289041000048, -10.207520304999946 ], [ 144.997924921000049, -10.032850334999978 ], [ 147.104110917000071, -9.441342315999975 ], [ 146.80995211100003, -8.141029243999981 ], [ 145.19525107100003, -6.017579167999941 ], [ 139.219115911000017, -3.732850460999941 ] ] ] } },
{ "type": "Feature", "properties": { }, "geometry": { "type": "Polygon", "coordinates": [ [ [ 15.611015277000037, 37.518620080000055 ], [ 15.659937615000047, 38.348032170000074 ], [ 13.11477043800005, 38.824404195000056 ], [ 11.201618060000047, 37.965068762000044 ], [ 11.95441507800007, 36.842900701000076 ], [ 13.011062441000034, 36.224007245000053 ], [ 13.961456006000049, 37.111552083000063 ], [ 15.611015277000037, 37.518620080000055 ] ] ] } },
{ "type": "Feature", "properties": { }, "geometry": { "type": "Polygon", "coordinates": [ [ [ 17.536787188000066, 38.386514015000046 ], [ 18.476967713000022, 39.548231 ], [ 15.211724660000066, 40.256989992000058 ], [ 14.191754778000075, 39.608163696000091 ], [ 14.880709153000053, 39.364456401000041 ], [ 14.859031076000067, 38.85633635500006 ], [ 14.015528666000023, 38.925242693000037 ], [ 13.708712337000064, 39.255935235000038 ], [ 13.11477043800005, 38.824404195000056 ], [ 14.220363707000047, 38.43131330600005 ], [ 15.419612054000027, 38.469384682000054 ], [ 15.628302704000077, 37.860703295000064 ], [ 15.904714963000059, 37.880805726000062 ], [ 17.536787188000066, 38.386514015000046 ] ] ] } },
{ "type": "Feature", "properties": { }, "geometry": { "type": "Polygon", "coordinates": [ [ [ 18.55713770400007, 41.789943666000056 ], [ 19.300217790000033, 39.819703805000081 ], [ 21.141242553000041, 37.935616141000033 ], [ 22.651834258000061, 38.475899401000049 ], [ 20.368464519000042, 40.503286988000077 ], [ 20.161328228000059, 41.481196313000055 ], [ 18.55713770400007, 41.789943666000056 ] ] ] } },
{ "type": "Feature", "properties": { }, "geometry": { "type": "Polygon", "coordinates": [ [ [ 22.780366063000049, 38.076336774000026 ], [ 22.651834258000061, 38.475899401000049 ], [ 20.972946393000026, 38.086332773000038 ], [ 22.197808406000046, 35.95007264000003 ], [ 23.301430212000071, 35.260009754000066 ], [ 23.794613043000027, 35.905393065000055 ], [ 26.166822615000061, 35.49908681900007 ], [ 26.178559379000035, 37.083550047000074 ], [ 25.429677439000045, 36.585363633000036 ], [ 22.780366063000049, 38.076336774000026 ] ] ] } },
{ "type": "Feature", "properties": { }, "geometry": { "type": "Polygon", "coordinates": [ [ [ 23.301430212000071, 35.260009754000066 ], [ 26.163636837000066, 34.790669634000039 ], [ 26.166822615000061, 35.49908681900007 ], [ 23.794613043000027, 35.905393065000055 ], [ 23.318720842000069, 35.505643616000036 ], [ 23.301430212000071, 35.260009754000066 ] ] ] } },
{ "type": "Feature", "properties": { }, "geometry": { "type": "Polygon", "coordinates": [ [ [ 33.322245595000027, 39.879157700000064 ], [ 28.777084345000045, 39.579948644000069 ], [ 27.529299792000078, 38.51901226800004 ], [ 26.054663023000042, 37.955328588000036 ], [ 26.163636837000066, 34.790669634000039 ], [ 27.372530254000026, 34.814265618000036 ], [ 28.913717347000048, 35.397688454000047 ], [ 29.362419583000079, 35.988662131000069 ], [ 29.390909880000041, 36.662248666000039 ], [ 30.54178564200004, 36.365675250000038 ], [ 31.635649979000043, 36.590215486000034 ], [ 32.779869838000018, 35.445407708000062 ], [ 34.484940168000037, 35.684003974000063 ], [ 37.566573976000022, 37.704287592000071 ], [ 40.99665789900007, 39.191230730000029 ], [ 39.502113663000046, 39.714717133000086 ], [ 36.418378288000042, 38.684658739000049 ], [ 35.303572959000064, 38.684658739000049 ], [ 33.903655528000058, 39.136245007000078 ], [ 33.322245595000027, 39.879157700000064 ] ] ] } },
{ "type": "Feature", "properties": { }, "geometry": { "type": "Polygon", "coordinates": [ [ [ 39.502113663000046, 39.714717133000086 ], [ 36.480191560000037, 40.729192798000042 ], [ 33.322245595000027, 39.879157700000064 ], [ 33.903655528000058, 39.136245007000078 ], [ 35.303572959000064, 38.684658739000049 ], [ 36.418378288000042, 38.684658739000049 ], [ 39.502113663000046, 39.714717133000086 ] ] ] } },
{ "type": "Feature", "properties": { }, "geometry": { "type": "Polygon", "coordinates": [ [ [ 45.264786053000059, 41.590725334000076 ], [ 43.0473, 41.9553 ], [ 41.3931, 41.6491 ], [ 38.873993050000024, 41.740341469000043 ], [ 33.104956571000059, 42.406880128000068 ], [ 37.237701063000024, 40.282100570000075 ], [ 38.962199993000077, 39.991199627000071 ], [ 44.044843345000054, 38.155622724000068 ], [ 48.569999916000029, 38.649998356000026 ], [ 45.264786053000059, 41.590725334000076 ] ] ] } },
{ "type": "Feature", "properties": { }, "geometry": { "type": "Polygon", "coordinates": [ [ [ 45.736191258000069, 41.946900139000036 ], [ 37.450199971000075, 44.830601610000031 ], [ 33.954238829000076, 43.916919725000064 ], [ 28.917724622000041, 44.653292815000057 ], [ 33.104956571000059, 42.406880128000068 ], [ 38.873993050000024, 41.740341469000043 ], [ 41.3931, 41.6491 ], [ 43.0473, 41.9553 ], [ 45.246040319000016, 41.576561823000077 ], [ 45.736191258000069, 41.946900139000036 ] ] ] } },
{ "type": "Feature", "properties": { }, "geometry": { "type": "Polygon", "coordinates": [ [ [ 36.480191560000037, 40.729192798000042 ], [ 34.627398982000045, 41.047401625000077 ], [ 30.957109925000058, 40.537300634000076 ], [ 27.947099843000046, 40.958000654000045 ], [ 24.566298852000038, 40.071899776000066 ], [ 25.883218666000065, 37.538123222000024 ], [ 26.054663023000042, 37.955328588000036 ], [ 27.529299792000078, 38.51901226800004 ], [ 28.777084345000045, 39.579948644000069 ], [ 33.567, 39.9186 ], [ 36.480191560000037, 40.729192798000042 ] ] ] } },
{ "type": "Feature", "properties": { }, "geometry": { "type": "Polygon", "coordinates": [ [ [ 33.081140664000031, 42.418930880000069 ], [ 27.882834527000057, 42.967858222000075 ], [ 27.471639, 42.457 ], [ 28.210799949000027, 41.522010640000083 ], [ 29.161599850000076, 41.221198722000054 ], [ 29.238501072000076, 40.86724878900003 ], [ 30.957109925000058, 40.537300634000076 ], [ 34.627398982000045, 41.047401625000077 ], [ 36.11841355200005, 40.850376611000058 ], [ 33.081140664000031, 42.418930880000069 ] ] ] } },
{ "type": "Feature", "properties": { }, "geometry": { "type": "Polygon", "coordinates": [ [ [ -25.829828086999953, -55.787713335999946 ], [ -25.813557763999942, -56.038386168999985 ], [ -25.380212998999983, -60.135876421999967 ], [ -23.967910069999959, -58.89470862699995 ], [ -23.819229501999928, -58.166184604999955 ], [ -24.243444341999972, -57.200942936999979 ], [ -25.829828086999953, -55.787713335999946 ] ] ] } },
{ "type": "Feature", "properties": { }, "geometry": { "type": "Polygon", "coordinates": [ [ [ -77.818375636, 10.379937627000061 ], [ -78.7237, 10.6639 ], [ -80.419193491999977, 10.276900620000051 ], [ -79.470357260999947, 8.772564994000049 ], [ -78.974734797999986, 7.214732991000062 ], [ -78.213659316999951, 6.256695097000033 ], [ -78.31346223099996, 6.585083587000043 ], [ -76.877755737999962, 8.52793319400007 ], [ -77.000802676999967, 9.297433305000027 ], [ -77.818375636, 10.379937627000061 ] ] ] } },
{ "type": "Feature", "properties": { }, "geometry": { "type": "Polygon", "coordinates": [ [ [ 19.327676970000027, 75.98089357700006 ], [ 16.730957190000026, 78.669241305000071 ], [ 13.881221943000071, 80.784484615000054 ], [ 12.147754677000023, 80.631167145000063 ], [ 8.683181469000033, 78.951360623000099 ], [ 17.566672590000053, 75.326385093000056 ], [ 17.455171097000061, 73.544866238000054 ], [ 16.186876781000016, 72.735634412000067 ], [ 17.077828458000059, 71.453896644000054 ], [ 20.525557321000065, 73.091005433000078 ], [ 20.563955305000036, 73.681033801000069 ], [ 19.096623095000041, 75.97481668000006 ], [ 19.327676970000027, 75.98089357700006 ] ] ] } },
{ "type": "Feature", "properties": { }, "geometry": { "type": "Polygon", "coordinates": [ [ [ 57.67916870100003, 27.427249908000078 ], [ 57.631759644000063, 28.95429039000004 ], [ 55.114109039000027, 29.986919403000059 ], [ 53.745830536000028, 31.140890121000041 ], [ 53.069938660000048, 32.212429047000057 ], [ 52.64630889900009, 34.335758209000062 ], [ 47.87485885600006, 36.773548126000037 ], [ 46.741818928000029, 38.439121553000064 ], [ 43.930000031000084, 38.090000677000035 ], [ 45.030809982000051, 36.339991559000055 ], [ 47.843068339000055, 33.459443272000051 ], [ 50.282687798000048, 32.695144704000029 ], [ 51.269301946000049, 32.072200749000054 ], [ 53.149997141000028, 30.063913115000048 ], [ 57.275600023000038, 27.939201498000045 ], [ 57.67916870100003, 27.427249908000078 ] ] ] } },
{ "type": "Feature", "properties": { }, "geometry": { "type": "Polygon", "coordinates": [ [ [ 51.34999891700005, 36.720001573000047 ], [ 49.209999058000029, 37.569999837000069 ], [ 48.569999916000029, 38.649998356000026 ], [ 46.741818928000029, 38.439121553000064 ], [ 47.87485885600006, 36.773548126000037 ], [ 52.64630889900009, 34.335758209000062 ], [ 53.918029785000044, 34.801059723000037 ], [ 54.209270477000075, 35.35995101900005 ], [ 56.518688202000078, 36.053359985000043 ], [ 55.998439789000038, 36.566848755000024 ], [ 58.041370392000033, 36.658908844000052 ], [ 57.427220319000071, 37.467006694000084 ], [ 56.860001087000043, 37.540000617000025 ], [ 51.34999891700005, 36.720001573000047 ] ] ] } },
{ "type": "Feature", "properties": { }, "geometry": { "type": "Polygon", "coordinates": [ [ [ -3.993567298999945, 60.23752107500006 ], [ -2.209993755999963, 61.002345785000045 ], [ -9.527170190999925, 61.660281393000048 ], [ -11.645906539999942, 61.082051094000072 ], [ -12.824579551999923, 60.338319402000081 ], [ -16.41636011799994, 59.747052621000066 ], [ -17.598959495999967, 59.221383526000075 ], [ -20.806595087999938, 56.779754870000033 ], [ -22.437937146999968, 55.469657086000034 ], [ -22.397417431999941, 54.950176900000031 ], [ -21.040320637999972, 53.103661956000053 ], [ -19.792453511999959, 52.423237220000033 ], [ -18.506998756999963, 52.598968238000054 ], [ -17.287876931999968, 52.199963792000062 ], [ -15.855640764999981, 51.050185399000028 ], [ -14.884328746999923, 49.606500366000027 ], [ -11.906628039999926, 51.355320359000061 ], [ -11.907020963999971, 53.765211130000068 ], [ -11.509936233999955, 54.395069668000062 ], [ -10.074236368999948, 55.148655265000059 ], [ -9.952405610999962, 58.350512821000052 ], [ -6.848469583999929, 59.744588307000072 ], [ -3.993567298999945, 60.23752107500006 ] ] ] } },
{ "type": "Feature", "properties": { }, "geometry": { "type": "Polygon", "coordinates": [ [ [ 95.972128543000053, 28.474566934000052 ], [ 96.387258156000101, 27.574462724000057 ], [ 97.021718514000042, 27.286190716000078 ], [ 96.698118620000059, 28.587758424000071 ], [ 95.154708862000064, 29.857192993000073 ], [ 93.673369936000086, 29.179780658000027 ], [ 88.114296034000063, 29.078708488000078 ], [ 84.222953997000047, 29.685150692000036 ], [ 81.08966091800005, 30.948579749000025 ], [ 77.020364629000085, 34.299627684000029 ], [ 74.978121141000031, 34.631205540000053 ], [ 74.788867355000036, 35.523563462000027 ], [ 73.4995, 34.9494 ], [ 72.766650082000069, 35.389539763000073 ], [ 72.445422847000032, 34.932683250000032 ], [ 70.761088930000028, 34.449746249000043 ], [ 72.079259856000078, 34.613335085000074 ], [ 73.031347563000054, 34.140766004000056 ], [ 73.16338892400006, 34.731477355000038 ], [ 73.46221937200005, 34.738426900000036 ], [ 74.574146621000068, 33.404114201000027 ], [ 75.65827568900005, 32.952393756000049 ], [ 77.187175657000068, 31.326200154000052 ], [ 77.868231097000034, 31.020420160000072 ], [ 78.681327898000063, 29.797300186000029 ], [ 84.393854142000066, 28.052964314000072 ], [ 86.284130466000079, 27.052229789000027 ], [ 89.675508576000084, 26.836793885000077 ], [ 93.094684868000058, 27.267665694000073 ], [ 94.012024848000067, 27.615142959000032 ], [ 94.748676651000039, 28.92165747700005 ], [ 95.972128543000053, 28.474566934000052 ] ] ] } },
{ "type": "Feature", "properties": { }, "geometry": { "type": "Polygon", "coordinates": [ [ [ 15.328960232000044, 48.244627383000072 ], [ 12.287238537000057, 49.030113684000057 ], [ 11.608037344000024, 49.656770537000064 ], [ 6.170484305000061, 48.573899269000037 ], [ 3.57645164500002, 48.689867167000045 ], [ 6.574427517000061, 46.511896150000027 ], [ 10.27065906100006, 47.750801498000037 ], [ 12.483554803000072, 47.808138266000071 ], [ 15.328960232000044, 48.244627383000072 ] ] ] } },
{ "type": "Feature", "properties": { }, "geometry": { "type": "Polygon", "coordinates": [ [ [ 2.653764220000029, 49.381242959000069 ], [ 0.908023, 49.74088 ], [ -0.244630075999965, 50.337360081000043 ], [ -3.838931512999978, 50.080624264000051 ], [ -9.374155726999957, 49.12556702500008 ], [ -11.014948359999945, 48.467882382000028 ], [ -11.983969956999941, 47.580151553000064 ], [ -6.317329975999939, 45.820510397000071 ], [ -5.853913054999963, 45.161631710000051 ], [ -6.269511323999949, 44.723472891000029 ], [ -5.369760093999957, 44.822788518000038 ], [ -0.58279999399997, 43.177398684000025 ], [ 3.004999905000035, 42.927101572000026 ], [ 4.527549977000035, 41.873489583000037 ], [ 5.01471928800004, 42.067915278000036 ], [ 4.94686735800002, 42.764059229000054 ], [ 5.452990093000039, 43.184956698000065 ], [ 6.078267122000057, 42.87924694700007 ], [ 7.309638192000023, 43.521701419000067 ], [ 5.964339163000034, 43.785520799000039 ], [ 6.406122594000073, 43.990219778000039 ], [ 6.315933595000047, 44.20614456800007 ], [ 5.249025543000073, 43.991309726000054 ], [ 5.237711302000038, 45.064435630000048 ], [ 6.574427517000061, 46.511896150000027 ], [ 2.653764220000029, 49.381242959000069 ] ] ] } },
{ "type": "Feature", "properties": { }, "geometry": { "type": "Polygon", "coordinates": [ [ [ 16.788602862000062, 49.509298542000067 ], [ 16.313272476000066, 50.35245609300005 ], [ 14.719715596000073, 50.934914589000073 ], [ 11.608037344000024, 49.656770537000064 ], [ 12.287238537000057, 49.030113684000057 ], [ 15.093790060000062, 48.221424962000079 ], [ 16.788602862000062, 49.509298542000067 ] ] ] } },
{ "type": "Feature", "properties": { }, "geometry": { "type": "Polygon", "coordinates": [ [ [ -47.263527515999954, -29.350542142999984 ], [ -48.868987789999949, -28.410886504999951 ], [ -57.867864709999928, -26.468959375999933 ], [ -64.942936, -24.306223595999938 ], [ -65.540202758999953, -34.901113590999948 ], [ -64.114883735999967, -35.376219931999977 ], [ -64.080410221999955, -34.708065071999954 ], [ -60.489261744999972, -35.10037540999997 ], [ -53.614827661999975, -37.931024738999952 ], [ -53.197816082999964, -38.406203243999983 ], [ -52.5887, -37.367 ], [ -52.7322, -36.3864 ], [ -51.7771, -35.6412 ], [ -49.7186, -31.7098 ], [ -48.4968, -30.6056 ], [ -47.7223, -30.3882 ], [ -47.263527515999954, -29.350542142999984 ] ] ] } },
{ "type": "Feature", "properties": { }, "geometry": { "type": "Polygon", "coordinates": [ [ [ 130.831244547000097, -1.378226121999944 ], [ 131.145755243000053, -0.892340943999955 ], [ 130.450405259000036, -0.974904085999924 ], [ 130.831244547000097, -1.378226121999944 ] ] ] } },
{ "type": "Feature", "properties": { }, "geometry": { "type": "Polygon", "coordinates": [ [ [ 2.272340518000021, 36.401374725000039 ], [ 2.051864755000055, 36.652716980000029 ], [ 1.031969915000048, 36.547229744000049 ], [ -1.292090131999941, 35.685981618000035 ], [ -1.872512423999978, 35.106893549000063 ], [ 3.441247579000052, 35.656684536000057 ], [ 4.19088335500004, 35.973673379000054 ], [ 6.132314966000023, 35.622116794000085 ], [ 6.489610388000075, 35.829204222000044 ], [ 5.505073243000028, 36.297208169000044 ], [ 2.272340518000021, 36.401374725000039 ] ] ] } },
{ "type": "Feature", "properties": { }, "geometry": { "type": "Polygon", "coordinates": [ [ [ -6.288799138999933, 36.265300860000032 ], [ -7.800951215999931, 36.056574628000092 ], [ -6.569737471999928, 35.711101795000047 ], [ -6.690076160999983, 34.978755682000042 ], [ -8.896126778999927, 34.975885384000037 ], [ -9.530348950999951, 34.424437737000062 ], [ -4.395302037999954, 34.144026631000031 ], [ -3.007404943999973, 34.919364205000079 ], [ -1.872300475999964, 35.104538569000056 ], [ -1.893624432999957, 35.341471461000026 ], [ -3.005317126999956, 35.521491744000059 ], [ -4.063677448999954, 35.007714136000075 ], [ -5.126018434999935, 35.019137157000046 ], [ -6.288799138999933, 36.265300860000032 ] ] ] } },
{ "type": "Feature", "properties": { }, "geometry": { "type": "Polygon", "coordinates": [ [ [ -0.938477245999934, 36.656506894000074 ], [ -4.285499926999933, 35.738899781000043 ], [ -4.842404029999955, 36.272918670000024 ], [ -5.823549085999956, 35.947250643000075 ], [ -5.126018434999935, 35.019137157000046 ], [ -4.063677448999954, 35.007714136000075 ], [ -3.005317126999956, 35.521491744000059 ], [ -2.712130257999945, 35.279170561000051 ], [ -1.659336222999968, 35.372848658000073 ], [ -0.485040075999962, 35.893386678000077 ], [ -0.938477245999934, 36.656506894000074 ] ] ] } },
{ "type": "Feature", "properties": { }, "geometry": { "type": "Polygon", "coordinates": [ [ [ -118.68297641199996, 33.992984264000029 ], [ -122.937687476999955, 38.189182035000044 ], [ -120.70601660899996, 35.358686725000055 ], [ -120.543555866999966, 34.641151781000076 ], [ -118.68297641199996, 33.992984264000029 ] ] ] } },
{ "type": "Feature", "properties": { }, "geometry": { "type": "Polygon", "coordinates": [ [ [ -73.675728060999973, 20.395931799000042 ], [ -81.736938176999956, 24.265449559000047 ], [ -84.340019240999936, 23.034900571000037 ], [ -85.775780648999955, 21.921471453000038 ], [ -84.152029295999967, 22.024215538000078 ], [ -82.55280636599997, 22.854288392000061 ], [ -81.044967603999964, 22.663904709000064 ], [ -78.676594598999941, 21.902369981000049 ], [ -74.801633491999951, 19.914797183000076 ], [ -73.661140340999964, 20.004159642000047 ], [ -73.675728060999973, 20.395931799000042 ] ] ] } },
{ "type": "Feature", "properties": { }, "geometry": { "type": "Polygon", "coordinates": [ [ [ 44.106878730000069, 46.928348504000034 ], [ 46.753780365000054, 45.693679810000042 ], [ 49.192700151000039, 45.29238449300005 ], [ 49.912526139000079, 45.786820831000043 ], [ 44.106878730000069, 46.928348504000034 ] ] ] } },
{ "type": "Feature", "properties": { }, "geometry": { "type": "Polygon", "coordinates": [ [ [ 17.313776016000077, 51.589109421000039 ], [ 14.879719735000039, 51.98228931500006 ], [ 13.173600674000056, 51.829503060000043 ], [ 6.599610567000071, 49.370846749000066 ], [ 2.653764220000029, 49.381242959000069 ], [ 3.57645164500002, 48.689867167000045 ], [ 6.170484305000061, 48.573899269000037 ], [ 11.105431557000031, 49.462800026000082 ], [ 14.719715596000073, 50.934914589000073 ], [ 16.313272476000066, 50.35245609300005 ], [ 16.788602862000062, 49.509298542000067 ], [ 17.343538284000033, 50.531278610000065 ], [ 17.313776016000077, 51.589109421000039 ] ] ] } },
{ "type": "Feature", "properties": { }, "geometry": { "type": "Polygon", "coordinates": [ [ [ -160.624803162999967, 73.076080845000035 ], [ -161.345935353999977, 73.444116678000057 ], [ -165.540545442999985, 72.15521241600004 ], [ -164.977794124999974, 71.096037926000065 ], [ -165.116197246999974, 70.498478090000091 ], [ -165.923266512999959, 70.033995402000073 ], [ -169.257444299999975, 70.162003452000093 ], [ -165.889021171999985, 68.687447691000045 ], [ -159.13339996299996, 69.441701889000072 ], [ -150.270599364999981, 68.993200302000076 ], [ -146.146099091, 69.695802689000075 ], [ -137.314843555999971, 69.006716233000091 ], [ -136.625978165999982, 70.733077790000038 ], [ -150.777244902999968, 71.164082295000071 ], [ -153.663209464999966, 71.971725806000066 ], [ -160.624803162999967, 73.076080845000035 ] ] ] } },
{ "type": "Feature", "properties": { }, "geometry": { "type": "Polygon", "coordinates": [ [ [ 125.580069997000024, -7.873390352999935 ], [ 123.376229631000129, -7.912770588999933 ], [ 122.437916527000098, -9.35807204799994 ], [ 123.469521053000122, -9.375790197999947 ], [ 125.903572177000115, -8.259089487999972 ], [ 125.580069997000024, -7.873390352999935 ] ] ] } },
{ "type": "Feature", "properties": { }, "geometry": { "type": "Polygon", "coordinates": [ [ [ -76.635032802999945, 18.250648609000052 ], [ -78.2969, 18.2697 ], [ -81.567341320999958, 17.779097450000052 ], [ -80.2136, 17.2522 ], [ -80.0489, 15.5919 ], [ -78.2758, 16.3542 ], [ -76.635032802999945, 18.250648609000052 ] ] ] } },
{ "type": "Feature", "properties": { }, "geometry": { "type": "Polygon", "coordinates": [ [ [ -132.60890571799996, 64.852510694000046 ], [ -135.704198836999979, 67.22610282900007 ], [ -135.590599059999988, 68.248800278000033 ], [ -137.079500197999948, 68.815999985000076 ], [ -137.148899077999943, 68.358102798000061 ], [ -137.681400298999989, 67.980100632000088 ], [ -138.777299880999976, 67.685102463000078 ], [ -142.086230232, 67.290861481000036 ], [ -147.95279911999998, 67.19026720200003 ], [ -147.087117111999959, 67.042417245000081 ], [ -147.510781366999964, 66.840854943000068 ], [ -147.106730131999967, 66.513868955000078 ], [ -150.237565674999956, 65.927170475000082 ], [ -143.275541842, 65.426104476000035 ], [ -140.883098601999961, 64.731599808000055 ], [ -134.68989944499998, 65.051099777000061 ], [ -132.60890571799996, 64.852510694000046 ] ] ] } },
{ "type": "Feature", "properties": { }, "geometry": { "type": "Polygon", "coordinates": [ [ [ -110.438299178999955, 41.991300583000054 ], [ -110.222499846999938, 43.404699326000078 ], [ -111.291999816999976, 43.999502182000079 ], [ -114.240699767999956, 42.575101852000046 ], [ -116.31200027499996, 42.122499466000079 ], [ -120.070699691999948, 41.916700363000075 ], [ -122.311199188, 42.27179908800008 ], [ -123.323598861999983, 40.966901779000068 ], [ -122.945299149, 40.38590049700008 ], [ -121.053699492999968, 39.791402817000069 ], [ -118.594598769999934, 36.670301437000035 ], [ -118.357198715, 35.078901291000079 ], [ -117.266799926999965, 35.625299454000071 ], [ -115.380298614999973, 35.598901749000049 ], [ -113.691598891999945, 34.306001663000075 ], [ -112.736900329999969, 34.054002762000046 ], [ -113.269399642999986, 35.018400192000065 ], [ -113.07149887099996, 37.736101151000078 ], [ -111.656999587999962, 39.149702072000032 ], [ -110.438299178999955, 41.991300583000054 ] ] ] } },
{ "type": "Feature", "properties": { }, "geometry": { "type": "Polygon", "coordinates": [ [ [ -112.512199401999965, 44.499799728000028 ], [ -109.43529891999998, 42.720502853000028 ], [ -108.138999938999973, 42.653200150000032 ], [ -110.783599853999988, 45.102300644000074 ], [ -111.579572733999953, 46.588125942000033 ], [ -112.84700012199994, 45.126901627000052 ], [ -112.512199401999965, 44.499799728000028 ] ] ] } },
{ "type": "Feature", "properties": { }, "geometry": { "type": "Polygon", "coordinates": [ [ [ -111.409198760999971, 33.567201614000041 ], [ -113.691598891999945, 34.306001663000075 ], [ -115.380298614999973, 35.598901749000049 ], [ -117.649398804, 35.546102524000048 ], [ -118.562474686999948, 34.898641948000034 ], [ -115.957817328999965, 33.608077705000028 ], [ -114.452560120999976, 31.251630798000068 ], [ -112.845947142999989, 31.206710814000076 ], [ -111.089561095999954, 29.653108707000062 ], [ -103.319480218999956, 25.614569864000032 ], [ -103.956899642999986, 26.763101578000033 ], [ -104.362400054999966, 29.855302811000058 ], [ -104.825498580999977, 30.745199203000031 ], [ -107.258798599, 32.150499344000025 ], [ -110.024000167999986, 32.366601944000024 ], [ -111.409198760999971, 33.567201614000041 ] ] ] } },
{ "type": "Feature", "properties": { }, "geometry": { "type": "Polygon", "coordinates": [ [ [ -109.43529891999998, 42.720502853000028 ], [ -110.222499846999938, 43.404699326000078 ], [ -110.438299178999955, 41.991300583000054 ], [ -111.527599335, 39.391801834000042 ], [ -113.07149887099996, 37.736101151000078 ], [ -113.269399642999986, 35.018400192000065 ], [ -112.926399230999948, 34.200399399000048 ], [ -111.409198760999971, 33.567201614000041 ], [ -110.024000167999986, 32.366601944000024 ], [ -107.258798599, 32.150499344000025 ], [ -107.415100097999982, 33.747499466000079 ], [ -105.411800385, 37.43440055800005 ], [ -107.751798629999939, 42.215501785000079 ], [ -108.138999938999973, 42.653200150000032 ], [ -109.43529891999998, 42.720502853000028 ] ] ] } },
{ "type": "Feature", "properties": { }, "geometry": { "type": "Polygon", "coordinates": [ [ [ -118.378499984999962, 36.156900406000041 ], [ -121.053699492999968, 39.791402817000069 ], [ -123.174900054999966, 40.561502457000074 ], [ -123.323598861999983, 40.966901779000068 ], [ -122.311199188, 42.27179908800008 ], [ -125.157499312999974, 42.696001053000025 ], [ -124.854498312999951, 40.568853492000073 ], [ -123.231053673999952, 38.393714635000038 ], [ -119.449997020999945, 35.240001504000077 ], [ -118.562474686999948, 34.898641948000034 ], [ -118.378499984999962, 36.156900406000041 ] ] ] } },
{ "type": "Feature", "properties": { }, "geometry": { "type": "Polygon", "coordinates": [ [ [ -151.220070375999967, 65.197458628000049 ], [ -153.314682984999962, 65.084337349000066 ], [ -153.626283957999959, 64.674441367000043 ], [ -157.00331548799997, 63.245161881000058 ], [ -157.456391514999979, 62.408150846000062 ], [ -154.087952577999971, 63.510319367000079 ], [ -154.324387881999968, 63.685478393000054 ], [ -154.104300320999982, 63.902435471000054 ], [ -151.961122700999965, 64.402713460000029 ], [ -151.220070375999967, 65.197458628000049 ] ] ] } },
{ "type": "Feature", "properties": { }, "geometry": { "type": "Polygon", "coordinates": [ [ [ -155.651406952, 61.847653835000081 ], [ -152.989391111999964, 63.24276925700007 ], [ -151.775837080999963, 64.517921295000065 ], [ -154.403642449999978, 63.415108527000029 ], [ -154.353374788999957, 63.171802783000032 ], [ -155.435087341999974, 62.52875953900007 ], [ -155.651406952, 61.847653835000081 ] ] ] } },
{ "type": "Feature", "properties": { }, "geometry": { "type": "Polygon", "coordinates": [ [ [ 174.506621382000048, -41.45274685 ], [ 174.050615049000044, -41.503722185999948 ], [ 173.133649350000042, -42.231232162999959 ], [ 174.587000000000103, -41.994 ], [ 174.506621382000048, -41.45274685 ] ] ] } },
{ "type": "Feature", "properties": { }, "geometry": { "type": "Polygon", "coordinates": [ [ [ 166.040762419000117, 59.413356987000043 ], [ 170.063644367000052, 60.675162112000059 ], [ 171.16216952000002, 61.48777098700004 ], [ 169.312183725000068, 61.768924220000045 ], [ 165.253113838000104, 60.831104642000035 ], [ 166.040762419000117, 59.413356987000043 ] ] ] } },
{ "type": "Feature", "properties": { }, "geometry": { "type": "Polygon", "coordinates": [ [ [ -72.810617246999982, 22.501389169000049 ], [ -74.134431536999955, 23.595771122000031 ], [ -75.103009423999936, 21.05680144900003 ], [ -73.675728060999973, 20.395931799000042 ], [ -73.661140340999964, 20.004159642000047 ], [ -71.936439041999961, 19.867629755000053 ], [ -70.754023523999933, 21.804709384000034 ], [ -72.810617246999982, 22.501389169000049 ] ] ] } },
{ "type": "Feature", "properties": { }, "geometry": { "type": "Polygon", "coordinates": [ [ [ -83.638548155999956, 10.75541254500007 ], [ -83.8848, 11.3915 ], [ -83.370660681999937, 14.13635868700004 ], [ -84.169, 13.9388 ], [ -86.793610279999939, 11.538174956000036 ], [ -85.738002833999985, 9.594981765000059 ], [ -85.124871818999964, 10.163139358000024 ], [ -83.638548155999956, 10.75541254500007 ] ] ] } },
{ "type": "Feature", "properties": { }, "geometry": { "type": "Polygon", "coordinates": [ [ [ -74.884435447999977, 18.205683002000058 ], [ -75.64778832899998, 18.154018837000024 ], [ -76.464685004999978, 18.233975263000048 ], [ -75.82090016899997, 17.627389629000049 ], [ -74.878505727999936, 17.919619901000033 ], [ -74.884435447999977, 18.205683002000058 ] ] ] } },
{ "type": "Feature", "properties": { }, "geometry": { "type": "Polygon", "coordinates": [ [ [ -81.707511905, -6.812299911999958 ], [ -81.018916011999977, -5.361403108999983 ], [ -80.090164166999955, -2.795316125999932 ], [ -81.982452310999975, -4.854172666999943 ], [ -81.707511905, -6.812299911999958 ] ] ] } },
{ "type": "Feature", "properties": { }, "geometry": { "type": "Polygon", "coordinates": [ [ [ -76.129392669999959, 3.504855540000051 ], [ -76.481864360999978, 3.50701084800005 ], [ -76.8751, 2.1992 ], [ -76.241399564999938, 3.24863586400005 ], [ -76.129392669999959, 3.504855540000051 ] ] ] } },
{ "type": "Feature", "properties": { }, "geometry": { "type": "Polygon", "coordinates": [ [ [ -152.539781485999981, 65.473347902000057 ], [ -151.183623134999976, 65.198585482000055 ], [ -147.293413167999972, 65.782911013000046 ], [ -149.687870775999983, 65.998567011000034 ], [ -152.539781485999981, 65.473347902000057 ] ] ] } },
{ "type": "Feature", "properties": { }, "geometry": { "type": "Polygon", "coordinates": [ [ [ 100.278747559000067, 23.065979004000042 ], [ 99.897465407000084, 25.909030444000052 ], [ 99.686950684000067, 23.133300781000059 ], [ 99.93682861300006, 21.120727539000029 ], [ 98.857299805000082, 18.100830078000058 ], [ 98.926635742000087, 17.305969238000046 ], [ 100.312277031000065, 14.990109303000052 ], [ 100.113708496000072, 17.086181641000053 ], [ 100.799011231000065, 18.33288574200003 ], [ 101.179870606000065, 20.464904785000048 ], [ 101.084594727000081, 21.631835938000052 ], [ 100.278747559000067, 23.065979004000042 ] ] ] } },
{ "type": "Feature", "properties": { }, "geometry": { "type": "Polygon", "coordinates": [ [ [ 100.376403667000048, 12.884403224000039 ], [ 97.046510696000041, 16.378236771000036 ], [ 96.518198013000074, 17.734312057000068 ], [ 96.473815823000052, 10.963767594000046 ], [ 96.866569983000048, 7.032787483000051 ], [ 95.636535645000038, 5.830078125000057 ], [ 96.614196777000075, 5.584594727000024 ], [ 97.506042481000065, 5.522766113000049 ], [ 97.700317383000083, 7.091125488000046 ], [ 98.407655716000079, 7.855836868000041 ], [ 100.293458939000061, 12.365419388000079 ], [ 100.376403667000048, 12.884403224000039 ] ] ] } },
{ "type": "Feature", "properties": { }, "geometry": { "type": "Polygon", "coordinates": [ [ [ 107.688781738000046, 19.471862793000071 ], [ 103.12793668200004, 23.079692285000082 ], [ 103.426025391000053, 21.435791016000053 ], [ 109.523764092000079, 17.064568433000034 ], [ 107.688781738000046, 19.471862793000071 ] ] ] } },
{ "type": "Feature", "properties": { }, "geometry": { "type": "Polygon", "coordinates": [ [ [ 109.627046270000051, 9.128714187000066 ], [ 110.168683795000049, 11.055664525000054 ], [ 110.238866155000039, 13.524456283000063 ], [ 109.956072284000072, 13.290419976000072 ], [ 109.172424316000047, 8.804077148000033 ], [ 109.627046270000051, 9.128714187000066 ] ] ] } },
{ "type": "Feature", "properties": { }, "geometry": { "type": "Polygon", "coordinates": [ [ [ 109.782360580000045, 16.905344120000048 ], [ 109.523764092000079, 17.064568433000034 ], [ 109.632892751000043, 16.731961539000054 ], [ 109.782360580000045, 16.905344120000048 ] ] ] } },
{ "type": "Feature", "properties": { }, "geometry": { "type": "Polygon", "coordinates": [ [ [ 110.168500400000084, 15.58071504000003 ], [ 109.906943084000034, 16.646446105000049 ], [ 109.782360580000045, 16.905344120000048 ], [ 109.894615209000051, 15.198470379000073 ], [ 110.168500400000084, 15.58071504000003 ] ] ] } },
{ "type": "Feature", "properties": { }, "geometry": { "type": "Polygon", "coordinates": [ [ [ -160.165589173999962, 66.952287545000047 ], [ -154.708761611999961, 66.944431250000051 ], [ -147.66758607899996, 67.58584409100007 ], [ -146.58225072999997, 67.240604965000045 ], [ -145.39944518599998, 67.941800133000072 ], [ -146.73979356199996, 68.232825370000072 ], [ -150.905810877999983, 67.60530133900005 ], [ -155.086649895999983, 67.424991033000083 ], [ -158.673100632999962, 67.665280074000066 ], [ -160.165589173999962, 66.952287545000047 ] ] ] } },
{ "type": "Feature", "properties": { }, "geometry": { "type": "Polygon", "coordinates": [ [ [ -179.99999999, 66.022037883000053 ], [ -174.57164557699997, 64.062994397000068 ], [ -170.645621722999977, 63.108008772000062 ], [ -168.465947683999985, 66.993674835000036 ], [ -179.99999999, 66.888489461000077 ], [ -179.99999999, 66.022037883000053 ] ] ] } },
{ "type": "Feature", "properties": { }, "geometry": { "type": "Polygon", "coordinates": [ [ [ -45.746952898999943, 50.785999859000057 ], [ -48.549055760999977, 51.323703918000035 ], [ -53.922285641999949, 49.691197143000053 ], [ -57.392460783999987, 48.113482306000037 ], [ -64.803786972999944, 47.043246001000057 ], [ -71.668766171999948, 42.714109451000091 ], [ -72.446160880999969, 40.855721060000064 ], [ -72.465596936999987, 39.433150155000078 ], [ -68.790340287999982, 40.072026986000026 ], [ -67.391832909999948, 39.840654864000044 ], [ -64.54538185399997, 42.057449249000058 ], [ -60.624902584999973, 41.745501911000076 ], [ -58.484101517999925, 43.444437070000049 ], [ -55.446005705999937, 44.172552137000039 ], [ -53.178855259999978, 43.597912304000033 ], [ -49.837378168999976, 42.020329658000037 ], [ -48.846332659999973, 42.133354055000034 ], [ -47.654536831999962, 41.521400977000049 ], [ -45.974867493999966, 43.187062616000048 ], [ -45.851095129999976, 44.106770070000039 ], [ -42.964495825999961, 45.755688844000076 ], [ -42.276949515999945, 46.985982836000055 ], [ -42.404551381999973, 48.358371107000025 ], [ -42.814015599999948, 48.93933992500007 ], [ -45.746952898999943, 50.785999859000057 ] ] ] } },
{ "type": "Feature", "properties": { }, "geometry": { "type": "Polygon", "coordinates": [ [ [ 138.103994767000017, 50.399854590000068 ], [ 141.732089516000087, 51.344818122000049 ], [ 141.591158531000019, 52.571199677000038 ], [ 138.927181820000101, 51.525220220000051 ], [ 138.103994767000017, 50.399854590000068 ] ] ] } },
{ "type": "Feature", "properties": { }, "geometry": { "type": "Polygon", "coordinates": [ [ [ 142.206885434000014, 35.177594848000069 ], [ 143.170213631000024, 37.534945819000029 ], [ 139.934294194000017, 39.088480559000061 ], [ 140.557712349000099, 36.388447705000033 ], [ 141.331976712000028, 34.585863624000069 ], [ 142.206885434000014, 35.177594848000069 ] ] ] } },
{ "type": "Feature", "properties": { }, "geometry": { "type": "Polygon", "coordinates": [ [ [ 179.99999999, -15.628979754999934 ], [ 176.683724425000037, -17.063576168999923 ], [ 177.550475682000069, -18.917302847999963 ], [ 179.2796, -18.3623 ], [ 179.4356, -17.7175 ], [ 178.8391, -17.3518 ], [ 179.2504, -17.5855 ], [ 179.4604, -17.2167 ], [ 179.99999999, -17.245841517999963 ], [ 179.99999999, -15.628979754999934 ] ] ] } },
{ "type": "Feature", "properties": { }, "geometry": { "type": "Polygon", "coordinates": [ [ [ 147.542185186000097, -11.735728937999966 ], [ 146.972870003000025, -9.475650447999953 ], [ 144.765323217000059, -10.040187813999978 ], [ 144.807743719000086, -10.574798994999981 ], [ 144.408567365000067, -11.016290073999926 ], [ 144.588, -11.379 ], [ 143.997193897000102, -12.30391132699998 ], [ 144.189, -13.49 ], [ 144.838, -13.755 ], [ 146.393, -13.027 ], [ 146.714, -11.777 ], [ 147.542185186000097, -11.735728937999966 ] ] ] } },
{ "type": "Feature", "properties": { }, "geometry": { "type": "Polygon", "coordinates": [ [ [ 157.379, -18.076 ], [ 158.379, -16.533 ], [ 157.394000000000119, -17.059 ], [ 155.697000000000145, -17.35 ], [ 155.989986511000097, -21.313942760999964 ], [ 156.955, -21.177 ], [ 158.578, -20.331 ], [ 157.379, -18.076 ] ] ] } },
{ "type": "Feature", "properties": { }, "geometry": { "type": "Polygon", "coordinates": [ [ [ 149.560436612000103, -40.00072526699995 ], [ 149.314, -40.0 ], [ 140.276579757000036, -40.020737086999937 ], [ 145.4, -44.538 ], [ 147.686, -44.884 ], [ 148.286, -44.476 ], [ 149.229, -42.606 ], [ 149.560436612000103, -40.00072526699995 ] ] ] } },
{ "type": "Feature", "properties": { }, "geometry": { "type": "Polygon", "coordinates": [ [ [ 143.746023787000041, -43.119657980999932 ], [ 145.171, -47.289 ], [ 146.4, -49.178 ], [ 146.771, -48.499 ], [ 146.343, -45.711 ], [ 145.743, -44.721 ], [ 143.746023787000041, -43.119657980999932 ] ] ] } },
{ "type": "Feature", "properties": { }, "geometry": { "type": "Polygon", "coordinates": [ [ [ 147.686, -44.884 ], [ 145.667697190000013, -44.659060513 ], [ 146.343, -45.711 ], [ 146.755644146, -48.527104109999982 ], [ 148.717498507000073, -48.802 ], [ 149.859498506000023, -49.663 ], [ 150.886, -49.533 ], [ 150.977544, -48.015286 ], [ 149.1227540000001, -46.748772 ], [ 147.686, -44.884 ] ] ] } },
{ "type": "Feature", "properties": { }, "geometry": { "type": "Polygon", "coordinates": [ [ [ 151.020631, -44.955679 ], [ 151.407548, -44.623696 ], [ 151.544, -43.059 ], [ 149.76285, -42.643273 ], [ 149.347896000000105, -40.972626 ], [ 149.114, -42.88 ], [ 148.286, -44.476 ], [ 147.686, -44.884 ], [ 148.236099053000089, -45.752255799999944 ], [ 148.772661, -45.040476 ], [ 151.020631, -44.955679 ] ] ] } },
{ "type": "Feature", "properties": { }, "geometry": { "type": "Polygon", "coordinates": [ [ [ 84.918871772000045, 43.868967149000078 ], [ 83.32208961300006, 44.322294255000031 ], [ 82.012530017000088, 45.13502696200004 ], [ 80.025142444000039, 44.995064335000052 ], [ 75.956640421000031, 46.051315383000031 ], [ 73.961816598000041, 48.108968303000033 ], [ 74.040352969000082, 48.878624739000024 ], [ 74.747180307000065, 49.632573900000047 ], [ 76.089968078000084, 49.825415421000052 ], [ 75.480889712000078, 51.078937684000032 ], [ 73.829246272000034, 50.223266987000045 ], [ 72.095442217000084, 49.971455372000051 ], [ 71.680119869000066, 49.606388112000047 ], [ 71.620421914000076, 47.994543310000033 ], [ 72.615387841000029, 46.521993737000052 ], [ 73.729749680000054, 45.626524403000076 ], [ 77.530519522000077, 44.333068697000037 ], [ 81.22409252500006, 43.600228627000035 ], [ 79.983009816000049, 43.451883796000054 ], [ 84.918871772000045, 43.868967149000078 ] ] ] } },
{ "type": "Feature", "properties": { }, "geometry": { "type": "Polygon", "coordinates": [ [ [ 76.089968078000084, 49.825415421000052 ], [ 74.747180307000065, 49.632573900000047 ], [ 74.040352969000082, 48.878624739000024 ], [ 73.961816598000041, 48.108968303000033 ], [ 75.956640421000031, 46.051315383000031 ], [ 80.025142444000039, 44.995064335000052 ], [ 79.199188989000049, 45.420468643000035 ], [ 77.978543458000047, 46.858654961000056 ], [ 79.016691379000065, 47.837092300000052 ], [ 78.031936133000045, 47.986663046000039 ], [ 76.089968078000084, 49.825415421000052 ] ] ] } },
{ "type": "Feature", "properties": { }, "geometry": { "type": "Polygon", "coordinates": [ [ [ 84.285027522000064, 46.437813649000077 ], [ 79.783561804000044, 47.808684460000052 ], [ 79.016691379000065, 47.837092300000052 ], [ 77.966457858000069, 46.991596554000068 ], [ 79.199188989000049, 45.420468643000035 ], [ 80.025142444000039, 44.995064335000052 ], [ 82.012530017000088, 45.13502696200004 ], [ 84.285027522000064, 46.437813649000077 ] ] ] } },
{ "type": "Feature", "properties": { }, "geometry": { "type": "Polygon", "coordinates": [ [ [ 77.539615703000038, 51.182941140000018 ], [ 76.106523447000029, 51.970705453000036 ], [ 74.239656008000054, 52.429172139000059 ], [ 73.178904478000049, 50.412297025000036 ], [ 72.095442217000084, 49.971455372000051 ], [ 73.829246272000034, 50.223266987000045 ], [ 75.480889712000078, 51.078937684000032 ], [ 76.089968078000084, 49.825415421000052 ], [ 78.031936133000045, 47.986663046000039 ], [ 79.783561804000044, 47.808684460000052 ], [ 83.986473445000058, 46.422376605000068 ], [ 84.757587629000071, 47.030327901000064 ], [ 83.513451288000056, 47.250891491000061 ], [ 80.018010828000058, 49.553800607000028 ], [ 78.498302706000061, 49.977905200000066 ], [ 77.539615703000038, 51.182941140000018 ] ] ] } },
{ "type": "Feature", "properties": { }, "geometry": { "type": "Polygon", "coordinates": [ [ [ 93.700499914000034, 44.90209416600004 ], [ 91.646207433000086, 45.178614756000066 ], [ 90.437690735000061, 46.05881118800005 ], [ 87.421429161000063, 47.43814658000008 ], [ 86.918037301000084, 47.150794594000047 ], [ 84.75863425700004, 47.031640204000034 ], [ 84.285027522000064, 46.437813649000077 ], [ 82.012530017000088, 45.13502696200004 ], [ 83.979255842000043, 44.103238845000078 ], [ 87.226715788000035, 43.603819975000079 ], [ 88.309436776000041, 43.95990392900007 ], [ 89.877334059000077, 43.812234526000047 ], [ 93.700499914000034, 44.90209416600004 ] ] ] } },
{ "type": "Feature", "properties": { }, "geometry": { "type": "Polygon", "coordinates": [ [ [ 95.030014038000047, 45.851669312000055 ], [ 91.015021207000075, 46.321028110000029 ], [ 89.480690002000074, 47.188179016000042 ], [ 87.421429161000063, 47.43814658000008 ], [ 91.999592174000043, 45.063245805000058 ], [ 97.512767102000055, 44.393694375000059 ], [ 95.030014038000047, 45.851669312000055 ] ] ] } },
{ "type": "Feature", "properties": { }, "geometry": { "type": "Polygon", "coordinates": [ [ [ 89.776136905000044, 48.702845679000063 ], [ 86.351886233000073, 49.06971757500002 ], [ 84.551958489000071, 47.041950876000044 ], [ 85.989921578000065, 47.021588687000076 ], [ 87.712547302000075, 47.480381012000088 ], [ 89.480690002000074, 47.188179016000042 ], [ 91.015021207000075, 46.321028110000029 ], [ 92.159089062000078, 46.256189167000045 ], [ 90.771522522000055, 47.317543030000081 ], [ 89.776136905000044, 48.702845679000063 ] ] ] } },
{ "type": "Feature", "properties": { }, "geometry": { "type": "Polygon", "coordinates": [ [ [ 130.68828204700003, 43.398966477000045 ], [ 130.352258787000096, 44.081964030000051 ], [ 130.010807024000087, 44.05569851000007 ], [ 129.905744942000069, 44.607274436000075 ], [ 131.281212283000059, 48.611349884000042 ], [ 124.033377393000038, 46.433133012000042 ], [ 119.978218798000071, 46.005088493000081 ], [ 115.990646180000098, 44.337967738000039 ], [ 111.395240784000066, 43.702739716000053 ], [ 109.184950359000084, 43.805064696000045 ], [ 106.456240887000035, 43.034493050000037 ], [ 104.90358380000005, 43.122912539000026 ], [ 106.301411512000087, 42.458652832000048 ], [ 112.448760123000056, 42.854689635000057 ], [ 119.081886038000121, 43.851081940000029 ], [ 130.68828204700003, 43.398966477000045 ] ] ] } },
{ "type": "Feature", "properties": { }, "geometry": { "type": "Polygon", "coordinates": [ [ [ 85.117390915000044, 56.559930766000036 ], [ 82.474668952000059, 56.933513319000035 ], [ 80.536690771000067, 55.468394355000044 ], [ 79.70349510300008, 54.575689079000028 ], [ 79.261732101000064, 53.313787460000064 ], [ 82.357245567000064, 54.579295885000079 ], [ 84.39083839400007, 55.724425827000054 ], [ 85.117390915000044, 56.559930766000036 ] ] ] } },
{ "type": "Feature", "properties": { }, "geometry": { "type": "Polygon", "coordinates": [ [ [ 117.610881984000116, 58.062595764000044 ], [ 117.617563697000023, 59.593839980000034 ], [ 116.884158787000047, 60.177443655000047 ], [ 114.213654, 59.756122 ], [ 111.570435, 58.662866 ], [ 109.186205, 57.104251 ], [ 108.601573500000086, 56.416166500000038 ], [ 107.750334, 54.194689 ], [ 104.755084241000077, 51.949251181000079 ], [ 105.594276428000057, 52.189342499000077 ], [ 107.870600425000077, 53.785957214000064 ], [ 108.80595786400005, 54.736777992000043 ], [ 109.110039265000069, 55.85987118000002 ], [ 109.988181817000054, 56.354746231000043 ], [ 113.807430131000046, 57.840700740000024 ], [ 117.610881984000116, 58.062595764000044 ] ] ] } },
{ "type": "Feature", "properties": { }, "geometry": { "type": "Polygon", "coordinates": [ [ [ 93.829913850000082, 81.974833878000069 ], [ 85.532865576000063, 82.388909475000048 ], [ 82.281647168000063, 82.322101317000048 ], [ 91.484887675000039, 81.993579196000042 ], [ 93.829913850000082, 81.974833878000069 ] ] ] } },
{ "type": "Feature", "properties": { }, "geometry": { "type": "Polygon", "coordinates": [ [ [ 6.589070169000022, 35.781925589000025 ], [ -1.143730115999972, 32.461631708000027 ], [ -5.180529069999977, 32.163459773000056 ], [ -9.592000128999928, 30.367583023000069 ], [ -11.775919325999952, 30.017826663000051 ], [ -13.522681649999981, 28.798233924000044 ], [ -14.127659610999956, 27.065391447000025 ], [ -16.492784363999927, 24.478441441000029 ], [ -17.629814669999973, 22.197467708000033 ], [ -17.074384120999969, 16.317485056000066 ], [ -17.663419692999984, 14.25915610800007 ], [ -17.56288746499996, 11.239382145000036 ], [ -17.884301961999938, 10.706890367000028 ], [ -17.833541035999929, 9.284181867000029 ], [ -16.5678, 8.6841 ], [ -14.8398, 8.4778 ], [ -14.4948, 7.4214 ], [ -14.0848, 7.4453 ], [ -13.8115, 6.9872 ], [ -12.1602, 6.791 ], [ -12.1642, 6.0474 ], [ -9.7198, 4.75 ], [ -9.5476, 4.2864 ], [ -7.7546, 4.12 ], [ -5.1023, 4.882 ], [ -3.8073, 4.8492 ], [ -3.1118, 4.3298 ], [ -3.1846, 3.3295 ], [ -0.9218, 4.402 ], [ 0.2988, 5.5845 ], [ 3.9873, 5.7215 ], [ 4.6453, 6.1378 ], [ 5.308241286000055, 5.715270428000053 ], [ 12.464324956000041, 10.259231727000042 ], [ 14.429399612000054, 13.896670709000036 ], [ 14.75079512700006, 15.831725221000056 ], [ 13.457354834000057, 18.673235796000029 ], [ 12.595626112000048, 19.796899440000061 ], [ 12.002336934000018, 21.668557274000023 ], [ 9.41661767300007, 25.630359854000062 ], [ 9.51926904000004, 31.696680943000047 ], [ 9.916176641000048, 34.20037128000007 ], [ 6.589070169000022, 35.781925589000025 ] ] ] } },
{ "type": "Feature", "properties": { }, "geometry": { "type": "Polygon", "coordinates": [ [ [ -83.638548155999956, 10.75541254500007 ], [ -81.6235, 13.5332 ], [ -81.1004, 14.7435 ], [ -83.4822, 13.9874 ], [ -83.8848, 11.3915 ], [ -83.638548155999956, 10.75541254500007 ] ] ] } },
{ "type": "Feature", "properties": { }, "geometry": { "type": "Polygon", "coordinates": [ [ [ -80.0489, 15.5919 ], [ -80.2136, 17.2522 ], [ -81.567341320999958, 17.779097450000052 ], [ -83.876027279999974, 17.166907446000039 ], [ -85.000781180999979, 15.907289847000072 ], [ -84.1612, 15.8048 ], [ -84.069, 15.4793 ], [ -83.5314, 15.3387 ], [ -83.370660681999937, 14.13635868700004 ], [ -81.1004, 14.7435 ], [ -80.0489, 15.5919 ] ] ] } },
{ "type": "Feature", "properties": { }, "geometry": { "type": "Polygon", "coordinates": [ [ [ -63.062917666999965, 11.956152135000025 ], [ -68.03958367599995, 12.609711621000031 ], [ -67.9771, 11.4995 ], [ -68.830597200999932, 10.115300697000066 ], [ -66.978203337999958, 10.64461970900004 ], [ -64.821098149999955, 10.484190641000055 ], [ -63.062917666999965, 11.956152135000025 ] ] ] } },
{ "type": "Feature", "properties": { }, "geometry": { "type": "Polygon", "coordinates": [ [ [ -75.817998665999937, 9.730038362000073 ], [ -76.85298802799997, 8.633028564000028 ], [ -76.930099087999963, 8.822999578000067 ], [ -76.071563828999956, 6.666571070000032 ], [ -75.969226453999966, 5.021606794000036 ], [ -76.481864360999978, 3.50701084800005 ], [ -76.129392669999959, 3.504855540000051 ], [ -75.604804915999978, 4.704868315000056 ], [ -75.176174871999933, 6.650520075000031 ], [ -75.817998665999937, 9.730038362000073 ] ] ] } },
{ "type": "Feature", "properties": { }, "geometry": { "type": "Polygon", "coordinates": [ [ [ 110.238866155000039, 13.524456283000063 ], [ 110.397112051000079, 15.247323033000045 ], [ 110.168500400000084, 15.58071504000003 ], [ 109.894615209000051, 15.198470379000073 ], [ 109.956072284000072, 13.290419976000072 ], [ 110.238866155000039, 13.524456283000063 ] ] ] } },
{ "type": "Feature", "properties": { }, "geometry": { "type": "Polygon", "coordinates": [ [ [ 109.622001685000043, 16.765150063000021 ], [ 103.426025391000053, 21.435791016000053 ], [ 103.135947929000054, 21.936587002000067 ], [ 102.82061767600004, 20.488220215000073 ], [ 103.621643066000047, 19.732971191000047 ], [ 107.001361202000055, 17.802093946000074 ], [ 109.622001685000043, 16.765150063000021 ] ] ] } },
{ "type": "Feature", "properties": { }, "geometry": { "type": "Polygon", "coordinates": [ [ [ 109.622001685000043, 16.765150063000021 ], [ 106.828735661000053, 17.887721566000039 ], [ 102.844604492000087, 20.438964844000054 ], [ 102.888122559000067, 19.507507324000073 ], [ 106.130493164000086, 17.180969238000046 ], [ 109.793944512000053, 15.947204879000026 ], [ 109.622001685000043, 16.765150063000021 ] ] ] } },
{ "type": "Feature", "properties": { }, "geometry": { "type": "Polygon", "coordinates": [ [ [ 109.793944512000053, 15.947204879000026 ], [ 107.813720703000058, 16.637817383000026 ], [ 106.695495606000065, 16.947998047000059 ], [ 107.109313965000069, 16.276123047000056 ], [ 109.89045030300008, 15.265702352000062 ], [ 109.793944512000053, 15.947204879000026 ] ] ] } },
{ "type": "Feature", "properties": { }, "geometry": { "type": "Polygon", "coordinates": [ [ [ -148.551246769999977, 66.41350622300007 ], [ -147.68751809, 66.288550283000063 ], [ -147.106730131999967, 66.513868955000078 ], [ -147.382409743999972, 66.955057956000076 ], [ -148.283037220999972, 66.937805871000094 ], [ -148.714187070999969, 66.75921870300003 ], [ -148.188119079999979, 66.530312676000051 ], [ -148.551246769999977, 66.41350622300007 ] ] ] } },
{ "type": "Feature", "properties": { }, "geometry": { "type": "Polygon", "coordinates": [ [ [ 114.419972080000093, -10.729599682999948 ], [ 119.616303198000097, -10.967993461999979 ], [ 119.363106358000095, -10.543678072999967 ], [ 109.990701675000082, -9.203224181999929 ], [ 107.920568466000077, -8.646430968999937 ], [ 105.188226758000042, -7.294994632999931 ], [ 105.31719779000008, -8.019349150999972 ], [ 106.225468637000063, -8.702619465999931 ], [ 109.749495717000059, -9.876917651999975 ], [ 114.419972080000093, -10.729599682999948 ] ] ] } },
{ "type": "Feature", "properties": { }, "geometry": { "type": "Polygon", "coordinates": [ [ [ 106.351963163000065, -7.6352 ], [ 105.166, -6.9276 ], [ 105.188226758000042, -7.294994632999931 ], [ 106.064589452000078, -7.904039399999932 ], [ 109.990701675000082, -9.203224181999929 ], [ 119.363106358000095, -10.543678072999967 ], [ 118.798972928, -9.442130425999945 ], [ 109.474963162000051, -8.3479 ], [ 106.351963163000065, -7.6352 ] ] ] } },
{ "type": "Feature", "properties": { }, "geometry": { "type": "Polygon", "coordinates": [ [ [ 128.343997498000022, -7.403234088999966 ], [ 125.951796996000098, -7.397799333999957 ], [ 125.580069997000024, -7.873390352999935 ], [ 125.903572177000115, -8.259089487999972 ], [ 127.069314922000103, -8.215582445999928 ], [ 128.65222432500002, -7.652074728999935 ], [ 128.343997498000022, -7.403234088999966 ] ] ] } },
{ "type": "Feature", "properties": { }, "geometry": { "type": "Polygon", "coordinates": [ [ [ 125.672698987000118, 1.606600643000036 ], [ 126.02461076800013, 5.24722057300005 ], [ 125.234325826000017, 5.198418831000026 ], [ 125.360241900000133, 1.833765715000027 ], [ 125.672698987000118, 1.606600643000036 ] ] ] } },
{ "type": "Feature", "properties": { }, "geometry": { "type": "Polygon", "coordinates": [ [ [ 119.950230922000074, 16.414074112000037 ], [ 119.596681040000021, 16.694613766000032 ], [ 119.591537101000085, 14.483678259000042 ], [ 120.082094147000021, 13.640244563000067 ], [ 120.586754996000082, 13.574182364000023 ], [ 119.926798885000039, 15.153377167000029 ], [ 119.950230922000074, 16.414074112000037 ] ] ] } },
{ "type": "Feature", "properties": { }, "geometry": { "type": "Polygon", "coordinates": [ [ [ -7.616790644999983, 70.101479082000083 ], [ -9.849190484999953, 70.298125552000045 ], [ -8.9122, 69.5884 ], [ -8.9062, 69.0581 ], [ -10.9254, 67.2728 ], [ -11.993033772999979, 65.563482262000036 ], [ -10.28183001799994, 65.310085951000076 ], [ -8.244486760999964, 66.354819665000036 ], [ -7.616309055999978, 67.230461315000085 ], [ -7.349809422999954, 68.125138653000079 ], [ -7.616790644999983, 70.101479082000083 ] ] ] } },
{ "type": "Feature", "properties": { }, "geometry": { "type": "Polygon", "coordinates": [ [ [ 10.095593829000055, 46.98431169800007 ], [ 9.504872533000025, 47.453914932000025 ], [ 6.40740870700006, 46.404982468000057 ], [ 6.241428102000043, 45.900786330000074 ], [ 5.237711302000038, 45.064435630000048 ], [ 5.329360505000068, 43.873702679000075 ], [ 6.315933595000047, 44.20614456800007 ], [ 6.406122594000073, 43.990219778000039 ], [ 5.964339163000034, 43.785520799000039 ], [ 7.187417, 43.687944 ], [ 8.747528, 44.427111 ], [ 9.215, 44.29875 ], [ 8.873976109000068, 44.917298002000059 ], [ 7.606335834000048, 44.774276755000074 ], [ 7.587103183000061, 45.272141174000062 ], [ 7.719574442000068, 45.731134237000049 ], [ 8.411005573000077, 46.204312784000074 ], [ 9.958308764000037, 46.431563268000041 ], [ 9.793171029000062, 46.813240777000019 ], [ 10.095593829000055, 46.98431169800007 ] ] ] } },
{ "type": "Feature", "properties": { }, "geometry": { "type": "Polygon", "coordinates": [ [ [ -179.99999999, 62.721860467000063 ], [ -178.445849475999978, 61.976083888000076 ], [ -178.605098723999987, 60.630399704000077 ], [ -178.993900298999961, 60.060300827 ], [ -177.671998977999976, 59.528501511000016 ], [ -178.575099944999977, 59.178701401000048 ], [ -176.842199325999985, 58.669099808000063 ], [ -174.967399596999968, 58.678701401000062 ], [ -174.039699553999981, 58.008199692000019 ], [ -174.269100189, 57.729001999000054 ], [ -173.156700133999976, 56.745000839000056 ], [ -170.422300338999975, 56.227502823000059 ], [ -168.617500304999965, 56.310602188000075 ], [ -168.440099715999963, 55.605802536000056 ], [ -166.727399825999981, 54.937101364000057 ], [ -165.848647487999983, 54.845368135000051 ], [ -161.164856230999959, 56.177368664000028 ], [ -159.175665253999966, 57.155449570000037 ], [ -163.636914558999962, 59.615812445000081 ], [ -167.357719390999961, 60.020956105000039 ], [ -167.706093321999958, 60.530236206000041 ], [ -167.451014829999963, 61.083752396000079 ], [ -164.623953043999961, 63.268541141000071 ], [ -169.572191128999975, 62.828330790000052 ], [ -174.57164557699997, 64.062994397000068 ], [ -176.860688474999961, 64.970364828000072 ], [ -179.99999999, 64.091328713000053 ], [ -179.99999999, 62.721860467000063 ] ] ] } },
{ "type": "Feature", "properties": { }, "geometry": { "type": "Polygon", "coordinates": [ [ [ 167.198458110000047, 66.497947343000092 ], [ 170.097701537000034, 66.129280503000075 ], [ 171.559990104000121, 66.978974119000029 ], [ 169.281943076000061, 66.707634740000074 ], [ 166.058359734000078, 67.443025722000073 ], [ 160.135502933000112, 69.625763102000064 ], [ 157.936587139000039, 70.999750250000034 ], [ 152.6985952120001, 72.193739874000073 ], [ 146.077058986000111, 72.776998591000051 ], [ 141.845140511000068, 73.991314917000068 ], [ 139.415536805000102, 73.655840452000064 ], [ 141.195590107000044, 73.174962035000078 ], [ 142.940210924000098, 71.849900867000031 ], [ 145.390976044000013, 70.73948095300004 ], [ 147.686276391000092, 70.534819387000084 ], [ 152.613062444000093, 70.77075327600005 ], [ 158.58679325300011, 69.305906738000047 ], [ 167.198458110000047, 66.497947343000092 ] ] ] } },
{ "type": "Feature", "properties": { }, "geometry": { "type": "Polygon", "coordinates": [ [ [ 123.260445225000012, 41.864652984000045 ], [ 121.947292295000011, 42.217112090000057 ], [ 119.977378273000113, 42.217112090000057 ], [ 110.705649611000069, 41.53420856200006 ], [ 108.787537464000081, 42.188680592000019 ], [ 106.812931862000084, 41.066335620000075 ], [ 106.110905498000079, 39.95865021600008 ], [ 105.769000523000045, 38.395656048000035 ], [ 106.35214699800008, 36.425809490000063 ], [ 107.610641044000033, 34.724641590000033 ], [ 108.765615598000068, 33.925663878000087 ], [ 112.071596146000047, 32.702882767000062 ], [ 114.822247161000078, 31.168298385000071 ], [ 116.633119583000067, 30.707277298000069 ], [ 117.266551591000038, 31.376175223000079 ], [ 119.083681107000061, 35.672182083000052 ], [ 119.247558594000111, 37.506591797000063 ], [ 121.265429126000072, 40.193302896000034 ], [ 123.260445225000012, 41.864652984000045 ] ] ] } },
{ "type": "Feature", "properties": { }, "geometry": { "type": "Polygon", "coordinates": [ [ [ 6.047991064000029, 35.558052603000071 ], [ 4.19088335500004, 35.973673379000054 ], [ -0.67585919499993, 35.104229742000037 ], [ -2.334874561999925, 35.129262222000079 ], [ -4.395302037999954, 34.144026631000031 ], [ -9.530348950999951, 34.424437737000062 ], [ -11.337148950999966, 30.058376646000053 ], [ -9.592000128999928, 30.367583023000069 ], [ -5.180529069999977, 32.163459773000056 ], [ -1.143730115999972, 32.461631708000027 ], [ 6.047991064000029, 35.558052603000071 ] ] ] } },
{ "type": "Feature", "properties": { }, "geometry": { "type": "Polygon", "coordinates": [ [ [ 122.049501726000031, 15.169938755000032 ], [ 121.623688857000047, 14.92598563400003 ], [ 122.091499047000056, 14.111900736000052 ], [ 123.331791877000114, 12.869776506000052 ], [ 125.211479015000023, 9.796350591000021 ], [ 126.058418076000066, 4.915914586000042 ], [ 127.575232938000113, 5.485050731000058 ], [ 127.255, 8.5846 ], [ 126.23, 12.2923 ], [ 125.978, 12.7032 ], [ 123.686942139000053, 13.299777043000063 ], [ 123.152753143000041, 14.468092397000076 ], [ 122.049501726000031, 15.169938755000032 ] ] ] } },
{ "type": "Feature", "properties": { }, "geometry": { "type": "Polygon", "coordinates": [ [ [ 125.211479015000023, 9.796350591000021 ], [ 123.783188014000089, 12.195109637000034 ], [ 122.254798711000035, 13.140662203000034 ], [ 122.216, 12.1936 ], [ 121.466, 10.7254 ], [ 122.299, 10.1982 ], [ 122.45, 9.5161 ], [ 122.8990000000001, 9.128 ], [ 122.619079313000043, 8.637250834000042 ], [ 122.904372840000065, 8.308669477000024 ], [ 125.908044843000098, 6.383415942000056 ], [ 125.211479015000023, 9.796350591000021 ] ] ] } },
{ "type": "Feature", "properties": { }, "geometry": { "type": "Polygon", "coordinates": [ [ [ 101.687774251000064, 8.941274084000042 ], [ 100.235319138000079, 12.255022049000047 ], [ 99.49005317700005, 10.078310013000021 ], [ 98.407655716000079, 7.855836868000041 ], [ 97.700317383000083, 7.091125488000046 ], [ 97.546752930000082, 6.323547363000046 ], [ 102.309782840000082, 1.448338610000064 ], [ 101.467163086000085, 8.106201172000056 ], [ 101.687774251000064, 8.941274084000042 ] ] ] } },
{ "type": "Feature", "properties": { }, "geometry": { "type": "Polygon", "coordinates": [ [ [ -75.176174871999933, 6.650520075000031 ], [ -73.019802483999968, 7.323086982000072 ], [ -74.521255406999956, 12.029859325000075 ], [ -76.3989, 10.5089 ], [ -75.578898713999934, 9.075773714000036 ], [ -75.176174871999933, 6.650520075000031 ] ] ] } },
{ "type": "Feature", "properties": { }, "geometry": { "type": "Polygon", "coordinates": [ [ [ 121.561896966000063, -8.035999393999935 ], [ 120.008767208000108, -1.73537717499994 ], [ 119.480698106000091, 0.566200757000047 ], [ 119.682587984000065, -0.489220480999961 ], [ 119.193428984000093, -0.984292364999931 ], [ 118.368033403000013, -2.760919024999964 ], [ 118.396102952000092, -3.378540289999933 ], [ 115.883003125000087, -8.12657926199995 ], [ 120.267799069000048, -7.703899342999932 ], [ 121.561896966000063, -8.035999393999935 ] ] ] } },
{ "type": "Feature", "properties": { }, "geometry": { "type": "Polygon", "coordinates": [ [ [ 125.460098016000089, -5.675360474999934 ], [ 123.5013, -4.479227 ], [ 123.560346807000101, -3.749874214999978 ], [ 120.954391240000064, -2.743721682999933 ], [ 120.062261144000118, -1.915774298999963 ], [ 121.561896966000063, -8.035999393999935 ], [ 125.580069997000024, -7.873390352999935 ], [ 125.72370099900003, -7.452399492999974 ], [ 126.318703156000097, -7.345499227999938 ], [ 128.350724691000096, -7.400133566999955 ], [ 126.862531246000103, -6.018874848999928 ], [ 125.460098016000089, -5.675360474999934 ] ] ] } },
{ "type": "Feature", "properties": { }, "geometry": { "type": "Polygon", "coordinates": [ [ [ 135.814209133000077, -1.483650459999979 ], [ 133.401027217000092, -2.303264083999977 ], [ 130.765039002000094, -2.727230921999933 ], [ 132.168197860000078, -3.586100216999967 ], [ 134.093169023000087, -5.501698996999949 ], [ 134.730697632000101, -4.194777964999957 ], [ 135.361906485000077, -3.62589926499993 ], [ 135.814209133000077, -1.483650459999979 ] ] ] } },
{ "type": "Feature", "properties": { }, "geometry": { "type": "Polygon", "coordinates": [ [ [ 135.562810506000119, -1.428774945999976 ], [ 132.059997910000106, -0.733200239999974 ], [ 131.145755243000053, -0.892340943999955 ], [ 130.972604436000097, -1.403927919999944 ], [ 130.150605386000052, -0.990991551999969 ], [ 128.144500000000107, -2.047088 ], [ 130.765039002000094, -2.727230921999933 ], [ 133.401027217000092, -2.303264083999977 ], [ 135.562810506000119, -1.428774945999976 ] ] ] } },
{ "type": "Feature", "properties": { }, "geometry": { "type": "Polygon", "coordinates": [ [ [ 143.4807545970001, 74.151013243000094 ], [ 142.484999508000129, 75.641260215000031 ], [ 140.767837640000039, 76.634021596000096 ], [ 137.63994376900007, 77.308592498000053 ], [ 136.537130368000021, 77.107686326000078 ], [ 136.252332707000051, 75.992504911000111 ], [ 134.544560090000118, 75.280293298000075 ], [ 140.441850353000063, 73.802931325000031 ], [ 143.4807545970001, 74.151013243000094 ] ] ] } },
{ "type": "Feature", "properties": { }, "geometry": { "type": "Polygon", "coordinates": [ [ [ 179.99999999, 72.634134069000083 ], [ 177.701453824000055, 72.838261381000066 ], [ 170.910651253000083, 71.374106326000046 ], [ 169.05281805900006, 70.486294954000073 ], [ 168.594901860000078, 69.858463118000031 ], [ 175.103345547000117, 70.67029546100008 ], [ 179.99999999, 70.721386607000042 ], [ 179.99999999, 72.634134069000083 ] ] ] } },
{ "type": "Feature", "properties": { }, "geometry": { "type": "Polygon", "coordinates": [ [ [ 179.99999999, 70.721386607000042 ], [ 175.103345547000117, 70.67029546100008 ], [ 170.903764857000056, 70.179827602000032 ], [ 179.99999999, 69.19728837100007 ], [ 179.99999999, 70.721386607000042 ] ] ] } },
{ "type": "Feature", "properties": { }, "geometry": { "type": "Polygon", "coordinates": [ [ [ 179.99999999, 69.19728837100007 ], [ 170.619, 70.198300000000103 ], [ 166.070228548000046, 69.638527487000033 ], [ 162.354, 69.6962 ], [ 160.92037103600012, 69.307755301000057 ], [ 163.346356146000062, 68.25275965000003 ], [ 169.281943076000061, 66.707634740000074 ], [ 171.559990104000121, 66.978974119000029 ], [ 172.63996489200008, 67.683182582000029 ], [ 174.020684862000053, 67.763389415000063 ], [ 176.378184418000046, 67.41899171700004 ], [ 177.937160287000097, 66.704185958000025 ], [ 179.99999999, 66.891166382000051 ], [ 179.99999999, 69.19728837100007 ] ] ] } },
{ "type": "Feature", "properties": { }, "geometry": { "type": "Polygon", "coordinates": [ [ [ 138.510558964000097, 34.117851655000038 ], [ 138.160294060000069, 35.912021607000042 ], [ 137.406723185000033, 34.751724790000026 ], [ 132.184035996000034, 33.544250671000043 ], [ 129.139191021000102, 31.808910679000064 ], [ 129.18917818400007, 30.609359513000083 ], [ 131.443461933000094, 28.717014249000048 ], [ 132.755000000000109, 30.7199 ], [ 133.961629396000035, 31.81787262000006 ], [ 137.493668807000063, 33.370945545000041 ], [ 137.886862019000091, 32.99534088200005 ], [ 137.895, 33.4379 ], [ 138.510558964000097, 34.117851655000038 ] ] ] } },
{ "type": "Feature", "properties": { }, "geometry": { "type": "Polygon", "coordinates": [ [ [ 84.869568731000072, 32.376172605000079 ], [ 80.290296555000054, 33.314870834000033 ], [ 76.626512055000035, 35.275535855000044 ], [ 74.720000970000058, 35.740001687000074 ], [ 75.209998883000097, 35.119998797000051 ], [ 76.870002924000062, 34.409999836000054 ], [ 79.068176015000063, 32.868988774000066 ], [ 81.08966091800005, 30.948579749000025 ], [ 84.222953997000047, 29.685150692000036 ], [ 88.114296034000063, 29.078708488000078 ], [ 93.673369936000086, 29.179780658000027 ], [ 95.341103038000099, 30.089448732000051 ], [ 97.261496875000034, 29.179780658000027 ], [ 98.77330000700006, 27.447011781000072 ], [ 98.256416349000062, 29.048496389000036 ], [ 97.414087153000082, 29.907481812000075 ], [ 95.472718494000048, 31.332825376000077 ], [ 94.326736498000059, 31.751564091000038 ], [ 91.780713222000031, 31.775358701000069 ], [ 87.753477097000101, 32.486818314000061 ], [ 84.869568731000072, 32.376172605000079 ] ] ] } },
{ "type": "Feature", "properties": { }, "geometry": { "type": "Polygon", "coordinates": [ [ [ -115.957817328999965, 33.608077705000028 ], [ -119.952064161999942, 35.529998672000033 ], [ -118.671303669999986, 33.974808428000074 ], [ -117.666396182999961, 33.554131469000026 ], [ -113.989307189999977, 30.512335130000054 ], [ -115.957817328999965, 33.608077705000028 ] ] ] } },
{ "type": "Feature", "properties": { }, "geometry": { "type": "Polygon", "coordinates": [ [ [ 109.842568456000038, 33.575204427000074 ], [ 105.900002010000037, 33.920001747000072 ], [ 102.330001958000082, 33.090000609000072 ], [ 100.00000009300004, 33.069999775000042 ], [ 96.187171875000047, 33.823463638000064 ], [ 97.749999974000048, 32.380001825000079 ], [ 98.249999981000087, 31.499999750000029 ], [ 98.830002087000082, 29.479999596000027 ], [ 98.77330000700006, 27.447011781000072 ], [ 100.350036621000072, 25.200012207000043 ], [ 102.174682617000087, 23.513000488000056 ], [ 104.107604981000065, 22.558654785000044 ], [ 105.78533935600008, 21.011413574000073 ], [ 107.425659180000096, 21.364929199000073 ], [ 112.859008789000086, 25.465332031000059 ], [ 114.872009277000089, 26.402709961000028 ], [ 117.662475586000028, 28.413940430000025 ], [ 120.073913574000017, 31.289794922000056 ], [ 117.312255859000047, 31.424438477000027 ], [ 116.633119583000067, 30.707277298000069 ], [ 115.807861328000058, 30.733886719000054 ], [ 109.842568456000038, 33.575204427000074 ] ] ] } },
{ "type": "Feature", "properties": { }, "geometry": { "type": "Polygon", "coordinates": [ [ [ 34.197373485000078, 31.635019809000028 ], [ 33.447046409000066, 30.983657526000059 ], [ 32.778976863000025, 30.840499766000047 ], [ 33.271295344000066, 31.85300381200005 ], [ 32.39859165300004, 31.772208477000049 ], [ 32.3386, 30.8203 ], [ 32.908359962000077, 28.906110597000065 ], [ 34.44789899000007, 27.509700708000025 ], [ 35.002851190000065, 29.528661040000028 ], [ 34.197373485000078, 31.635019809000028 ] ] ] } },
{ "type": "Feature", "properties": { }, "geometry": { "type": "Polygon", "coordinates": [ [ [ -110.164520016999973, 25.073565546000054 ], [ -110.276949549999983, 25.858787678000056 ], [ -112.049053133999962, 27.331079175000074 ], [ -114.3311, 29.98 ], [ -114.56120029899995, 30.969106899000057 ], [ -117.104442587, 32.982638027000064 ], [ -115.128197798999977, 28.961795007000035 ], [ -115.168812984999988, 28.01410734500007 ], [ -111.689445425999963, 24.277510278000022 ], [ -109.696502324, 22.885884922000059 ], [ -109.761232829, 22.637833718000024 ], [ -109.432835757999953, 22.654248568000071 ], [ -109.081865259999972, 22.820810839000046 ], [ -108.959917882999946, 23.406753111000057 ], [ -109.445474201999957, 23.801226795000048 ], [ -108.995609797999975, 23.986746732000032 ], [ -109.506004183999963, 24.925444098000071 ], [ -109.942378868999981, 25.28188291400005 ], [ -110.164520016999973, 25.073565546000054 ] ] ] } },
{ "type": "Feature", "properties": { }, "geometry": { "type": "Polygon", "coordinates": [ [ [ 141.029863898000031, 38.514068555000058 ], [ 140.580558392000057, 42.792955009000025 ], [ 140.303910975, 43.631890694000049 ], [ 139.620559944000092, 42.726131715000058 ], [ 139.441666001000044, 39.921009790000035 ], [ 138.870309360000078, 39.594890699000082 ], [ 141.029863898000031, 38.514068555000058 ] ] ] } },
{ "type": "Feature", "properties": { }, "geometry": { "type": "Polygon", "coordinates": [ [ [ -57.427296764999937, -55.064097078999964 ], [ -54.214436015999965, -54.511292095999977 ], [ -51.205099102999952, -51.141622947999963 ], [ -57.401375853999987, -50.261239325999952 ], [ -60.304318280999951, -49.428427973999931 ], [ -65.642267014999959, -48.750351163999937 ], [ -64.894711000999962, -51.270812903999968 ], [ -65.165969555999936, -52.362985505999966 ], [ -65.74087799199998, -53.063396107999949 ], [ -65.792919764999965, -53.783271873999979 ], [ -65.418904970999961, -54.192907124999969 ], [ -63.145327314, -55.009170121999944 ], [ -57.427296764999937, -55.064097078999964 ] ] ] } },
{ "type": "Feature", "properties": { }, "geometry": { "type": "Polygon", "coordinates": [ [ [ 78.824, -57.902 ], [ 75.588, -57.397 ], [ 72.824, -58.275 ], [ 72.294, -59.011 ], [ 76.882, -60.408 ], [ 78.235, -59.791 ], [ 79.647, -60.086 ], [ 81.235, -58.92 ], [ 78.824, -57.902 ] ] ] } },
{ "type": "Feature", "properties": { }, "geometry": { "type": "Polygon", "coordinates": [ [ [ 85.706, -59.523 ], [ 83.294, -58.492 ], [ 82.412, -58.522 ], [ 81.706, -58.707 ], [ 80.294, -60.174 ], [ 82.235, -61.775 ], [ 83.588, -62.245 ], [ 87.118, -61.663 ], [ 85.765, -60.841 ], [ 86.118, -60.174 ], [ 85.706, -59.523 ] ] ] } },
{ "type": "Feature", "properties": { }, "geometry": { "type": "Polygon", "coordinates": [ [ [ 69.1202, -56.3336 ], [ 67.224, -56.0599 ], [ 65.4456, -55.1346 ], [ 65.0531, -55.351 ], [ 64.480777719000059, -56.894733361999947 ], [ 65.3072, -57.3137 ], [ 72.1047, -57.5974 ], [ 73.6107, -57.2325 ], [ 74.6704, -56.2987 ], [ 73.4024, -55.7875 ], [ 69.1202, -56.3336 ] ] ] } },
{ "type": "Feature", "properties": { }, "geometry": { "type": "Polygon", "coordinates": [ [ [ 167.747337755000103, -8.275555287999964 ], [ 165.833682005000014, -7.968729279999934 ], [ 165.49647278000009, -8.344341380999936 ], [ 165.2297, -8.1917 ], [ 163.898100000000113, -8.9561 ], [ 163.28435658300009, -8.986980171999956 ], [ 165.788193078000063, -12.043999216999966 ], [ 166.713091575000021, -16.101095702999942 ], [ 167.706263162000027, -16.8365 ], [ 168.344963162000113, -19.3036 ], [ 169.7282, -21.1178 ], [ 170.385171286000059, -21.211653040999977 ], [ 170.424463162000052, -20.7097 ], [ 169.928717924000011, -20.800519823999934 ], [ 170.054, -19.9808 ], [ 169.5674, -18.8562 ], [ 169.9211, -18.9529 ], [ 170.369602616000066, -19.956983597999965 ], [ 170.591063162000069, -19.6618 ], [ 169.835463163000128, -18.7261 ], [ 170.083963162000032, -18.3298 ], [ 168.429663162000111, -16.3057 ], [ 168.011763162000079, -13.686 ], [ 167.449411065000049, -13.30202651999997 ], [ 167.719262168000114, -12.121067702999937 ], [ 167.941963162000093, -12.2909 ], [ 169.018963162000091, -11.6001 ], [ 169.428963163000049, -10.3593 ], [ 167.747337755000103, -8.275555287999964 ] ] ] } },
{ "type": "Feature", "properties": { }, "geometry": { "type": "Polygon", "coordinates": [ [ [ 157.782174077000036, 67.383859631000064 ], [ 163.78944996700011, 66.362566 ], [ 165.620583330000045, 65.723766352000041 ], [ 170.03447673300002, 65.492707743000039 ], [ 169.613260539000066, 66.079122319000092 ], [ 167.198458110000047, 66.497947343000092 ], [ 160.26149049300011, 68.783233514000088 ], [ 159.381584685000121, 67.880465040000061 ], [ 157.782174077000036, 67.383859631000064 ] ] ] } },
{ "type": "Feature", "properties": { }, "geometry": { "type": "Polygon", "coordinates": [ [ [ 167.069948874000033, 63.781736264000081 ], [ 170.006245067000123, 65.477901115000066 ], [ 165.620583330000045, 65.723766352000041 ], [ 163.78944996700011, 66.362566 ], [ 157.782174077000036, 67.383859631000064 ], [ 155.45539761100008, 67.248052954000059 ], [ 155.295401002000091, 66.911585616000082 ], [ 159.515026656000032, 66.273800533000028 ], [ 167.069948874000033, 63.781736264000081 ] ] ] } },
{ "type": "Feature", "properties": { }, "geometry": { "type": "Polygon", "coordinates": [ [ [ 137.41300985700002, 66.144364876000054 ], [ 141.596826473000078, 64.822973600000068 ], [ 143.975189026000066, 64.845525507000048 ], [ 145.647826253000062, 64.099468450000074 ], [ 147.929875638000112, 62.403174757000045 ], [ 149.647313127000075, 61.757791373000025 ], [ 151.861872408000067, 61.79829674500008 ], [ 152.648619974000098, 62.228127275000077 ], [ 152.500850861000117, 62.665132306000018 ], [ 150.688240482000083, 62.864901273000044 ], [ 147.960068062000119, 64.403098899000042 ], [ 144.64547290500002, 65.708028015000082 ], [ 141.718796675000021, 65.894087610000042 ], [ 139.399144782, 66.528273834000046 ], [ 138.596184739000023, 66.958396661000052 ], [ 138.245565002000035, 67.765543984000033 ], [ 141.240909272000067, 69.312288154000058 ], [ 142.947341154000014, 69.518020804000059 ], [ 157.300119024000082, 69.595157228000048 ], [ 152.613062444000093, 70.77075327600005 ], [ 147.686276391000092, 70.534819387000084 ], [ 139.485166050000089, 70.874486875000073 ], [ 136.786915886000088, 70.587049721000028 ], [ 134.635068948000026, 69.877783220000097 ], [ 133.478690338000092, 69.112781471000062 ], [ 135.808796314000119, 67.033534197000051 ], [ 137.41300985700002, 66.144364876000054 ] ] ] } },
{ "type": "Feature", "properties": { }, "geometry": { "type": "Polygon", "coordinates": [ [ [ 150.80599518300005, 64.256296160000034 ], [ 151.607059002000057, 65.004385391000028 ], [ 151.140670510000064, 65.178083972000081 ], [ 151.239219265000088, 65.731698705000042 ], [ 151.886435350000056, 66.404856748000043 ], [ 153.469918852000092, 67.138557332000062 ], [ 158.347473317000095, 67.478067413000076 ], [ 159.820176686000082, 68.36948697800004 ], [ 156.989202427000123, 68.847495785000049 ], [ 147.358318559000054, 68.767284696000047 ], [ 150.509584355000015, 68.459786050000034 ], [ 149.203886003000093, 68.095622022000057 ], [ 151.34876535300009, 67.737295746000044 ], [ 149.570838160000108, 66.816003016000082 ], [ 147.085414111000119, 67.119907248000075 ], [ 145.815861184000028, 68.408921529000054 ], [ 146.558456356000079, 68.709703521000051 ], [ 142.01298165500009, 68.221843076000027 ], [ 141.590302431000055, 67.789310980000039 ], [ 143.226991159000022, 67.721457957000041 ], [ 146.073935191000032, 66.66955106100005 ], [ 150.08967770400011, 65.943547688000081 ], [ 150.113883299000122, 65.698073306000083 ], [ 149.356877684000096, 65.442339 ], [ 149.475805019000063, 65.07868389500004 ], [ 150.80599518300005, 64.256296160000034 ] ] ] } },
{ "type": "Feature", "properties": { }, "geometry": { "type": "Polygon", "coordinates": [ [ [ 146.820930374000113, 68.935694569000077 ], [ 145.815861184000028, 68.408921529000054 ], [ 147.085414111000119, 67.119907248000075 ], [ 148.320346070000028, 66.847016359000065 ], [ 149.570838160000108, 66.816003016000082 ], [ 151.34876535300009, 67.737295746000044 ], [ 149.203886003000093, 68.095622022000057 ], [ 150.509584355000015, 68.459786050000034 ], [ 148.052858920000091, 68.541186679000077 ], [ 146.820930374000113, 68.935694569000077 ] ] ] } },
{ "type": "Feature", "properties": { }, "geometry": { "type": "Polygon", "coordinates": [ [ [ 141.740345648000044, 67.945004700000084 ], [ 142.01298165500009, 68.221843076000027 ], [ 144.260400042000015, 68.490082901000051 ], [ 143.013525813000115, 68.958244643000072 ], [ 141.883206370000039, 68.93629943600007 ], [ 139.742641753000044, 68.265498126000068 ], [ 139.650237931000134, 67.839022735000071 ], [ 141.740345648000044, 67.945004700000084 ] ] ] } },
{ "type": "Feature", "properties": { }, "geometry": { "type": "Polygon", "coordinates": [ [ [ -145.57223086099998, 68.110172462000037 ], [ -145.39944518599998, 67.941800133000072 ], [ -146.57321578899996, 67.24482994400006 ], [ -145.088519991999959, 67.290209688000061 ], [ -143.986107393999987, 68.10332289400003 ], [ -145.57223086099998, 68.110172462000037 ] ] ] } },
{ "type": "Feature", "properties": { }, "geometry": { "type": "Polygon", "coordinates": [ [ [ -147.66758607899996, 67.58584409100007 ], [ -154.708761611999961, 66.944431250000051 ], [ -158.346473785999962, 67.081742515000045 ], [ -159.942078721999962, 66.96611118900006 ], [ -151.801839714999971, 66.870926330000032 ], [ -147.175922957999973, 67.229429182000047 ], [ -147.66758607899996, 67.58584409100007 ] ] ] } },
{ "type": "Feature", "properties": { }, "geometry": { "type": "Polygon", "coordinates": [ [ [ -75.690245439999956, -46.012188106999979 ], [ -76.47076601699996, -47.644659630999968 ], [ -76.041909713999985, -51.896558351999943 ], [ -75.569141582999976, -53.019321882999975 ], [ -74.509752289999938, -54.311612595 ], [ -71.824099693999983, -55.688698078999941 ], [ -67.100500313999987, -57.063065978999973 ], [ -65.708273659999975, -55.722682357999979 ], [ -66.797848530999943, -54.950900157999961 ], [ -69.527403239999956, -54.39487975399993 ], [ -72.263276362999989, -53.224393619999937 ], [ -73.578214645999935, -51.792030516999944 ], [ -74.185377891999963, -49.864681992999977 ], [ -73.948687613999937, -46.060996958999965 ], [ -75.690245439999956, -46.012188106999979 ] ] ] } },
{ "type": "Feature", "properties": { }, "geometry": { "type": "Polygon", "coordinates": [ [ [ 73.4995, 34.9494 ], [ 74.788867355000036, 35.523563462000027 ], [ 74.778258787000084, 35.822860796000043 ], [ 74.30000306200003, 36.279998770000077 ], [ 72.886986965000062, 36.456201043000085 ], [ 72.632177402000082, 35.246589843000038 ], [ 73.085497857000064, 35.420472756000038 ], [ 73.4995, 34.9494 ] ] ] } },
{ "type": "Feature", "properties": { }, "geometry": { "type": "Polygon", "coordinates": [ [ [ 70.272847880000029, 34.345644450000066 ], [ 72.445422847000032, 34.932683250000032 ], [ 72.886986965000062, 36.456201043000085 ], [ 70.272847880000029, 34.345644450000066 ] ] ] } },
{ "type": "Feature", "properties": { }, "geometry": { "type": "Polygon", "coordinates": [ [ [ 97.498665058000086, 28.906131788000039 ], [ 95.341103038000099, 30.089448732000051 ], [ 94.431427018000079, 29.634620523000024 ], [ 95.408523560000049, 29.804471970000069 ], [ 96.169141570000079, 29.220650035000066 ], [ 97.749556959000074, 26.037252561000059 ], [ 98.234823720000065, 26.929394821000074 ], [ 97.498665058000086, 28.906131788000039 ] ] ] } },
{ "type": "Feature", "properties": { }, "geometry": { "type": "Polygon", "coordinates": [ [ [ 109.473925637000036, 6.870066774000069 ], [ 109.412015195000038, 7.776767259000054 ], [ 109.627046270000051, 9.128714187000066 ], [ 109.172424316000047, 8.804077148000033 ], [ 109.473925637000036, 6.870066774000069 ] ] ] } },
{ "type": "Feature", "properties": { }, "geometry": { "type": "Polygon", "coordinates": [ [ [ 98.82498105500008, 25.800343327000064 ], [ 98.676537102000054, 27.461530631000073 ], [ 97.453537054000037, 28.886671841000069 ], [ 98.82498105500008, 25.800343327000064 ] ] ] } },
{ "type": "Feature", "properties": { }, "geometry": { "type": "Polygon", "coordinates": [ [ [ 98.962938788000088, 24.288193105000065 ], [ 98.359184265000067, 27.010747910000077 ], [ 97.779779258000076, 27.747590791000054 ], [ 98.234823720000065, 26.929394821000074 ], [ 98.111273510000046, 26.416477852000071 ], [ 96.422505983000065, 23.054329860000053 ], [ 97.63519954700007, 23.117498290000075 ], [ 98.962938788000088, 24.288193105000065 ] ] ] } },
{ "type": "Feature", "properties": { }, "geometry": { "type": "Polygon", "coordinates": [ [ [ 97.506042481000065, 5.522766113000049 ], [ 94.889789197000084, 6.023044154000047 ], [ 95.274482919000036, 5.588740635000022 ], [ 93.72060409900007, 5.732180569000036 ], [ 95.514059352000061, 3.802908749000039 ], [ 97.27010157400008, 2.546553338000024 ], [ 98.167095563000032, 0.865241751000042 ], [ 99.073303223000039, 0.63507080100004 ], [ 101.225763888000088, -1.726752856999951 ], [ 98.417632261000051, 2.699517936000064 ], [ 97.506042481000065, 5.522766113000049 ] ] ] } },
{ "type": "Feature", "properties": { }, "geometry": { "type": "Polygon", "coordinates": [ [ [ 101.977407135000078, -2.484986682999931 ], [ 102.30012044700004, 1.456717773000037 ], [ 97.558884277000075, 6.310815862000027 ], [ 97.500549316000047, 5.440673828000058 ], [ 98.417632261000051, 2.699517936000064 ], [ 101.977407135000078, -2.484986682999931 ] ] ] } },
{ "type": "Feature", "properties": { }, "geometry": { "type": "Polygon", "coordinates": [ [ [ -134.551399230999948, 56.737699509000031 ], [ -134.65620040899995, 55.167001724000045 ], [ -134.180492771, 54.695601065000069 ], [ -131.273899077999943, 54.089101791000076 ], [ -129.22513973599996, 52.529141847000069 ], [ -128.150826036999945, 52.311094064000031 ], [ -128.380498804999945, 53.065145287000064 ], [ -129.829165921999959, 53.752275283000067 ], [ -132.387560512999983, 56.618054520000044 ], [ -135.172734365999986, 58.799862415000071 ], [ -134.551399230999948, 56.737699509000031 ] ] ] } },
{ "type": "Feature", "properties": { }, "geometry": { "type": "Polygon", "coordinates": [ [ [ -129.862791713999968, 53.875538838000061 ], [ -128.380498804999945, 53.065145287000064 ], [ -128.150826036999945, 52.311094064000031 ], [ -127.351040715999943, 51.67535829500008 ], [ -125.5396, 50.942 ], [ -124.432408767999959, 50.849705587000074 ], [ -126.764755332, 52.061354208000068 ], [ -127.567167350999952, 52.89924000600007 ], [ -127.582666760999984, 53.461743482000024 ], [ -128.98580674699997, 54.006920708000052 ], [ -129.031641825999941, 54.551677140000031 ], [ -130.133724871999959, 55.741168255000048 ], [ -131.159906775999957, 56.333694764000029 ], [ -133.891334858, 58.919190365000077 ], [ -137.170546168999977, 61.053679570000043 ], [ -139.303271422999956, 61.36625400100008 ], [ -135.513763427999947, 59.220016479000037 ], [ -132.387560512999983, 56.618054520000044 ], [ -129.862791713999968, 53.875538838000061 ] ] ] } },
{ "type": "Feature", "properties": { }, "geometry": { "type": "Polygon", "coordinates": [ [ [ 110.511938303000079, 45.219847669000039 ], [ 108.929260254000042, 45.001350403000053 ], [ 106.699256897000055, 44.081436157000049 ], [ 104.229660034000062, 43.865497589000036 ], [ 103.077177838000068, 44.273873998000056 ], [ 100.085704389000057, 44.603135989000059 ], [ 97.532487677000063, 45.789893579000072 ], [ 94.517579113000082, 46.136653483000032 ], [ 97.512767102000055, 44.393694375000059 ], [ 105.528800964000084, 43.037281036000024 ], [ 109.184950359000084, 43.805064696000045 ], [ 110.511938303000079, 45.219847669000039 ] ] ] } },
{ "type": "Feature", "properties": { }, "geometry": { "type": "Polygon", "coordinates": [ [ [ 131.281212283000059, 48.611349884000042 ], [ 132.006986566000023, 49.413864649000054 ], [ 135.18511452100006, 51.226185549000036 ], [ 136.729344956000091, 53.605477372000067 ], [ 132.398141538000118, 52.850644452000026 ], [ 129.997811383000112, 50.542051415000046 ], [ 127.735590703000071, 49.262600430000077 ], [ 124.698300375000045, 48.548298017000029 ], [ 117.281684074000054, 47.544871249000046 ], [ 113.182502747000058, 46.455513 ], [ 110.197777625000086, 45.14832357600006 ], [ 109.750207676000059, 44.157738467000051 ], [ 109.184950359000084, 43.805064696000045 ], [ 111.395240784000066, 43.702739716000053 ], [ 115.990646180000098, 44.337967738000039 ], [ 119.978218798000071, 46.005088493000081 ], [ 124.033377393000038, 46.433133012000042 ], [ 131.281212283000059, 48.611349884000042 ] ] ] } },
{ "type": "Feature", "properties": { }, "geometry": { "type": "Polygon", "coordinates": [ [ [ 111.593900577000056, 45.812997927000012 ], [ 108.559579768000049, 45.340259719000073 ], [ 103.647004625000079, 45.134213075000041 ], [ 95.536842823000086, 46.78338232200008 ], [ 94.417035990000045, 46.212846932000055 ], [ 97.532487677000063, 45.789893579000072 ], [ 100.085704389000057, 44.603135989000059 ], [ 104.462089539000033, 43.859489441000051 ], [ 106.699256897000055, 44.081436157000049 ], [ 111.593900577000056, 45.812997927000012 ] ] ] } },
{ "type": "Feature", "properties": { }, "geometry": { "type": "Polygon", "coordinates": [ [ [ 108.002132084000053, 50.286249253000044 ], [ 102.404267934000075, 49.380453976000069 ], [ 93.13319296800006, 49.426098798000055 ], [ 94.465454102000081, 47.585941315000071 ], [ 95.536842823000086, 46.78338232200008 ], [ 102.749100946000056, 45.192717478000077 ], [ 108.559579768000049, 45.340259719000073 ], [ 111.593900577000056, 45.812997927000012 ], [ 116.852326713000025, 47.459331774000084 ], [ 124.698300375000045, 48.548298017000029 ], [ 127.735590703000071, 49.262600430000077 ], [ 129.997811383000112, 50.542051415000046 ], [ 132.057950511000058, 52.676535512000029 ], [ 134.485018693000029, 53.289556536000077 ], [ 124.785751343000015, 54.119991302000066 ], [ 121.029411316000051, 53.60200500500008 ], [ 116.985809326000108, 51.992572784000053 ], [ 113.771947897000018, 51.511645793000071 ], [ 111.582908460000056, 51.611273063000048 ], [ 108.002132084000053, 50.286249253000044 ] ] ] } },
{ "type": "Feature", "properties": { }, "geometry": { "type": "Polygon", "coordinates": [ [ [ 105.720627380000053, 51.450448526000052 ], [ 102.581419780000033, 51.794249091000047 ], [ 100.814298524000037, 52.60542100300006 ], [ 98.906753540000068, 52.552688599000078 ], [ 91.163406372000054, 51.120086670000035 ], [ 90.742570158000035, 50.262011425000026 ], [ 91.299337980000075, 48.125529854000035 ], [ 94.417035990000045, 46.212846932000055 ], [ 95.536842823000086, 46.78338232200008 ], [ 94.465454102000081, 47.585941315000071 ], [ 93.13297766900007, 49.489831540000068 ], [ 102.404267934000075, 49.380453976000069 ], [ 108.002132084000053, 50.286249253000044 ], [ 105.720627380000053, 51.450448526000052 ] ] ] } },
{ "type": "Feature", "properties": { }, "geometry": { "type": "Polygon", "coordinates": [ [ [ 117.610881984000116, 58.062595764000044 ], [ 113.807430131000046, 57.840700740000024 ], [ 109.988181817000054, 56.354746231000043 ], [ 109.110039265000069, 55.85987118000002 ], [ 108.80595786400005, 54.736777992000043 ], [ 107.293681311000057, 53.321806101000043 ], [ 105.429748535000044, 52.106647491000039 ], [ 103.866319142000066, 51.702998237000024 ], [ 105.720627380000053, 51.450448526000052 ], [ 108.002132084000053, 50.286249253000044 ], [ 117.432148545000018, 54.087133737000045 ], [ 117.610881984000116, 58.062595764000044 ] ] ] } },
{ "type": "Feature", "properties": { }, "geometry": { "type": "Polygon", "coordinates": [ [ [ 138.618299906000061, 53.881028845000053 ], [ 138.578979216000107, 55.294650674000067 ], [ 137.810226052000104, 55.50133861100003 ], [ 138.77141106900001, 56.28831689000004 ], [ 137.730740597000022, 56.037436475000035 ], [ 136.983112914000117, 57.087056400000044 ], [ 134.824332916000117, 55.719338055000037 ], [ 132.474165830000061, 54.785618777000089 ], [ 127.295585383000116, 54.307619055000025 ], [ 124.213966370000094, 54.775730133000081 ], [ 120.203437805000021, 54.689723968000067 ], [ 118.493347168000014, 54.037704468000072 ], [ 116.374532965000085, 53.804772035000035 ], [ 111.582908460000056, 51.611273063000048 ], [ 113.771947897000018, 51.511645793000071 ], [ 116.985809326000108, 51.992572784000053 ], [ 121.029411316000051, 53.60200500500008 ], [ 124.785751343000015, 54.119991302000066 ], [ 134.485018693000029, 53.289556536000077 ], [ 138.618299906000061, 53.881028845000053 ] ] ] } },
{ "type": "Feature", "properties": { }, "geometry": { "type": "Polygon", "coordinates": [ [ [ 100.814298524000037, 52.60542100300006 ], [ 99.848299002000033, 53.257685102000039 ], [ 98.286043149000079, 53.245454965000071 ], [ 96.130337956000062, 53.777360714000054 ], [ 92.169708252000078, 53.326679230000074 ], [ 87.677076321000072, 51.825006699000028 ], [ 86.850457808000044, 51.202926827000056 ], [ 88.039783572000033, 50.108105217000059 ], [ 90.817465994000031, 49.884987824000071 ], [ 90.794119272000046, 50.743239422000052 ], [ 91.163406372000054, 51.120086670000035 ], [ 94.666282654000057, 51.93717765800006 ], [ 100.814298524000037, 52.60542100300006 ] ] ] } },
{ "type": "Feature", "properties": { }, "geometry": { "type": "Polygon", "coordinates": [ [ [ 95.030014038000047, 45.851669312000055 ], [ 91.299337980000075, 48.125529854000035 ], [ 90.758077881000077, 50.144228477000063 ], [ 90.817465994000031, 49.884987824000071 ], [ 87.375471978000078, 50.125002310000056 ], [ 89.256553650000058, 49.224666595000038 ], [ 91.722000122000068, 46.429027557000026 ], [ 95.030014038000047, 45.851669312000055 ] ] ] } },
{ "type": "Feature", "properties": { }, "geometry": { "type": "Polygon", "coordinates": [ [ [ 89.578673318000085, 52.397314203000064 ], [ 89.477378845000032, 53.245391846000068 ], [ 88.269812791000049, 54.008686671000071 ], [ 88.318827853000073, 53.469520999000046 ], [ 85.377924187000076, 52.015407520000068 ], [ 86.501419067000086, 50.46289062500005 ], [ 88.039783572000033, 50.108105217000059 ], [ 87.115707397000051, 50.744834900000058 ], [ 86.881195069000057, 51.290977478000052 ], [ 87.677076321000072, 51.825006699000028 ], [ 89.90209198000008, 52.467319489000033 ], [ 89.578673318000085, 52.397314203000064 ] ] ] } },
{ "type": "Feature", "properties": { }, "geometry": { "type": "Polygon", "coordinates": [ [ [ 91.483472074000076, 53.046394049000092 ], [ 89.525462369000081, 54.617876797000065 ], [ 88.898495921000062, 55.584606428000029 ], [ 86.715518169000077, 55.914736643 ], [ 88.269812791000049, 54.008686671000071 ], [ 89.477378845000032, 53.245391846000068 ], [ 89.578673318000085, 52.397314203000064 ], [ 91.483472074000076, 53.046394049000092 ] ] ] } },
{ "type": "Feature", "properties": { }, "geometry": { "type": "Polygon", "coordinates": [ [ [ 96.308497328000044, 53.787171006000051 ], [ 91.406752109000081, 55.204619348000044 ], [ 88.632239168000069, 55.628415361000066 ], [ 91.483472074000076, 53.046394049000092 ], [ 96.308497328000044, 53.787171006000051 ] ] ] } },
{ "type": "Feature", "properties": { }, "geometry": { "type": "Polygon", "coordinates": [ [ [ 86.804306422000082, 55.897529051000035 ], [ 85.117390915000044, 56.559930766000036 ], [ 84.39083839400007, 55.724425827000054 ], [ 81.06761657100003, 53.955182965000056 ], [ 84.839160066000034, 53.878239792000045 ], [ 85.36342099500007, 53.324657719000065 ], [ 85.377924187000076, 52.015407520000068 ], [ 88.318827853000073, 53.469520999000046 ], [ 88.10769653300008, 54.408031464000032 ], [ 86.804306422000082, 55.897529051000035 ] ] ] } },
{ "type": "Feature", "properties": { }, "geometry": { "type": "Polygon", "coordinates": [ [ [ 89.233890495000097, 41.818324973000074 ], [ 85.02788980400004, 42.326848300000066 ], [ 81.125999784000044, 41.946579357000076 ], [ 75.990690938000057, 40.080872233000036 ], [ 75.507870906000051, 39.169765160000054 ], [ 76.573505442000055, 37.120916230000034 ], [ 82.624282837000067, 36.179035187000075 ], [ 84.465104371000052, 37.060729914000035 ], [ 90.340278792000063, 38.828847474000042 ], [ 91.031846409000082, 39.149932440000043 ], [ 92.464379333000068, 40.681260738000049 ], [ 89.233890495000097, 41.818324973000074 ] ] ] } },
{ "type": "Feature", "properties": { }, "geometry": { "type": "Polygon", "coordinates": [ [ [ 87.360950201000037, 37.901912374000062 ], [ 82.624282837000067, 36.179035187000075 ], [ 76.573505442000055, 37.120916230000034 ], [ 76.978303259000029, 36.357978818000049 ], [ 78.30999797100003, 36.189998638000077 ], [ 80.320000093000033, 35.260002691000068 ], [ 90.430000136000046, 35.330001636000077 ], [ 99.080002002000072, 33.139999603000035 ], [ 102.330001958000082, 33.090000609000072 ], [ 105.900002010000037, 33.920001747000072 ], [ 109.842568456000038, 33.575204427000074 ], [ 106.979380539000033, 34.123441109000055 ], [ 105.025478975000055, 34.063321061000067 ], [ 103.702837917000068, 34.754701614000055 ], [ 98.893234067000037, 35.957102577000057 ], [ 95.99337005600006, 35.663005829000042 ], [ 89.768684387000064, 37.655509949000077 ], [ 87.360950201000037, 37.901912374000062 ] ] ] } },
{ "type": "Feature", "properties": { }, "geometry": { "type": "Polygon", "coordinates": [ [ [ 100.621068707000063, 38.420270494000079 ], [ 98.221056169000065, 39.634149668000077 ], [ 96.188675609000086, 39.932417122000061 ], [ 87.360950201000037, 37.901912374000062 ], [ 89.768684387000064, 37.655509949000077 ], [ 95.99337005600006, 35.663005829000042 ], [ 98.893234067000037, 35.957102577000057 ], [ 103.702837917000068, 34.754701614000055 ], [ 105.025478975000055, 34.063321061000067 ], [ 108.765615598000068, 33.925663878000087 ], [ 107.610641044000033, 34.724641590000033 ], [ 106.35214699800008, 36.425809490000063 ], [ 100.621068707000063, 38.420270494000079 ] ] ] } },
{ "type": "Feature", "properties": { }, "geometry": { "type": "Polygon", "coordinates": [ [ [ 130.68828204700003, 43.398966477000045 ], [ 119.081886038000121, 43.851081940000029 ], [ 112.448760123000056, 42.854689635000057 ], [ 106.301411512000087, 42.458652832000048 ], [ 107.902542218000065, 42.038009872000039 ], [ 109.165393211000037, 42.184049690000045 ], [ 109.287311515000056, 41.90192584600004 ], [ 110.705649611000069, 41.53420856200006 ], [ 119.977378273000113, 42.217112090000057 ], [ 121.947292295000011, 42.217112090000057 ], [ 123.733347674000015, 41.665536164000059 ], [ 127.174130832000046, 42.584829374000044 ], [ 129.881641248000051, 41.283541476000039 ], [ 130.470000937, 41.990001684000049 ], [ 131.390442086, 42.309081582000033 ], [ 130.68828204700003, 43.398966477000045 ] ] ] } },
{ "type": "Feature", "properties": { }, "geometry": { "type": "Polygon", "coordinates": [ [ [ 96.671566072000076, 26.75427131400005 ], [ 96.135730796000075, 22.311724668000068 ], [ 97.471108474000062, 24.927050108000063 ], [ 97.749556959000074, 26.037252561000059 ], [ 97.533153239000058, 26.698780570000054 ], [ 96.671566072000076, 26.75427131400005 ] ] ] } },
{ "type": "Feature", "properties": { }, "geometry": { "type": "Polygon", "coordinates": [ [ [ 97.240948932000038, 27.084820439000058 ], [ 96.509143245000075, 27.555962136000062 ], [ 96.043087154000034, 26.999204348000035 ], [ 96.511859824000055, 27.119151742000042 ], [ 97.240948932000038, 27.084820439000058 ] ] ] } },
{ "type": "Feature", "properties": { }, "geometry": { "type": "Polygon", "coordinates": [ [ [ 97.240948932000038, 27.084820439000058 ], [ 96.043087154000034, 26.999204348000035 ], [ 95.768835706000061, 26.438518440000056 ], [ 97.533153239000058, 26.698780570000054 ], [ 97.240948932000038, 27.084820439000058 ] ] ] } },
{ "type": "Feature", "properties": { }, "geometry": { "type": "Polygon", "coordinates": [ [ [ 96.213550169000086, 24.481544890000066 ], [ 96.646051256000078, 26.185247027000059 ], [ 96.671566072000076, 26.75427131400005 ], [ 95.768835706000061, 26.438518440000056 ], [ 96.213550169000086, 24.481544890000066 ] ] ] } },
{ "type": "Feature", "properties": { }, "geometry": { "type": "Polygon", "coordinates": [ [ [ -140.883098601999961, 64.731599808000055 ], [ -142.749329888999966, 64.756886449000035 ], [ -143.217813633999981, 64.27366518000008 ], [ -143.143001124999955, 63.899563491000038 ], [ -140.089114114999973, 63.550403028000055 ], [ -141.191015713999946, 63.114869330000047 ], [ -138.900145662999989, 62.460436092000066 ], [ -140.104856596, 61.733251402000072 ], [ -137.170546168999977, 61.053679570000043 ], [ -133.891334858, 58.919190365000077 ], [ -137.112300223, 61.438673535000078 ], [ -137.147034235999968, 62.497317909000067 ], [ -137.767251983999984, 62.723405371000055 ], [ -136.958121157, 62.749426525000047 ], [ -134.919504269999948, 62.075627404000038 ], [ -135.578346421, 63.030663406000031 ], [ -140.883098601999961, 64.731599808000055 ] ] ] } },
{ "type": "Feature", "properties": { }, "geometry": { "type": "Polygon", "coordinates": [ [ [ 8.978301011000042, 57.158698608000066 ], [ 1.492720279000025, 58.078136493000031 ], [ 1.356653347000018, 57.179052283000033 ], [ 2.70096, 56.5833 ], [ 13.8641, 53.8788 ], [ 14.977145966000023, 54.015653313000023 ], [ 16.254866408000048, 53.54934573000002 ], [ 16.84810970500007, 54.610956876000039 ], [ 8.978301011000042, 57.158698608000066 ] ] ] } },
{ "type": "Feature", "properties": { }, "geometry": { "type": "Polygon", "coordinates": [ [ [ 15.728259557000058, 42.313285710000052 ], [ 15.121472643000057, 41.935193617000039 ], [ 16.276544490000049, 40.720765526000037 ], [ 17.895167644000026, 39.646364672000061 ], [ 19.300217790000033, 39.819703805000081 ], [ 18.55713770400007, 41.789943666000056 ], [ 17.569598466000045, 41.930821558000048 ], [ 16.698075693000078, 41.636590403000071 ], [ 15.728259557000058, 42.313285710000052 ] ] ] } },
{ "type": "Feature", "properties": { }, "geometry": { "type": "Polygon", "coordinates": [ [ [ -56.407357044999976, -48.060348316999978 ], [ -59.002522753999983, -48.20281375299993 ], [ -59.179651095999979, -49.751078395999969 ], [ -51.205099102999952, -51.141622947999963 ], [ -49.849805128999947, -49.584131556999985 ], [ -53.1682, -49.1527 ], [ -56.407357044999976, -48.060348316999978 ] ] ] } },
{ "type": "Feature", "properties": { }, "geometry": { "type": "Polygon", "coordinates": [ [ [ -59.179651095999979, -49.751078395999969 ], [ -59.002522753999983, -48.20281375299993 ], [ -59.653535695999956, -47.23694438699993 ], [ -59.974762931999969, -45.687915271999941 ], [ -61.267233142999949, -44.447386254999969 ], [ -65.286853770999983, -46.186925171999967 ], [ -65.185005243999967, -47.489849365999923 ], [ -65.642267014999959, -48.750351163999937 ], [ -59.179651095999979, -49.751078395999969 ] ] ] } },
{ "type": "Feature", "properties": { }, "geometry": { "type": "Polygon", "coordinates": [ [ [ 126.76148816400007, 72.16516075800007 ], [ 127.520629162000105, 71.174802443000033 ], [ 126.355004043, 69.489558342000066 ], [ 126.065572338000038, 67.192975980000028 ], [ 125.619328043000124, 66.423803278000037 ], [ 126.416103285000077, 65.310781631000069 ], [ 126.185532599000098, 64.569082489000039 ], [ 129.238939036000033, 63.894181466000077 ], [ 132.179575636000095, 64.014555850000079 ], [ 129.583448129000089, 65.066480704000071 ], [ 128.012538520000021, 66.466153614000049 ], [ 128.933465892000072, 69.16432320400007 ], [ 129.140158568000061, 70.776911700000028 ], [ 128.799038397000118, 71.307447384000056 ], [ 126.76148816400007, 72.16516075800007 ] ] ] } },
{ "type": "Feature", "properties": { }, "geometry": { "type": "Polygon", "coordinates": [ [ [ 166.791533252000022, 74.503115597000033 ], [ 158.208837586000072, 74.653686844000035 ], [ 152.724552824000057, 74.223157044000075 ], [ 141.845140511000068, 73.991314917000068 ], [ 146.077058986000111, 72.776998591000051 ], [ 152.6985952120001, 72.193739874000073 ], [ 157.936587139000039, 70.999750250000034 ], [ 160.92037103600012, 69.307755301000057 ], [ 162.354, 69.6962 ], [ 168.594901860000078, 69.858463118000031 ], [ 169.945454589000093, 71.052736460000062 ], [ 175.90565394900014, 72.357106721000036 ], [ 174.316304771000091, 72.490342287000033 ], [ 173.186894464000034, 72.878933948000068 ], [ 172.525362793000113, 73.476579778000044 ], [ 170.824347555000031, 73.909121603000074 ], [ 166.791533252000022, 74.503115597000033 ] ] ] } },
{ "type": "Feature", "properties": { }, "geometry": { "type": "Polygon", "coordinates": [ [ [ 179.99999999, 74.111466138000068 ], [ 178.587609653000072, 74.156508032000033 ], [ 177.541472188000057, 73.572204475000035 ], [ 177.701453824000055, 72.838261381000066 ], [ 179.99999999, 72.634134069000083 ], [ 179.99999999, 74.111466138000068 ] ] ] } },
{ "type": "Feature", "properties": { }, "geometry": { "type": "Polygon", "coordinates": [ [ [ 179.99999999, 76.418798095000071 ], [ 177.574402878000114, 76.74039330800008 ], [ 174.855037114000083, 77.412791576000075 ], [ 175.969323297000074, 76.682366904000077 ], [ 178.985390580000058, 75.55382207500007 ], [ 179.99999999, 75.432506012000033 ], [ 179.99999999, 76.418798095000071 ] ] ] } },
{ "type": "Feature", "properties": { }, "geometry": { "type": "Polygon", "coordinates": [ [ [ -81.866974056999936, -4.754500459999974 ], [ -80.090164166999955, -2.795316125999932 ], [ -79.6397, -1.55071 ], [ -76.8751, 2.1992 ], [ -76.481864360999978, 3.50701084800005 ], [ -78.827830053999946, 3.496637809000049 ], [ -80.2042, 1.74779 ], [ -81.38020051999996, -0.906399411999928 ], [ -81.866974056999936, -4.754500459999974 ] ] ] } },
{ "type": "Feature", "properties": { }, "geometry": { "type": "Polygon", "coordinates": [ [ [ -60.743610074999935, 10.967187695000064 ], [ -64.753609043999973, 10.733598635000021 ], [ -64.821098149999955, 10.484190641000055 ], [ -66.33779911299996, 10.687420642000065 ], [ -68.184402141999954, 10.48970070200005 ], [ -71.5032, 7.73546 ], [ -75.185401075999948, 6.647543865000046 ], [ -76.241399564999938, 3.24863586400005 ], [ -79.6397, -1.55071 ], [ -81.707511905, -6.812299911999958 ], [ -80.841603599999985, -8.964998327999979 ], [ -77.910100802999978, -13.619999332999953 ], [ -71.626401547999933, -19.459499358999949 ], [ -71.297299599999974, -21.932600343999979 ], [ -60.617314938999968, -25.685803495999949 ], [ -48.868987789999949, -28.410886504999951 ], [ -47.263527515999954, -29.350542142999984 ], [ -46.2926, -28.649 ], [ -44.8412, -26.2893 ], [ -44.4425, -26.4208 ], [ -44.5942, -27.2788 ], [ -43.5153, -27.6855 ], [ -41.4338, -27.4478 ], [ -40.0415, -27.9314 ], [ -39.8313, -26.3271 ], [ -40.1349, -25.8676 ], [ -38.338, -22.9303 ], [ -38.7225, -22.1032 ], [ -38.4037, -20.4689 ], [ -38.7397, -18.8448 ], [ -38.0227, -17.4701 ], [ -38.3365, -13.2797 ], [ -37.2255, -12.3215 ], [ -36.8606, -10.9828 ], [ -35.3957, -10.1633 ], [ -34.5695, -9.244 ], [ -34.3087, -9.3233 ], [ -33.6334, -8.3939 ], [ -34.2661, -7.614 ], [ -34.8456, -4.5979 ], [ -36.6421, -4.7321 ], [ -38.5387, -2.8903 ], [ -39.8227, -2.235 ], [ -42.7276, -2.2661 ], [ -44.5424, -0.1135 ], [ -46.8098, 1.1225 ], [ -47.9181, 2.478 ], [ -49.3728, 3.0479 ], [ -49.7982, 3.5754 ], [ -50.2601, 5.345 ], [ -51.9399, 6.6098 ], [ -51.5996, 7.8942 ], [ -53.4902, 8.9014 ], [ -53.966, 9.4564 ], [ -54.5368, 9.5357 ], [ -54.965, 7.5852 ], [ -56.0592, 7.4901 ], [ -58.7867, 8.8697 ], [ -60.1968, 10.3174 ], [ -61.1809, 10.4083 ], [ -60.743610074999935, 10.967187695000064 ] ] ] } },
{ "type": "Feature", "properties": { }, "geometry": { "type": "Polygon", "coordinates": [ [ [ 109.453711794000071, 2.387270378000039 ], [ 108.036511421000057, 2.681525173000068 ], [ 107.422949607000078, 3.947936130000074 ], [ 107.667007147000049, 2.098410522000052 ], [ 108.670166016000053, -1.086730956999929 ], [ 108.506476622000037, -2.684865713999955 ], [ 111.739699991000066, -5.442659250999952 ], [ 112.626187795000078, -5.550310520999972 ], [ 114.539203972000109, -3.475910312999929 ], [ 115.401797352000031, -1.224490058999947 ], [ 115.165551907, -0.490432058999943 ], [ 113.535865831000038, 0.493377649000024 ], [ 112.092307659000085, 0.331494046000046 ], [ 110.446465511000042, 0.724944526000058 ], [ 109.914476130000082, 1.201518346000057 ], [ 109.453711794000071, 2.387270378000039 ] ] ] } },
{ "type": "Feature", "properties": { }, "geometry": { "type": "Polygon", "coordinates": [ [ [ -78.974734797999986, 7.214732991000062 ], [ -80.419193491999977, 10.276900620000051 ], [ -81.3377, 9.59627 ], [ -82.61454951099995, 9.755177524000032 ], [ -82.139999600999943, 8.989999635000055 ], [ -82.106637317999969, 7.840132194000034 ], [ -82.368444127999965, 7.619164795000075 ], [ -81.7445, 6.94025 ], [ -80.6443, 6.90997 ], [ -79.94584671399997, 7.098466378000073 ], [ -80.315313593999974, 7.278752754000039 ], [ -79.347003015999974, 7.413295910000045 ], [ -78.974734797999986, 7.214732991000062 ] ] ] } },
{ "type": "Feature", "properties": { }, "geometry": { "type": "Polygon", "coordinates": [ [ [ -52.138994698999966, -62.733030826999943 ], [ -52.619634872999939, -62.08336619499994 ], [ -55.114930656999952, -61.393308981999944 ], [ -57.728752283999931, -61.118970681999926 ], [ -66.144693979999943, -63.796020200999962 ], [ -76.282356850999975, -68.450208664999934 ], [ -83.102335498999935, -69.443018578999954 ], [ -81.780371998999954, -72.77039355899997 ], [ -85.343139202999964, -75.444892448999965 ], [ -78.903648068999985, -76.259086353999962 ], [ -77.507103089999987, -76.096397319999923 ], [ -69.620003160999943, -76.63999926 ], [ -65.80999716499997, -76.360000301999932 ], [ -60.56000106699998, -75.069999235999944 ], [ -58.080002219999969, -74.019996518999946 ], [ -56.229999174999932, -72.819999469999985 ], [ -54.925400146999927, -71.237296267 ], [ -53.629702872999978, -69.108220961999962 ], [ -53.847, -68.037 ], [ -52.394, -66.674 ], [ -52.24499328399996, -65.121304744999975 ], [ -51.386544301999926, -64.681460759999936 ], [ -51.080167652999926, -63.372057981999937 ], [ -51.650514946999976, -62.781635264999977 ], [ -52.138994698999966, -62.733030826999943 ] ] ] } },
{ "type": "Feature", "properties": { }, "geometry": { "type": "Polygon", "coordinates": [ [ [ 179.99999999, -72.530013726999982 ], [ 178.730532150000045, -72.651741896 ], [ 178.056311376000053, -71.685749559999977 ], [ 175.235045774000014, -72.168063855999947 ], [ 172.775187409000068, -71.988170378999939 ], [ 170.8652, -70.9411 ], [ 165.731000000000108, -69.683 ], [ 160.626, -68.9361 ], [ 153.428000000000111, -66.0609 ], [ 145.399000000000115, -63.9735 ], [ 140.332000000000107, -61.9867 ], [ 138.796, -61.7214 ], [ 127.679, -63.7652 ], [ 122.314, -63.5422 ], [ 115.216, -63.7569 ], [ 107.723, -63.3685 ], [ 101.888154945000053, -62.294935749999972 ], [ 95.756832273000057, -62.546928263999988 ], [ 96.064823125000046, -63.722893331999956 ], [ 94.160879682000086, -64.254877528999955 ], [ 85.98630350600007, -65.199267084999988 ], [ 77.104, -64.848 ], [ 76.56, -64.74 ], [ 76.262264577000053, -64.07412493299995 ], [ 73.950689999000076, -63.792496677 ], [ 72.149992, -64.379703 ], [ 70.560592660000054, -63.875403298999977 ], [ 67.138339156000029, -64.09464531499998 ], [ 57.9, -63.636 ], [ 57.22, -64.35 ], [ 49.867, -63.606 ], [ 43.398097, -65.439369 ], [ 41.022035, -66.933306 ], [ 39.404978, -66.77665 ], [ 38.550588, -67.430296 ], [ 34.710647, -66.793327 ], [ 34.402132, -66.343437 ], [ 34.840767, -65.072714 ], [ 33.850932, -64.613912 ], [ 33.036668, -64.99457 ], [ 32.113035489000026, -67.00860279399997 ], [ 30.742599, -68.479699 ], [ 25.7991, -69.835799 ], [ 20.0405, -69.7959 ], [ 15.918899, -69.2139 ], [ 4.9172, -70.0045 ], [ 2.2529, -70.052799 ], [ 0.232859122000036, -69.720256693999957 ], [ 0.232859122000036, -90.0 ], [ 179.99999999, -90.0 ], [ 179.99999999, -72.530013726999982 ] ] ] } },
{ "type": "Feature", "properties": { }, "geometry": { "type": "Polygon", "coordinates": [ [ [ -110.42849621, -75.288626466999972 ], [ -131.34153790299996, -75.851204640999981 ], [ -138.692886754999961, -75.648128705999952 ], [ -139.979034343999956, -75.336745605999965 ], [ -141.505416729, -73.853270089999981 ], [ -146.065735473999979, -74.811886718 ], [ -156.011403189999982, -76.059493570999962 ], [ -165.04571134699998, -75.54823824999994 ], [ -170.483163530999974, -84.032695024999938 ], [ -164.41952828099997, -84.756711175 ], [ -149.459269175999964, -85.286501125999948 ], [ -122.865959238999949, -84.090270547999964 ], [ -114.135811177999983, -82.254470437999956 ], [ -111.320000233999963, -83.139999348999922 ], [ -103.330002218999937, -83.690002411999956 ], [ -96.592003103999957, -84.875999424999975 ], [ -86.449997276999966, -84.660003381999928 ], [ -81.949997215999986, -83.949996474999963 ], [ -83.529999158999942, -83.620002406999944 ], [ -90.529999253999961, -83.629997437999961 ], [ -92.669998230999965, -83.279998474999985 ], [ -91.139999166999985, -82.790000385999974 ], [ -92.37999717799994, -82.499999509999924 ], [ -92.029999097999962, -82.419998470999985 ], [ -84.419998206999935, -82.220001611 ], [ -86.230003115999978, -81.809997497999973 ], [ -74.980003050999983, -79.709999306 ], [ -77.605301121999958, -79.27909835399997 ], [ -80.17310299899998, -79.296996382999978 ], [ -80.006203234999987, -79.594497461999921 ], [ -80.627800003999937, -79.611198580999925 ], [ -83.83730314099995, -78.399002334999963 ], [ -82.714104185999986, -78.328300394999971 ], [ -79.980903008999974, -78.858802365999964 ], [ -76.988899027999935, -78.612899458999948 ], [ -81.129997112999945, -77.928001355999967 ], [ -80.295082073999936, -77.905090359999974 ], [ -81.277801054999941, -77.694702384 ], [ -80.952301139999975, -77.602203360999965 ], [ -75.112198066999952, -78.14109730199992 ], [ -73.080002070999967, -77.910003554999932 ], [ -77.410004139999955, -77.160003279999955 ], [ -78.903648068999985, -76.259086353999962 ], [ -85.339123531999974, -75.445400180999968 ], [ -110.42849621, -75.288626466999972 ] ] ] } },
{ "type": "Feature", "properties": { }, "geometry": { "type": "Polygon", "coordinates": [ [ [ 117.077631985000039, -5.947610721999979 ], [ 115.46685791000003, -5.895263665999948 ], [ 113.843008682000118, -7.327911637999931 ], [ 110.930548410000085, -7.470679297999937 ], [ 108.740370484000039, -8.211893891999978 ], [ 115.765661969000021, -9.197276910999962 ], [ 115.883003125000087, -8.12657926199995 ], [ 117.077631985000039, -5.947610721999979 ] ] ] } },
{ "type": "Feature", "properties": { }, "geometry": { "type": "Polygon", "coordinates": [ [ [ 97.27010157400008, 2.546553338000024 ], [ 95.514059352000061, 3.802908749000039 ], [ 93.72060409900007, 5.732180569000036 ], [ 92.988813092000044, 5.125092265000035 ], [ 93.731363162000036, 3.804 ], [ 95.889600754000071, 1.533102036000059 ], [ 98.240400314000055, -2.142900466999947 ], [ 102.059000015000052, -6.888698577999946 ], [ 105.31719779000008, -8.019349150999972 ], [ 105.188226758000042, -7.294994632999931 ], [ 101.981434366000087, -4.706043807999947 ], [ 98.312305495000032, 0.347931369000037 ], [ 97.27010157400008, 2.546553338000024 ] ] ] } },
{ "type": "Feature", "properties": { }, "geometry": { "type": "Polygon", "coordinates": [ [ [ 35.229297765000076, -5.37815835899994 ], [ 36.369366127000028, -0.937508483999977 ], [ 35.985003760000041, 0.419891629000062 ], [ 36.673892917000046, 5.634514596000032 ], [ 32.137980779000031, 3.838470697000048 ], [ 31.526349903000039, 3.13946960800007 ], [ 31.556650028000039, 2.412299628000028 ], [ 29.921418922000043, 0.93089074300002 ], [ 29.113290975000037, -2.019815240999947 ], [ 29.71493494300006, -5.929616325999973 ], [ 33.764194796000027, -9.170961373999944 ], [ 33.906765037000071, -8.611104373999979 ], [ 35.44572097300005, -7.252970362999982 ], [ 35.229297765000076, -5.37815835899994 ] ] ] } },
{ "type": "Feature", "properties": { }, "geometry": { "type": "Polygon", "coordinates": [ [ [ 125.360241900000133, 1.833765715000027 ], [ 123.668882411000027, 1.386951681000028 ], [ 120.723963163, 1.7107 ], [ 120.001047613000097, 1.361109512000041 ], [ 119.480698106000091, 0.566200757000047 ], [ 119.84812890700006, -0.937469281999938 ], [ 121.333636395000099, -0.056881632999932 ], [ 124.7823329900001, -0.001659365999956 ], [ 125.626801062000027, 1.444900675000042 ], [ 125.360241900000133, 1.833765715000027 ] ] ] } },
{ "type": "Feature", "properties": { }, "geometry": { "type": "Polygon", "coordinates": [ [ [ 131.560642072000064, -0.261910761999957 ], [ 129.269172775000015, 1.515811682000048 ], [ 128.987651761000052, 2.492604291000021 ], [ 127.83859205400006, 0.815280828000027 ], [ 128.88467399700005, -1.076799317999928 ], [ 130.150605386000052, -0.990991551999969 ], [ 131.560642072000064, -0.261910761999957 ] ] ] } },
{ "type": "Feature", "properties": { }, "geometry": { "type": "Polygon", "coordinates": [ [ [ 143.627634058000012, -3.293981643999928 ], [ 140.738351502000114, -1.747638005999931 ], [ 135.471112497000036, 0.080771962000028 ], [ 133.280175529000076, -0.158250920999933 ], [ 134.832702955000059, -0.705800388999933 ], [ 135.814209133000077, -1.483650459999979 ], [ 141.134843373000081, -3.001991789999977 ], [ 143.627634058000012, -3.293981643999928 ] ] ] } },
{ "type": "Feature", "properties": { }, "geometry": { "type": "Polygon", "coordinates": [ [ [ -120.557294274999933, 51.808672621000028 ], [ -120.153507753999989, 49.829937279000035 ], [ -119.699968244999965, 49.487669794000048 ], [ -119.316087072999949, 49.772479902000043 ], [ -118.849399259, 49.567967627000023 ], [ -119.353870527999959, 49.176301809000044 ], [ -119.138320155999963, 48.894135992000031 ], [ -118.458057371999971, 48.552423783000044 ], [ -118.122476795999944, 48.95934211400003 ], [ -117.92430023699994, 48.758158263000034 ], [ -117.549512, 49.477180013000066 ], [ -118.049036486, 49.795040911000058 ], [ -117.034714147999978, 49.758140495000063 ], [ -118.006942454999958, 51.074920711000061 ], [ -118.622759495999972, 51.229143612000016 ], [ -118.278487866999967, 50.111708443000047 ], [ -118.949192668999956, 51.12984926700004 ], [ -118.876786098999958, 51.653155182000027 ], [ -122.599433623999971, 53.592743165000059 ], [ -122.549205359999988, 53.214929066000074 ], [ -120.557294274999933, 51.808672621000028 ] ] ] } },
{ "type": "Feature", "properties": { }, "geometry": { "type": "Polygon", "coordinates": [ [ [ -158.66132723399997, 64.308146609000062 ], [ -158.392953908999971, 63.84902197200006 ], [ -157.993186245999965, 63.87851360600007 ], [ -156.985768246999982, 64.527686881000079 ], [ -158.66132723399997, 64.308146609000062 ] ] ] } },
{ "type": "Feature", "properties": { }, "geometry": { "type": "Polygon", "coordinates": [ [ [ -141.108270455999985, 64.807005939000078 ], [ -143.275541842, 65.426104476000035 ], [ -146.900602712999984, 65.815094191000071 ], [ -151.213217346999983, 65.197670506000065 ], [ -151.788438593999985, 64.28334228600005 ], [ -154.424945561999976, 62.31370689400007 ], [ -150.671364774999972, 63.218222664000052 ], [ -146.929300307999966, 63.497900009000041 ], [ -143.937799453999958, 62.999399185000073 ], [ -140.104856596, 61.733251402000072 ], [ -139.000668191999978, 62.292080621000082 ], [ -141.191015713999946, 63.114869330000047 ], [ -140.089114114999973, 63.550403028000055 ], [ -143.143001124999955, 63.899563491000038 ], [ -143.217813633999981, 64.27366518000008 ], [ -142.749329888999966, 64.756886449000035 ], [ -141.108270455999985, 64.807005939000078 ] ] ] } },
{ "type": "Feature", "properties": { }, "geometry": { "type": "Polygon", "coordinates": [ [ [ -144.23195691899997, 61.87415470500008 ], [ -145.782244771999956, 62.666481621000059 ], [ -147.737533352999975, 62.532661552000036 ], [ -153.002599716, 60.761499405000052 ], [ -156.160900115999965, 59.145601273000068 ], [ -160.026550035999975, 56.604240772000082 ], [ -166.835403308999986, 54.544547625000057 ], [ -169.629700776999982, 54.123543041000076 ], [ -169.38509336499996, 52.736829094000029 ], [ -160.156253757999963, 55.205213745000044 ], [ -153.56489944499998, 57.778200150000025 ], [ -149.220546528999961, 61.489179214000046 ], [ -145.852600097999982, 61.754104614000035 ], [ -143.593120867999971, 61.184251509000028 ], [ -144.23195691899997, 61.87415470500008 ] ] ] } },
{ "type": "Feature", "properties": { }, "geometry": { "type": "Polygon", "coordinates": [ [ [ -153.002599716, 60.761499405000052 ], [ -150.466139837999975, 61.657777174000053 ], [ -149.129120903999961, 62.747323523000034 ], [ -146.421099935999962, 63.450610484000038 ], [ -151.222940282999957, 63.087106301000063 ], [ -151.479759565999984, 62.725623241000058 ], [ -152.761460694999982, 62.407486104000036 ], [ -154.026610074999979, 61.493192844000077 ], [ -155.521179484999976, 60.933091137000062 ], [ -157.118895970999972, 60.721686986000044 ], [ -157.590603649999963, 61.29286092500007 ], [ -159.939376874, 60.582360712000067 ], [ -162.823493053999982, 59.076195929000058 ], [ -159.845896469999985, 60.235970522000066 ], [ -158.657936260999975, 60.253782134000062 ], [ -158.218524332999976, 59.840610984000087 ], [ -158.560369243999958, 59.716512318000049 ], [ -158.61964518299996, 59.25698090000003 ], [ -160.902013271999976, 58.044228189000073 ], [ -159.175665253999966, 57.155449570000037 ], [ -153.002599716, 60.761499405000052 ] ] ] } },
{ "type": "Feature", "properties": { }, "geometry": { "type": "Polygon", "coordinates": [ [ [ -149.82281294699996, 67.08198344300007 ], [ -160.165589173999962, 66.952287545000047 ], [ -161.287199019999974, 66.178602219000084 ], [ -161.312999724999969, 64.636499405000052 ], [ -163.066526876999973, 63.49805018200005 ], [ -155.104805426999974, 64.852454594000051 ], [ -154.08457419299998, 65.532668090000072 ], [ -151.315099715999963, 66.233900070000075 ], [ -151.044898986999982, 66.801301956000032 ], [ -149.82281294699996, 67.08198344300007 ] ] ] } },
{ "type": "Feature", "properties": { }, "geometry": { "type": "Polygon", "coordinates": [ [ [ -53.197816082999964, -38.406203243999983 ], [ -53.614827661999975, -37.931024738999952 ], [ -60.489261744999972, -35.10037540999997 ], [ -64.080410221999955, -34.708065071999954 ], [ -64.189787938999984, -36.182034361999968 ], [ -61.956716937999943, -39.90552109999993 ], [ -54.446298139999946, -40.349551719999965 ], [ -53.197816082999964, -38.406203243999983 ] ] ] } },
{ "type": "Feature", "properties": { }, "geometry": { "type": "Polygon", "coordinates": [ [ [ -64.114883735999967, -35.376219931999977 ], [ -67.14403344699997, -34.366503361999946 ], [ -72.541328225999962, -29.994011388999979 ], [ -72.890203557999939, -33.633689377999929 ], [ -73.744802632999949, -34.858501389999958 ], [ -74.732769495999946, -38.001127342999951 ], [ -69.008139927999935, -38.243013098999938 ], [ -65.548457415999962, -39.590941350999977 ], [ -63.994463405999973, -39.511249349999964 ], [ -61.956716937999943, -39.90552109999993 ], [ -64.189787938999984, -36.182034361999968 ], [ -64.114883735999967, -35.376219931999977 ] ] ] } },
{ "type": "Feature", "properties": { }, "geometry": { "type": "Polygon", "coordinates": [ [ [ -54.446298139999946, -40.349551719999965 ], [ -61.956716937999943, -39.90552109999993 ], [ -61.549603602999987, -40.759145835999959 ], [ -61.953982077999967, -42.107074086999951 ], [ -61.639465485999956, -43.679657046999978 ], [ -61.267233142999949, -44.447386254999969 ], [ -60.267436635999957, -45.181090077999954 ], [ -59.653535695999956, -47.23694438699993 ], [ -59.002522753999983, -48.20281375299993 ], [ -57.766886677999935, -48.290171985999962 ], [ -56.859523257999967, -47.901301948999958 ], [ -57.6061, -47.6826 ], [ -57.2908, -45.9827 ], [ -57.8782, -43.9535 ], [ -56.6441, -42.9922 ], [ -54.446298139999946, -40.349551719999965 ] ] ] } },
{ "type": "Feature", "properties": { }, "geometry": { "type": "Polygon", "coordinates": [ [ [ 134.734862502000055, 71.410518492000065 ], [ 132.709532077000063, 71.817333460000043 ], [ 131.537931159000095, 70.92405920200008 ], [ 128.799038397000118, 71.307447384000056 ], [ 129.140158568000061, 70.776911700000028 ], [ 128.933465892000072, 69.16432320400007 ], [ 128.012538520000021, 66.466153614000049 ], [ 129.583448129000089, 65.066480704000071 ], [ 132.179575636000095, 64.014555850000079 ], [ 137.435186424000108, 63.162201876000054 ], [ 137.027247040000049, 62.279315128000086 ], [ 136.330688573000089, 61.714063559000067 ], [ 136.250306119000015, 61.03107575100006 ], [ 136.596127705000072, 60.256204766000053 ], [ 136.435618519000059, 58.24133151900002 ], [ 137.18965404000005, 56.847402153000068 ], [ 137.911574368000061, 57.331407672000061 ], [ 138.715929227000061, 59.504531518000078 ], [ 142.597281671000019, 62.071534537000048 ], [ 144.145576832000074, 62.102732223000032 ], [ 144.632146674000069, 62.550204265000048 ], [ 146.305352710000079, 62.79242302300009 ], [ 147.792159260000062, 62.526972646000047 ], [ 145.647826253000062, 64.099468450000074 ], [ 143.975189026000066, 64.845525507000048 ], [ 141.596826473000078, 64.822973600000068 ], [ 137.41300985700002, 66.144364876000054 ], [ 135.808796314000119, 67.033534197000051 ], [ 133.478690338000092, 69.112781471000062 ], [ 134.635068948000026, 69.877783220000097 ], [ 136.666061925, 70.549320296000062 ], [ 134.734862502000055, 71.410518492000065 ] ] ] } },
{ "type": "Feature", "properties": { }, "geometry": { "type": "Polygon", "coordinates": [ [ [ 148.435194864000096, 58.866208668000077 ], [ 144.145576832000074, 62.102732223000032 ], [ 142.597281671000019, 62.071534537000048 ], [ 138.715929227000061, 59.504531518000078 ], [ 137.911574368000061, 57.331407672000061 ], [ 137.18965404000005, 56.847402153000068 ], [ 137.730740597000022, 56.037436475000035 ], [ 138.77141106900001, 56.28831689000004 ], [ 140.108733883000014, 57.304351714000063 ], [ 142.881897172000095, 58.653449564 ], [ 145.130402125000046, 59.103160797000051 ], [ 148.435194864000096, 58.866208668000077 ] ] ] } },
{ "type": "Feature", "properties": { }, "geometry": { "type": "Polygon", "coordinates": [ [ [ -21.3683, 83.605000000000103 ], [ -30.860290503999984, 83.885861227000063 ], [ -40.3784, 83.5688 ], [ -40.928120389999954, 83.838188892000076 ], [ -51.785447392999949, 83.210082563000057 ], [ -61.048858130999982, 82.165636019000019 ], [ -69.896515221999948, 79.958709832000082 ], [ -74.615577856999948, 77.96542267600006 ], [ -75.818293763999975, 76.222007809000047 ], [ -66.77707245299996, 74.512762425000076 ], [ -59.738274292999968, 70.869741800000043 ], [ -57.763803654999954, 69.161274706000029 ], [ -58.586980930999971, 67.393775829000049 ], [ -58.638058003999966, 66.62182696800005 ], [ -59.523744197, 66.162849668000064 ], [ -60.276148404999965, 63.957971470000075 ], [ -59.492194968999968, 63.086599310000047 ], [ -56.760135332999937, 62.857490596000055 ], [ -49.290109479999941, 59.550306174000028 ], [ -45.808113938999952, 59.61813896600006 ], [ -43.993090717999969, 59.259291978000071 ], [ -42.372257082999965, 59.559972888000068 ], [ -41.540378035999936, 60.169546127999979 ], [ -39.256073614999934, 63.338025398000077 ], [ -36.26993020599997, 64.614522028000067 ], [ -34.431280795999953, 65.893906070000071 ], [ -30.779947137999955, 67.522772560000078 ], [ -25.729930261999986, 68.632927720000069 ], [ -21.971054713999933, 70.110719016000075 ], [ -20.749467243999963, 71.203969374000039 ], [ -20.487984978999975, 72.217746866000098 ], [ -21.106168454999931, 72.543852923000017 ], [ -20.663469672999952, 73.363235568000064 ], [ -19.159068909999974, 73.872145421000084 ], [ -14.902491291999977, 74.352443778000065 ], [ -8.647977136999941, 75.691969293000042 ], [ -2.822350407999977, 76.403727486000037 ], [ -3.0888, 77.0694 ], [ -4.351513325999974, 78.051587263000044 ], [ -3.86662278399996, 78.182187610000099 ], [ -3.195940204999943, 79.232981603000027 ], [ -3.224493736999932, 79.737427337000057 ], [ -5.2059, 80.5758 ], [ -5.0445, 80.911 ], [ -14.603285867999944, 82.494171822000084 ], [ -15.634923754999944, 83.017536498000069 ], [ -20.941354297999972, 83.295599571000096 ], [ -21.3683, 83.605000000000103 ] ] ] } },
{ "type": "Feature", "properties": { }, "geometry": { "type": "Polygon", "coordinates": [ [ [ 49.588778175000073, 82.254139475000045 ], [ 44.75591, 81.81765 ], [ 43.00192, 80.67967 ], [ 42.497589065000057, 79.824958726000034 ], [ 50.989551800000058, 78.723647620000065 ], [ 60.377158909000052, 78.770317762000033 ], [ 65.90695177300006, 80.390350686000033 ], [ 67.196226247000084, 82.413412615000084 ], [ 49.588778175000073, 82.254139475000045 ] ] ] } },
{ "type": "Feature", "properties": { }, "geometry": { "type": "Polygon", "coordinates": [ [ [ -92.044514877999973, 77.18167660500005 ], [ -88.490343715999984, 77.771188069000075 ], [ -87.509268627999973, 78.504795929000082 ], [ -87.574768854999945, 78.887077860000048 ], [ -87.994919148999941, 79.435635221000055 ], [ -91.711985201999937, 81.27018547800003 ], [ -93.465526952999937, 82.904261076000083 ], [ -118.563607757999989, 79.291907141000095 ], [ -122.236446863999973, 78.545011250000087 ], [ -127.110794522, 77.018688185000059 ], [ -126.911094184, 76.479682733000047 ], [ -125.927917134999973, 75.84629874500007 ], [ -121.993897803999985, 75.35649438500009 ], [ -119.352712328999971, 75.641022046000032 ], [ -113.864390569999955, 75.263623687000063 ], [ -107.793100684999956, 75.845840172000067 ], [ -104.45816294499997, 76.795014191000064 ], [ -99.770624764, 77.383930790000093 ], [ -92.044514877999973, 77.18167660500005 ] ] ] } },
{ "type": "Feature", "properties": { }, "geometry": { "type": "Polygon", "coordinates": [ [ [ 13.881221943000071, 80.784484615000054 ], [ 16.730957190000026, 78.669241305000071 ], [ 19.327676970000027, 75.98089357700006 ], [ 26.518343003000041, 76.17001371300006 ], [ 34.120383858000025, 79.389198615000055 ], [ 37.235792230000065, 81.783405210000041 ], [ 31.019352020000039, 81.240954913000053 ], [ 24.493795273000053, 81.393405313000088 ], [ 13.881221943000071, 80.784484615000054 ] ] ] } },
{ "type": "Feature", "properties": { }, "geometry": { "type": "Polygon", "coordinates": [ [ [ -117.928146235999975, 74.850288727000077 ], [ -125.927917134999973, 75.84629874500007 ], [ -126.911094184, 76.479682733000047 ], [ -127.110794522, 77.018688185000059 ], [ -128.904711478999957, 76.016023309000047 ], [ -129.68563479, 75.102952675000026 ], [ -129.227122956999949, 74.222773891000045 ], [ -130.231736457999943, 72.929636108000068 ], [ -132.98241907299996, 71.564894454000083 ], [ -136.625978165999982, 70.733077790000038 ], [ -137.314843555999971, 69.006716233000091 ], [ -135.590599059999988, 68.248800278000033 ], [ -135.704198836999979, 67.22610282900007 ], [ -133.231970368999953, 65.149504179000076 ], [ -132.161212915999954, 64.706924432000051 ], [ -129.454198836999979, 64.489400864000061 ], [ -126.329299926999965, 63.22990226700005 ], [ -125.505399703999956, 61.648500443000053 ], [ -126.134899138999984, 59.484399796000034 ], [ -121.955099105999977, 55.257501602000048 ], [ -116.11689948999998, 52.265901566000075 ], [ -111.595199584999989, 46.618402481000032 ], [ -110.783599853999988, 45.102300644000074 ], [ -107.751798629999939, 42.215501785000079 ], [ -105.411800385, 37.43440055800005 ], [ -107.415100097999982, 33.747499466000079 ], [ -107.360330852999937, 32.421806827000069 ], [ -104.565198897999949, 30.379102707000072 ], [ -103.956899642999986, 26.763101578000033 ], [ -102.980124218999947, 25.470343558000025 ], [ -100.440208339, 25.738988468000056 ], [ -98.315471115999969, 24.981898203000075 ], [ -98.095670670999937, 24.517875081000057 ], [ -96.862731398999983, 23.886194154000066 ], [ -95.1589, 26.355 ], [ -93.9808, 26.9636 ], [ -91.4088, 27.5036 ], [ -87.166046392999988, 27.295463257000051 ], [ -85.568246553999984, 27.602111711000077 ], [ -85.136238476999949, 27.903429102000075 ], [ -89.271621703999983, 30.317094803000028 ], [ -92.406507320999935, 31.252871247000034 ], [ -87.841422558999966, 31.81641141900008 ], [ -83.879956334999974, 33.330039132000024 ], [ -82.054405211999949, 34.48339653000005 ], [ -76.417678906999981, 39.094779508000052 ], [ -72.38023289299997, 41.087704720000033 ], [ -71.668766171999948, 42.714109451000091 ], [ -64.803786972999944, 47.043246001000057 ], [ -57.392460783999987, 48.113482306000037 ], [ -53.922285641999949, 49.691197143000053 ], [ -48.549055760999977, 51.323703918000035 ], [ -49.802106660999989, 51.750127987000035 ], [ -50.82226482699997, 52.695624946000066 ], [ -51.622453155999949, 54.21773454100002 ], [ -52.972665129999939, 54.722882196000057 ], [ -60.77947736, 59.292323809000038 ], [ -61.965050557999966, 60.597552013000048 ], [ -67.002394153999944, 60.954444057000046 ], [ -78.549517465999941, 64.184338601000036 ], [ -79.560384342999953, 65.213256672000057 ], [ -80.414713519999964, 69.054635420000068 ], [ -82.006321161999949, 69.686709268000072 ], [ -84.603154682999957, 69.915169695000031 ], [ -86.895186266999985, 69.708484566000038 ], [ -89.291315160999943, 70.43588083700007 ], [ -90.874471752, 71.762309332000015 ], [ -89.206786908999959, 74.174435801000087 ], [ -103.387405174999969, 74.238349706000065 ], [ -114.315140055999962, 73.846496673000061 ], [ -117.928146235999975, 74.850288727000077 ] ] ] } },
{ "type": "Feature", "properties": { }, "geometry": { "type": "Polygon", "coordinates": [ [ [ 144.260400042000015, 68.490082901000051 ], [ 146.820930374000113, 68.935694569000077 ], [ 153.892425920000051, 68.917685772000112 ], [ 156.989202427000123, 68.847495785000049 ], [ 159.820176686000082, 68.36948697800004 ], [ 160.26149049300011, 68.783233514000088 ], [ 157.300119024000082, 69.595157228000048 ], [ 142.947341154000014, 69.518020804000059 ], [ 141.240909272000067, 69.312288154000058 ], [ 139.698279353000089, 68.712400845000047 ], [ 138.210188536000032, 67.580930433000063 ], [ 138.596184739000023, 66.958396661000052 ], [ 139.399144782, 66.528273834000046 ], [ 141.718796675000021, 65.894087610000042 ], [ 144.64547290500002, 65.708028015000082 ], [ 147.960068062000119, 64.403098899000042 ], [ 149.475805019000063, 65.07868389500004 ], [ 149.356877684000096, 65.442339 ], [ 150.113883299000122, 65.698073306000083 ], [ 150.08967770400011, 65.943547688000081 ], [ 146.073935191000032, 66.66955106100005 ], [ 143.226991159000022, 67.721457957000041 ], [ 139.650237931000134, 67.839022735000071 ], [ 139.742641753000044, 68.265498126000068 ], [ 141.883206370000039, 68.93629943600007 ], [ 143.013525813000115, 68.958244643000072 ], [ 144.260400042000015, 68.490082901000051 ] ] ] } },
{ "type": "Feature", "properties": { }, "geometry": { "type": "Polygon", "coordinates": [ [ [ 145.713414185000033, 47.240387446000049 ], [ 144.46238685000003, 50.350231708000074 ], [ 144.389465205000079, 52.392299654000048 ], [ 143.441360029000066, 55.072528632000051 ], [ 142.02526910600011, 55.549488557000075 ], [ 140.825957923000033, 55.192932723000062 ], [ 140.70091801, 54.551778750000032 ], [ 141.563369979000072, 53.54096977100005 ], [ 141.735947033000116, 51.389938665000045 ], [ 141.350707908000118, 49.741729611000032 ], [ 140.633499055000016, 48.382747626000018 ], [ 142.282561910000027, 44.027950549000039 ], [ 142.54835510800001, 43.933940644000081 ], [ 142.511902143000043, 43.058757643000042 ], [ 143.301284970000097, 41.232212663000041 ], [ 144.426006045, 40.51504637000005 ], [ 144.587515951000114, 41.199270967000082 ], [ 145.807500000000118, 42.1165 ], [ 146.226152833000015, 44.102537422000069 ], [ 148.413963162000073, 44.6655 ], [ 152.799731568000084, 46.995240656000078 ], [ 152.304860513000108, 47.538002458000044 ], [ 150.200506663000056, 46.362695543000022 ], [ 145.829083428000104, 44.800177884000057 ], [ 144.247623763000092, 44.534764313000032 ], [ 143.857351419000111, 47.147321800000036 ], [ 145.713414185000033, 47.240387446000049 ] ] ] } },
{ "type": "Feature", "properties": { }, "geometry": { "type": "Polygon", "coordinates": [ [ [ -179.99999999, 50.517123253000079 ], [ -176.222885534999961, 50.587589175000062 ], [ -169.243606524999961, 51.66360752800005 ], [ -169.629700776999982, 54.123543041000076 ], [ -179.99999999, 52.560001655000065 ], [ -179.99999999, 50.517123253000079 ] ] ] } },
{ "type": "Feature", "properties": { }, "geometry": { "type": "Polygon", "coordinates": [ [ [ 158.140826701000037, 74.644274280000047 ], [ 155.488306444000045, 75.446028482000031 ], [ 148.81621614900007, 76.050096559000039 ], [ 146.803073443000017, 76.55945683200008 ], [ 143.416010194000023, 77.741196058000057 ], [ 143.676240373000041, 78.040053077000053 ], [ 141.904984248000119, 79.496797812000054 ], [ 140.084147252000093, 79.050984406000055 ], [ 133.436963162000097, 78.8021 ], [ 126.607498159000087, 77.028998696000031 ], [ 123.427592412000067, 76.702220334000074 ], [ 133.439192797000032, 77.382918423000049 ], [ 135.817393268000046, 76.97038918500003 ], [ 137.63994376900007, 77.308592498000053 ], [ 140.767837640000039, 76.634021596000096 ], [ 142.484999508000129, 75.641260215000031 ], [ 143.4807545970001, 74.151013243000094 ], [ 152.724552824000057, 74.223157044000075 ], [ 158.140826701000037, 74.644274280000047 ] ] ] } },
{ "type": "Feature", "properties": { }, "geometry": { "type": "Polygon", "coordinates": [ [ [ 13.7934, 53.9039 ], [ 2.70096, 56.5833 ], [ 1.356653347000018, 57.179052283000033 ], [ 0.862444855000035, 56.261945063000042 ], [ 0.085701516000029, 55.748314270000037 ], [ -4.808259603999947, 54.302840521000064 ], [ -7.994038992999949, 52.747569189000046 ], [ -10.17569456699994, 52.362489230000051 ], [ -14.884328746999923, 49.606500366000027 ], [ -13.241375633999953, 47.719689978000062 ], [ -12.551673362999969, 47.41887470000006 ], [ -9.374155726999957, 49.12556702500008 ], [ -3.838931512999978, 50.080624264000051 ], [ -0.244630075999965, 50.337360081000043 ], [ 0.908023, 49.74088 ], [ 2.653764220000029, 49.381242959000069 ], [ 5.588098765000038, 49.278889656000054 ], [ 7.856336117000076, 49.677365303000045 ], [ 9.379396439000061, 50.581746102000068 ], [ 13.173600674000056, 51.829503060000043 ], [ 14.879719735000039, 51.98228931500006 ], [ 20.205427387000043, 51.470020295000026 ], [ 16.5494, 53.4483 ], [ 14.977145966000023, 54.015653313000023 ], [ 13.7934, 53.9039 ] ] ] } },
{ "type": "Feature", "properties": { }, "geometry": { "type": "Polygon", "coordinates": [ [ [ 133.393355984000095, 42.457237640000073 ], [ 134.584243942000057, 42.839969751000069 ], [ 136.239318897000089, 44.032932613000071 ], [ 140.633499055000016, 48.382747626000018 ], [ 141.732089516000087, 51.344818122000049 ], [ 138.588721928000041, 50.753531666000072 ], [ 138.103994767000017, 50.399854590000068 ], [ 136.857086012000082, 48.076801602000046 ], [ 134.132736108000017, 44.212955656000084 ], [ 133.393355984000095, 42.457237640000073 ] ] ] } },
{ "type": "Feature", "properties": { }, "geometry": { "type": "Polygon", "coordinates": [ [ [ -0.58279999399997, 43.177398684000025 ], [ -5.805238371999963, 44.880134613000052 ], [ -8.726158763999941, 44.504644063000065 ], [ -12.720201311999972, 43.013110677000043 ], [ -12.998367897999971, 42.162556571000039 ], [ -12.681638614999944, 41.420092086000068 ], [ -12.959351496999943, 40.45114114800004 ], [ -12.695415527999964, 37.896091074000033 ], [ -13.200304339999946, 36.33762932500008 ], [ -11.500948372999972, 36.121176583000079 ], [ -10.604327369999966, 36.594485767000037 ], [ -8.689451781999935, 36.072706959000072 ], [ -6.106300160999979, 36.285800554000048 ], [ -4.692200262999966, 37.051998673000078 ], [ -0.184056960999953, 38.431142162000079 ], [ 1.865632849000064, 40.239948319000064 ], [ 5.112513323000031, 41.687189203000059 ], [ 5.002780646000076, 42.06315068400005 ], [ 4.527549977000035, 41.873489583000037 ], [ 3.004999905000035, 42.927101572000026 ], [ -0.58279999399997, 43.177398684000025 ] ] ] } },
{ "type": "Feature", "properties": { }, "geometry": { "type": "Polygon", "coordinates": [ [ [ -103.319480218999956, 25.614569864000032 ], [ -111.089561095999954, 29.653108707000062 ], [ -112.845947142999989, 31.206710814000076 ], [ -114.452560120999976, 31.251630798000068 ], [ -113.265897267999947, 29.228617838000051 ], [ -110.848020190999989, 27.210321529000055 ], [ -110.933680787999947, 26.572625980000055 ], [ -109.470312268999976, 25.351962484000069 ], [ -108.869136644999969, 24.096226554000054 ], [ -107.773756571999968, 23.322282246000043 ], [ -107.830863635999947, 22.848769506000053 ], [ -107.024226354999939, 22.015958153000042 ], [ -107.169373476, 21.566240023000034 ], [ -106.348459428999945, 21.192664645000036 ], [ -105.725404106999974, 20.277138974000025 ], [ -105.679686152999977, 20.784884023000075 ], [ -96.179390262999974, 19.463499650000074 ], [ -94.888634358, 18.883146993000025 ], [ -94.918438054999967, 19.914059215000066 ], [ -96.466052711999964, 20.670877058000034 ], [ -97.1458, 22.0208 ], [ -97.3096, 23.1638 ], [ -96.862731398999983, 23.886194154000066 ], [ -98.095670670999937, 24.517875081000057 ], [ -98.315471115999969, 24.981898203000075 ], [ -100.440208339, 25.738988468000056 ], [ -102.198611721999953, 25.445921326000075 ], [ -103.319480218999956, 25.614569864000032 ] ] ] } },
{ "type": "Feature", "properties": { }, "geometry": { "type": "Polygon", "coordinates": [ [ [ 131.443461933000094, 28.717014249000048 ], [ 129.18917818400007, 30.609359513000083 ], [ 125.789901899000043, 26.369899523000072 ], [ 127.870936343000039, 24.903515222000067 ], [ 129.610893941000086, 26.426820448000058 ], [ 130.663236761, 28.128967733000025 ], [ 131.443461933000094, 28.717014249000048 ] ] ] } },
{ "type": "Feature", "properties": { }, "geometry": { "type": "Polygon", "coordinates": [ [ [ 94.643250336000051, 14.126256934000025 ], [ 94.664847836000035, 14.817379762000032 ], [ 96.360442918000047, 15.956109767000044 ], [ 96.518198013000074, 17.734312057000068 ], [ 96.955533981000087, 16.611776352000049 ], [ 96.215420324000036, 20.200645048000069 ], [ 96.216281865000042, 24.443520345000024 ], [ 95.768835706000061, 26.438518440000056 ], [ 94.604614224000045, 25.022491266000031 ], [ 93.980439179000086, 23.278083631000072 ], [ 94.147222527000054, 21.073934215000065 ], [ 94.946679883000058, 18.26344589200005 ], [ 94.119587717000059, 14.322233641000025 ], [ 94.643250336000051, 14.126256934000025 ] ] ] } },
{ "type": "Feature", "properties": { }, "geometry": { "type": "Polygon", "coordinates": [ [ [ 100.376403667000048, 12.884403224000039 ], [ 100.312277031000065, 14.990109303000052 ], [ 98.926635742000087, 17.305969238000046 ], [ 98.857299805000082, 18.100830078000058 ], [ 99.93682861300006, 21.120727539000029 ], [ 99.686950684000067, 23.133300781000059 ], [ 99.932861328000058, 24.243652344000058 ], [ 99.897465407000084, 25.909030444000052 ], [ 98.77330000700006, 27.447011781000072 ], [ 98.962938788000088, 24.288193105000065 ], [ 97.63519954700007, 23.117498290000075 ], [ 96.422505983000065, 23.054329860000053 ], [ 96.135730796000075, 22.311724668000068 ], [ 96.215420324000036, 20.200645048000069 ], [ 97.046510696000041, 16.378236771000036 ], [ 100.376403667000048, 12.884403224000039 ] ] ] } },
{ "type": "Feature", "properties": { }, "geometry": { "type": "Polygon", "coordinates": [ [ [ 127.730268669000125, 25.026048173000049 ], [ 125.789901899000043, 26.369899523000072 ], [ 124.379700171000081, 25.237100740000074 ], [ 121.802139184000112, 24.943328661000066 ], [ 121.5876, 23.0315 ], [ 122.831083776000028, 23.091362772000025 ], [ 123.018210866000103, 23.494987900000069 ], [ 125.660032774000115, 23.382554101000036 ], [ 127.161417179000068, 24.294648731000056 ], [ 127.730268669000125, 25.026048173000049 ] ] ] } },
{ "type": "Feature", "properties": { }, "geometry": { "type": "Polygon", "coordinates": [ [ [ -84.475, 23.8157 ], [ -87.648365686999966, 25.487280310000074 ], [ -88.327216447999945, 25.568519877000028 ], [ -89.428797589999988, 25.031667603000074 ], [ -91.868661000999964, 24.521374604000073 ], [ -93.687916559999962, 22.666773850000027 ], [ -94.752840787999958, 20.756537655000045 ], [ -94.888634358, 18.883146993000025 ], [ -94.464470147999975, 18.657947586000034 ], [ -94.702759306999951, 17.753837604000068 ], [ -93.127670205999948, 16.515298736000034 ], [ -90.821380161999969, 15.65067054900004 ], [ -89.750030131999949, 15.580750715000024 ], [ -88.586548205999975, 16.155460669000032 ], [ -88.127144083999951, 16.765489719000072 ], [ -87.302657950999958, 19.570850743000051 ], [ -85.778580043999966, 21.919300531000033 ], [ -84.340019240999936, 23.034900571000037 ], [ -81.838020058999973, 24.21766462000005 ], [ -83.57952118999998, 24.289710744000047 ], [ -84.855937428999937, 24.835324381000078 ], [ -84.475, 23.8157 ] ] ] } },
{ "type": "Feature", "properties": { }, "geometry": { "type": "Polygon", "coordinates": [ [ [ 108.036511421000057, 2.681525173000068 ], [ 109.453711794000071, 2.387270378000039 ], [ 108.523810148000052, 4.168909184000029 ], [ 108.485740301000078, 7.821323166000071 ], [ 107.787045441000103, 9.11758608100007 ], [ 104.067565918000071, 12.549316406000059 ], [ 100.67707751100005, 14.710888031000025 ], [ 101.652832031000074, 12.706604004000042 ], [ 101.684760496000095, 8.894336318000059 ], [ 107.411053041000059, 4.038091113000064 ], [ 108.036511421000057, 2.681525173000068 ] ] ] } },
{ "type": "Feature", "properties": { }, "geometry": { "type": "Polygon", "coordinates": [ [ [ -95.871132178999972, 19.404779704000077 ], [ -105.679686152999977, 20.784884023000075 ], [ -105.719821001999946, 20.584209776000023 ], [ -105.457895416999989, 19.06077010100006 ], [ -104.3027, 18.1239 ], [ -98.4844, 15.4875 ], [ -95.5296, 15.0843 ], [ -93.982399249999958, 15.444400594000058 ], [ -90.470812283999976, 15.337091250000073 ], [ -90.059312965999936, 15.445184971000062 ], [ -89.76, 15.55 ], [ -89.743691456999954, 15.58386212700003 ], [ -92.537958146999983, 16.198460780000062 ], [ -93.769996232999972, 16.909999597000024 ], [ -94.702759306999951, 17.753837604000068 ], [ -94.464470147999975, 18.657947586000034 ], [ -95.871132178999972, 19.404779704000077 ] ] ] } },
{ "type": "Feature", "properties": { }, "geometry": { "type": "Polygon", "coordinates": [ [ [ -78.676594598999941, 21.902369981000049 ], [ -82.55280636599997, 22.854288392000061 ], [ -84.152029295999967, 22.024215538000078 ], [ -85.778580043999966, 21.919300531000033 ], [ -82.992500082999982, 21.244058588000026 ], [ -80.089897071999985, 21.285079695000036 ], [ -77.677429005999954, 20.351638525000055 ], [ -78.333923180999989, 20.173891694000076 ], [ -78.128959089999967, 19.464021642000034 ], [ -74.801633491999951, 19.914797183000076 ], [ -78.676594598999941, 21.902369981000049 ] ] ] } },
{ "type": "Feature", "properties": { }, "geometry": { "type": "Polygon", "coordinates": [ [ [ 42.176432075000037, 14.684023222000064 ], [ 40.207056813000065, 15.679116048000026 ], [ 39.545861796000054, 17.399779471000045 ], [ 39.585860894000056, 15.759659668000038 ], [ 40.28, 13.16 ], [ 39.84, 12.44 ], [ 40.25, 10.74 ], [ 40.16, 8.82 ], [ 41.61, 9.64 ], [ 44.523608704000026, 10.531025348000071 ], [ 43.745368094000071, 10.971401528000058 ], [ 43.276123476000073, 11.732281197000077 ], [ 43.525116031000039, 12.315125052000042 ], [ 42.176432075000037, 14.684023222000064 ] ] ] } },
{ "type": "Feature", "properties": { }, "geometry": { "type": "Polygon", "coordinates": [ [ [ 127.618897889000081, -1.810194327999966 ], [ 126.591880132000028, -1.203029889999925 ], [ 122.882561045000102, -1.056200204999925 ], [ 122.678397956000026, -1.719729450999978 ], [ 122.703918033000036, -2.051489216999924 ], [ 124.432506552000049, -2.270045234999941 ], [ 127.618897889000081, -1.810194327999966 ] ] ] } },
{ "type": "Feature", "properties": { }, "geometry": { "type": "Polygon", "coordinates": [ [ [ 139.89379895400009, -2.510800277999977 ], [ 135.814209133000077, -1.483650459999979 ], [ 135.198624109000093, -3.56059038199993 ], [ 136.662038104000089, -3.523399035999943 ], [ 138.1297, -2.6487 ], [ 139.2479, -2.7094 ], [ 141.302, -3.4862 ], [ 145.3251, -5.8603 ], [ 146.80995211100003, -8.141029243999981 ], [ 147.229088448000084, -9.943798654999966 ], [ 148.294282167000119, -10.421905252999977 ], [ 149.135411057000056, -10.174824853999951 ], [ 151.064822073000073, -10.713583950999976 ], [ 149.534963162000054, -9.6141 ], [ 150.940438191000112, -8.444190650999928 ], [ 148.267745945000115, -8.056487431999926 ], [ 144.417040342000064, -4.601619274999963 ], [ 139.89379895400009, -2.510800277999977 ] ] ] } },
{ "type": "Feature", "properties": { }, "geometry": { "type": "Polygon", "coordinates": [ [ [ 128.438274331000116, -2.294883685999935 ], [ 127.629467777000073, -2.520286453999972 ], [ 127.337037993000095, -3.666199192999955 ], [ 126.1727, -4.738476 ], [ 124.553597412000059, -5.110906544999978 ], [ 126.378829975000031, -6.083690360999981 ], [ 128.865865954000014, -4.180974855999978 ], [ 131.45735216200012, -4.42486927899995 ], [ 132.168197860000078, -3.586100216999967 ], [ 130.757294020000018, -2.723499254999979 ], [ 128.438274331000116, -2.294883685999935 ] ] ] } },
{ "type": "Feature", "properties": { }, "geometry": { "type": "Polygon", "coordinates": [ [ [ 38.293788809000034, -5.041169305999972 ], [ 37.250899922000031, -3.071760419999976 ], [ 36.083228986000051, -2.712470479999979 ], [ 35.229297765000076, -5.37815835899994 ], [ 35.44572097300005, -7.252970362999982 ], [ 33.906765037000071, -8.611104373999979 ], [ 33.764194796000027, -9.170961373999944 ], [ 34.404731991000077, -10.276779347999932 ], [ 34.707709932000057, -13.579330340999945 ], [ 35.142731024000057, -14.851870255999927 ], [ 34.653300841000032, -15.960309494999935 ], [ 35.364741992000063, -16.861471346999963 ], [ 35.283390058000066, -17.548459362999949 ], [ 34.445857815000068, -18.760391433999928 ], [ 34.445857815000068, -19.760259536999964 ], [ 35.812684103000038, -20.960723388999956 ], [ 37.525757859000066, -18.212817068999982 ], [ 39.795681971000086, -17.104285962999938 ], [ 41.091787227000054, -15.889520569999945 ], [ 40.746395303000043, -10.848703710999928 ], [ 39.852006685000049, -9.201995953999926 ], [ 39.989269002000064, -7.956418924999979 ], [ 39.651678778000097, -6.248602292999976 ], [ 39.341511074000039, -5.344160313999964 ], [ 38.293788809000034, -5.041169305999972 ] ] ] } },
{ "type": "Feature", "properties": { }, "geometry": { "type": "Polygon", "coordinates": [ [ [ 123.376229631000129, -7.912770588999933 ], [ 121.561896966000063, -8.035999393999935 ], [ 120.83529701100008, -7.726599316999967 ], [ 119.089203015000052, -7.799199219999934 ], [ 119.233169887000031, -8.941950299999974 ], [ 121.182533086000049, -9.336510419999968 ], [ 122.437916527000098, -9.35807204799994 ], [ 123.376229631000129, -7.912770588999933 ] ] ] } },
{ "type": "Feature", "properties": { }, "geometry": { "type": "Polygon", "coordinates": [ [ [ 119.233169887000031, -8.941950299999974 ], [ 119.089203015000052, -7.799199219999934 ], [ 116.557907079000088, -8.012499300999934 ], [ 115.883003125000087, -8.12657926199995 ], [ 115.757339198000082, -9.273219328999971 ], [ 118.798972928, -9.442130425999945 ], [ 119.233169887000031, -8.941950299999974 ] ] ] } },
{ "type": "Feature", "properties": { }, "geometry": { "type": "Polygon", "coordinates": [ [ [ 120.204298392000055, -11.881746260999932 ], [ 121.356000000000122, -12.279 ], [ 127.356000000000108, -9.531 ], [ 130.822000000000116, -8.796 ], [ 131.973, -8.141 ], [ 134.261453180000103, -5.358677486999966 ], [ 133.797255996000104, -5.410650287999943 ], [ 132.168197860000078, -3.586100216999967 ], [ 131.45735216200012, -4.42486927899995 ], [ 130.026298581000106, -4.20796383499993 ], [ 130.300321177000114, -6.059262548999925 ], [ 129.057257983000113, -7.46587403999996 ], [ 127.069314922000103, -8.215582445999928 ], [ 125.230422973000032, -8.406030445999932 ], [ 123.469521053000122, -9.375790197999947 ], [ 121.182533086000049, -9.336510419999968 ], [ 120.204298392000055, -11.881746260999932 ] ] ] } },
{ "type": "Feature", "properties": { }, "geometry": { "type": "Polygon", "coordinates": [ [ [ 121.182533086000049, -9.336510419999968 ], [ 119.233169887000031, -8.941950299999974 ], [ 118.798972928, -9.442130425999945 ], [ 120.098, -11.7838 ], [ 121.182533086000049, -9.336510419999968 ] ] ] } },
{ "type": "Feature", "properties": { }, "geometry": { "type": "Polygon", "coordinates": [ [ [ 162.614869624000107, -17.982461097999931 ], [ 159.971000000000117, -18.7355 ], [ 159.475, -19.704 ], [ 158.090421892000109, -20.544891604999975 ], [ 158.496, -20.794 ], [ 158.317000000000121, -22.487 ], [ 159.032, -22.961 ], [ 159.185, -24.16 ], [ 158.326, -25.176 ], [ 158.105, -25.976 ], [ 158.657, -28.202 ], [ 158.366, -30.193 ], [ 157.812, -30.673 ], [ 158.05, -31.31 ], [ 157.865000000000123, -31.717 ], [ 158.287, -32.077 ], [ 158.208, -32.57 ], [ 159.211, -32.949 ], [ 158.972878152000021, -33.886707220999938 ], [ 166.922284000000104, -27.431837407999978 ], [ 167.013, -27.038 ], [ 167.114, -24.1156 ], [ 166.2575, -22.4949 ], [ 163.864780643000017, -20.559645054999976 ], [ 162.820563299000014, -18.930299041999945 ], [ 162.614869624000107, -17.982461097999931 ] ] ] } },
{ "type": "Feature", "properties": { }, "geometry": { "type": "Polygon", "coordinates": [ [ [ 158.521, -21.129 ], [ 158.090421892000109, -20.544891604999975 ], [ 155.670772965000083, -21.572074879999946 ], [ 155.613, -22.155 ], [ 157.11, -25.762 ], [ 158.326, -25.176 ], [ 159.185, -24.16 ], [ 159.032, -22.961 ], [ 158.317000000000121, -22.487 ], [ 158.521, -21.129 ] ] ] } },
{ "type": "Feature", "properties": { }, "geometry": { "type": "Polygon", "coordinates": [ [ [ 158.578, -28.529 ], [ 158.091000000000122, -26.163 ], [ 158.326, -25.176 ], [ 157.11, -25.762 ], [ 156.605, -27.739 ], [ 157.331750391000014, -28.652300307999951 ], [ 158.578, -28.529 ] ] ] } },
{ "type": "Feature", "properties": { }, "geometry": { "type": "Polygon", "coordinates": [ [ [ 167.5025, -31.4094 ], [ 167.2643, -30.5185 ], [ 167.625000000000114, -29.095 ], [ 167.165, -28.8474 ], [ 167.201, -27.7882 ], [ 166.882, -27.3804 ], [ 158.933963162000055, -33.909 ], [ 160.275, -36.061 ], [ 161.102396437000039, -36.582475779999989 ], [ 161.777963162000106, -37.536 ], [ 162.970963163000079, -38.082 ], [ 162.78696316200012, -39.518 ], [ 163.474963162000108, -40.505 ], [ 164.083, -40.645 ], [ 165.275, -40.154 ], [ 165.55, -38.875 ], [ 166.147, -38.336 ], [ 166.697000000000116, -35.949 ], [ 170.688000000000102, -37.719 ], [ 172.477, -37.5 ], [ 171.881, -34.214 ], [ 172.476338504000068, -33.525743692999988 ], [ 171.084350814000118, -33.385182996999959 ], [ 171.041905999000051, -36.394998103999974 ], [ 170.739, -35.9505 ], [ 169.288000000000125, -35.721 ], [ 169.182, -35.3466 ], [ 167.873, -34.9415 ], [ 167.165, -34.3592 ], [ 165.997, -32.3195 ], [ 166.528, -31.1154 ], [ 167.5025, -31.4094 ] ] ] } },
{ "type": "Feature", "properties": { }, "geometry": { "type": "Polygon", "coordinates": [ [ [ 156.825121866000018, -31.108088446999954 ], [ 158.366, -30.193 ], [ 158.578, -28.529 ], [ 157.331750391000014, -28.652300307999951 ], [ 156.825121866000018, -31.108088446999954 ] ] ] } },
{ "type": "Feature", "properties": { }, "geometry": { "type": "Polygon", "coordinates": [ [ [ 123.63886389400011, 7.336665698000047 ], [ 123.869654248000074, 7.796829041000024 ], [ 122.698600982000016, 8.605200576000072 ], [ 122.312995162000107, 8.553077692000045 ], [ 121.504842045000018, 7.496262078000029 ], [ 119.499, 6.0627 ], [ 119.389826848000098, 5.293390029000022 ], [ 119.720354217000022, 4.622308857000064 ], [ 123.63886389400011, 7.336665698000047 ] ] ] } },
{ "type": "Feature", "properties": { }, "geometry": { "type": "Polygon", "coordinates": [ [ [ 120.741695526000058, 12.578937830000031 ], [ 118.844877700000097, 12.450943649000067 ], [ 118.040893555000025, 10.288391113000046 ], [ 117.017881614000089, 8.993684658000063 ], [ 116.979015151000112, 8.332176673000049 ], [ 118.697235349000024, 10.046576778000031 ], [ 119.766825894000021, 10.250183363000076 ], [ 121.669514839000044, 12.238733581000076 ], [ 121.061462402000089, 12.072143555000025 ], [ 120.741695526000058, 12.578937830000031 ] ] ] } },
{ "type": "Feature", "properties": { }, "geometry": { "type": "Polygon", "coordinates": [ [ [ -179.99999999, -31.383581913999929 ], [ -177.763876615999976, -24.482244476999938 ], [ -178.340250677999961, -22.481211858999927 ], [ -177.996561754999988, -19.97570808699993 ], [ -178.297, -17.0007 ], [ -179.155855869999982, -15.767322032999971 ], [ -179.159201990999975, -16.70031545899996 ], [ -179.693909016999982, -17.119260890999954 ], [ -179.382371800999977, -17.343343072999971 ], [ -179.517, -17.7104 ], [ -179.19, -17.7953 ], [ -179.309, -18.4173 ], [ -178.97493917099996, -18.490877376999947 ], [ -178.793786681999961, -19.780430939999974 ], [ -179.542723472999967, -26.756308084999944 ], [ -179.892597644999967, -27.690831498999955 ], [ -179.99999999, -31.383581913999929 ] ] ] } },
{ "type": "Feature", "properties": { }, "geometry": { "type": "Polygon", "coordinates": [ [ [ -80.77900201999995, 26.937180087000058 ], [ -82.948504712, 28.413900396000034 ], [ -87.166046392999988, 27.295463257000051 ], [ -85.8288, 27.0988 ], [ -84.9144, 25.8624 ], [ -84.855937428999937, 24.835324381000078 ], [ -83.57952118999998, 24.289710744000047 ], [ -81.736938176999956, 24.265449559000047 ], [ -79.923836451999989, 23.335221046000072 ], [ -78.525448605999941, 25.75653208600005 ], [ -77.346161123999934, 25.796604395000031 ], [ -78.048834575999933, 26.596663731000035 ], [ -78.787394053999947, 26.460822286000052 ], [ -79.09224403099995, 27.008061163000036 ], [ -80.77900201999995, 26.937180087000058 ] ] ] } },
{ "type": "Feature", "properties": { }, "geometry": { "type": "Polygon", "coordinates": [ [ [ 162.941, 57.2701 ], [ 164.82, 58.8809 ], [ 166.040762419000117, 59.413356987000043 ], [ 165.625461353000105, 60.176089738000037 ], [ 161.987441756000067, 58.123655688000028 ], [ 158.908805993000101, 55.266909532000057 ], [ 157.327597906000051, 52.768340005000027 ], [ 156.196290763000093, 51.784254601000043 ], [ 157.041419719000032, 49.859251924000034 ], [ 159.581, 51.0798 ], [ 162.529713856000058, 53.095333347000064 ], [ 164.300591660000151, 55.50054603500007 ], [ 164.089507140000023, 56.655170394000031 ], [ 162.945504981000113, 56.787270571000086 ], [ 162.941, 57.2701 ] ] ] } },
{ "type": "Feature", "properties": { }, "geometry": { "type": "Polygon", "coordinates": [ [ [ -76.406585207999967, 74.996231129000066 ], [ -77.723385467999947, 75.374146898000049 ], [ -79.186333099999956, 74.153427702000059 ], [ -89.206786908999959, 74.174435801000087 ], [ -90.874471752, 71.762309332000015 ], [ -89.291315160999943, 70.43588083700007 ], [ -86.895186266999985, 69.708484566000038 ], [ -84.603154682999957, 69.915169695000031 ], [ -82.006321161999949, 69.686709268000072 ], [ -80.414713519999964, 69.054635420000068 ], [ -79.560384342999953, 65.213256672000057 ], [ -78.549517465999941, 64.184338601000036 ], [ -67.002394153999944, 60.954444057000046 ], [ -61.965050557999966, 60.597552013000048 ], [ -62.318865826999975, 61.564706925000053 ], [ -61.743132870999943, 62.480600946000038 ], [ -61.872847430999968, 63.575560935000055 ], [ -60.478817338999939, 65.964211607000038 ], [ -60.454799825999949, 66.650996984000074 ], [ -60.986892660999956, 67.446660093000077 ], [ -64.59666182999996, 70.156557665000037 ], [ -65.996243970999956, 70.834453772000089 ], [ -75.391922927999985, 73.438173624000058 ], [ -76.406585207999967, 74.996231129000066 ] ] ] } },
{ "type": "Feature", "properties": { }, "geometry": { "type": "Polygon", "coordinates": [ [ [ -41.544876251999931, 84.140428325000059 ], [ -82.152357515999938, 83.72084975900006 ], [ -93.465526952999937, 82.904261076000083 ], [ -91.711985201999937, 81.27018547800003 ], [ -89.328573579999954, 80.055059290000045 ], [ -88.657008782999981, 80.06018236400007 ], [ -87.624176800999976, 80.145296785000099 ], [ -85.789453501999958, 80.995850765000043 ], [ -79.724781082999982, 81.66165822300006 ], [ -41.544876251999931, 84.140428325000059 ] ] ] } },
{ "type": "Feature", "properties": { }, "geometry": { "type": "Polygon", "coordinates": [ [ [ -74.871226105999938, 77.689723585000067 ], [ -69.529493480999975, 80.04974230200007 ], [ -73.867948597999941, 79.939082469000084 ], [ -78.944846976999941, 79.360316054000066 ], [ -81.107605685999943, 79.004933167000047 ], [ -84.340955340999983, 77.50629622700005 ], [ -85.620176584999967, 77.25346771500007 ], [ -104.229495762999989, 75.02334150500009 ], [ -106.256201067999939, 74.154925572000082 ], [ -79.186333099999956, 74.153427702000059 ], [ -77.723385467999947, 75.374146898000049 ], [ -76.406585207999967, 74.996231129000066 ], [ -75.333503378999978, 76.023413757000071 ], [ -75.818293763999975, 76.222007809000047 ], [ -74.871226105999938, 77.689723585000067 ] ] ] } },
{ "type": "Feature", "properties": { }, "geometry": { "type": "Polygon", "coordinates": [ [ [ -69.529493480999975, 80.04974230200007 ], [ -63.129853675999989, 81.688240519000018 ], [ -79.338302193999937, 80.211648450000041 ], [ -83.145975977999967, 80.322070990000057 ], [ -83.25259084399994, 79.773765965000067 ], [ -86.300506656999971, 77.914129478000049 ], [ -87.636497000999952, 77.981091994000053 ], [ -87.390402905999963, 77.049940441000061 ], [ -86.182837851999977, 77.160552342000088 ], [ -84.340955340999983, 77.50629622700005 ], [ -81.107605685999943, 79.004933167000047 ], [ -74.88332827399995, 79.857852095000055 ], [ -69.529493480999975, 80.04974230200007 ] ] ] } },
{ "type": "Feature", "properties": { }, "geometry": { "type": "Polygon", "coordinates": [ [ [ -41.544876251999931, 84.140428325000059 ], [ -79.724781082999982, 81.66165822300006 ], [ -85.789453501999958, 80.995850765000043 ], [ -87.624176800999976, 80.145296785000099 ], [ -89.328573579999954, 80.055059290000045 ], [ -87.958070186999976, 79.411160453000065 ], [ -87.574768854999945, 78.887077860000048 ], [ -87.509268627999973, 78.504795929000082 ], [ -88.470146396999951, 77.914400042000054 ], [ -86.300506656999971, 77.914129478000049 ], [ -83.25259084399994, 79.773765965000067 ], [ -83.145975977999967, 80.322070990000057 ], [ -79.338302193999937, 80.211648450000041 ], [ -69.519580729999973, 80.983337004000077 ], [ -57.847701171999979, 82.60905340300009 ], [ -40.928120389999954, 83.838188892000076 ], [ -41.544876251999931, 84.140428325000059 ] ] ] } },
{ "type": "Feature", "properties": { }, "geometry": { "type": "Polygon", "coordinates": [ [ [ -137.314843555999971, 69.006716233000091 ], [ -146.146099091, 69.695802689000075 ], [ -150.270599364999981, 68.993200302000076 ], [ -159.13339996299996, 69.441701889000072 ], [ -165.889021171999985, 68.687447691000045 ], [ -165.71029603, 68.01287528400006 ], [ -163.703023917999985, 67.145099215000059 ], [ -161.143048904999972, 66.909268268000076 ], [ -160.234209331999978, 66.968181177000062 ], [ -158.673100632999962, 67.665280074000066 ], [ -155.086649895999983, 67.424991033000083 ], [ -150.905810877999983, 67.60530133900005 ], [ -146.73979356199996, 68.232825370000072 ], [ -144.052191130999972, 68.206652145000078 ], [ -144.134418113999971, 67.753407095000057 ], [ -145.088519991999959, 67.290209688000061 ], [ -142.086230232, 67.290861481000036 ], [ -137.681400298999989, 67.980100632000088 ], [ -137.148899077999943, 68.358102798000061 ], [ -137.314843555999971, 69.006716233000091 ] ] ] } },
{ "type": "Feature", "properties": { }, "geometry": { "type": "Polygon", "coordinates": [ [ [ -76.6353, 25.8266 ], [ -78.525448605999941, 25.75653208600005 ], [ -79.923836451999989, 23.335221046000072 ], [ -75.103009423999936, 21.05680144900003 ], [ -74.134431536999955, 23.595771122000031 ], [ -75.8957, 25.3335 ], [ -76.6353, 25.8266 ] ] ] } },
{ "type": "Feature", "properties": { }, "geometry": { "type": "Polygon", "coordinates": [ [ [ -109.32617757099996, -71.042214453999975 ], [ -122.054, -72.0006 ], [ -125.937687470999933, -71.797662512999977 ], [ -141.505416729, -73.853270089999981 ], [ -139.518728890999967, -75.526283145 ], [ -136.648589007999988, -75.756435870999951 ], [ -120.348360613999944, -75.729359079999924 ], [ -110.438254979999954, -75.309668813999977 ], [ -109.32617757099996, -71.042214453999975 ] ] ] } },
{ "type": "Feature", "properties": { }, "geometry": { "type": "Polygon", "coordinates": [ [ [ -81.780371998999954, -72.77039355899997 ], [ -83.102335498999935, -69.443018578999954 ], [ -86.8875, -69.9166 ], [ -89.435429967999937, -70.603222174999985 ], [ -109.313373693999949, -70.979344442999945 ], [ -110.42849621, -75.288626466999972 ], [ -85.339123531999974, -75.445400180999968 ], [ -81.780371998999954, -72.77039355899997 ] ] ] } },
{ "type": "Feature", "properties": { }, "geometry": { "type": "Polygon", "coordinates": [ [ [ 140.70091801, 54.551778750000032 ], [ 138.640777966000087, 54.70631081100003 ], [ 138.604555653000034, 53.546994398000038 ], [ 139.483948342000076, 54.191861093000071 ], [ 140.70091801, 54.551778750000032 ] ] ] } },
{ "type": "Feature", "properties": { }, "geometry": { "type": "Polygon", "coordinates": [ [ [ 138.182570058000039, 50.577532523000045 ], [ 138.927181820000101, 51.525220220000051 ], [ 141.591158531000019, 52.571199677000038 ], [ 141.563369979000072, 53.54096977100005 ], [ 140.724654953000027, 54.543781764000073 ], [ 139.483948342000076, 54.191861093000071 ], [ 138.604555653000034, 53.546994398000038 ], [ 138.182570058000039, 50.577532523000045 ] ] ] } },
{ "type": "Feature", "properties": { }, "geometry": { "type": "Polygon", "coordinates": [ [ [ 174.637997082000084, -40.901375713999983 ], [ 177.585389559000077, -36.970343201999981 ], [ 176.789000000000101, -36.617 ], [ 176.055, -35.8 ], [ 175.321, -34.329 ], [ 173.119, -33.564 ], [ 172.294000000000125, -33.564 ], [ 171.881, -34.214 ], [ 172.477, -36.58 ], [ 172.07312271100011, -40.109791620999943 ], [ 174.458438676000014, -40.935294564999936 ], [ 174.508125218000032, -41.453331132999956 ], [ 174.637997082000084, -40.901375713999983 ] ] ] } },
{ "type": "Feature", "properties": { }, "geometry": { "type": "Polygon", "coordinates": [ [ [ 170.183000000000106, -37.5 ], [ 166.697000000000116, -35.949 ], [ 166.142456105000065, -38.338554600999949 ], [ 166.593963162000023, -39.482 ], [ 166.181963162000102, -41.202 ], [ 167.006963162000034, -42.911 ], [ 168.145356849000137, -43.891671827999978 ], [ 171.148580149000054, -42.041160504999937 ], [ 172.093497605000039, -40.039427474999968 ], [ 172.477, -37.5 ], [ 171.605, -37.719 ], [ 170.183000000000106, -37.5 ] ] ] } },
{ "type": "Feature", "properties": { }, "geometry": { "type": "Polygon", "coordinates": [ [ [ 169.260185939000053, -25.478049433999956 ], [ 168.133682022000016, -22.209709270999952 ], [ 164.806580064000059, -19.753980260999978 ], [ 163.314667046000096, -17.254240339999967 ], [ 163.091216622000047, -17.385860187999981 ], [ 162.594778728000051, -17.867816594999965 ], [ 162.820563299000014, -18.930299041999945 ], [ 164.409000000000106, -21.1951 ], [ 166.2575, -22.4949 ], [ 167.114, -24.1156 ], [ 166.935878458000047, -27.372817979999979 ], [ 167.88045377900005, -27.239893077999966 ], [ 167.903, -25.9557 ], [ 168.2771, -25.2355 ], [ 168.587000000000103, -25.0969 ], [ 169.260185939000053, -25.478049433999956 ] ] ] } },
{ "type": "Feature", "properties": { }, "geometry": { "type": "Polygon", "coordinates": [ [ [ 169.372452164000038, -25.541613161999976 ], [ 168.95226995500002, -23.556390343999965 ], [ 168.145403078000072, -22.228991895999968 ], [ 168.356000000000137, -23.3898 ], [ 169.372452164000038, -25.541613161999976 ] ] ] } },
{ "type": "Feature", "properties": { }, "geometry": { "type": "Polygon", "coordinates": [ [ [ 159.18, -12.245 ], [ 158.866709015000083, -12.246896776999961 ], [ 158.331386097000063, -13.753130615999966 ], [ 157.52196316200002, -14.895 ], [ 156.413963162000073, -15.553 ], [ 156.074963162000017, -16.921 ], [ 156.32146005900006, -17.180364391999941 ], [ 157.939, -16.811 ], [ 158.872, -15.732 ], [ 159.519000000000119, -13.137 ], [ 159.18, -12.245 ] ] ] } },
{ "type": "Feature", "properties": { }, "geometry": { "type": "Polygon", "coordinates": [ [ [ 152.527839463000078, -10.546766372999969 ], [ 150.506886525000027, -10.618793356999959 ], [ 150.361983843000075, -11.578069898999956 ], [ 154.079107720000053, -12.17671712799995 ], [ 154.814291284000092, -12.78525389999993 ], [ 155.301441127000089, -12.053136445999939 ], [ 154.244246994000036, -11.206770350999932 ], [ 152.527839463000078, -10.546766372999969 ] ] ] } },
{ "type": "Feature", "properties": { }, "geometry": { "type": "Polygon", "coordinates": [ [ [ 157.68083794100005, -10.119603822999977 ], [ 154.993, -12.291 ], [ 154.79300000000012, -13.137 ], [ 155.486000000000104, -13.935 ], [ 156.324961134000091, -14.218697341999928 ], [ 157.095976492000091, -14.029908120999949 ], [ 157.941104842000072, -12.930462904999956 ], [ 158.564, -12.9105 ], [ 158.965, -11.821 ], [ 157.995000000000118, -11.229 ], [ 158.026, -10.529 ], [ 157.68083794100005, -10.119603822999977 ] ] ] } },
{ "type": "Feature", "properties": { }, "geometry": { "type": "Polygon", "coordinates": [ [ [ 148.679479555000057, -10.432942271999934 ], [ 147.229088448000084, -9.943798654999966 ], [ 147.489565116000108, -11.727503682999952 ], [ 148.533963163000067, -11.905 ], [ 150.361983843000075, -11.578069898999956 ], [ 150.506886525000027, -10.618793356999959 ], [ 149.135411057000056, -10.174824853999951 ], [ 148.679479555000057, -10.432942271999934 ] ] ] } },
{ "type": "Feature", "properties": { }, "geometry": { "type": "Polygon", "coordinates": [ [ [ 141.302, -3.4862 ], [ 139.2479, -2.7094 ], [ 138.1297, -2.6487 ], [ 136.662038104000089, -3.523399035999943 ], [ 139.219115911000017, -3.732850460999941 ], [ 145.19525107100003, -6.017579167999941 ], [ 145.745519430000058, -6.576447086999963 ], [ 144.8754, -5.4491 ], [ 141.302, -3.4862 ] ] ] } },
{ "type": "Feature", "properties": { }, "geometry": { "type": "Polygon", "coordinates": [ [ [ 130.91249850600002, 24.507 ], [ 134.134, 22.802 ], [ 135.157, 22.583 ], [ 135.000000000000114, 23.094 ], [ 133.819000000000102, 23.458 ], [ 130.984, 25.404 ], [ 130.470812667000018, 25.405078986000035 ], [ 130.91249850600002, 24.507 ] ] ] } },
{ "type": "Feature", "properties": { }, "geometry": { "type": "Polygon", "coordinates": [ [ [ 142.415, 21.7955 ], [ 142.005538634000118, 21.564019447000078 ], [ 142.74967360100004, 18.797823616000073 ], [ 142.855850417000056, 15.040202453000058 ], [ 141.79354532900004, 12.989810808000072 ], [ 141.219498507000026, 12.9212 ], [ 140.655498507000061, 12.2982 ], [ 142.058000000000106, 12.4578 ], [ 143.176756217000047, 14.509047551000039 ], [ 143.412632741000039, 17.336050657000044 ], [ 142.415, 21.7955 ] ] ] } },
{ "type": "Feature", "properties": { }, "geometry": { "type": "Polygon", "coordinates": [ [ [ 143.558000000000106, 12.3708 ], [ 141.776, 12.3562 ], [ 141.45, 11.8627 ], [ 141.821, 12.1241 ], [ 142.207000000000107, 11.8046 ], [ 143.602, 11.9208 ], [ 143.558000000000106, 12.3708 ] ] ] } },
{ "type": "Feature", "properties": { }, "geometry": { "type": "Polygon", "coordinates": [ [ [ 139.965, 11.8046 ], [ 139.252, 11.4847 ], [ 139.178000000000111, 11.2227 ], [ 140.589, 11.4556 ], [ 139.965, 11.8046 ] ] ] } },
{ "type": "Feature", "properties": { }, "geometry": { "type": "Polygon", "coordinates": [ [ [ 143.127963162000015, 26.1249 ], [ 142.870963162000066, 28.2624 ], [ 141.942000000000121, 29.5678 ], [ 141.5150000000001, 30.8402 ], [ 141.268, 33.5409 ], [ 140.195954052000047, 34.458098116000031 ], [ 140.574, 31.2715 ], [ 140.992, 30.3578 ], [ 140.736000000000104, 28.888 ], [ 141.097, 25.8517 ], [ 141.951, 23.6956 ], [ 142.748578624000061, 23.051770418000046 ], [ 143.120000000000118, 23.4518 ], [ 142.759, 23.8694 ], [ 142.626, 26.0823 ], [ 142.744500168000059, 26.366139631000067 ], [ 143.127963162000015, 26.1249 ] ] ] } },
{ "type": "Feature", "properties": { }, "geometry": { "type": "Polygon", "coordinates": [ [ [ 139.719, 34.603 ], [ 139.415, 32.7055 ], [ 139.966, 30.6688 ], [ 140.118, 27.0085 ], [ 140.384, 26.9154 ], [ 140.835, 24.3766 ], [ 142.300963870000032, 21.790718027000025 ], [ 143.234, 22.5249 ], [ 141.951, 23.6956 ], [ 141.097, 25.8517 ], [ 140.736000000000104, 28.888 ], [ 140.992, 30.3578 ], [ 140.574, 31.2715 ], [ 140.195954052000047, 34.458098116000031 ], [ 139.719, 34.603 ] ] ] } },
{ "type": "Feature", "properties": { }, "geometry": { "type": "Polygon", "coordinates": [ [ [ 140.795102039000085, 35.845130196000071 ], [ 140.070330105000039, 35.931526851000058 ], [ 137.874241, 36.678369181000051 ], [ 138.53065515500009, 35.011199686000062 ], [ 138.501961107000056, 33.914604513000029 ], [ 139.225, 34.8684 ], [ 140.721000772000025, 34.238647628000024 ], [ 141.333855133000043, 34.580751271000054 ], [ 140.795102039000085, 35.845130196000071 ] ] ] } },
{ "type": "Feature", "properties": { }, "geometry": { "type": "Polygon", "coordinates": [ [ [ 139.586, 34.6814 ], [ 139.225, 34.8684 ], [ 137.895, 33.4379 ], [ 137.886862019000091, 32.99534088200005 ], [ 138.406768543000112, 32.116144882000071 ], [ 139.060504172000037, 27.480631001000063 ], [ 140.495325355000119, 23.968144263000056 ], [ 142.005538634000118, 21.564019447000078 ], [ 142.300963870000032, 21.790718027000025 ], [ 140.835, 24.3766 ], [ 140.384, 26.9154 ], [ 140.118, 27.0085 ], [ 139.966, 30.6688 ], [ 139.415, 32.7055 ], [ 139.586, 34.6814 ] ] ] } },
{ "type": "Feature", "properties": { }, "geometry": { "type": "Polygon", "coordinates": [ [ [ 132.785816962000013, 30.700856270000035 ], [ 133.269000000000119, 29.3668 ], [ 134.219, 28.3396 ], [ 134.026, 28.1172 ], [ 134.427, 28.1172 ], [ 134.397, 27.7894 ], [ 135.273, 27.0646 ], [ 134.457000000000107, 26.654 ], [ 135.496, 26.6009 ], [ 136.001, 25.6545 ], [ 135.541, 25.1583 ], [ 136.120000000000147, 24.997 ], [ 136.164000000000101, 24.2411 ], [ 136.595, 23.9565 ], [ 136.862, 22.9623 ], [ 136.387, 21.7265 ], [ 136.58, 21.5057 ], [ 136.238, 21.3675 ], [ 136.387, 20.6329 ], [ 135.838, 20.4521 ], [ 136.209, 20.1458 ], [ 135.674, 19.7551 ], [ 135.511, 18.6615 ], [ 134.813000000000102, 17.7306 ], [ 134.828, 16.7807 ], [ 134.27900000000011, 15.8117 ], [ 134.115, 14.4215 ], [ 134.397, 13.2249 ], [ 134.101000000000113, 12.2257 ], [ 134.68, 12.2692 ], [ 134.27900000000011, 11.2372 ], [ 134.620000000000118, 10.3038 ], [ 134.397, 8.5904 ], [ 134.709, 8.6197 ], [ 135.315, 11.7826 ], [ 134.955600000000118, 13.8898 ], [ 135.047, 16.0464 ], [ 135.445, 17.8433 ], [ 136.843, 21.2214 ], [ 137.147400413000014, 23.272097231000032 ], [ 135.760956517000068, 26.475525814000036 ], [ 133.46334696200006, 30.097531141000051 ], [ 132.785816962000013, 30.700856270000035 ] ] ] } },
{ "type": "Feature", "properties": { }, "geometry": { "type": "Polygon", "coordinates": [ [ [ 138.317000000000121, 9.514 ], [ 138.822000000000116, 12.0806 ], [ 137.842, 10.9458 ], [ 138.065, 10.6979 ], [ 137.679, 9.0745 ], [ 135.852, 7.532 ], [ 136.714, 7.4731 ], [ 137.471000000000117, 7.841 ], [ 138.317000000000121, 9.514 ] ] ] } },
{ "type": "Feature", "properties": { }, "geometry": { "type": "Polygon", "coordinates": [ [ [ 134.754, 7.532 ], [ 134.724, 8.6051 ], [ 134.43451962600011, 8.593923478000022 ], [ 134.27900000000011, 7.7527 ], [ 132.691623862000029, 5.800773795000055 ], [ 132.66, 5.3044 ], [ 133.284000000000106, 5.4374 ], [ 133.507, 6.1168 ], [ 134.754, 7.532 ] ] ] } },
{ "type": "Feature", "properties": { }, "geometry": { "type": "Polygon", "coordinates": [ [ [ -68.433123870999964, 19.650587033000022 ], [ -69.381060259, 20.879555886000048 ], [ -70.754023523999933, 21.804709384000034 ], [ -71.936439041999961, 19.867629755000053 ], [ -68.38140001499994, 18.525600174000033 ], [ -66.890487693999944, 18.950748956000041 ], [ -68.433123870999964, 19.650587033000022 ] ] ] } },
{ "type": "Feature", "properties": { }, "geometry": { "type": "Polygon", "coordinates": [ [ [ -44.983400737999943, -72.263566563999973 ], [ -46.78, -72.222 ], [ -51.117, -71.359 ], [ -52.46, -70.657 ], [ -53.629702872999978, -69.108220961999962 ], [ -56.229999174999932, -72.819999469999985 ], [ -58.080002219999969, -74.019996518999946 ], [ -60.56000106699998, -75.069999235999944 ], [ -67.010002337999936, -76.529998470999956 ], [ -78.903648068999985, -76.259086353999962 ], [ -77.410004139999955, -77.160003279999955 ], [ -73.080002070999967, -77.910003554999932 ], [ -75.112198066999952, -78.14109730199992 ], [ -81.277801054999941, -77.694702384 ], [ -76.988899027999935, -78.612899458999948 ], [ -78.285698184999944, -78.906997518999958 ], [ -83.83730314099995, -78.399002334999963 ], [ -80.627800003999937, -79.611198580999925 ], [ -80.006203234999987, -79.594497461999921 ], [ -80.17310299899998, -79.296996382999978 ], [ -77.605301121999958, -79.27909835399997 ], [ -74.980003050999983, -79.709999306 ], [ -76.919916353999952, -80.197787594999966 ], [ -75.2971, -80.822 ], [ -74.8757, -81.9286 ], [ -73.6079, -81.8445 ], [ -72.1592, -81.2037 ], [ -70.3242, -81.118 ], [ -66.2773, -81.5882 ], [ -65.891, -82.2903 ], [ -62.3126, -82.9063 ], [ -62.743, -83.4541 ], [ -61.7137, -83.7327 ], [ -44.983400737999943, -72.263566563999973 ] ] ] } },
{ "type": "Feature", "properties": { }, "geometry": { "type": "Polygon", "coordinates": [ [ [ -179.99999999, -49.5062 ], [ -178.9149, -48.6559 ], [ -178.5729, -47.9161 ], [ -179.033, -47.0644 ], [ -179.99999999, -46.6696 ], [ -179.99999999, -49.5062 ] ] ] } },
{ "type": "Feature", "properties": { }, "geometry": { "type": "Polygon", "coordinates": [ [ [ 51.747558907000048, 11.659999614000071 ], [ 51.191566528000067, 12.767330449000044 ], [ 50.355546641000039, 11.708264142000075 ], [ 48.493901221000051, 11.543098899000029 ], [ 47.273629872000072, 11.263681633000033 ], [ 46.659236929, 10.792807583000069 ], [ 45.703704532000074, 10.867837894000047 ], [ 43.82, 10.34 ], [ 41.61, 9.64 ], [ 40.16, 8.82 ], [ 40.072474766000035, 9.320144197000047 ], [ 38.446570930000071, 7.836209548000056 ], [ 37.798308913000028, 5.250719604000039 ], [ 36.673892917000046, 5.634514596000032 ], [ 35.985003760000041, 0.419891629000062 ], [ 36.369366127000028, -0.937508483999977 ], [ 36.083228986000051, -2.712470479999979 ], [ 37.250899922000031, -3.071760419999976 ], [ 38.293788809000034, -5.041169305999972 ], [ 39.393417882000058, -5.526431081999931 ], [ 40.364331004000064, -3.248038204999943 ], [ 41.04106397900005, -2.802548644999945 ], [ 42.480187414000056, -0.804501769999945 ], [ 48.327559899000043, 4.380000736000056 ], [ 51.66243, 10.26711 ], [ 51.44217, 10.88458 ], [ 51.747558907000048, 11.659999614000071 ] ] ] } },
{ "type": "Feature", "properties": { }, "geometry": { "type": "Polygon", "coordinates": [ [ [ 157.91800000000012, -32.009 ], [ 158.05, -31.31 ], [ 157.891, -30.513 ], [ 156.825121866000018, -31.108088446999954 ], [ 157.110559888000012, -33.06788109799993 ], [ 158.287, -32.077 ], [ 157.91800000000012, -32.009 ] ] ] } },
{ "type": "Feature", "properties": { }, "geometry": { "type": "Polygon", "coordinates": [ [ [ 31.221891433000053, 6.443902906000062 ], [ 26.268955922000035, 10.458587851000063 ], [ 25.300240251000048, 10.777770134000036 ], [ 24.654584646000046, 10.777770134000036 ], [ 21.265890317000075, 9.392300840000075 ], [ 16.693258833000073, 8.322669551000047 ], [ 13.787537633000056, 8.69739789700003 ], [ 11.582236540000054, 9.697337068000024 ], [ 5.308241286000055, 5.715270428000053 ], [ 6.4239, 5.2344 ], [ 7.7828, 5.6889 ], [ 9.9569, 3.7425 ], [ 9.4254, 1.4466 ], [ 8.5083, 0.4786 ], [ 8.3556, -1.1056 ], [ 8.582, -1.6814 ], [ 7.9007, -2.4067 ], [ 7.8705, -3.1274 ], [ 10.2693, -5.461 ], [ 10.0648, -6.0396 ], [ 10.8698, -8.1139 ], [ 10.8005, -9.2686 ], [ 12.1502, -11.5026 ], [ 11.7644, -12.0559 ], [ 12.1812, -13.2107 ], [ 11.3288, -15.2178 ], [ 11.3705, -15.9186 ], [ 10.7951, -16.5428 ], [ 11.0798, -18.6399 ], [ 12.3607, -22.7519 ], [ 13.9753, -30.3883 ], [ 14.6016, -31.6772 ], [ 15.0716, -31.9627 ], [ 15.0786, -32.6652 ], [ 16.2806, -33.8979 ], [ 16.389, -34.7574 ], [ 16.8888, -34.9251 ], [ 18.0227, -36.6556 ], [ 19.6728, -37.3916 ], [ 21.9903, -37.001 ], [ 24.6375, -35.7239 ], [ 28.754471557000045, -32.888090813999952 ], [ 32.710937473000058, -28.430544029999965 ], [ 33.35231869100005, -25.469818220999969 ], [ 35.073441070000058, -25.137184610999952 ], [ 35.925978675000067, -23.418677036999952 ], [ 35.812684103000038, -20.960723388999956 ], [ 34.445857815000068, -19.760259536999964 ], [ 34.445857815000068, -18.760391433999928 ], [ 35.283390058000066, -17.548459362999949 ], [ 35.364741992000063, -16.861471346999963 ], [ 34.653300841000032, -15.960309494999935 ], [ 35.142731024000057, -14.851870255999927 ], [ 34.707709932000057, -13.579330340999945 ], [ 34.404731991000077, -10.276779347999932 ], [ 33.764194796000027, -9.170961373999944 ], [ 29.71493494300006, -5.929616325999973 ], [ 29.104417982000029, -2.768792367999936 ], [ 29.921418922000043, 0.93089074300002 ], [ 31.556650028000039, 2.412299628000028 ], [ 31.526349903000039, 3.13946960800007 ], [ 32.137980779000031, 3.838470697000048 ], [ 32.882619968000029, 4.118884951000041 ], [ 31.221891433000053, 6.443902906000062 ] ] ] } },
{ "type": "Feature", "properties": { }, "geometry": { "type": "Polygon", "coordinates": [ [ [ 0.232859122000036, -90.0 ], [ 0.232859122000036, -69.720256693999957 ], [ -0.209428419999938, -69.631045013999938 ], [ -7.128, -70.052 ], [ -12.697, -70.855 ], [ -17.051, -72.584 ], [ -38.375, -71.76 ], [ -44.983400737999943, -72.263566563999973 ], [ -61.7137, -83.7327 ], [ -62.743, -83.4541 ], [ -62.3126, -82.9063 ], [ -65.891, -82.2903 ], [ -66.2773, -81.5882 ], [ -70.3242, -81.118 ], [ -72.1592, -81.2037 ], [ -73.6079, -81.8445 ], [ -74.8757, -81.9286 ], [ -75.2971, -80.822 ], [ -76.919916353999952, -80.197787594999966 ], [ -86.230003115999978, -81.809997497999973 ], [ -84.419998206999935, -82.220001611 ], [ -92.37999717799994, -82.499999509999924 ], [ -91.139999166999985, -82.790000385999974 ], [ -92.669998230999965, -83.279998474999985 ], [ -90.529999253999961, -83.629997437999961 ], [ -83.529999158999942, -83.620002406999944 ], [ -81.949997215999986, -83.949996474999963 ], [ -86.449997276999966, -84.660003381999928 ], [ -90.611000131999958, -84.885002386999986 ], [ -99.169998142999987, -84.599998407999948 ], [ -103.330002218999937, -83.690002411999956 ], [ -111.320000233999963, -83.139999348999922 ], [ -114.135811177999983, -82.254470437999956 ], [ -122.865959238999949, -84.090270547999964 ], [ -149.459269175999964, -85.286501125999948 ], [ -164.41952828099997, -84.756711175 ], [ -170.483163530999974, -84.032695024999938 ], [ -165.04571134699998, -75.54823824999994 ], [ -174.632158177999969, -74.825399237999989 ], [ -177.327039553999981, -75.347571561999985 ], [ -179.99999999, -74.525267737999982 ], [ -179.99999999, -90.0 ], [ 0.232859122000036, -90.0 ] ] ] } },
{ "type": "Feature", "properties": { }, "geometry": { "type": "Polygon", "coordinates": [ [ [ 15.708646802000032, 36.250573344000031 ], [ 12.987327014000073, 36.269652298000047 ], [ 13.063469766000026, 35.498706932000061 ], [ 12.442161611000074, 34.587531758000068 ], [ 9.800021867000059, 33.334209059000045 ], [ 9.51926904000004, 31.696680943000047 ], [ 9.41661767300007, 25.630359854000062 ], [ 12.002336934000018, 21.668557274000023 ], [ 12.595626112000048, 19.796899440000061 ], [ 13.457354834000057, 18.673235796000029 ], [ 14.75079512700006, 15.831725221000056 ], [ 14.429399612000054, 13.896670709000036 ], [ 13.086371174000019, 11.043499998000073 ], [ 11.582236540000054, 9.697337068000024 ], [ 13.787537633000056, 8.69739789700003 ], [ 16.693258833000073, 8.322669551000047 ], [ 21.265890317000075, 9.392300840000075 ], [ 24.654584646000046, 10.777770134000036 ], [ 25.300240251000048, 10.777770134000036 ], [ 26.268955922000035, 10.458587851000063 ], [ 31.221891433000053, 6.443902906000062 ], [ 32.882619968000029, 4.118884951000041 ], [ 36.721468071000061, 5.653365138000026 ], [ 37.798308913000028, 5.250719604000039 ], [ 38.446570930000071, 7.836209548000056 ], [ 40.072474766000035, 9.320144197000047 ], [ 40.26, 10.24 ], [ 39.84, 12.44 ], [ 40.28, 13.16 ], [ 39.585860894000056, 15.759659668000038 ], [ 39.545861796000054, 17.399779471000045 ], [ 39.796131348000081, 16.730436639000061 ], [ 39.111664633000032, 18.566999879000036 ], [ 37.831405222000058, 19.293033384000069 ], [ 37.441748748000066, 22.433754836000048 ], [ 36.058201058000066, 24.961198613000079 ], [ 34.44789899000007, 27.509700708000025 ], [ 32.908359962000077, 28.906110597000065 ], [ 32.3683, 30.4605 ], [ 32.395042586000045, 31.713297528000062 ], [ 30.456578719000053, 31.847366568000041 ], [ 29.238181365000056, 31.033857965000042 ], [ 27.862032979000048, 31.323812875000051 ], [ 27.357732574000067, 31.748177486000028 ], [ 25.590860496000055, 32.087946549000044 ], [ 25.556983014000025, 32.401794299000073 ], [ 23.444797624000046, 32.579238175000057 ], [ 20.144079227000081, 34.009924495000064 ], [ 18.989517223000053, 35.030298954000045 ], [ 17.18561444400007, 34.906178014000034 ], [ 16.100380008000059, 35.243662959000062 ], [ 15.708646802000032, 36.250573344000031 ] ] ] } },
{ "type": "Feature", "properties": { }, "geometry": { "type": "Polygon", "coordinates": [ [ [ 126.02461076800013, 5.24722057300005 ], [ 125.908044843000098, 6.383415942000056 ], [ 124.100561304000053, 7.688630146000037 ], [ 123.627785170000053, 7.657938502000036 ], [ 123.923000000000101, 6.6639 ], [ 125.229963163000093, 5.6844 ], [ 125.234325826000017, 5.198418831000026 ], [ 126.02461076800013, 5.24722057300005 ] ] ] } },
{ "type": "Feature", "properties": { }, "geometry": { "type": "Polygon", "coordinates": [ [ [ 121.37672574600002, 15.218510664000066 ], [ 119.950230922000074, 16.414074112000037 ], [ 119.926798885000039, 15.153377167000029 ], [ 120.586754996000082, 13.574182364000023 ], [ 123.498066429000119, 12.493438205000075 ], [ 122.446648090000053, 13.720941641000024 ], [ 121.356854949000081, 14.420503177000057 ], [ 121.37672574600002, 15.218510664000066 ] ] ] } },
{ "type": "Feature", "properties": { }, "geometry": { "type": "Polygon", "coordinates": [ [ [ 125.358017001, -1.209319254999969 ], [ 124.7823329900001, -0.001659365999956 ], [ 121.333636395000099, -0.056881632999932 ], [ 119.944653606000088, -0.832712004999962 ], [ 120.6823, -1.716103 ], [ 121.868491684000105, -2.316924806999964 ], [ 122.703918033000036, -2.051489216999924 ], [ 122.882561045000102, -1.056200204999925 ], [ 125.358017001, -1.209319254999969 ] ] ] } },
{ "type": "Feature", "properties": { }, "geometry": { "type": "Polygon", "coordinates": [ [ [ 128.425207275000048, -2.278083184999957 ], [ 128.144500000000107, -2.047088 ], [ 125.930702026000077, -2.912110279999979 ], [ 124.924179222000021, -2.332210417999931 ], [ 122.703918033000036, -2.051489216999924 ], [ 121.868491684000105, -2.316924806999964 ], [ 123.347900000000109, -2.984434 ], [ 123.5013, -4.479227 ], [ 124.553597412000059, -5.110906544999978 ], [ 126.1727, -4.738476 ], [ 127.337037993000095, -3.666199192999955 ], [ 127.629467777000073, -2.520286453999972 ], [ 128.425207275000048, -2.278083184999957 ] ] ] } },
{ "type": "Feature", "properties": { }, "geometry": { "type": "Polygon", "coordinates": [ [ [ 123.347900000000109, -2.984434 ], [ 120.6823, -1.716103 ], [ 119.84812890700006, -0.937469281999938 ], [ 120.062261144000118, -1.915774298999963 ], [ 120.823043022000093, -2.659560970999962 ], [ 123.560346807000101, -3.749874214999978 ], [ 123.347900000000109, -2.984434 ] ] ] } },
{ "type": "Feature", "properties": { }, "geometry": { "type": "Polygon", "coordinates": [ [ [ 128.144500000000107, -2.047088 ], [ 130.150605386000052, -0.990991551999969 ], [ 126.591880132000028, -1.203029889999925 ], [ 128.144500000000107, -2.047088 ] ] ] } },
{ "type": "Feature", "properties": { }, "geometry": { "type": "Polygon", "coordinates": [ [ [ 128.144500000000107, -2.047088 ], [ 127.618897889000081, -1.810194327999966 ], [ 124.432506552000049, -2.270045234999941 ], [ 125.930702026000077, -2.912110279999979 ], [ 128.144500000000107, -2.047088 ] ] ] } },
{ "type": "Feature", "properties": { }, "geometry": { "type": "Polygon", "coordinates": [ [ [ 122.254798711000035, 13.140662203000034 ], [ 120.082094147000021, 13.640244563000067 ], [ 122.158321290000117, 12.224543400000073 ], [ 122.254798711000035, 13.140662203000034 ] ] ] } },
{ "type": "Feature", "properties": { }, "geometry": { "type": "Polygon", "coordinates": [ [ [ -157.118895970999972, 60.721686986000044 ], [ -154.026610074999979, 61.493192844000077 ], [ -151.222940282999957, 63.087106301000063 ], [ -157.590603649999963, 61.29286092500007 ], [ -157.118895970999972, 60.721686986000044 ] ] ] } },
{ "type": "Feature", "properties": { }, "geometry": { "type": "Polygon", "coordinates": [ [ [ -121.412683748999939, 50.495888175000061 ], [ -124.023759547999973, 51.441493209000029 ], [ -124.015560568999959, 50.808311527000043 ], [ -124.742252543999939, 50.850145102000056 ], [ -123.143755825999961, 48.97819220700007 ], [ -123.221054010999978, 48.428712052000037 ], [ -123.87822437899996, 48.100195107000033 ], [ -129.418613523999966, 50.717408806000044 ], [ -126.568955194999944, 48.981176378000043 ], [ -127.643739456, 49.305032733000061 ], [ -127.455299376999974, 48.838701248000056 ], [ -126.46579933199996, 48.265901566000082 ], [ -125.50239944499998, 46.000501633000056 ], [ -125.157499312999974, 42.696001053000025 ], [ -120.070699691999948, 41.916700363000075 ], [ -117.381999969, 41.971601486000054 ], [ -113.779100417999985, 42.759801865000043 ], [ -115.660400390999953, 43.458799362000036 ], [ -116.216798781999955, 44.984502792000058 ], [ -116.214899062999976, 46.439401627000052 ], [ -118.583599090999954, 46.69750022900007 ], [ -119.529998778999982, 47.494699478000022 ], [ -119.425893309999978, 48.734695011000028 ], [ -120.697969401999956, 48.794623439000077 ], [ -121.499805844999969, 49.937695320000046 ], [ -121.412683748999939, 50.495888175000061 ] ] ] } },
{ "type": "Feature", "properties": { }, "geometry": { "type": "Polygon", "coordinates": [ [ [ -146.421099935999962, 63.450610484000038 ], [ -149.712555425999966, 62.449869170000078 ], [ -150.466139837999975, 61.657777174000053 ], [ -147.737533352999975, 62.532661552000036 ], [ -145.782244771999956, 62.666481621000059 ], [ -144.716347586999973, 62.28236937500003 ], [ -143.593120867999971, 61.184251509000028 ], [ -142.532211303999986, 60.882320404000041 ], [ -140.580968279999979, 60.55598702300005 ], [ -141.349224556999957, 61.101037918000031 ], [ -140.918312621000013, 61.328554076000053 ], [ -138.215729018, 60.870949548000063 ], [ -141.367475848999959, 62.259090085000082 ], [ -143.937799453999958, 62.999399185000073 ], [ -146.421099935999962, 63.450610484000038 ] ] ] } },
{ "type": "Feature", "properties": { }, "geometry": { "type": "Polygon", "coordinates": [ [ [ -134.847416173999989, 58.046346174000064 ], [ -137.701873778999982, 59.463787079000042 ], [ -138.922082673999967, 59.881584933000063 ], [ -137.033188468999981, 58.233851967000085 ], [ -136.72599110699997, 57.467518636000079 ], [ -134.65620040899995, 55.167001724000045 ], [ -134.551399230999948, 56.737699509000031 ], [ -134.847416173999989, 58.046346174000064 ] ] ] } },
{ "type": "Feature", "properties": { }, "geometry": { "type": "Polygon", "coordinates": [ [ [ -139.110705645999985, 60.031150934000031 ], [ -142.639806283999974, 60.271657839000063 ], [ -144.076019317999965, 59.953575409000059 ], [ -144.995371171999977, 59.228953482000058 ], [ -141.723700551, 58.968455563000077 ], [ -136.72599110699997, 57.467518636000079 ], [ -137.033188468999981, 58.233851967000085 ], [ -139.110705645999985, 60.031150934000031 ] ] ] } },
{ "type": "Feature", "properties": { }, "geometry": { "type": "Polygon", "coordinates": [ [ [ -141.766620293999949, 60.317518945000081 ], [ -144.399176893999964, 60.972169410000049 ], [ -147.331229208999957, 60.931863181000011 ], [ -151.995551173999957, 57.726845662000066 ], [ -156.612514049999959, 55.668408047000078 ], [ -157.978268543999974, 54.275878299000063 ], [ -153.579318895999961, 54.858723611000073 ], [ -143.983224509999957, 59.043150570000073 ], [ -142.323287285999982, 58.990012848000042 ], [ -144.995371171999977, 59.228953482000058 ], [ -144.076019317999965, 59.953575409000059 ], [ -141.766620293999949, 60.317518945000081 ] ] ] } },
{ "type": "Feature", "properties": { }, "geometry": { "type": "Polygon", "coordinates": [ [ [ -122.806712485, 54.208351072000028 ], [ -122.543600081999969, 53.735300064000057 ], [ -122.201662480999985, 53.441790981000061 ], [ -122.272592327999959, 53.917066761000051 ], [ -122.806712485, 54.208351072000028 ] ] ] } },
{ "type": "Feature", "properties": { }, "geometry": { "type": "Polygon", "coordinates": [ [ [ -153.314682984999962, 65.084337349000066 ], [ -155.594042230999975, 64.766177515000038 ], [ -155.707252490999963, 64.364987141000029 ], [ -156.322215946999961, 64.029696396000077 ], [ -158.138862963999969, 63.437874361000084 ], [ -158.764169589999966, 62.705517415000038 ], [ -158.783232183999985, 61.989333345000041 ], [ -157.456391514999979, 62.408150846000062 ], [ -157.00331548799997, 63.245161881000058 ], [ -153.626283957999959, 64.674441367000043 ], [ -153.314682984999962, 65.084337349000066 ] ] ] } },
{ "type": "Feature", "properties": { }, "geometry": { "type": "Polygon", "coordinates": [ [ [ -153.209244321999961, 64.012835862000031 ], [ -154.104300320999982, 63.902435471000054 ], [ -154.324387881999968, 63.685478393000054 ], [ -154.087952577999971, 63.510319367000079 ], [ -153.209244321999961, 64.012835862000031 ] ] ] } },
{ "type": "Feature", "properties": { }, "geometry": { "type": "Polygon", "coordinates": [ [ [ -156.985768246999982, 64.527686881000079 ], [ -157.694428490999968, 64.005280734000053 ], [ -158.483019556999977, 63.763692506000041 ], [ -157.977845622999979, 63.493049921000079 ], [ -156.322215946999961, 64.029696396000077 ], [ -155.707252490999963, 64.364987141000029 ], [ -155.594042230999975, 64.766177515000038 ], [ -156.985768246999982, 64.527686881000079 ] ] ] } },
{ "type": "Feature", "properties": { }, "geometry": { "type": "Polygon", "coordinates": [ [ [ 129.136033671000064, 31.884720739000041 ], [ 129.026215085000103, 33.358291637000043 ], [ 129.79834001200004, 36.922882814000047 ], [ 128.934521565000068, 37.898008950000076 ], [ 123.52545166000003, 31.416748047000059 ], [ 127.852233887000025, 31.359985352000034 ], [ 129.136033671000064, 31.884720739000041 ] ] ] } },
{ "type": "Feature", "properties": { }, "geometry": { "type": "Polygon", "coordinates": [ [ [ 129.881641248000051, 41.283541476000039 ], [ 127.174130832000046, 42.584829374000044 ], [ 123.733347674000015, 41.665536164000059 ], [ 123.260445225000012, 41.864652984000045 ], [ 121.265429126000072, 40.193302896000034 ], [ 119.247558594000111, 37.506591797000063 ], [ 119.083681107000061, 35.672182083000052 ], [ 117.266551591000038, 31.376175223000079 ], [ 119.418273926000097, 31.183532715000077 ], [ 121.268737793000028, 31.565917969000054 ], [ 123.52545166000003, 31.416748047000059 ], [ 128.934521565000068, 37.898008950000076 ], [ 128.272994913000048, 38.867481681000072 ], [ 128.218414002000031, 39.518478685000041 ], [ 129.880005036000057, 40.749999612000067 ], [ 129.881641248000051, 41.283541476000039 ] ] ] } },
{ "type": "Feature", "properties": { }, "geometry": { "type": "Polygon", "coordinates": [ [ [ 81.409996001000081, 35.130001597000053 ], [ 79.319999903000053, 35.569999809000024 ], [ 78.30999797100003, 36.189998638000077 ], [ 76.639998899000034, 36.419998779000025 ], [ 74.778258787000084, 35.822860796000043 ], [ 76.626512055000035, 35.275535855000044 ], [ 80.290296555000054, 33.314870834000033 ], [ 82.731623017000061, 32.708107416000075 ], [ 91.065656662000038, 32.079233170000066 ], [ 90.397058487000038, 33.042421341000072 ], [ 89.183531534000053, 33.402910029000054 ], [ 85.760676877000037, 33.513554966000072 ], [ 84.968316362000053, 33.852628159000062 ], [ 85.285974503000034, 33.991827011000055 ], [ 84.707765579000068, 34.63428306600008 ], [ 83.779775620000066, 35.076860428000039 ], [ 81.409996001000081, 35.130001597000053 ] ] ] } },
{ "type": "Feature", "properties": { }, "geometry": { "type": "Polygon", "coordinates": [ [ [ 93.142960287000051, 31.928537725000069 ], [ 95.472718494000048, 31.332825376000077 ], [ 97.527111551000075, 29.717124931000058 ], [ 96.546773617000042, 31.115058272000056 ], [ 94.387412754000081, 31.978802617000042 ], [ 93.142960287000051, 31.928537725000069 ] ] ] } },
{ "type": "Feature", "properties": { }, "geometry": { "type": "Polygon", "coordinates": [ [ [ 93.058012788000042, 31.999893625000027 ], [ 92.188790784000048, 32.339290960000028 ], [ 91.000880988000063, 31.981058312000073 ], [ 92.074793884000087, 31.769725136000037 ], [ 93.058012788000042, 31.999893625000027 ] ] ] } },
{ "type": "Feature", "properties": { }, "geometry": { "type": "Polygon", "coordinates": [ [ [ 77.020364629000085, 34.299627684000029 ], [ 74.842468901000075, 35.470030707000035 ], [ 74.721137835000036, 35.358783658000057 ], [ 74.978121141000031, 34.631205540000053 ], [ 77.020364629000085, 34.299627684000029 ] ] ] } },
{ "type": "Feature", "properties": { }, "geometry": { "type": "Polygon", "coordinates": [ [ [ -123.075995434999982, 48.641445635000082 ], [ -124.742252543999939, 50.850145102000056 ], [ -126.5263, 51.2237 ], [ -127.833729548999941, 52.205918729000075 ], [ -129.22513973599996, 52.529141847000069 ], [ -131.273899077999943, 54.089101791000076 ], [ -134.178803138, 54.695730388000079 ], [ -132.532798766999974, 52.961999893000034 ], [ -129.418613523999966, 50.717408806000044 ], [ -127.606709433999981, 50.076776242000051 ], [ -126.584886913, 49.198479947000067 ], [ -124.612928273999955, 48.279917228000045 ], [ -123.87822437899996, 48.100195107000033 ], [ -123.075995434999982, 48.641445635000082 ] ] ] } },
{ "type": "Feature", "properties": { }, "geometry": { "type": "Polygon", "coordinates": [ [ [ -163.375128500999978, 59.403894905000065 ], [ -162.823493053999982, 59.076195929000058 ], [ -159.939376874, 60.582360712000067 ], [ -155.651406952, 61.847653835000081 ], [ -155.435087341999974, 62.52875953900007 ], [ -154.31578036199997, 63.280465262000064 ], [ -158.783232183999985, 61.989333345000041 ], [ -158.764169589999966, 62.705517415000038 ], [ -157.977845622999979, 63.493049921000079 ], [ -158.399589229999975, 63.636155357000064 ], [ -158.66132723399997, 64.308146609000062 ], [ -161.765899657999967, 63.864999771000051 ], [ -164.623953043999961, 63.268541141000071 ], [ -167.451014829999963, 61.083752396000079 ], [ -167.706093321999958, 60.530236206000041 ], [ -166.79787329399997, 59.841988776000058 ], [ -163.375128500999978, 59.403894905000065 ] ] ] } },
{ "type": "Feature", "properties": { }, "geometry": { "type": "Polygon", "coordinates": [ [ [ 123.427111046000036, 12.688130543000057 ], [ 121.37672574600002, 15.218510664000066 ], [ 121.356854949000081, 14.420503177000057 ], [ 123.427111046000036, 12.688130543000057 ] ] ] } },
{ "type": "Feature", "properties": { }, "geometry": { "type": "Polygon", "coordinates": [ [ [ 125.978, 12.7032 ], [ 124.306, 15.2103 ], [ 122.049501726000031, 15.169938755000032 ], [ 123.152753143000041, 14.468092397000076 ], [ 123.334781910000061, 13.732838946000074 ], [ 124.005789914000061, 13.085625553000057 ], [ 125.978, 12.7032 ] ] ] } },
{ "type": "Feature", "properties": { }, "geometry": { "type": "Polygon", "coordinates": [ [ [ 122.758499121000128, 16.995899719000022 ], [ 122.467231588000118, 18.919770859000039 ], [ 122.551939239000021, 16.859450708000054 ], [ 121.707230582000079, 15.610233680000022 ], [ 121.886345102000064, 15.265587876000041 ], [ 122.758499121000128, 16.995899719000022 ] ] ] } },
{ "type": "Feature", "properties": { }, "geometry": { "type": "Polygon", "coordinates": [ [ [ 121.886345102000064, 15.265587876000041 ], [ 121.707230582000079, 15.610233680000022 ], [ 122.551939239000021, 16.859450708000054 ], [ 122.467231588000118, 18.919770859000039 ], [ 122.054808656000091, 20.304379732000029 ], [ 122.027862953000067, 16.542982394000035 ], [ 121.442515545000106, 16.090884803000051 ], [ 121.37672574600002, 15.218510664000066 ], [ 121.623688857000047, 14.92598563400003 ], [ 121.886345102000064, 15.265587876000041 ] ] ] } },
{ "type": "Feature", "properties": { }, "geometry": { "type": "Polygon", "coordinates": [ [ [ 120.795302152000104, 18.817747116000078 ], [ 120.861480973000084, 22.069340854000075 ], [ 119.653702725000031, 17.877921350000065 ], [ 119.596681040000021, 16.694613766000032 ], [ 119.950230922000074, 16.414074112000037 ], [ 120.795302152000104, 18.817747116000078 ] ] ] } },
{ "type": "Feature", "properties": { }, "geometry": { "type": "Polygon", "coordinates": [ [ [ 121.813135151000097, 21.102800563000073 ], [ 121.583150444000026, 23.721552917000054 ], [ 120.861480973000084, 22.069340854000075 ], [ 120.811640832000094, 19.028334544000074 ], [ 121.813135151000097, 21.102800563000073 ] ] ] } },
{ "type": "Feature", "properties": { }, "geometry": { "type": "Polygon", "coordinates": [ [ [ 112.018822133000072, 19.643725544000063 ], [ 110.546569824000088, 19.281982422000056 ], [ 107.563171387000068, 19.554565430000025 ], [ 109.782360580000045, 16.905344120000048 ], [ 111.519807138000047, 18.387086214000078 ], [ 112.018822133000072, 19.643725544000063 ] ] ] } },
{ "type": "Feature", "properties": { }, "geometry": { "type": "Polygon", "coordinates": [ [ [ 110.168500400000084, 15.58071504000003 ], [ 110.481201172000056, 16.929321289000029 ], [ 111.460693359000061, 17.954711914000029 ], [ 111.521444717000065, 18.388056284000072 ], [ 109.782360580000045, 16.905344120000048 ], [ 110.168500400000084, 15.58071504000003 ] ] ] } },
{ "type": "Feature", "properties": { }, "geometry": { "type": "Polygon", "coordinates": [ [ [ 143.967232373000115, -3.458047875999966 ], [ 141.134843373000081, -3.001991789999977 ], [ 144.846644857000115, -4.894531443999938 ], [ 143.967232373000115, -3.458047875999966 ] ] ] } },
{ "type": "Feature", "properties": { }, "geometry": { "type": "Polygon", "coordinates": [ [ [ -161.750239763999986, 58.535861729000018 ], [ -160.902013271999976, 58.044228189000073 ], [ -158.742691427999972, 59.146001147000042 ], [ -158.218524332999976, 59.840610984000087 ], [ -158.733408716999975, 60.289195359000075 ], [ -159.633819665999965, 60.261889294000071 ], [ -161.750239763999986, 58.535861729000018 ] ] ] } },
{ "type": "Feature", "properties": { }, "geometry": { "type": "Polygon", "coordinates": [ [ [ 179.99999999, 66.891166382000051 ], [ 177.937160287000097, 66.704185958000025 ], [ 179.99999999, 66.030546342000036 ], [ 179.99999999, 66.891166382000051 ] ] ] } },
{ "type": "Feature", "properties": { }, "geometry": { "type": "Polygon", "coordinates": [ [ [ 164.719896710000057, 61.364812771000061 ], [ 174.463910037000147, 66.529156818000047 ], [ 173.608587276000094, 66.522354691000018 ], [ 172.020660843000087, 65.818371419000087 ], [ 169.740166362000082, 65.627724518000051 ], [ 170.03447673300002, 65.492707743000039 ], [ 166.196445075000042, 63.241806617000066 ], [ 164.238384224000015, 62.59964259700007 ], [ 159.118288658000097, 61.71123479400007 ], [ 157.100613391000024, 61.077292818000011 ], [ 155.035097787000041, 59.652796895000037 ], [ 152.849307923000083, 59.73365872200003 ], [ 150.475062168000022, 59.141915550000078 ], [ 150.3996791080001, 58.754346893000047 ], [ 153.272812133000116, 58.594898612000051 ], [ 155.643478045000052, 58.997959657000081 ], [ 159.602843895000092, 61.39630160300004 ], [ 159.756638216000056, 60.863941754000059 ], [ 160.583281895000027, 60.213951652000056 ], [ 159.390145287000109, 59.51236141600004 ], [ 160.022793142000097, 59.00311439200005 ], [ 163.03559967800004, 60.153118227000057 ], [ 164.719896710000057, 61.364812771000061 ] ] ] } },
{ "type": "Feature", "properties": { }, "geometry": { "type": "Polygon", "coordinates": [ [ [ 136.537130368000021, 77.107686326000078 ], [ 135.817393268000046, 76.97038918500003 ], [ 133.439192797000032, 77.382918423000049 ], [ 129.786317641000096, 77.19847497900011 ], [ 123.427592412000067, 76.702220334000074 ], [ 123.817838687000076, 76.822046153000016 ], [ 119.630508631000097, 76.098190663000082 ], [ 127.94251931000008, 73.95613815300004 ], [ 131.547767903000022, 72.476446550000063 ], [ 133.825870830000099, 71.99843108500005 ], [ 136.666061925, 70.549320296000062 ], [ 139.485166050000089, 70.874486875000073 ], [ 145.390976044000013, 70.73948095300004 ], [ 142.940210924000098, 71.849900867000031 ], [ 141.195590107000044, 73.174962035000078 ], [ 139.415536805000102, 73.655840452000064 ], [ 140.441850353000063, 73.802931325000031 ], [ 134.544560090000118, 75.280293298000075 ], [ 136.252332707000051, 75.992504911000111 ], [ 136.537130368000021, 77.107686326000078 ] ] ] } },
{ "type": "Feature", "properties": { }, "geometry": { "type": "Polygon", "coordinates": [ [ [ 179.99999999, 62.721860467000063 ], [ 178.757356374000096, 63.436905400000057 ], [ 179.99999999, 64.091328713000053 ], [ 179.99999999, 64.914837115000068 ], [ 175.928093115000024, 66.00687887900007 ], [ 175.957036492000043, 66.477764182000044 ], [ 175.520595705000119, 66.66121688100003 ], [ 174.623428156000045, 66.621621896000079 ], [ 170.206671676000042, 64.259633742000062 ], [ 168.844031746000041, 63.177691495000033 ], [ 164.719896710000057, 61.364812771000061 ], [ 163.03559967800004, 60.153118227000057 ], [ 169.901725724000016, 61.796759393000059 ], [ 174.512189289000048, 60.85244190800006 ], [ 176.983218321000095, 61.587277485000079 ], [ 179.99999999, 60.742907831000082 ], [ 179.99999999, 62.721860467000063 ] ] ] } },
{ "type": "Feature", "properties": { }, "geometry": { "type": "Polygon", "coordinates": [ [ [ 179.99999999, 66.030546342000036 ], [ 176.378184418000046, 67.41899171700004 ], [ 174.020684862000053, 67.763389415000063 ], [ 172.63996489200008, 67.683182582000029 ], [ 170.984978433000038, 66.561447376000032 ], [ 169.613260539000066, 66.079122319000092 ], [ 169.740166362000082, 65.627724518000051 ], [ 172.020660843000087, 65.818371419000087 ], [ 173.608587276000094, 66.522354691000018 ], [ 175.520595705000119, 66.66121688100003 ], [ 175.957036492000043, 66.477764182000044 ], [ 175.928093115000024, 66.00687887900007 ], [ 179.99999999, 64.914837115000068 ], [ 179.99999999, 66.030546342000036 ] ] ] } },
{ "type": "Feature", "properties": { }, "geometry": { "type": "Polygon", "coordinates": [ [ [ 157.100613391000024, 61.077292818000011 ], [ 160.882790868000029, 62.04894347700008 ], [ 159.191524923000088, 62.786753956000041 ], [ 157.496879746000104, 63.096320693000052 ], [ 152.500850861000117, 62.665132306000018 ], [ 152.648619974000098, 62.228127275000077 ], [ 151.078401962000044, 61.705189035000046 ], [ 149.647313127000075, 61.757791373000025 ], [ 146.305352710000079, 62.79242302300009 ], [ 144.632146674000069, 62.550204265000048 ], [ 144.114859035000109, 62.117874865000033 ], [ 145.230404966000037, 61.550865523000027 ], [ 148.435194864000096, 58.866208668000077 ], [ 150.3996791080001, 58.754346893000047 ], [ 150.475062168000022, 59.141915550000078 ], [ 152.849307923000083, 59.73365872200003 ], [ 155.035097787000041, 59.652796895000037 ], [ 157.100613391000024, 61.077292818000011 ] ] ] } },
{ "type": "Feature", "properties": { }, "geometry": { "type": "Polygon", "coordinates": [ [ [ 150.077651299000081, 63.279336976000089 ], [ 150.688240482000083, 62.864901273000044 ], [ 152.37605455400012, 62.641168178000044 ], [ 157.475233932000037, 63.094759535000044 ], [ 155.045629893000068, 64.717761621000065 ], [ 153.005399691000122, 63.750224272000082 ], [ 151.611174429000016, 64.007427671000073 ], [ 150.077651299000081, 63.279336976000089 ] ] ] } },
{ "type": "Feature", "properties": { }, "geometry": { "type": "Polygon", "coordinates": [ [ [ 151.611174429000016, 64.007427671000073 ], [ 149.539221565000048, 65.083842236000066 ], [ 148.880751428000053, 65.028579334000014 ], [ 147.960068062000119, 64.403098899000042 ], [ 150.077651299000081, 63.279336976000089 ], [ 151.495408962000056, 63.740826474000073 ], [ 151.611174429000016, 64.007427671000073 ] ] ] } },
{ "type": "Feature", "properties": { }, "geometry": { "type": "Polygon", "coordinates": [ [ [ 155.295401002000091, 66.911585616000082 ], [ 154.685343243000034, 65.625124150000033 ], [ 155.066489959000023, 65.249170020000065 ], [ 155.045629893000068, 64.717761621000065 ], [ 157.475233932000037, 63.094759535000044 ], [ 159.191524923000088, 62.786753956000041 ], [ 160.882790868000029, 62.04894347700008 ], [ 164.238384224000015, 62.59964259700007 ], [ 167.069948874000033, 63.781736264000081 ], [ 159.515026656000032, 66.273800533000028 ], [ 155.295401002000091, 66.911585616000082 ] ] ] } },
{ "type": "Feature", "properties": { }, "geometry": { "type": "Polygon", "coordinates": [ [ [ 153.005399691000122, 63.750224272000082 ], [ 155.045629893000068, 64.717761621000065 ], [ 155.066489959000023, 65.249170020000065 ], [ 154.685343243000034, 65.625124150000033 ], [ 155.45539761100008, 67.248052954000059 ], [ 153.469918852000092, 67.138557332000062 ], [ 151.886435350000056, 66.404856748000043 ], [ 151.239219265000088, 65.731698705000042 ], [ 151.140670510000064, 65.178083972000081 ], [ 151.607059002000057, 65.004385391000028 ], [ 151.037326567000036, 64.355269386000032 ], [ 151.920253934000016, 63.814793002000044 ], [ 153.005399691000122, 63.750224272000082 ] ] ] } },
{ "type": "Feature", "properties": { }, "geometry": { "type": "Polygon", "coordinates": [ [ [ -159.633819665999965, 60.261889294000071 ], [ -161.891170218999974, 59.426106775000051 ], [ -162.600254974999984, 58.961839191000088 ], [ -161.750239763999986, 58.535861729000018 ], [ -159.633819665999965, 60.261889294000071 ] ] ] } },
{ "type": "Feature", "properties": { }, "geometry": { "type": "Polygon", "coordinates": [ [ [ -141.371929205999947, 61.195347209000033 ], [ -137.701873778999982, 59.463787079000042 ], [ -134.847416173999989, 58.046346174000064 ], [ -135.405319213999974, 59.130329132000021 ], [ -138.215729018, 60.870949548000063 ], [ -140.918312621000013, 61.328554076000053 ], [ -141.371929205999947, 61.195347209000033 ] ] ] } },
{ "type": "Feature", "properties": { }, "geometry": { "type": "Polygon", "coordinates": [ [ [ -169.212199381999966, 51.688462789000027 ], [ -157.978268543999974, 54.275878299000063 ], [ -156.612514049999959, 55.668408047000078 ], [ -169.271195967999972, 52.054887017000048 ], [ -169.212199381999966, 51.688462789000027 ] ] ] } },
{ "type": "Feature", "properties": { }, "geometry": { "type": "Polygon", "coordinates": [ [ [ -179.99999999, 66.888489461000077 ], [ -177.477406102999964, 67.092786561000096 ], [ -171.889733408999973, 66.971355823000081 ], [ -179.99999999, 69.188411064000022 ], [ -179.99999999, 66.888489461000077 ] ] ] } },
{ "type": "Feature", "properties": { }, "geometry": { "type": "Polygon", "coordinates": [ [ [ -179.99999999, 69.188411064000022 ], [ -171.585077062999972, 66.856635555000082 ], [ -163.176986205999981, 66.999620743000051 ], [ -164.134675711999961, 67.493037032000089 ], [ -169.157842973999976, 68.216757643000051 ], [ -178.296213354999963, 70.634807533000085 ], [ -179.99999999, 70.721386607000042 ], [ -179.99999999, 69.188411064000022 ] ] ] } },
{ "type": "Feature", "properties": { }, "geometry": { "type": "Polygon", "coordinates": [ [ [ -39.1786, -49.6704 ], [ -39.7335, -49.4523 ], [ -49.845891212999959, -49.579693303999925 ], [ -54.214436015999965, -54.511292095999977 ], [ -51.110510254999959, -54.16051025499997 ], [ -48.599989728999951, -53.27577755899997 ], [ -44.17954503999993, -52.700990068999943 ], [ -42.161593821999929, -52.101837060999969 ], [ -39.5954, -50.3006 ], [ -39.1786, -49.6704 ] ] ] } },
{ "type": "Feature", "properties": { }, "geometry": { "type": "Polygon", "coordinates": [ [ [ 165.625461353000105, 60.176089738000037 ], [ 165.253113838000104, 60.831104642000035 ], [ 163.03559967800004, 60.153118227000057 ], [ 160.022793142000097, 59.00311439200005 ], [ 156.83419845100002, 57.207492472000077 ], [ 156.110698195000055, 55.727703178000077 ], [ 156.694662071000039, 53.223744565000061 ], [ 157.45508419600003, 52.985592774000047 ], [ 158.908805993000101, 55.266909532000057 ], [ 161.54539792300011, 57.760413544000073 ], [ 165.625461353000105, 60.176089738000037 ] ] ] } },
{ "type": "Feature", "properties": { }, "geometry": { "type": "Polygon", "coordinates": [ [ [ 160.022793142000097, 59.00311439200005 ], [ 159.390145287000109, 59.51236141600004 ], [ 154.950226116000067, 56.922889797000032 ], [ 156.196290763000093, 51.784254601000043 ], [ 157.45508419600003, 52.985592774000047 ], [ 156.694662071000039, 53.223744565000061 ], [ 156.110698195000055, 55.727703178000077 ], [ 156.83419845100002, 57.207492472000077 ], [ 160.022793142000097, 59.00311439200005 ] ] ] } },
{ "type": "Feature", "properties": { }, "geometry": { "type": "Polygon", "coordinates": [ [ [ 179.99999999, 52.598025702000029 ], [ 177.016771611000081, 52.622087902000032 ], [ 171.962555401000031, 53.737790034000056 ], [ 164.089507140000023, 56.655170394000031 ], [ 164.299417681000023, 55.497401594000053 ], [ 165.570712725000021, 55.09238976000006 ], [ 168.592977629000075, 53.345099951000051 ], [ 172.982714895000072, 51.676677354000049 ], [ 177.720436201000098, 50.68369746900003 ], [ 179.99999999, 50.517123253000079 ], [ 179.99999999, 52.598025702000029 ] ] ] } },
{ "type": "Feature", "properties": { }, "geometry": { "type": "Polygon", "coordinates": [ [ [ -179.99999999, -17.245077064999975 ], [ -179.159201990999975, -16.70031545899996 ], [ -179.155855869999982, -15.767322032999971 ], [ -179.99999999, -15.628979754999934 ], [ -179.99999999, -17.245077064999975 ] ] ] } },
{ "type": "Feature", "properties": { }, "geometry": { "type": "Polygon", "coordinates": [ [ [ 179.99999999, 64.091328713000053 ], [ 178.956425810000042, 63.686429387000032 ], [ 178.757356374000096, 63.436905400000057 ], [ 179.99999999, 62.721860467000063 ], [ 179.99999999, 64.091328713000053 ] ] ] } },
{ "type": "Feature", "properties": { }, "geometry": { "type": "Polygon", "coordinates": [ [ [ -179.99999999, 64.091328713000053 ], [ -179.54555090599996, 64.337031076000073 ], [ -178.841209842999973, 64.511028065000076 ], [ -179.99999999, 64.914837115000068 ], [ -179.99999999, 64.091328713000053 ] ] ] } },
{ "type": "Feature", "properties": { }, "geometry": { "type": "Polygon", "coordinates": [ [ [ -167.312563396999963, 74.36432913700007 ], [ -172.485037397999974, 75.614042543000025 ], [ -178.503284754999981, 75.198092118000034 ], [ -179.967789863999968, 74.265315880000045 ], [ -170.969, 72.5571 ], [ -166.031, 72.0102 ], [ -161.350031313999978, 73.442868227000062 ], [ -162.257331954999984, 73.932991380000033 ], [ -163.220199296999965, 74.008334190000085 ], [ -166.011401265999979, 73.629205569000078 ], [ -167.312563396999963, 74.36432913700007 ] ] ] } },
{ "type": "Feature", "properties": { }, "geometry": { "type": "Polygon", "coordinates": [ [ [ -179.99999999, 72.656055255000098 ], [ -174.011666316999964, 71.945962727000051 ], [ -169.257444299999975, 70.162003452000093 ], [ -165.923266512999959, 70.033995402000073 ], [ -165.116197246999974, 70.498478090000091 ], [ -164.977794124999974, 71.096037926000065 ], [ -165.520039794999974, 72.142446258000064 ], [ -170.969, 72.5571 ], [ -179.967789863999968, 74.265315880000045 ], [ -179.99999999, 72.656055255000098 ] ] ] } },
{ "type": "Feature", "properties": { }, "geometry": { "type": "Polygon", "coordinates": [ [ [ -179.99999999, 75.415057434000062 ], [ -178.503284754999981, 75.198092118000034 ], [ -172.485037397999974, 75.614042543000025 ], [ -179.99999999, 76.418798095000071 ], [ -179.99999999, 75.415057434000062 ] ] ] } },
{ "type": "Feature", "properties": { }, "geometry": { "type": "Polygon", "coordinates": [ [ [ 133.825870830000099, 71.99843108500005 ], [ 127.94251931000008, 73.95613815300004 ], [ 119.630508631000097, 76.098190663000082 ], [ 112.8309, 73.9916 ], [ 120.03029497600005, 72.805556770000067 ], [ 122.116135557, 72.821950249000054 ], [ 126.76148816400007, 72.16516075800007 ], [ 128.799038397000118, 71.307447384000056 ], [ 130.8608, 70.9617 ], [ 131.537931159000095, 70.92405920200008 ], [ 132.709532077000063, 71.817333460000043 ], [ 134.734862502000055, 71.410518492000065 ], [ 133.825870830000099, 71.99843108500005 ] ] ] } },
{ "type": "Feature", "properties": { }, "geometry": { "type": "Polygon", "coordinates": [ [ [ -179.99999999, -15.628979754999934 ], [ -179.155855869999982, -15.767322032999971 ], [ -178.407503788999975, -16.492457126999966 ], [ -179.187510022999987, -15.067730286999961 ], [ -179.99999999, -15.628979754999934 ] ] ] } },
{ "type": "Feature", "properties": { }, "geometry": { "type": "Polygon", "coordinates": [ [ [ 102.309782840000082, 1.448338610000064 ], [ 101.977407135000078, -2.484986682999931 ], [ 103.427490234000061, -3.832397460999971 ], [ 105.011901855000076, -4.511291503999928 ], [ 105.103932129000043, -6.309143713999958 ], [ 107.662170410000044, -4.640380858999947 ], [ 108.281860352000081, -3.857849120999958 ], [ 108.509145558000057, -2.687188169999956 ], [ 107.956459015000064, -2.215779370999938 ], [ 104.028625488000046, -0.682128905999946 ], [ 104.000671387000068, 0.402893066000047 ], [ 102.309782840000082, 1.448338610000064 ] ] ] } },
{ "type": "Feature", "properties": { }, "geometry": { "type": "Polygon", "coordinates": [ [ [ 112.626187795000078, -5.550310520999972 ], [ 111.739699991000066, -5.442659250999952 ], [ 108.509145558000057, -2.687188169999956 ], [ 108.281860352000081, -3.857849120999958 ], [ 107.662170410000044, -4.640380858999947 ], [ 105.358947754000042, -6.116821288999972 ], [ 104.937175916000072, -6.691643981999963 ], [ 105.34120899900006, -7.054978439999959 ], [ 108.660542611000039, -7.056653082999958 ], [ 112.626187795000078, -5.550310520999972 ] ] ] } },
{ "type": "Feature", "properties": { }, "geometry": { "type": "Polygon", "coordinates": [ [ [ 101.684760496000095, 8.894336318000059 ], [ 101.467163086000085, 8.106201172000056 ], [ 102.309782840000082, 1.448338610000064 ], [ 104.000671387000068, 0.402893066000047 ], [ 104.028625488000046, -0.682128905999946 ], [ 107.956459015000064, -2.215779370999938 ], [ 108.506476622000037, -2.684865713999955 ], [ 108.670166016000053, -1.086730956999929 ], [ 107.667007147000049, 2.098410522000052 ], [ 107.411053041000059, 4.038091113000064 ], [ 101.684760496000095, 8.894336318000059 ] ] ] } },
{ "type": "Feature", "properties": { }, "geometry": { "type": "Polygon", "coordinates": [ [ [ 116.748423800000069, 7.395901287000073 ], [ 117.017881614000089, 8.993684658000063 ], [ 114.82549296600007, 6.739760602000047 ], [ 112.255554199000017, 4.75671386700003 ], [ 109.643784328000038, 4.174935192000021 ], [ 112.160676856, 2.67363707100003 ], [ 113.141662598000053, 2.552062988000046 ], [ 114.078368487000034, 3.036853479000058 ], [ 114.691094957000018, 2.782102636000048 ], [ 115.264038086000028, 3.350708008000026 ], [ 115.44631693700002, 4.192718404000061 ], [ 115.902054339000074, 4.218760541000051 ], [ 116.027924670000075, 6.397619359000032 ], [ 116.748423800000069, 7.395901287000073 ] ] ] } },
{ "type": "Feature", "properties": { }, "geometry": { "type": "Polygon", "coordinates": [ [ [ 119.086955276000026, 9.048923867000042 ], [ 119.766825894000021, 10.250183363000076 ], [ 118.346028141000033, 9.741477218000057 ], [ 116.979015151000112, 8.332176673000049 ], [ 116.748423800000069, 7.395901287000073 ], [ 119.086955276000026, 9.048923867000042 ] ] ] } },
{ "type": "Feature", "properties": { }, "geometry": { "type": "Polygon", "coordinates": [ [ [ 118.104769087, 7.476541620000034 ], [ 117.125805357000104, 7.601094148000073 ], [ 117.590549272000089, 7.873600329000056 ], [ 116.748423800000069, 7.395901287000073 ], [ 116.17549678100012, 6.653700375000028 ], [ 115.984521107000091, 6.020008369000038 ], [ 116.363885844000038, 4.97725547400006 ], [ 118.104769087, 7.476541620000034 ] ] ] } },
{ "type": "Feature", "properties": { }, "geometry": { "type": "Polygon", "coordinates": [ [ [ 117.700305832000012, 6.327548339000032 ], [ 117.663006457000051, 6.924338333000037 ], [ 117.011095728000086, 6.043317689000048 ], [ 117.29916677700011, 5.323140066000065 ], [ 117.854732372000043, 4.90132174400003 ], [ 119.088782806000054, 4.756210988000021 ], [ 119.377506799000102, 5.561600101000067 ], [ 118.881966935000051, 6.237589772000035 ], [ 117.700305832000012, 6.327548339000032 ] ] ] } },
{ "type": "Feature", "properties": { }, "geometry": { "type": "Polygon", "coordinates": [ [ [ 116.363885844000038, 4.97725547400006 ], [ 116.054845951000047, 5.437874942000064 ], [ 115.902054339000074, 4.218760541000051 ], [ 115.44631693700002, 4.192718404000061 ], [ 115.264038086000028, 3.350708008000026 ], [ 114.691094957000018, 2.782102636000048 ], [ 114.006793944000037, 3.026868886000043 ], [ 113.141662598000053, 2.552062988000046 ], [ 111.243337039000039, 3.04543600200003 ], [ 109.643784328000038, 4.174935192000021 ], [ 110.386731077000036, 2.114114964000066 ], [ 110.979691411000033, 1.542645966000066 ], [ 113.131204778000097, 0.691250069000034 ], [ 113.914331949000029, 0.672850272000062 ], [ 115.221455696000035, 1.412608318000025 ], [ 115.951405797, 2.339547056000071 ], [ 116.363885844000038, 4.97725547400006 ] ] ] } },
{ "type": "Feature", "properties": { }, "geometry": { "type": "Polygon", "coordinates": [ [ [ 113.783105597000031, 0.670581171000038 ], [ 111.561462496000047, 1.234281359000022 ], [ 109.286822544000074, 2.807831290000024 ], [ 109.914476130000082, 1.201518346000057 ], [ 110.446465511000042, 0.724944526000058 ], [ 112.823793057000117, 0.309327822000057 ], [ 113.783105597000031, 0.670581171000038 ] ] ] } },
{ "type": "Feature", "properties": { }, "geometry": { "type": "Polygon", "coordinates": [ [ [ 120.001047613000097, 1.361109512000041 ], [ 118.501433762000033, 3.798152094000045 ], [ 118.104865055000118, 3.629610393000064 ], [ 115.535047168, -0.900883361999945 ], [ 114.356385537000051, -3.818787707999945 ], [ 112.626187795000078, -5.550310520999972 ], [ 117.077631985000039, -5.947610721999979 ], [ 118.396102952000092, -3.378540289999933 ], [ 118.367971010000034, -2.759546168999975 ], [ 118.258752868000116, -3.094537358999958 ], [ 117.26267322, -2.106616814999938 ], [ 117.784550671000048, 0.021363119000057 ], [ 117.928152264000119, 0.437377223000055 ], [ 119.276207868000043, 0.997299032000058 ], [ 119.371036802000049, 0.387355657000057 ], [ 120.001047613000097, 1.361109512000041 ] ] ] } },
{ "type": "Feature", "properties": { }, "geometry": { "type": "Polygon", "coordinates": [ [ [ 119.088782806000054, 4.756210988000021 ], [ 117.40328351200003, 4.231556639000075 ], [ 115.247217711000062, 0.847352092000051 ], [ 113.945700162000094, 0.292975584000033 ], [ 115.165551907, -0.490432058999943 ], [ 115.401797352000031, -1.224490058999947 ], [ 118.104865055000118, 3.629610393000064 ], [ 119.678448536000033, 4.598280923000061 ], [ 119.088782806000054, 4.756210988000021 ] ] ] } },
{ "type": "Feature", "properties": { }, "geometry": { "type": "Polygon", "coordinates": [ [ [ 61.00701891600005, 35.271087796000074 ], [ 59.844768614000031, 35.954392579000064 ], [ 60.599211452000084, 33.59572961300006 ], [ 60.693591494000032, 31.920988462000025 ], [ 66.415687446000049, 34.220844398000054 ], [ 67.900471114000084, 34.430236966000052 ], [ 69.279724139000052, 35.469856432000022 ], [ 63.664321888000075, 35.12744973100007 ], [ 61.00701891600005, 35.271087796000074 ] ] ] } },
{ "type": "Feature", "properties": { }, "geometry": { "type": "Polygon", "coordinates": [ [ [ 66.687641824000082, 27.503432909000026 ], [ 66.097798130000058, 28.145828424000058 ], [ 63.45339905000003, 27.569485035000071 ], [ 63.057317542000078, 27.770124053000078 ], [ 60.08736004900004, 26.783149668000078 ], [ 57.967898909000041, 27.125900773000073 ], [ 56.943645811000067, 28.093641124000044 ], [ 57.065639496000074, 26.664972305000049 ], [ 56.380390167, 24.941415787000039 ], [ 56.741750781000064, 23.694108908000032 ], [ 58.188463073000037, 23.065931202000058 ], [ 59.816163, 22.820497 ], [ 63.490336723000041, 22.952308388000063 ], [ 65.531693181000037, 24.098570279000057 ], [ 65.355163162000053, 24.2645 ], [ 66.65876316300006, 25.2196 ], [ 66.687641824000082, 27.503432909000026 ] ] ] } },
{ "type": "Feature", "properties": { }, "geometry": { "type": "Polygon", "coordinates": [ [ [ -127.586147565999966, 57.852726853000036 ], [ -127.979908404999946, 57.853848409000086 ], [ -126.935014782999986, 57.179516252000035 ], [ -125.271523463999984, 55.265387988000036 ], [ -123.27453613299997, 53.89739227300003 ], [ -121.859773446999966, 52.218974906000028 ], [ -121.448304591999943, 51.041894269000068 ], [ -121.499805844999969, 49.937695320000046 ], [ -120.697969401999956, 48.794623439000077 ], [ -119.425893309999978, 48.734695011000028 ], [ -119.605536597999944, 49.602849851000016 ], [ -120.153507753999989, 49.829937279000035 ], [ -120.497251933999962, 50.601335932000055 ], [ -120.357839518, 51.146338603000054 ], [ -120.742264871999978, 52.155900955000035 ], [ -122.549205359999988, 53.214929066000074 ], [ -122.599433623999971, 53.592743165000059 ], [ -122.38344761999997, 53.550324153000069 ], [ -122.776870727999949, 54.467208862000071 ], [ -123.168014526, 54.772666931000053 ], [ -123.522689819, 54.555446625000052 ], [ -123.83794403099995, 54.81989288300008 ], [ -123.706863402999943, 55.083427429000032 ], [ -127.586147565999966, 57.852726853000036 ] ] ] } },
{ "type": "Feature", "properties": { }, "geometry": { "type": "Polygon", "coordinates": [ [ [ -126.477814540999987, 56.367795184000038 ], [ -125.805180145999941, 54.591181023000047 ], [ -123.695226915999967, 53.161003719000057 ], [ -122.149318188, 50.805209764000033 ], [ -121.412683748999939, 50.495888175000061 ], [ -121.859773446999966, 52.218974906000028 ], [ -123.27453613299997, 53.89739227300003 ], [ -126.477814540999987, 56.367795184000038 ] ] ] } },
{ "type": "Feature", "properties": { }, "geometry": { "type": "Polygon", "coordinates": [ [ [ -134.919504269999948, 62.075627404000038 ], [ -136.958121157, 62.749426525000047 ], [ -137.767251983999984, 62.723405371000055 ], [ -137.147034235999968, 62.497317909000067 ], [ -137.112300223, 61.438673535000078 ], [ -130.133724871999959, 55.741168255000048 ], [ -129.031641825999941, 54.551677140000031 ], [ -128.98580674699997, 54.006920708000052 ], [ -127.582666760999984, 53.461743482000024 ], [ -127.567167350999952, 52.89924000600007 ], [ -126.764755332, 52.061354208000068 ], [ -124.392575618999956, 50.75999177500006 ], [ -124.015560568999959, 50.808311527000043 ], [ -124.023759547999973, 51.441493209000029 ], [ -122.149318188, 50.805209764000033 ], [ -123.695226915999967, 53.161003719000057 ], [ -125.805180145999941, 54.591181023000047 ], [ -126.935014782999986, 57.179516252000035 ], [ -127.979908404999946, 57.853848409000086 ], [ -132.380399703999956, 58.674901962000035 ], [ -134.593090963999941, 59.983389987000059 ], [ -134.693244404999973, 60.422358709000029 ], [ -133.565156578999961, 60.608725535000076 ], [ -134.919504269999948, 62.075627404000038 ] ] ] } },
{ "type": "Feature", "properties": { }, "geometry": { "type": "Polygon", "coordinates": [ [ [ -127.408504959999945, 58.114753921000037 ], [ -130.382724398999983, 59.201542588000059 ], [ -131.544324745999972, 60.55287653 ], [ -133.361057780999943, 61.142839220000027 ], [ -133.842242398, 61.768488184000041 ], [ -135.498631688999978, 62.704054701000068 ], [ -134.155711513999961, 60.965001334000078 ], [ -131.244247193999968, 58.96919578200005 ], [ -126.547022412999979, 57.330289626000088 ], [ -127.408504959999945, 58.114753921000037 ] ] ] } },
{ "type": "Feature", "properties": { }, "geometry": { "type": "Polygon", "coordinates": [ [ [ -129.454198836999979, 64.489400864000061 ], [ -134.68989944499998, 65.051099777000061 ], [ -140.883098601999961, 64.731599808000055 ], [ -133.492780392999975, 62.267405999000061 ], [ -130.692214966, 61.950866699000073 ], [ -130.121963500999982, 61.589458466000053 ], [ -129.40852356, 61.063690186000038 ], [ -128.773408889, 59.883928088000047 ], [ -123.680934904999958, 55.660760798000062 ], [ -124.704157168, 55.630537665000077 ], [ -125.738975340999943, 56.360681725000056 ], [ -125.592323164999982, 56.224195470000041 ], [ -124.391242980999948, 55.351413727000079 ], [ -123.706863402999943, 55.083427429000032 ], [ -123.83794403099995, 54.81989288300008 ], [ -123.522689819, 54.555446625000052 ], [ -123.168014526, 54.772666931000053 ], [ -122.776870727999949, 54.467208862000071 ], [ -122.272592327999959, 53.917066761000051 ], [ -122.201662480999985, 53.441790981000061 ], [ -122.38344761999997, 53.550324153000069 ], [ -121.768098830999975, 53.081399918000038 ], [ -118.876786098999958, 51.653155182000027 ], [ -118.949192668999956, 51.12984926700004 ], [ -118.278487866999967, 50.111708443000047 ], [ -118.622759495999972, 51.229143612000016 ], [ -118.006942454999958, 51.074920711000061 ], [ -117.034714147999978, 49.758140495000063 ], [ -118.049036486, 49.795040911000058 ], [ -117.598514692, 49.219319612000049 ], [ -118.458057371999971, 48.552423783000044 ], [ -119.353870527999959, 49.176301809000044 ], [ -118.849399259, 49.567967627000023 ], [ -119.495321921999974, 49.736183649000061 ], [ -119.59969901999996, 47.696001053000032 ], [ -118.583599090999954, 46.69750022900007 ], [ -116.214899062999976, 46.439401627000052 ], [ -116.216798781999955, 44.984502792000058 ], [ -115.660400390999953, 43.458799362000036 ], [ -113.779100417999985, 42.759801865000043 ], [ -111.291999816999976, 43.999502182000079 ], [ -112.512199401999965, 44.499799728000028 ], [ -112.84700012199994, 45.126901627000052 ], [ -111.595199584999989, 46.618402481000032 ], [ -114.055599213, 49.429399490000037 ], [ -115.486499785999953, 51.622102737000034 ], [ -116.549999236999952, 52.533899307000063 ], [ -121.955099105999977, 55.257501602000048 ], [ -126.134899138999984, 59.484399796000034 ], [ -125.505399703999956, 61.648500443000053 ], [ -126.329299926999965, 63.22990226700005 ], [ -129.454198836999979, 64.489400864000061 ] ] ] } },
{ "type": "Feature", "properties": { }, "geometry": { "type": "Polygon", "coordinates": [ [ [ -130.692214966, 61.950866699000073 ], [ -133.492780392999975, 62.267405999000061 ], [ -130.550041289999967, 61.118359884000022 ], [ -128.773408889, 59.883928088000047 ], [ -129.40852356, 61.063690186000038 ], [ -130.692214966, 61.950866699000073 ] ] ] } },
{ "type": "Feature", "properties": { }, "geometry": { "type": "Polygon", "coordinates": [ [ [ -127.618669887999957, 57.863426543000045 ], [ -131.244247193999968, 58.96919578200005 ], [ -133.565156578999961, 60.608725535000076 ], [ -134.693244404999973, 60.422358709000029 ], [ -134.593090963999941, 59.983389987000059 ], [ -132.380399703999956, 58.674901962000035 ], [ -127.618669887999957, 57.863426543000045 ] ] ] } },
{ "type": "Feature", "properties": { }, "geometry": { "type": "Polygon", "coordinates": [ [ [ -145.852600097999982, 61.754104614000035 ], [ -149.220546528999961, 61.489179214000046 ], [ -153.56489944499998, 57.778200150000025 ], [ -160.156253757999963, 55.205213745000044 ], [ -169.38509336499996, 52.736829094000029 ], [ -169.271195967999972, 52.054887017000048 ], [ -159.317462959999972, 54.729061082000037 ], [ -154.462544098, 56.475268811000035 ], [ -151.995551173999957, 57.726845662000066 ], [ -147.331229208999957, 60.931863181000011 ], [ -144.399176893999964, 60.972169410000049 ], [ -139.110705645999985, 60.031150934000031 ], [ -145.852600097999982, 61.754104614000035 ] ] ] } },
{ "type": "Feature", "properties": { }, "geometry": { "type": "Polygon", "coordinates": [ [ [ -179.99999999, 60.742907831000082 ], [ -178.998586230999962, 60.82394183100007 ], [ -178.445849475999978, 61.976083888000076 ], [ -179.99999999, 62.721860467000063 ], [ -179.99999999, 60.742907831000082 ] ] ] } },
{ "type": "Feature", "properties": { }, "geometry": { "type": "Polygon", "coordinates": [ [ [ -179.99999999, 64.914837115000068 ], [ -178.841209842999973, 64.511028065000076 ], [ -176.860688474999961, 64.970364828000072 ], [ -179.99999999, 66.022037883000053 ], [ -179.99999999, 64.914837115000068 ] ] ] } },
{ "type": "Feature", "properties": { }, "geometry": { "type": "Polygon", "coordinates": [ [ [ 118.63059258300008, 4.80114928200004 ], [ 117.597526078000101, 5.00420426200003 ], [ 117.011095728000086, 6.043317689000048 ], [ 116.383512371000052, 5.168816290000052 ], [ 116.177747336000053, 2.792230134000022 ], [ 115.581028734000043, 1.742828454000062 ], [ 113.535865831000038, 0.493377649000024 ], [ 113.945700162000094, 0.292975584000033 ], [ 115.247217711000062, 0.847352092000051 ], [ 116.325250611000115, 2.293826616000047 ], [ 116.980257943000083, 3.835823043000062 ], [ 118.63059258300008, 4.80114928200004 ] ] ] } },
{ "type": "Feature", "properties": { }, "geometry": { "type": "Polygon", "coordinates": [ [ [ 115.46685791000003, -5.895263665999948 ], [ 112.64576050800008, -5.552687346999964 ], [ 108.660542611000039, -7.056653082999958 ], [ 105.34120899900006, -7.054978439999959 ], [ 106.351963163000065, -7.6352 ], [ 108.740370484000039, -8.211893891999978 ], [ 110.930548410000085, -7.470679297999937 ], [ 113.843008682000118, -7.327911637999931 ], [ 115.46685791000003, -5.895263665999948 ] ] ] } },
{ "type": "Feature", "properties": { }, "geometry": { "type": "Polygon", "coordinates": [ [ [ 109.286822544000074, 2.807831290000024 ], [ 110.888175433000072, 1.630845025000042 ], [ 110.386731077000036, 2.114114964000066 ], [ 109.589611640000044, 4.398397530000068 ], [ 109.172424316000047, 8.804077148000033 ], [ 108.746419761000084, 8.603361547000077 ], [ 108.335887500000069, 6.554709767000077 ], [ 108.523810148000052, 4.168909184000029 ], [ 109.286822544000074, 2.807831290000024 ] ] ] } },
{ "type": "Feature", "properties": { }, "geometry": { "type": "Polygon", "coordinates": [ [ [ 109.473925637000036, 6.870066774000069 ], [ 109.643784328000038, 4.174935192000021 ], [ 112.255554199000017, 4.75671386700003 ], [ 113.169810067000071, 5.425543684000047 ], [ 112.319716049000021, 6.048953972000049 ], [ 109.473925637000036, 6.870066774000069 ] ] ] } },
{ "type": "Feature", "properties": { }, "geometry": { "type": "Polygon", "coordinates": [ [ [ 103.12793668200004, 23.079692285000082 ], [ 102.174682617000087, 23.513000488000056 ], [ 100.138612647000059, 25.529891479000074 ], [ 100.278747559000067, 23.065979004000042 ], [ 101.084594727000081, 21.631835938000052 ], [ 101.179870606000065, 20.464904785000048 ], [ 100.799011231000065, 18.33288574200003 ], [ 100.113708496000072, 17.086181641000053 ], [ 100.31405727200007, 15.014896699000076 ], [ 101.609497070000032, 14.144348145000039 ], [ 101.541503906000074, 18.189270019000048 ], [ 103.026062012000068, 21.293029785000044 ], [ 103.12793668200004, 23.079692285000082 ] ] ] } },
{ "type": "Feature", "properties": { }, "geometry": { "type": "Polygon", "coordinates": [ [ [ 94.119587717000059, 14.322233641000025 ], [ 94.974470858000075, 17.693730908000077 ], [ 94.068625629000053, 21.605188601000066 ], [ 94.076233370000068, 23.924759072000032 ], [ 96.509143245000075, 27.555962136000062 ], [ 95.25939388200004, 27.217207189000082 ], [ 91.2423, 23.7947 ], [ 90.521523986000034, 21.801183854000044 ], [ 93.414071977000049, 18.934765402000039 ], [ 93.956672120000064, 15.927434351000047 ], [ 93.440180524000084, 14.73846608300005 ], [ 94.119587717000059, 14.322233641000025 ] ] ] } },
{ "type": "Feature", "properties": { }, "geometry": { "type": "Polygon", "coordinates": [ [ [ -170.645621722999977, 63.108008772000062 ], [ -168.212036276999982, 62.871059848000073 ], [ -163.066526876999973, 63.49805018200005 ], [ -161.312999724999969, 64.636499405000052 ], [ -161.287199019999974, 66.178602219000084 ], [ -160.127389668999967, 66.974683123000034 ], [ -168.465947683999985, 66.993674835000036 ], [ -170.645621722999977, 63.108008772000062 ] ] ] } },
{ "type": "Feature", "properties": { }, "geometry": { "type": "Polygon", "coordinates": [ [ [ 76.978303259000029, 36.357978818000049 ], [ 74.452049255000077, 38.251853943000064 ], [ 72.565750122000054, 38.357803345000036 ], [ 71.500434875000053, 37.834239960000048 ], [ 70.02843598100003, 35.672396090000063 ], [ 73.030219856000031, 36.561531568000078 ], [ 74.30000306200003, 36.279998770000077 ], [ 74.778258787000084, 35.822860796000043 ], [ 75.620162807000042, 36.267490722000048 ], [ 76.978303259000029, 36.357978818000049 ] ] ] } },
{ "type": "Feature", "properties": { }, "geometry": { "type": "Polygon", "coordinates": [ [ [ 67.823883057000046, 35.575859070000035 ], [ 61.690929413000049, 40.386508942000034 ], [ 60.578121185000043, 41.956611633000072 ], [ 58.578269958000078, 39.774410248000038 ], [ 57.344238281000059, 39.079700470000034 ], [ 55.063648224000069, 39.386199951000037 ], [ 56.566501617000029, 38.468990326000039 ], [ 57.427220319000071, 37.467006694000084 ], [ 58.909999932000062, 36.930000704000065 ], [ 59.410000115000059, 36.209999649000054 ], [ 61.00701891600005, 35.271087796000074 ], [ 63.664321888000075, 35.12744973100007 ], [ 69.553489807000076, 35.486549662000073 ], [ 70.484746523000069, 36.395088556000083 ], [ 69.65963457600003, 36.764414814000077 ], [ 68.758323669000049, 35.896461487000067 ], [ 67.823883057000046, 35.575859070000035 ] ] ] } },
{ "type": "Feature", "properties": { }, "geometry": { "type": "Polygon", "coordinates": [ [ [ 52.584629059000051, 40.030738831000065 ], [ 49.060390781000073, 42.243622530000039 ], [ 47.613962154000014, 41.223078027000042 ], [ 49.643876733000063, 40.736922317000051 ], [ 47.636825517000041, 39.578415172000064 ], [ 49.209999058000029, 37.569999837000069 ], [ 51.86000101900003, 36.670001696000043 ], [ 55.499999839000047, 37.430000711000048 ], [ 57.427220319000071, 37.467006694000084 ], [ 56.566501617000029, 38.468990326000039 ], [ 55.063648224000069, 39.386199951000037 ], [ 52.584629059000051, 40.030738831000065 ] ] ] } },
{ "type": "Feature", "properties": { }, "geometry": { "type": "Polygon", "coordinates": [ [ [ 49.643876733000063, 40.736922317000051 ], [ 45.73481292700005, 41.945858916000077 ], [ 45.264786053000059, 41.590725334000076 ], [ 47.636825517000041, 39.578415172000064 ], [ 49.643876733000063, 40.736922317000051 ] ] ] } },
{ "type": "Feature", "properties": { }, "geometry": { "type": "Polygon", "coordinates": [ [ [ 38.317277908000044, 45.140365961000043 ], [ 36.932942479000076, 45.069044038000058 ], [ 40.099301106000041, 43.68430055400006 ], [ 44.372399176000044, 42.595501705000068 ], [ 47.613962154000014, 41.223078027000042 ], [ 49.060390781000073, 42.243622530000039 ], [ 47.460210142000037, 43.537820841000041 ], [ 43.188801766000047, 43.978611946000058 ], [ 41.543530464000064, 44.611790657000036 ], [ 38.317277908000044, 45.140365961000043 ] ] ] } },
{ "type": "Feature", "properties": { }, "geometry": { "type": "Polygon", "coordinates": [ [ [ 48.905295779000028, 44.373237468000077 ], [ 41.768608093000061, 46.616741180000076 ], [ 41.476852417000032, 46.961559296000068 ], [ 41.626510620000026, 47.465259552000077 ], [ 37.476422488000026, 45.278128231000046 ], [ 41.543530464000064, 44.611790657000036 ], [ 43.188801766000047, 43.978611946000058 ], [ 47.460210142000037, 43.537820841000041 ], [ 49.060390781000073, 42.243622530000039 ], [ 49.760627273000061, 42.710754545000043 ], [ 48.905295779000028, 44.373237468000077 ] ] ] } },
{ "type": "Feature", "properties": { }, "geometry": { "type": "Polygon", "coordinates": [ [ [ 46.753780365000054, 45.693679810000042 ], [ 42.108310120000056, 47.543383534000036 ], [ 41.626510620000026, 47.465259552000077 ], [ 41.476852417000032, 46.961559296000068 ], [ 42.484771729000052, 46.218868256000064 ], [ 48.905295779000028, 44.373237468000077 ], [ 48.686154545000072, 44.754345455000077 ], [ 49.192700151000039, 45.29238449300005 ], [ 46.753780365000054, 45.693679810000042 ] ] ] } },
{ "type": "Feature", "properties": { }, "geometry": { "type": "Polygon", "coordinates": [ [ [ 48.905295779000028, 44.373237468000077 ], [ 50.387775861000065, 43.992692767000051 ], [ 54.710979462000047, 41.49710845900006 ], [ 56.117271423000012, 41.251010895000036 ], [ 57.312610626000044, 41.49710845900006 ], [ 58.945011139000023, 42.587020874000075 ], [ 56.461288452000076, 42.860321045000035 ], [ 50.299968560000075, 45.120537730000073 ], [ 49.192700151000039, 45.29238449300005 ], [ 48.686154545000072, 44.754345455000077 ], [ 48.905295779000028, 44.373237468000077 ] ] ] } },
{ "type": "Feature", "properties": { }, "geometry": { "type": "Polygon", "coordinates": [ [ [ 58.945011139000023, 42.587020874000075 ], [ 57.312610626000044, 41.49710845900006 ], [ 56.117271423000012, 41.251010895000036 ], [ 54.710979462000047, 41.49710845900006 ], [ 50.387775861000065, 43.992692767000051 ], [ 48.905295779000028, 44.373237468000077 ], [ 49.760627273000061, 42.710754545000043 ], [ 49.060390781000073, 42.243622530000039 ], [ 49.831218719000049, 41.546699524000083 ], [ 52.584629059000051, 40.030738831000065 ], [ 55.063648224000069, 39.386199951000037 ], [ 57.344238281000059, 39.079700470000034 ], [ 58.578269958000078, 39.774410248000038 ], [ 60.578121185000043, 41.956611633000072 ], [ 58.945011139000023, 42.587020874000075 ] ] ] } },
{ "type": "Feature", "properties": { }, "geometry": { "type": "Polygon", "coordinates": [ [ [ 75.507870906000051, 39.169765160000054 ], [ 73.549804920000042, 39.439003425000067 ], [ 70.945128895000039, 38.71691502200008 ], [ 70.303835465000077, 37.394073523000031 ], [ 68.758323669000049, 35.896461487000067 ], [ 69.65963457600003, 36.764414814000077 ], [ 70.484746523000069, 36.395088556000083 ], [ 72.023315430000082, 38.197853088000045 ], [ 73.443496611000057, 38.45364823400007 ], [ 74.838096619000055, 38.078136444000052 ], [ 76.860781084000052, 36.579477205000039 ], [ 75.507870906000051, 39.169765160000054 ] ] ] } },
{ "type": "Feature", "properties": { }, "geometry": { "type": "Polygon", "coordinates": [ [ [ 59.109357869000071, 44.134930028000042 ], [ 49.912526139000079, 45.786820831000043 ], [ 49.192700151000039, 45.29238449300005 ], [ 56.461288452000076, 42.860321045000035 ], [ 58.945011139000023, 42.587020874000075 ], [ 60.578121185000043, 41.956611633000072 ], [ 61.690929413000049, 40.386508942000034 ], [ 67.823883057000046, 35.575859070000035 ], [ 68.758323669000049, 35.896461487000067 ], [ 70.303835465000077, 37.394073523000031 ], [ 70.734709428000031, 38.282867844000059 ], [ 66.122653545000048, 39.033544105000033 ], [ 63.989251376000027, 39.740447894000056 ], [ 61.200000763000055, 41.799999237000065 ], [ 59.109357869000071, 44.134930028000042 ] ] ] } },
{ "type": "Feature", "properties": { }, "geometry": { "type": "Polygon", "coordinates": [ [ [ 69.136752839000053, 68.123894096000072 ], [ 67.115130307000086, 67.81132188600003 ], [ 64.68187213200008, 66.321823206000033 ], [ 63.393435257000085, 65.985352429000045 ], [ 60.264009728000076, 64.060060398000076 ], [ 60.088147899000028, 63.193311715000057 ], [ 59.784199914000055, 59.759767585000077 ], [ 60.068740754000039, 58.870577460000057 ], [ 60.28214638400005, 53.96224797100006 ], [ 59.357388654000026, 52.468408561000039 ], [ 59.748632309000072, 48.093593147000036 ], [ 59.109357869000071, 44.134930028000042 ], [ 61.200000763000055, 41.799999237000065 ], [ 63.989251376000027, 39.740447894000056 ], [ 62.024473324000041, 41.982564190000062 ], [ 61.204130053000029, 48.042519321000029 ], [ 62.844816595000061, 51.958996872000057 ], [ 64.38991290000007, 57.383818204000079 ], [ 65.873719943000083, 65.632629779000069 ], [ 69.529693137000038, 67.252810667000062 ], [ 69.584595725000042, 67.85129407800008 ], [ 69.136752839000053, 68.123894096000072 ] ] ] } },
{ "type": "Feature", "properties": { }, "geometry": { "type": "Polygon", "coordinates": [ [ [ 77.539615703000038, 51.182941140000018 ], [ 75.330216452000059, 54.867546628000071 ], [ 71.153122520000068, 58.196659086000039 ], [ 69.959667111000044, 59.986842200000076 ], [ 70.870462028000077, 63.253141215000014 ], [ 69.739820061000046, 63.944089083000051 ], [ 68.891838586000063, 65.828492361000016 ], [ 68.734804980000035, 66.33099990200003 ], [ 69.529693137000038, 67.252810667000062 ], [ 65.873719943000083, 65.632629779000069 ], [ 65.02237871300008, 60.121320380000029 ], [ 63.28090180300007, 53.959858414000053 ], [ 66.135273011000038, 53.078118942000053 ], [ 67.063256676000037, 53.122531708000054 ], [ 67.68694554700005, 53.762010310000051 ], [ 68.372800543000039, 53.863645483000028 ], [ 69.800097571000038, 53.600455960000033 ], [ 71.79426434100003, 53.742173396000048 ], [ 72.988739868000039, 53.296775741000026 ], [ 73.616345654000042, 52.69953797800008 ], [ 76.106523447000029, 51.970705453000036 ], [ 77.539615703000038, 51.182941140000018 ] ] ] } },
{ "type": "Feature", "properties": { }, "geometry": { "type": "Polygon", "coordinates": [ [ [ 67.063256676000037, 53.122531708000054 ], [ 66.135273011000038, 53.078118942000053 ], [ 63.28090180300007, 53.959858414000053 ], [ 62.077398696000053, 50.133071527000013 ], [ 62.203916053000064, 50.434095583000044 ], [ 62.510524133000047, 49.142525572000068 ], [ 63.003951052000048, 50.06255430300007 ], [ 63.280555701000083, 49.045234173000047 ], [ 64.208658670000034, 49.263049349000028 ], [ 67.063256676000037, 53.122531708000054 ] ] ] } },
{ "type": "Feature", "properties": { }, "geometry": { "type": "Polygon", "coordinates": [ [ [ 69.53889666300006, 53.692592552000079 ], [ 67.68694554700005, 53.762010310000051 ], [ 66.046709148000048, 52.02759681600002 ], [ 64.881116162000069, 49.935506841000063 ], [ 63.87990167400006, 49.009009852000077 ], [ 63.280555701000083, 49.045234173000047 ], [ 65.349758249000047, 46.422508652000026 ], [ 68.585354383000038, 44.589004176000067 ], [ 69.913877941000067, 44.153721150000081 ], [ 67.585952495000072, 46.468645663000075 ], [ 67.804791121000051, 49.26978007600006 ], [ 69.336661503000073, 51.042372948000029 ], [ 69.796222618000058, 52.114682215000066 ], [ 69.53889666300006, 53.692592552000079 ] ] ] } },
{ "type": "Feature", "properties": { }, "geometry": { "type": "Polygon", "coordinates": [ [ [ 26.212088807000033, 44.936087915000037 ], [ 33.954238829000076, 43.916919725000064 ], [ 37.321373182000059, 44.824962902000038 ], [ 36.932942479000076, 45.069044038000058 ], [ 42.108310120000056, 47.543383534000036 ], [ 52.727371216000058, 45.038833618000069 ], [ 59.109357869000071, 44.134930028000042 ], [ 59.748632309000072, 48.093593147000036 ], [ 59.357388654000026, 52.468408561000039 ], [ 60.28214638400005, 53.96224797100006 ], [ 60.068740754000039, 58.870577460000057 ], [ 59.784199914000055, 59.759767585000077 ], [ 60.200621004000027, 63.717254093000065 ], [ 37.22148, 69.04237 ], [ 33.39064, 69.50333 ], [ 24.92323, 71.41461 ], [ 18.76766, 72.324380000000104 ], [ 17.07851437600004, 71.45444322700007 ], [ 18.267444417000039, 69.873938547000094 ], [ 16.483874694000065, 69.721365026000058 ], [ 13.44937, 68.78356 ], [ 2.973823, 61.94799 ], [ 1.788768, 59.5345 ], [ 1.492720279000025, 58.078136493000031 ], [ 8.978301011000042, 57.158698608000066 ], [ 16.84810970500007, 54.610956876000039 ], [ 16.254866408000048, 53.54934573000002 ], [ 20.205427387000043, 51.470020295000026 ], [ 17.313776016000077, 51.589109421000039 ], [ 17.006235123000067, 49.705198288000076 ], [ 15.176393748000066, 48.11107296200003 ], [ 15.974813062000067, 48.285921659000053 ], [ 16.734714413000066, 49.086879237000062 ], [ 18.066771408000026, 49.66935765900007 ], [ 22.441780987000072, 50.056206131000067 ], [ 24.170128538000029, 49.178082455000037 ], [ 26.645124767000027, 46.925135283000031 ], [ 26.690090854000065, 45.294029825000052 ], [ 26.212088807000033, 44.936087915000037 ] ] ] } },
{ "type": "Feature", "properties": { }, "geometry": { "type": "Polygon", "coordinates": [ [ [ 89.233890495000097, 41.818324973000074 ], [ 87.566938182000058, 42.55181893300005 ], [ 83.583056060000047, 43.07664695900008 ], [ 74.99693157300004, 40.57807404600004 ], [ 73.992915179000079, 41.325249037000056 ], [ 72.792529233000039, 41.715588647000061 ], [ 70.90419827900007, 40.274875997000038 ], [ 69.367290116000049, 40.436655804000047 ], [ 66.158657283000082, 42.054453871000078 ], [ 62.950024450000065, 44.64293077800005 ], [ 62.572538234000035, 46.988737975000042 ], [ 62.006308911000076, 47.98638011700006 ], [ 62.510524133000047, 49.142525572000068 ], [ 62.203916053000064, 50.434095583000044 ], [ 61.204130053000029, 48.042519321000029 ], [ 62.183249441000051, 41.532698526000054 ], [ 63.989251376000027, 39.740447894000056 ], [ 66.122653545000048, 39.033544105000033 ], [ 70.734709428000031, 38.282867844000059 ], [ 70.945128895000039, 38.71691502200008 ], [ 73.549804920000042, 39.439003425000067 ], [ 75.507870906000051, 39.169765160000054 ], [ 75.990690938000057, 40.080872233000036 ], [ 80.599997992000056, 41.810001597000053 ], [ 82.696675851000066, 42.252447854000025 ], [ 85.656160230000069, 42.285514719000048 ], [ 88.301509397000075, 41.73164473700006 ], [ 89.233890495000097, 41.818324973000074 ] ] ] } },
{ "type": "Feature", "properties": { }, "geometry": { "type": "Polygon", "coordinates": [ [ [ 81.10356686800003, 42.528961987000059 ], [ 76.383265263000055, 41.851150653000047 ], [ 75.420375308000075, 42.245060180000053 ], [ 73.275756772000079, 42.354479493000042 ], [ 71.328093, 43.120414684000039 ], [ 69.913877941000067, 44.153721150000081 ], [ 68.585354383000038, 44.589004176000067 ], [ 65.349758249000047, 46.422508652000026 ], [ 63.516253773000074, 48.57957274100005 ], [ 63.003951052000048, 50.06255430300007 ], [ 62.006308911000076, 48.363866332000043 ], [ 62.572538234000035, 46.988737975000042 ], [ 62.950024450000065, 44.64293077800005 ], [ 65.026198636000061, 42.836389604000033 ], [ 68.72017088900003, 40.59843561100007 ], [ 70.90419827900007, 40.274875997000038 ], [ 72.792529233000039, 41.715588647000061 ], [ 73.992915179000079, 41.325249037000056 ], [ 74.99693157300004, 40.57807404600004 ], [ 81.10356686800003, 42.528961987000059 ] ] ] } },
{ "type": "Feature", "properties": { }, "geometry": { "type": "Polygon", "coordinates": [ [ [ 100.093794388000049, 43.820740716000053 ], [ 93.700499914000034, 44.90209416600004 ], [ 89.877334059000077, 43.812234526000047 ], [ 88.309436776000041, 43.95990392900007 ], [ 84.382314660000077, 42.990757991000073 ], [ 87.566938182000058, 42.55181893300005 ], [ 92.464379333000068, 40.681260738000049 ], [ 91.031846409000082, 39.149932440000043 ], [ 88.890228133000051, 38.311071885000047 ], [ 97.069605067000055, 39.904671312000069 ], [ 106.35839806000007, 36.357047809000065 ], [ 105.769000523000045, 38.395656048000035 ], [ 106.110905498000079, 39.95865021600008 ], [ 107.159443441000064, 41.412847200000044 ], [ 108.787537464000081, 42.188680592000019 ], [ 107.160993899000061, 42.170906443000035 ], [ 102.741660429000049, 43.700907645000029 ], [ 100.093794388000049, 43.820740716000053 ] ] ] } },
{ "type": "Feature", "properties": { }, "geometry": { "type": "Polygon", "coordinates": [ [ [ 73.324870438000062, 53.069685710000037 ], [ 71.79426434100003, 53.742173396000048 ], [ 69.53889666300006, 53.692592552000079 ], [ 69.796222618000058, 52.114682215000066 ], [ 69.599267854000061, 51.545701787000034 ], [ 67.804791121000051, 49.26978007600006 ], [ 67.717255670000043, 46.096619998000037 ], [ 70.518390084000032, 43.601859661000056 ], [ 73.275756772000079, 42.354479493000042 ], [ 75.420375308000075, 42.245060180000053 ], [ 76.383265263000055, 41.851150653000047 ], [ 87.226715788000035, 43.603819975000079 ], [ 85.012653038000053, 43.87527358300008 ], [ 82.027765514000066, 43.696290503000057 ], [ 77.427341441000067, 42.738138574000061 ], [ 75.539370209000083, 43.083499166000081 ], [ 72.362052771000037, 44.879374240000061 ], [ 70.934562327000037, 46.007552171000029 ], [ 69.898480554000059, 47.342946457000039 ], [ 69.737312278000047, 48.862533058000039 ], [ 70.335937302000048, 50.059783107000037 ], [ 72.062740258000076, 50.750504290000023 ], [ 73.324870438000062, 53.069685710000037 ] ] ] } },
{ "type": "Feature", "properties": { }, "geometry": { "type": "Polygon", "coordinates": [ [ [ 74.239656008000054, 52.429172139000059 ], [ 73.324870438000062, 53.069685710000037 ], [ 72.062740258000076, 50.750504290000023 ], [ 70.335937302000048, 50.059783107000037 ], [ 69.944528632000072, 49.507206161000049 ], [ 69.760336317000053, 47.596210890000066 ], [ 70.934562327000037, 46.007552171000029 ], [ 73.12184607100005, 44.372845373000075 ], [ 76.022875037000063, 42.945354929000075 ], [ 78.002942426000061, 42.807210693000059 ], [ 81.22409252500006, 43.600228627000035 ], [ 77.530519522000077, 44.333068697000037 ], [ 73.729749680000054, 45.626524403000076 ], [ 72.197502152000084, 47.039376019000031 ], [ 71.620421914000076, 47.994543310000033 ], [ 71.680119869000066, 49.606388112000047 ], [ 73.178904478000049, 50.412297025000036 ], [ 74.239656008000054, 52.429172139000059 ] ] ] } },
{ "type": "Feature", "properties": { }, "geometry": { "type": "Polygon", "coordinates": [ [ [ 136.637202798000089, 53.594253522000031 ], [ 135.18511452100006, 51.226185549000036 ], [ 132.006986566000023, 49.413864649000054 ], [ 130.982631274000028, 47.995526553000047 ], [ 129.905744942000069, 44.607274436000075 ], [ 130.010807024000087, 44.05569851000007 ], [ 130.352258787000096, 44.081964030000051 ], [ 131.390442086, 42.309081582000033 ], [ 133.326659932000098, 42.436336740000066 ], [ 134.132736108000017, 44.212955656000084 ], [ 136.857086012000082, 48.076801602000046 ], [ 138.100082126000075, 50.378368812000062 ], [ 138.618299906000061, 53.881028845000053 ], [ 136.637202798000089, 53.594253522000031 ] ] ] } },
{ "type": "Feature", "properties": { }, "geometry": { "type": "Polygon", "coordinates": [ [ [ 121.480222582000025, 77.00877200900004 ], [ 109.98425338900006, 79.598825394000059 ], [ 107.8318, 78.01894 ], [ 105.440918182000075, 77.010245455000074 ], [ 105.803555496000058, 76.98743578800007 ], [ 102.4728, 76.07677 ], [ 87.410818182000071, 74.007418182000038 ], [ 79.56361, 73.87652 ], [ 80.111863, 72.826724 ], [ 82.316406, 71.208355 ], [ 75.962196356000049, 70.398377887000038 ], [ 74.911753679000071, 69.598040609000066 ], [ 75.011795839000058, 68.097408214000041 ], [ 79.113524387000041, 61.244520273 ], [ 81.91470485900004, 57.993150082000064 ], [ 82.474668952000059, 56.933513319000035 ], [ 91.406752109000081, 55.204619348000044 ], [ 97.447170075000031, 53.414962232000043 ], [ 99.848299002000033, 53.257685102000039 ], [ 102.581419780000033, 51.794249091000047 ], [ 104.755084241000077, 51.949251181000079 ], [ 107.750334, 54.194689 ], [ 108.601573500000086, 56.416166500000038 ], [ 109.780358, 57.585315 ], [ 111.570435, 58.662866 ], [ 114.605946, 59.857869 ], [ 116.755746951000106, 60.184909499000064 ], [ 117.53759540700004, 59.775007227000067 ], [ 117.376286464000032, 54.373501768000047 ], [ 117.432148545000018, 54.087133737000045 ], [ 118.035318513000107, 53.942682050000016 ], [ 120.69740597100008, 54.746744780000022 ], [ 124.213966370000094, 54.775730133000081 ], [ 127.295585383000116, 54.307619055000025 ], [ 130.461490723000111, 54.448002534000075 ], [ 133.259769098000106, 55.033408194000053 ], [ 136.983112914000117, 57.087056400000044 ], [ 136.435618519000059, 58.24133151900002 ], [ 136.596127705000072, 60.256204766000053 ], [ 136.250306119000015, 61.03107575100006 ], [ 136.330688573000089, 61.714063559000067 ], [ 137.027247040000049, 62.279315128000086 ], [ 137.435186424000108, 63.162201876000054 ], [ 132.179575636000095, 64.014555850000079 ], [ 129.238939036000033, 63.894181466000077 ], [ 126.185532599000098, 64.569082489000039 ], [ 126.416103285000077, 65.310781631000069 ], [ 125.619328043000124, 66.423803278000037 ], [ 126.065572338000038, 67.192975980000028 ], [ 126.355004043, 69.489558342000066 ], [ 127.520629162000105, 71.174802443000033 ], [ 126.76148816400007, 72.16516075800007 ], [ 122.116135557, 72.821950249000054 ], [ 120.03029497600005, 72.805556770000067 ], [ 112.8309, 73.9916 ], [ 119.630508631000097, 76.098190663000082 ], [ 124.233732764000024, 76.947922019000032 ], [ 121.480222582000025, 77.00877200900004 ] ] ] } },
{ "type": "Feature", "properties": { }, "geometry": { "type": "Polygon", "coordinates": [ [ [ 82.281647168000063, 82.322101317000048 ], [ 67.929440972000066, 82.446754036000058 ], [ 67.196226247000084, 82.413412615000084 ], [ 67.18893, 82.13847 ], [ 68.53288, 82.03088 ], [ 69.26118, 77.51474 ], [ 70.40257, 76.5659 ], [ 73.78826, 74.88322 ], [ 78.14465, 73.90411 ], [ 87.410818182000071, 74.007418182000038 ], [ 99.105130564000035, 75.483107816000015 ], [ 105.803555496000058, 76.98743578800007 ], [ 105.440918182000075, 77.010245455000074 ], [ 107.8318, 78.01894 ], [ 109.406185031000064, 79.17452735300003 ], [ 105.651409431000047, 80.2524158290001 ], [ 96.493734536000034, 81.747113033000076 ], [ 82.281647168000063, 82.322101317000048 ] ] ] } },
{ "type": "Feature", "properties": { }, "geometry": { "type": "Polygon", "coordinates": [ [ [ -64.942936, -24.306223595999938 ], [ -71.297299599999974, -21.932600343999979 ], [ -71.607999713999959, -26.160900354999967 ], [ -72.541328225999962, -29.994011388999979 ], [ -67.14403344699997, -34.366503361999946 ], [ -65.540202758999953, -34.901113590999948 ], [ -64.942936, -24.306223595999938 ] ] ] } },
{ "type": "Feature", "properties": { }, "geometry": { "type": "Polygon", "coordinates": [ [ [ 13.44937, 68.78356 ], [ 16.483874694000065, 69.721365026000058 ], [ 2.477010454000037, 66.937573825000086 ], [ 2.154287060000058, 66.185326119000081 ], [ 3.741707409000071, 65.190618258000029 ], [ 1.805269099000043, 64.362873980000074 ], [ 2.249256008000032, 63.756141382000074 ], [ 2.097918952000043, 63.566600051000087 ], [ -6.768718528999955, 62.460961384000036 ], [ -9.532903459999943, 61.660938972000054 ], [ 0.089395804000048, 60.849404736000025 ], [ 0.650372732000051, 58.17212792700002 ], [ 1.356653347000018, 57.179052283000033 ], [ 2.407995, 61.12101 ], [ 3.367601, 62.33019 ], [ 13.44937, 68.78356 ] ] ] } },
{ "type": "Feature", "properties": { }, "geometry": { "type": "Polygon", "coordinates": [ [ [ 1.356653347000018, 57.179052283000033 ], [ 0.650372732000051, 58.17212792700002 ], [ 0.089395804000048, 60.849404736000025 ], [ -2.209993755999963, 61.002345785000045 ], [ -4.856199643999958, 59.92943809500008 ], [ -7.540372610999953, 59.512592486000074 ], [ -9.952405610999962, 58.350512821000052 ], [ -10.074236368999948, 55.148655265000059 ], [ -11.509936233999955, 54.395069668000062 ], [ -11.907020963999971, 53.765211130000068 ], [ -11.909106220999943, 51.366525849000027 ], [ -10.17569456699994, 52.362489230000051 ], [ -7.994038992999949, 52.747569189000046 ], [ -4.808259603999947, 54.302840521000064 ], [ 0.085701516000029, 55.748314270000037 ], [ 0.862444855000035, 56.261945063000042 ], [ 1.356653347000018, 57.179052283000033 ] ] ] } },
{ "type": "Feature", "properties": { }, "geometry": { "type": "Polygon", "coordinates": [ [ [ 35.002851190000065, 29.528661040000028 ], [ 35.567298841000031, 31.330419564000064 ], [ 35.659779348000029, 34.63053533000005 ], [ 34.197373485000078, 31.635019809000028 ], [ 35.002851190000065, 29.528661040000028 ] ] ] } },
{ "type": "Feature", "properties": { }, "geometry": { "type": "Polygon", "coordinates": [ [ [ 73.46221937200005, 34.738426900000036 ], [ 73.16338892400006, 34.731477355000038 ], [ 73.031347563000054, 34.140766004000056 ], [ 72.079259856000078, 34.613335085000074 ], [ 71.007011050000074, 34.391756655000052 ], [ 71.084096897000052, 34.033041694000076 ], [ 72.261736202000066, 34.446450263000031 ], [ 74.048391047000052, 32.974288687000069 ], [ 75.44654930400003, 32.493136426000035 ], [ 77.015556462000063, 30.606428062000074 ], [ 78.967137335000075, 29.525553970000033 ], [ 80.65980730900003, 28.953518104000072 ], [ 82.742410660000075, 27.643022537000036 ], [ 87.383746588000079, 26.812326158000076 ], [ 89.872858772000086, 26.695469315000025 ], [ 93.411611557000072, 26.971357346000048 ], [ 95.690221786000052, 28.368555069000024 ], [ 96.188604923000071, 28.088392879000025 ], [ 95.972128543000053, 28.474566934000052 ], [ 94.748676651000039, 28.92165747700005 ], [ 94.012024848000067, 27.615142959000032 ], [ 93.094684868000058, 27.267665694000073 ], [ 89.675508576000084, 26.836793885000077 ], [ 85.894955928000059, 27.156472969000053 ], [ 84.393854142000066, 28.052964314000072 ], [ 78.681327898000063, 29.797300186000029 ], [ 77.868231097000034, 31.020420160000072 ], [ 77.187175657000068, 31.326200154000052 ], [ 75.65827568900005, 32.952393756000049 ], [ 74.574146621000068, 33.404114201000027 ], [ 73.46221937200005, 34.738426900000036 ] ] ] } },
{ "type": "Feature", "properties": { }, "geometry": { "type": "Polygon", "coordinates": [ [ [ 24.556210824000058, 43.23301826200003 ], [ 22.343300027000051, 44.173099674000078 ], [ 22.067904843000065, 42.754741306000035 ], [ 24.567199802000061, 40.11439856800007 ], [ 27.786399890000048, 40.943199617000069 ], [ 29.139998957000049, 40.898700795000025 ], [ 29.161599850000076, 41.221198722000054 ], [ 28.210799949000027, 41.522010640000083 ], [ 27.471639, 42.457 ], [ 27.882834527000057, 42.967858222000075 ], [ 24.556210824000058, 43.23301826200003 ] ] ] } },
{ "type": "Feature", "properties": { }, "geometry": { "type": "Polygon", "coordinates": [ [ [ 28.727721147000068, 44.762745690000031 ], [ 24.165867822000063, 44.594975317000035 ], [ 22.831641618000052, 44.860909405000029 ], [ 22.343300027000051, 44.173099674000078 ], [ 24.853235614000027, 43.169939174000035 ], [ 26.435566765000033, 43.237371969000044 ], [ 33.081140664000031, 42.418930880000069 ], [ 28.727721147000068, 44.762745690000031 ] ] ] } },
{ "type": "Feature", "properties": { }, "geometry": { "type": "Polygon", "coordinates": [ [ [ 24.698773102000072, 39.82582766400003 ], [ 22.067904843000065, 42.754741306000035 ], [ 22.592157250000078, 44.720246041000053 ], [ 20.71481589900003, 44.00256452900004 ], [ 22.417027919000077, 40.711780351000073 ], [ 23.576104563000065, 39.828569026000025 ], [ 24.698773102000072, 39.82582766400003 ] ] ] } },
{ "type": "Feature", "properties": { }, "geometry": { "type": "Polygon", "coordinates": [ [ [ 25.213005376000069, 45.260980199000059 ], [ 25.52695422100004, 45.615622170000051 ], [ 25.226357388000057, 46.150837489000018 ], [ 25.859737175000078, 46.637194200000067 ], [ 25.680725099000028, 47.110715033000076 ], [ 20.567002959000039, 44.85591865300006 ], [ 20.703521154000043, 44.001974356000069 ], [ 23.37898627900006, 45.114757034000036 ], [ 25.213005376000069, 45.260980199000059 ] ] ] } },
{ "type": "Feature", "properties": { }, "geometry": { "type": "Polygon", "coordinates": [ [ [ 25.15526740100006, 47.628912503000038 ], [ 23.737011713000072, 48.154196876000064 ], [ 22.613998829000025, 48.122811740000031 ], [ 17.002356255000052, 46.280902927000064 ], [ 20.367700865000067, 45.175998548000059 ], [ 20.567002959000039, 44.85591865300006 ], [ 25.680725099000028, 47.110715033000076 ], [ 25.15526740100006, 47.628912503000038 ] ] ] } },
{ "type": "Feature", "properties": { }, "geometry": { "type": "Polygon", "coordinates": [ [ [ 23.735583862000059, 48.15415697100007 ], [ 20.247407004000024, 49.417866264000054 ], [ 18.248237729000039, 49.070712603000061 ], [ 15.71049408500005, 48.003019524000081 ], [ 10.840944786000021, 47.582632384000071 ], [ 9.793475069000067, 47.200675479000033 ], [ 10.095593829000055, 46.98431169800007 ], [ 9.743941574000081, 46.286196027000081 ], [ 10.844436312000028, 46.398923196000062 ], [ 11.492038974000026, 46.93701806200005 ], [ 15.850728157000049, 46.118103375000032 ], [ 17.556232628000028, 46.406783921000056 ], [ 20.762495131000041, 47.716384099000031 ], [ 23.735583862000059, 48.15415697100007 ] ] ] } },
{ "type": "Feature", "properties": { }, "geometry": { "type": "Polygon", "coordinates": [ [ [ 17.323400839000044, 46.11901076300007 ], [ 15.850728157000049, 46.118103375000032 ], [ 16.195068993000064, 45.274385731000052 ], [ 18.457351361000068, 44.195956805000037 ], [ 18.493760851000047, 43.42217258900007 ], [ 20.094723165000062, 42.519860789000063 ], [ 19.731224287000032, 41.993715470000041 ], [ 20.368464519000042, 40.503286988000077 ], [ 22.706097180000032, 38.435294860000063 ], [ 22.895833, 37.93375 ], [ 23.752572139000062, 37.720091019000044 ], [ 25.429677439000045, 36.585363633000036 ], [ 26.183623252000075, 37.08531139400003 ], [ 24.698773102000072, 39.82582766400003 ], [ 23.576104563000065, 39.828569026000025 ], [ 22.417027919000077, 40.711780351000073 ], [ 21.01075927700003, 43.180028514000071 ], [ 20.446201087000077, 45.136398617000054 ], [ 17.323400839000044, 46.11901076300007 ] ] ] } },
{ "type": "Feature", "properties": { }, "geometry": { "type": "Polygon", "coordinates": [ [ [ 9.103791031000073, 37.381734075000061 ], [ 11.201618060000047, 37.965068762000044 ], [ 11.561384243000077, 38.098083557000052 ], [ 10.055518479000057, 38.460042791000035 ], [ 8.870977891000052, 37.811089286000026 ], [ 9.103791031000073, 37.381734075000061 ] ] ] } },
{ "type": "Feature", "properties": { }, "geometry": { "type": "Polygon", "coordinates": [ [ [ 12.745270991000041, 38.558285738000052 ], [ 10.421824776000051, 39.098806375000045 ], [ 10.037201514000058, 38.464833654000081 ], [ 11.561384243000077, 38.098083557000052 ], [ 12.745270991000041, 38.558285738000052 ] ] ] } },
{ "type": "Feature", "properties": { }, "geometry": { "type": "Polygon", "coordinates": [ [ [ 15.75352035800006, 41.126082322000059 ], [ 14.317100349000052, 42.728017092000073 ], [ 13.888797368000041, 43.656006885000075 ], [ 11.61790571100005, 45.046445757000065 ], [ 10.498092120000024, 44.912119639000032 ], [ 9.790828151000033, 45.335497504000053 ], [ 7.563196755000035, 45.090100279000069 ], [ 7.606335834000048, 44.774276755000074 ], [ 8.873976109000068, 44.917298002000059 ], [ 9.215, 44.29875 ], [ 8.747528, 44.427111 ], [ 8.138931418000027, 43.944933677000051 ], [ 8.868801291000068, 43.719109616000026 ], [ 10.971547011000043, 41.977845778000074 ], [ 11.430881112000073, 42.141540629000069 ], [ 12.75370980100007, 40.920619722000026 ], [ 13.591880938000031, 41.047691581000038 ], [ 13.870389094000075, 40.66832312400004 ], [ 14.743216110000049, 40.549188775000061 ], [ 15.00559332600006, 40.11726120700007 ], [ 16.024911293000059, 40.188881781000077 ], [ 17.895167644000026, 39.646364672000061 ], [ 15.75352035800006, 41.126082322000059 ] ] ] } },
{ "type": "Feature", "properties": { }, "geometry": { "type": "Polygon", "coordinates": [ [ [ 19.430400883000065, 41.603462298000068 ], [ 15.273643673000038, 43.713113949000054 ], [ 14.374207413000022, 44.555443145000027 ], [ 13.949411511000051, 45.562649783000033 ], [ 12.840053473000069, 46.291064267000067 ], [ 10.60661510500006, 45.508254932000042 ], [ 8.102270935000039, 45.683322627000052 ], [ 7.587103183000061, 45.272141174000062 ], [ 11.61790571100005, 45.046445757000065 ], [ 13.888797368000041, 43.656006885000075 ], [ 14.317100349000052, 42.728017092000073 ], [ 15.10582706100007, 42.039922686000068 ], [ 15.728259557000058, 42.313285710000052 ], [ 16.698075693000078, 41.636590403000071 ], [ 17.569598466000045, 41.930821558000048 ], [ 19.430400883000065, 41.603462298000068 ] ] ] } },
{ "type": "Feature", "properties": { }, "geometry": { "type": "Polygon", "coordinates": [ [ [ 12.864101025000025, 40.865501632000075 ], [ 11.428502020000053, 42.14292484200007 ], [ 10.473628767000037, 41.797968381000032 ], [ 10.196774865000064, 39.247256927000073 ], [ 12.745270991000041, 38.558285738000052 ], [ 15.00559332600006, 40.11726120700007 ], [ 14.743216110000049, 40.549188775000061 ], [ 13.870389094000075, 40.66832312400004 ], [ 13.591880938000031, 41.047691581000038 ], [ 12.864101025000025, 40.865501632000075 ] ] ] } },
{ "type": "Feature", "properties": { }, "geometry": { "type": "Polygon", "coordinates": [ [ [ 19.430400883000065, 41.603462298000068 ], [ 19.88270108700004, 41.671618042000034 ], [ 19.731224287000032, 41.993715470000041 ], [ 20.094723165000062, 42.519860789000063 ], [ 18.493760851000047, 43.42217258900007 ], [ 18.457351361000068, 44.195956805000037 ], [ 16.195068993000064, 45.274385731000052 ], [ 15.850728157000049, 46.118103375000032 ], [ 12.840053473000069, 46.291064267000067 ], [ 13.949411511000051, 45.562649783000033 ], [ 14.374207413000022, 44.555443145000027 ], [ 15.273643673000038, 43.713113949000054 ], [ 19.430400883000065, 41.603462298000068 ] ] ] } },
{ "type": "Feature", "properties": { }, "geometry": { "type": "Polygon", "coordinates": [ [ [ 8.093194885000061, 41.086452503000032 ], [ 10.971547011000043, 41.977845778000074 ], [ 8.951560319000068, 43.652835361000029 ], [ 7.809819127000027, 42.331791176000095 ], [ 7.875734926000064, 41.775801872000045 ], [ 8.385197786000051, 41.529182907000063 ], [ 8.093194885000061, 41.086452503000032 ] ] ] } },
{ "type": "Feature", "properties": { }, "geometry": { "type": "Polygon", "coordinates": [ [ [ 9.946793989000074, 38.807190379000076 ], [ 10.378450327000056, 39.88312104200002 ], [ 10.473628767000037, 41.797968381000032 ], [ 7.66591829400005, 40.820961373000046 ], [ 7.177398364000056, 39.741064550000033 ], [ 7.743345995000028, 39.537997228000052 ], [ 7.205082156000061, 39.232457430000068 ], [ 8.07596488400003, 38.461512064000033 ], [ 8.647035526000025, 38.161699977000069 ], [ 9.946793989000074, 38.807190379000076 ] ] ] } },
{ "type": "Feature", "properties": { }, "geometry": { "type": "Polygon", "coordinates": [ [ [ 5.203215061000037, 38.816790541000053 ], [ 2.680858475000039, 40.647561132000078 ], [ 1.479026315000055, 39.744608698000036 ], [ 3.015649842000073, 38.668192217000083 ], [ 5.203215061000037, 38.816790541000053 ] ] ] } },
{ "type": "Feature", "properties": { }, "geometry": { "type": "Polygon", "coordinates": [ [ [ 5.060866943000065, 40.602250214000037 ], [ 3.934418949000076, 41.255456743000032 ], [ 2.680858475000039, 40.647561132000078 ], [ 5.282342619000076, 38.947886592000032 ], [ 5.4624, 39.2462 ], [ 5.202160281000034, 39.776196801000019 ], [ 4.514913806000034, 40.329021393000069 ], [ 5.060866943000065, 40.602250214000037 ] ] ] } },
{ "type": "Feature", "properties": { }, "geometry": { "type": "Polygon", "coordinates": [ [ [ 3.015649842000073, 38.668192217000083 ], [ 1.479026315000055, 39.744608698000036 ], [ 0.723491567000053, 38.776579801000025 ], [ 0.605632067000045, 38.027330127000027 ], [ 0.802618727000038, 37.857429133000039 ], [ 1.495796749000022, 38.349984925000058 ], [ 3.015649842000073, 38.668192217000083 ] ] ] } },
{ "type": "Feature", "properties": { }, "geometry": { "type": "Polygon", "coordinates": [ [ [ 7.894891450000046, 36.971012959000063 ], [ 7.540467185000067, 37.357918049000034 ], [ 6.326942072000065, 37.215150389000023 ], [ 4.905175563000061, 37.001800267000078 ], [ 4.889028404000044, 36.590047721000076 ], [ 5.505073243000028, 36.297208169000044 ], [ 7.894891450000046, 36.971012959000063 ] ] ] } },
{ "type": "Feature", "properties": { }, "geometry": { "type": "Polygon", "coordinates": [ [ [ 2.600706137000032, 36.272883831000058 ], [ 3.143410709000023, 36.332812702000062 ], [ 2.348640404000037, 36.954464722000068 ], [ 1.844819115000064, 36.888748902000032 ], [ 2.600706137000032, 36.272883831000058 ] ] ] } },
{ "type": "Feature", "properties": { }, "geometry": { "type": "Polygon", "coordinates": [ [ [ 3.686699883000073, 36.364347046000034 ], [ 2.870911487000059, 36.989530677000069 ], [ 2.348640404000037, 36.954464722000068 ], [ 3.143410709000023, 36.332812702000062 ], [ 3.686699883000073, 36.364347046000034 ] ] ] } },
{ "type": "Feature", "properties": { }, "geometry": { "type": "Polygon", "coordinates": [ [ [ 4.392750639000042, 36.358094934000071 ], [ 3.411476166000058, 37.000998899000024 ], [ 2.870911487000059, 36.989530677000069 ], [ 3.686699883000073, 36.364347046000034 ], [ 4.392750639000042, 36.358094934000071 ] ] ] } },
{ "type": "Feature", "properties": { }, "geometry": { "type": "Polygon", "coordinates": [ [ [ 4.150109987000064, 37.212838660000045 ], [ 3.411476166000058, 37.000998899000024 ], [ 4.392750639000042, 36.358094934000071 ], [ 5.505073243000028, 36.297208169000044 ], [ 4.889028404000044, 36.590047721000076 ], [ 4.905175563000061, 37.001800267000078 ], [ 4.150109987000064, 37.212838660000045 ] ] ] } },
{ "type": "Feature", "properties": { }, "geometry": { "type": "Polygon", "coordinates": [ [ [ 134.262762339000119, -7.057350252999981 ], [ 135.081644404000031, -5.84452303199993 ], [ 134.461459805000118, -5.188695651999979 ], [ 133.802148917000068, -6.162514965999947 ], [ 133.911050212000077, -6.829220731999956 ], [ 134.262762339000119, -7.057350252999981 ] ] ] } },
{ "type": "Feature", "properties": { }, "geometry": { "type": "Polygon", "coordinates": [ [ [ 136.144897013000104, -6.132989185999978 ], [ 135.081644404000031, -5.84452303199993 ], [ 134.25917769600008, -7.06130572099994 ], [ 133.911050212000077, -6.829220731999956 ], [ 133.802148917000068, -6.162514965999947 ], [ 131.973, -8.141 ], [ 130.822000000000116, -8.796 ], [ 127.356000000000108, -9.531 ], [ 121.356000000000122, -12.279 ], [ 120.055, -11.915 ], [ 119.45, -12.792999 ], [ 118.380000000000123, -16.080999 ], [ 117.766989, -16.410788 ], [ 112.646311, -15.709411 ], [ 112.284397, -16.269171 ], [ 112.869282000000112, -17.016604 ], [ 112.687215, -17.671361 ], [ 111.825916, -18.677041 ], [ 110.687869, -19.336027 ], [ 110.743402, -20.635518 ], [ 112.474266, -21.658213 ], [ 110.595224, -24.960871 ], [ 110.043795, -25.153588 ], [ 109.591367, -24.929555 ], [ 108.795729, -22.696081 ], [ 106.645882232000076, -24.172444854999981 ], [ 111.34091, -27.337312 ], [ 114.383244000000104, -30.658631 ], [ 113.624344, -32.651451 ], [ 113.123245000000111, -32.298676 ], [ 112.065582, -33.242199 ], [ 110.716148, -32.620831 ], [ 109.656723, -32.952549 ], [ 109.387985, -34.552612 ], [ 110.076150618000042, -35.328630393999966 ], [ 111.121863163000071, -34.9679 ], [ 112.620650970000057, -35.049992396999983 ], [ 113.414263064000011, -34.542000125999948 ], [ 113.677530363000074, -34.746763579999936 ], [ 113.308000000000106, -35.54 ], [ 116.211, -37.2022 ], [ 119.318, -37.1466 ], [ 121.944, -36.1997 ], [ 125.321, -36.1042 ], [ 127.177, -35.4613 ], [ 131.034000000000106, -35.5313 ], [ 138.155, -37.766 ], [ 140.276579757000036, -40.020737086999937 ], [ 149.560436612000103, -40.00072526699995 ], [ 149.66893, -39.113184 ], [ 150.737, -37.884 ], [ 151.364723705000074, -35.278765718999978 ], [ 153.308676914000102, -32.384926398999937 ], [ 154.36, -28.683 ], [ 153.634958, -24.613961 ], [ 154.894000000000119, -23.586 ], [ 154.909000000000106, -23.096 ], [ 153.215963162000094, -16.869 ], [ 152.291963163000105, -15.522 ], [ 148.606000000000108, -14.285 ], [ 146.814963162000026, -12.964 ], [ 144.392, -13.715 ], [ 143.997193897000102, -12.30391132699998 ], [ 144.588, -11.379 ], [ 144.408567365000067, -11.016290073999926 ], [ 144.807743719000086, -10.574798994999981 ], [ 144.765323217000059, -10.040187813999978 ], [ 142.349289041000048, -10.207520304999946 ], [ 137.996947943, -9.09628939299995 ], [ 137.72578789700006, -8.662430599999936 ], [ 136.692698559000064, -8.38941832699993 ], [ 136.528741802000013, -8.061504636999928 ], [ 136.974489351000102, -7.460345225999959 ], [ 136.144897013000104, -6.132989185999978 ] ] ] } },
{ "type": "Feature", "properties": { }, "geometry": { "type": "Polygon", "coordinates": [ [ [ 84.940535921000048, 53.82969846900005 ], [ 83.721728541000061, 54.069990778000033 ], [ 81.06761657100003, 53.955182965000056 ], [ 79.32557494100007, 53.315733222000063 ], [ 80.050978938000071, 51.928668705000064 ], [ 81.059911278000072, 50.828015243000024 ], [ 82.045913338000048, 50.346479354000046 ], [ 83.994987177000041, 49.498058976000024 ], [ 89.776136905000044, 48.702845679000063 ], [ 88.600216473000046, 49.655704805000035 ], [ 86.159979596000085, 50.756231588000048 ], [ 85.377924187000076, 52.015407520000068 ], [ 85.36342099500007, 53.324657719000065 ], [ 84.940535921000048, 53.82969846900005 ] ] ] } },
{ "type": "Feature", "properties": { }, "geometry": { "type": "Polygon", "coordinates": [ [ [ -123.680934904999958, 55.660760798000062 ], [ -127.110945692999962, 58.739451949000014 ], [ -130.550041289999967, 61.118359884000022 ], [ -135.578346421, 63.030663406000031 ], [ -133.361057780999943, 61.142839220000027 ], [ -131.544324745999972, 60.55287653 ], [ -130.382724398999983, 59.201542588000059 ], [ -127.408504959999945, 58.114753921000037 ], [ -124.704157168, 55.630537665000077 ], [ -123.680934904999958, 55.660760798000062 ] ] ] } },
{ "type": "Feature", "properties": { }, "geometry": { "type": "Polygon", "coordinates": [ [ [ -179.99999999, 70.721386607000042 ], [ -174.581946593999987, 69.857694514000059 ], [ -167.845950020999965, 67.944631019000042 ], [ -164.256693866, 67.505089849000058 ], [ -165.71029603, 68.01287528400006 ], [ -165.659387907999985, 68.497090136000054 ], [ -166.01266358899997, 68.788370575000044 ], [ -174.011666316999964, 71.945962727000051 ], [ -179.99999999, 72.656055255000098 ], [ -179.99999999, 70.721386607000042 ] ] ] } },
{ "type": "Feature", "properties": { }, "geometry": { "type": "Polygon", "coordinates": [ [ [ 121.37672574600002, 15.218510664000066 ], [ 121.442515545000106, 16.090884803000051 ], [ 122.027862953000067, 16.542982394000035 ], [ 122.099246783, 17.385311590000072 ], [ 121.813135151000097, 21.102800563000073 ], [ 119.950230922000074, 16.414074112000037 ], [ 121.37672574600002, 15.218510664000066 ] ] ] } },
{ "type": "Feature", "properties": { }, "geometry": { "type": "Polygon", "coordinates": [ [ [ -87.390402905999963, 77.049940441000061 ], [ -87.636497000999952, 77.981091994000053 ], [ -92.044514877999973, 77.18167660500005 ], [ -99.770624764, 77.383930790000093 ], [ -104.45816294499997, 76.795014191000064 ], [ -107.364310139999986, 75.911609162000047 ], [ -112.009161086999953, 75.379842562000078 ], [ -115.718948363999971, 75.310249329000072 ], [ -119.352712328999971, 75.641022046000032 ], [ -121.993897803999985, 75.35649438500009 ], [ -117.928146235999975, 74.850288727000077 ], [ -114.315140055999962, 73.846496673000061 ], [ -106.256201067999939, 74.154925572000082 ], [ -104.229495762999989, 75.02334150500009 ], [ -87.390402905999963, 77.049940441000061 ] ] ] } },
{ "type": "Feature", "properties": { }, "geometry": { "type": "Polygon", "coordinates": [ [ [ -69.795761535999986, -46.08089767599995 ], [ -73.948687613999937, -46.060996958999965 ], [ -74.284892907999961, -48.585203222999958 ], [ -73.578214645999935, -51.792030516999944 ], [ -72.263276362999989, -53.224393619999937 ], [ -69.527403239999956, -54.39487975399993 ], [ -66.59896344699996, -55.091777091999965 ], [ -63.145327314, -55.009170121999944 ], [ -65.418904970999961, -54.192907124999969 ], [ -65.792919764999965, -53.783271873999979 ], [ -65.74087799199998, -53.063396107999949 ], [ -64.880434234999939, -51.639629359999958 ], [ -65.70563131199998, -49.050775785999974 ], [ -65.185005243999967, -47.489849365999923 ], [ -65.286853770999983, -46.186925171999967 ], [ -66.833609957999954, -46.764970135999931 ], [ -69.795761535999986, -46.08089767599995 ] ] ] } },
{ "type": "Feature", "properties": { }, "geometry": { "type": "Polygon", "coordinates": [ [ [ -72.465596936999987, 39.433150155000078 ], [ -72.38023289299997, 41.087704720000033 ], [ -76.417678906999981, 39.094779508000052 ], [ -82.054405211999949, 34.48339653000005 ], [ -84.721568524999952, 32.887149821000037 ], [ -88.643014907999941, 31.637643814000064 ], [ -92.406507320999935, 31.252871247000034 ], [ -89.271621703999983, 30.317094803000028 ], [ -85.136238476999949, 27.903429102000075 ], [ -82.948504712, 28.413900396000034 ], [ -80.77900201999995, 26.937180087000058 ], [ -79.09224403099995, 27.008061163000036 ], [ -79.944285835999949, 29.480768445000024 ], [ -79.782482487999971, 30.14701752700006 ], [ -80.258374688999936, 30.413517159000037 ], [ -79.944285835999949, 31.013141333000082 ], [ -77.246571920999941, 32.252047363000031 ], [ -74.958720163999942, 35.375089933000027 ], [ -75.086021326999969, 36.802766537000025 ], [ -74.496866781999984, 38.342277808000063 ], [ -73.468265446999965, 39.192340252000058 ], [ -72.465596936999987, 39.433150155000078 ] ] ] } },
{ "type": "Feature", "properties": { }, "geometry": { "type": "Polygon", "coordinates": [ [ [ 82.1812, 7.6648 ], [ 80.57804387200008, 10.504863393000051 ], [ 79.6322, 10.0345 ], [ 78.350547943000038, 8.63143053500005 ], [ 79.4521, 8.641 ], [ 79.4233, 6.1423 ], [ 80.039, 5.5626 ], [ 80.6318, 5.6844 ], [ 80.9436, 5.4183 ], [ 81.6794, 5.744 ], [ 82.1442, 6.4051 ], [ 82.1812, 7.6648 ] ] ] } },
{ "type": "Feature", "properties": { }, "geometry": { "type": "Polygon", "coordinates": [ [ [ 57.1529, -5.3748 ], [ 55.976, -3.8386 ], [ 55.346164020000046, -3.730368773999941 ], [ 54.538, -3.9299 ], [ 53.9015, -4.6743 ], [ 56.8296, -5.7254 ], [ 57.1529, -5.3748 ] ] ] } },
{ "type": "Feature", "properties": { }, "geometry": { "type": "Polygon", "coordinates": [ [ [ 128.65222432500002, -7.652074728999935 ], [ 129.807772749000037, -6.794516 ], [ 130.299567362000062, -5.659744453999963 ], [ 128.094047524000075, -7.220459549999931 ], [ 128.65222432500002, -7.652074728999935 ] ] ] } },
{ "type": "Feature", "properties": { }, "geometry": { "type": "Polygon", "coordinates": [ [ [ 103.427490234000061, -3.832397460999971 ], [ 99.073303223000039, 0.63507080100004 ], [ 98.167095563000032, 0.865241751000042 ], [ 101.981434366000087, -4.706043807999947 ], [ 105.188226758000042, -7.294994632999931 ], [ 104.917155208000054, -6.449978188999978 ], [ 105.011901855000076, -4.511291503999928 ], [ 103.427490234000061, -3.832397460999971 ] ] ] } },
{ "type": "Feature", "properties": { }, "geometry": { "type": "Polygon", "coordinates": [ [ [ 50.558898953000032, -15.777099398999951 ], [ 50.110798023, -12.813199500999929 ], [ 49.670199943000057, -12.586799273999929 ], [ 49.714198846000045, -12.274599401999978 ], [ 48.952989715000065, -12.112085274999972 ], [ 48.537299975000046, -12.266990421999935 ], [ 47.735198961000016, -14.194399551999936 ], [ 46.487498908000077, -15.353499281999975 ], [ 45.502097916, -15.838099266999954 ], [ 44.077799494000033, -15.87250046099996 ], [ 43.130499558000047, -16.909399321999956 ], [ 44.105398537000042, -19.566900249999946 ], [ 44.066099511000061, -20.310499402999938 ], [ 42.955099400000051, -22.220998511999937 ], [ 43.406999611000067, -23.171899244999963 ], [ 43.447988580000072, -24.389699319999977 ], [ 44.520498613000029, -25.933200442999976 ], [ 45.715598777000025, -26.193899443999953 ], [ 46.26309994800004, -25.631051967999952 ], [ 47.405498912000034, -25.213153861999956 ], [ 48.61199985700005, -20.633600376999937 ], [ 50.558898953000032, -15.777099398999951 ] ] ] } },
{ "type": "Feature", "properties": { }, "geometry": { "type": "Polygon", "coordinates": [ [ [ 100.625134154000094, -26.01300122899994 ], [ 100.494263798000077, -25.055268173999934 ], [ 99.387814431000038, -25.798849737999948 ], [ 99.471095566000088, -26.233101371999965 ], [ 100.625134154000094, -26.01300122899994 ] ] ] } },
{ "type": "Feature", "properties": { }, "geometry": { "type": "Polygon", "coordinates": [ [ [ 98.786009084000057, -28.900278870999959 ], [ 98.845495610000057, -27.746240282999963 ], [ 98.333911493000073, -27.508294181999929 ], [ 97.673611064000056, -28.959765395999966 ], [ 98.357706103000055, -29.721192917999932 ], [ 98.786009084000057, -28.900278870999959 ] ] ] } },
{ "type": "Feature", "properties": { }, "geometry": { "type": "Polygon", "coordinates": [ [ [ 22.441780987000072, 50.056206131000067 ], [ 18.805881752000065, 49.865982599000056 ], [ 16.734714413000066, 49.086879237000062 ], [ 15.974813062000067, 48.285921659000053 ], [ 9.504872533000025, 47.453914932000025 ], [ 9.793475069000067, 47.200675479000033 ], [ 10.840944786000021, 47.582632384000071 ], [ 15.71049408500005, 48.003019524000081 ], [ 18.248237729000039, 49.070712603000061 ], [ 20.247407004000024, 49.417866264000054 ], [ 22.193991708000059, 48.877355934000043 ], [ 25.627215801000034, 47.293495990000046 ], [ 25.859737175000078, 46.637194200000067 ], [ 25.226357388000057, 46.150837489000018 ], [ 25.52695422100004, 45.615622170000051 ], [ 25.255334141000052, 45.169200635000031 ], [ 22.831641618000052, 44.860909405000029 ], [ 24.782241198000072, 44.618398482000032 ], [ 26.530568322000079, 45.107699156000081 ], [ 26.781584102000068, 45.726054110000035 ], [ 26.645124767000027, 46.925135283000031 ], [ 24.170128538000029, 49.178082455000037 ], [ 22.441780987000072, 50.056206131000067 ] ] ] } },
{ "type": "Feature", "properties": { }, "geometry": { "type": "Polygon", "coordinates": [ [ [ 15.850728157000049, 46.118103375000032 ], [ 11.492038974000026, 46.93701806200005 ], [ 10.844436312000028, 46.398923196000062 ], [ 8.411005573000077, 46.204312784000074 ], [ 7.719574442000068, 45.731134237000049 ], [ 7.587103183000061, 45.272141174000062 ], [ 8.102270935000039, 45.683322627000052 ], [ 10.60661510500006, 45.508254932000042 ], [ 12.863681439000057, 46.303744875000071 ], [ 15.850728157000049, 46.118103375000032 ] ] ] } },
{ "type": "Feature", "properties": { }, "geometry": { "type": "Polygon", "coordinates": [ [ [ 15.611015277000037, 37.518620080000055 ], [ 13.961456006000049, 37.111552083000063 ], [ 12.987327014000073, 36.269652298000047 ], [ 15.708646802000032, 36.250573344000031 ], [ 15.611015277000037, 37.518620080000055 ] ] ] } },
{ "type": "Feature", "properties": { }, "geometry": { "type": "Polygon", "coordinates": [ [ [ 179.441885194000065, -38.466635264999987 ], [ 178.991, -37.646 ], [ 177.585389559000077, -36.970343201999981 ], [ 174.637997082000084, -40.901375713999983 ], [ 174.587000000000103, -41.994 ], [ 176.193, -41.788 ], [ 178.028, -40.994 ], [ 178.646881187000105, -40.347189903999947 ], [ 179.441885194000065, -38.466635264999987 ] ] ] } },
{ "type": "Feature", "properties": { }, "geometry": { "type": "Polygon", "coordinates": [ [ [ 167.402585314000021, -46.671375934999951 ], [ 167.850401215000034, -44.534567798999944 ], [ 165.8603, -45.5527 ], [ 165.1896, -46.2417 ], [ 165.183374725000021, -47.184795673999979 ], [ 167.402585314000021, -46.671375934999951 ] ] ] } },
{ "type": "Feature", "properties": { }, "geometry": { "type": "Polygon", "coordinates": [ [ [ 173.642293095000014, -40.677196485999957 ], [ 172.07312271100011, -40.10281603399995 ], [ 171.148580149000054, -42.041160504999937 ], [ 167.715997098000116, -44.437763597999947 ], [ 172.596493921000047, -42.301394576999932 ], [ 173.642180849000056, -41.113128734999975 ], [ 173.642293095000014, -40.677196485999957 ] ] ] } },
{ "type": "Feature", "properties": { }, "geometry": { "type": "Polygon", "coordinates": [ [ [ 174.395658385000047, -41.409634542999989 ], [ 174.458438676000014, -40.935294564999936 ], [ 173.642293095000014, -40.677196485999957 ], [ 173.642180849000056, -41.113128734999975 ], [ 172.596493921000047, -42.301394576999932 ], [ 174.395658385000047, -41.409634542999989 ] ] ] } },
{ "type": "Feature", "properties": { }, "geometry": { "type": "Polygon", "coordinates": [ [ [ 179.99999999, -15.394451281999977 ], [ 176.690515211000047, -16.730816558999948 ], [ 176.783708266000076, -16.965429772999983 ], [ 179.99999999, -15.628979754999934 ], [ 179.99999999, -15.394451281999977 ] ] ] } },
{ "type": "Feature", "properties": { }, "geometry": { "type": "Polygon", "coordinates": [ [ [ 20.971918426000055, 38.09365199400002 ], [ 20.949284662000021, 38.114776840000054 ], [ 20.973558457000028, 38.09028081900005 ], [ 20.971918426000055, 38.09365199400002 ] ] ] } },
{ "type": "Feature", "properties": { }, "geometry": { "type": "Polygon", "coordinates": [ [ [ 20.973558457000028, 38.09028081900005 ], [ 20.977434433000045, 38.082313535000026 ], [ 21.054186093000055, 38.013579039000035 ], [ 20.973558457000028, 38.09028081900005 ] ] ] } },
{ "type": "Feature", "properties": { }, "geometry": { "type": "Polygon", "coordinates": [ [ [ 31.635649979000043, 36.590215486000034 ], [ 29.390909880000041, 36.662248666000039 ], [ 29.362419583000079, 35.988662131000069 ], [ 28.913717347000048, 35.397688454000047 ], [ 27.372530254000026, 34.814265618000036 ], [ 30.381790895000059, 35.063774446000025 ], [ 31.787709434000078, 34.491062105000026 ], [ 31.234276444000042, 33.816255997000042 ], [ 30.970364709000023, 32.285828868000067 ], [ 30.456578719000053, 31.847366568000041 ], [ 33.271295344000066, 31.85300381200005 ], [ 32.778976863000025, 30.840499766000047 ], [ 33.99581782100006, 31.353481739000074 ], [ 35.296167473000025, 33.465058697000082 ], [ 35.868798513000058, 35.26646050800008 ], [ 35.856868699000074, 36.399792773000058 ], [ 34.484940168000037, 35.684003974000063 ], [ 32.779869838000018, 35.445407708000062 ], [ 31.635649979000043, 36.590215486000034 ] ] ] } },
{ "type": "Feature", "properties": { }, "geometry": { "type": "Polygon", "coordinates": [ [ [ 24.240409515000074, 34.863249325000027 ], [ 21.87019742200005, 35.99356627700007 ], [ 19.452074517000028, 38.379182476000032 ], [ 18.348583558000033, 37.262420801000076 ], [ 18.924139833000027, 36.423769725000056 ], [ 19.19618372900004, 35.373699250000072 ], [ 18.989517223000053, 35.030298954000045 ], [ 20.144079227000081, 34.009924495000064 ], [ 23.444797624000046, 32.579238175000057 ], [ 25.556983014000025, 32.401794299000073 ], [ 26.73349038300006, 33.222746627000049 ], [ 27.870575228000064, 34.672864256000025 ], [ 24.240409515000074, 34.863249325000027 ] ] ] } },
{ "type": "Feature", "properties": { }, "geometry": { "type": "Polygon", "coordinates": [ [ [ 18.909081970000045, 36.464565017000041 ], [ 18.801924628000048, 36.75044347100004 ], [ 18.909105315000033, 36.463956069000062 ], [ 18.909081970000045, 36.464565017000041 ] ] ] } },
{ "type": "Feature", "properties": { }, "geometry": { "type": "Polygon", "coordinates": [ [ [ 17.085073371000021, 35.74611817400006 ], [ 18.727740222000016, 36.815268486000029 ], [ 18.348583558000033, 37.262420801000076 ], [ 19.451633161000075, 38.377103099000067 ], [ 18.009225753000067, 39.137942335000055 ], [ 18.060671630000058, 38.51249320200003 ], [ 17.602975931000064, 37.904072556000074 ], [ 17.12118276800004, 37.462658164000068 ], [ 16.365066689000049, 37.339108897000074 ], [ 16.056193642000054, 36.291962358000042 ], [ 15.704352116000052, 36.061546542000031 ], [ 17.085073371000021, 35.74611817400006 ] ] ] } },
{ "type": "Feature", "properties": { }, "geometry": { "type": "Polygon", "coordinates": [ [ [ 25.687102936000031, 34.75133386400006 ], [ 23.275263638000069, 35.190589706000026 ], [ 24.240409515000074, 34.863249325000027 ], [ 25.687102936000031, 34.75133386400006 ] ] ] } },
{ "type": "Feature", "properties": { }, "geometry": { "type": "Polygon", "coordinates": [ [ [ 20.973558457000028, 38.09028081900005 ], [ 19.790644088000032, 38.42670699100006 ], [ 21.164350615000046, 36.545514452000077 ], [ 23.275263638000069, 35.190589706000026 ], [ 21.606518177000051, 36.642269802000044 ], [ 20.973558457000028, 38.09028081900005 ] ] ] } },
{ "type": "Feature", "properties": { }, "geometry": { "type": "Polygon", "coordinates": [ [ [ 165.64208171000007, -19.065330926999934 ], [ 165.64208123700007, -19.065329589999976 ], [ 165.642078718000107, -19.065329826999974 ], [ 165.64208171000007, -19.065330926999934 ] ] ] } },
{ "type": "Feature", "properties": { }, "geometry": { "type": "Polygon", "coordinates": [ [ [ 19.900878572000057, 39.444290816000034 ], [ 18.917488971000068, 39.858900679000051 ], [ 18.244062164000074, 39.015780911000036 ], [ 18.009225753000067, 39.137942335000055 ], [ 19.951018917000056, 37.955997376000028 ], [ 19.790644088000032, 38.42670699100006 ], [ 20.828698725000038, 38.250658547000057 ], [ 19.900878572000057, 39.444290816000034 ] ] ] } },
{ "type": "Feature", "properties": { }, "geometry": { "type": "Polygon", "coordinates": [ [ [ 17.12118276800004, 37.462658164000068 ], [ 18.064025529000052, 38.854394475000049 ], [ 17.286261104000062, 38.279145693000025 ], [ 15.622052115000027, 37.858619765000071 ], [ 15.687510271000061, 36.053802313000062 ], [ 16.056193642000054, 36.291962358000042 ], [ 16.365066689000049, 37.339108897000074 ], [ 17.12118276800004, 37.462658164000068 ] ] ] } },
{ "type": "Feature", "properties": { }, "geometry": { "type": "Polygon", "coordinates": [ [ [ 142.493713939000031, 29.632217470000057 ], [ 141.887780334000013, 34.302517680000051 ], [ 140.736000000000104, 34.2348 ], [ 141.458, 32.9293 ], [ 141.363, 31.9994 ], [ 141.847, 29.7906 ], [ 142.870963162000066, 28.2624 ], [ 142.851963162000061, 26.7543 ], [ 143.193963162000045, 26.2698 ], [ 142.664000000000101, 26.2613 ], [ 142.616, 24.7869 ], [ 143.120000000000118, 23.4518 ], [ 142.735087754000119, 23.067099053000049 ], [ 143.224734921000049, 22.535898220000036 ], [ 144.423543577000032, 23.459277728000075 ], [ 143.101077562000114, 24.870499680000023 ], [ 143.238033752000092, 26.460074822000024 ], [ 143.221062201000109, 27.701567633000025 ], [ 142.493713939000031, 29.632217470000057 ] ] ] } },
{ "type": "Feature", "properties": { }, "geometry": { "type": "Polygon", "coordinates": [ [ [ 146.464341084000012, 21.81744371700006 ], [ 144.423543577000032, 23.459277728000075 ], [ 143.224734921000049, 22.535898220000036 ], [ 144.478, 22.0984 ], [ 146.186, 20.9244 ], [ 145.874, 17.9426 ], [ 146.661, 16.6243 ], [ 145.844, 14.6801 ], [ 144.478, 12.7041 ], [ 143.596840186, 12.264146950000054 ], [ 143.602, 11.9208 ], [ 142.207000000000107, 11.8046 ], [ 142.031660425000041, 12.117218739000066 ], [ 142.087932387000023, 11.259030531000064 ], [ 143.50114948800001, 11.493056964000061 ], [ 145.346761298000047, 12.310491545000049 ], [ 146.748423541000079, 13.364934437000047 ], [ 147.684811074000095, 15.629005093000041 ], [ 147.828367104000108, 18.64290347900004 ], [ 147.452939357000133, 19.759664746000055 ], [ 146.464341084000012, 21.81744371700006 ] ] ] } },
{ "type": "Feature", "properties": { }, "geometry": { "type": "Polygon", "coordinates": [ [ [ 142.05944316800003, 12.460045144000048 ], [ 140.996108482000068, 12.094985361000056 ], [ 140.655498507000061, 12.358324134000043 ], [ 139.216404586000067, 12.233482840000022 ], [ 138.825951657000019, 12.073615179000058 ], [ 138.70655169300008, 11.113661510000043 ], [ 140.766329203000055, 10.864964063000059 ], [ 141.605691483000101, 11.053027812000039 ], [ 142.086455855000054, 11.273653914000022 ], [ 142.031660425000041, 12.117218739000066 ], [ 141.45, 12.037 ], [ 142.05944316800003, 12.460045144000048 ] ] ] } },
{ "type": "Feature", "properties": { }, "geometry": { "type": "Polygon", "coordinates": [ [ [ -63.057965036, 11.960012894000045 ], [ -63.546594632999984, 12.060240369000041 ], [ -63.847121499999965, 12.186946205000027 ], [ -63.8382, 12.052 ], [ -63.057965036, 11.960012894000045 ] ] ] } },
{ "type": "Feature", "properties": { }, "geometry": { "type": "Polygon", "coordinates": [ [ [ -63.750647538999942, 16.680531168000073 ], [ -63.8999, 17.444 ], [ -64.161903707999954, 17.430767154000023 ], [ -64.076098203999948, 16.524836835000031 ], [ -63.750647538999942, 16.680531168000073 ] ] ] } },
{ "type": "Feature", "properties": { }, "geometry": { "type": "Polygon", "coordinates": [ [ [ 153.272812133000116, 58.594898612000051 ], [ 145.130402125000046, 59.103160797000051 ], [ 141.808149494000077, 58.131089165000056 ], [ 141.5012, 56.0555 ], [ 141.772685366000019, 55.474395281000056 ], [ 143.441360029000066, 55.072528632000051 ], [ 145.678565549000041, 47.346244543000061 ], [ 149.393368259000113, 47.654664462000021 ], [ 153.902059327000075, 49.394019943000039 ], [ 155.680256447000033, 50.929567814000045 ], [ 154.4337, 54.9705 ], [ 154.268100000000118, 57.5198 ], [ 154.556502115000058, 58.813151814000044 ], [ 153.272812133000116, 58.594898612000051 ] ] ] } },
{ "type": "Feature", "properties": { }, "geometry": { "type": "Polygon", "coordinates": [ [ [ 157.041419719000032, 49.859251924000034 ], [ 156.353607151000119, 51.175838818000059 ], [ 154.950226116000067, 56.922889797000032 ], [ 160.583281895000027, 60.213951652000056 ], [ 159.756638216000056, 60.863941754000059 ], [ 159.602843895000092, 61.39630160300004 ], [ 155.643478045000052, 58.997959657000081 ], [ 154.556502115000058, 58.813151814000044 ], [ 154.334400000000102, 58.3806 ], [ 154.4337, 54.9705 ], [ 155.3276, 51.5935 ], [ 156.618800000000107, 49.8056 ], [ 157.041419719000032, 49.859251924000034 ] ] ] } },
{ "type": "Feature", "properties": { }, "geometry": { "type": "Polygon", "coordinates": [ [ [ -60.014340456999953, 11.221328820000053 ], [ -63.057292747999952, 11.960536967000055 ], [ -64.753609043999973, 10.733598635000021 ], [ -60.743610074999935, 10.967187695000064 ], [ -61.1809, 10.4083 ], [ -60.186038481999965, 10.30776120400003 ], [ -60.014340456999953, 11.221328820000053 ] ] ] } },
{ "type": "Feature", "properties": { }, "geometry": { "type": "Polygon", "coordinates": [ [ [ -61.574155070999943, 15.718791698000077 ], [ -62.373862418999984, 15.25764348800004 ], [ -62.4347, 14.0458 ], [ -63.528859713999971, 12.056626584000071 ], [ -62.257022679, 11.797468622000054 ], [ -61.7997, 12.2479 ], [ -61.1616, 14.2247 ], [ -61.574155070999943, 15.718791698000077 ] ] ] } },
{ "type": "Feature", "properties": { }, "geometry": { "type": "Polygon", "coordinates": [ [ [ -60.729493068999936, 11.512666119000073 ], [ -59.997115359999952, 11.987490842000057 ], [ -59.782950056999937, 13.501173552000068 ], [ -60.569714886999961, 13.47463506400004 ], [ -61.242149863999934, 11.964106395000046 ], [ -61.858767950999948, 11.635854566000035 ], [ -60.729493068999936, 11.512666119000073 ] ] ] } },
{ "type": "Feature", "properties": { }, "geometry": { "type": "Polygon", "coordinates": [ [ [ 123.173035476000123, 23.458279098000048 ], [ 122.848653854000091, 23.129260678000037 ], [ 122.831083776000028, 23.091362772000025 ], [ 123.173035476000123, 23.458279098000048 ] ] ] } },
{ "type": "Feature", "properties": { }, "geometry": { "type": "Polygon", "coordinates": [ [ [ 124.401105686000065, 23.412253991000057 ], [ 124.80216692700003, 23.404810580000063 ], [ 123.173035476000123, 23.458279098000048 ], [ 124.401105686000065, 23.412253991000057 ] ] ] } },
{ "type": "Feature", "properties": { }, "geometry": { "type": "Polygon", "coordinates": [ [ [ -76.527235301012439, 8.61382460830319 ], [ -76.754509569666169, 8.622391231458854 ], [ -76.716143267634067, 8.395427980563944 ], [ -76.527235301012439, 8.61382460830319 ] ] ] } },
{ "type": "Feature", "properties": { }, "geometry": { "type": "Polygon", "coordinates": [ [ [ -76.908066662999943, 8.974198430000058 ], [ -76.9523, 9.24819 ], [ -77.000802676999967, 9.297433305000027 ], [ -77.1639, 9.1258 ], [ -76.908066662999943, 8.974198430000058 ] ] ] } },
{ "type": "Feature", "properties": { }, "geometry": { "type": "Polygon", "coordinates": [ [ [ 119.720354217000022, 4.622308857000064 ], [ 119.389826848000098, 5.293390029000022 ], [ 119.095744568000114, 4.755647429000021 ], [ 119.720354217000022, 4.622308857000064 ] ] ] } },
{ "type": "Feature", "properties": { }, "geometry": { "type": "Polygon", "coordinates": [ [ [ 121.475953337000078, 12.591848135000079 ], [ 121.102862603000062, 13.097044974000028 ], [ 120.08454043200004, 13.63379526500006 ], [ 120.345246222000014, 13.200325982000042 ], [ 121.475953337000078, 12.591848135000079 ] ] ] } },
{ "type": "Feature", "properties": { }, "geometry": { "type": "Polygon", "coordinates": [ [ [ -176.684202333999963, -23.427646534999951 ], [ -174.94161920099998, -20.588032458999976 ], [ -174.80367228199998, -18.890620904999935 ], [ -175.5922, -20.5822 ], [ -175.4101, -20.6747 ], [ -176.684202333999963, -23.427646534999951 ] ] ] } },
{ "type": "Feature", "properties": { }, "geometry": { "type": "Polygon", "coordinates": [ [ [ -76.321628646999955, 10.41329247300007 ], [ -76.3989, 10.5089 ], [ -76.085906880999971, 10.131034689000041 ], [ -76.321628646999955, 10.41329247300007 ] ] ] } },
{ "type": "Feature", "properties": { }, "geometry": { "type": "Polygon", "coordinates": [ [ [ -88.28006847599994, 27.45866144300004 ], [ -88.191355018999957, 27.48681814300005 ], [ -88.752009793999946, 27.50548774300006 ], [ -88.28006847599994, 27.45866144300004 ] ] ] } },
{ "type": "Feature", "properties": { }, "geometry": { "type": "Polygon", "coordinates": [ [ [ -79.218329980999954, 18.128699206000022 ], [ -79.546225382999978, 18.110032297000032 ], [ -79.637035451999964, 18.064627269000027 ], [ -79.218329980999954, 18.128699206000022 ] ] ] } },
{ "type": "Feature", "properties": { }, "geometry": { "type": "Polygon", "coordinates": [ [ [ -82.139999600999943, 8.989999635000055 ], [ -83.507327559999965, 10.807701587000054 ], [ -85.124871818999964, 10.163139358000024 ], [ -85.740409132999957, 9.593436981000025 ], [ -82.3482, 7.55354 ], [ -82.139999600999943, 8.989999635000055 ] ] ] } },
{ "type": "Feature", "properties": { }, "geometry": { "type": "Polygon", "coordinates": [ [ [ 154.803154324000047, -12.88064889299995 ], [ 154.77926370900002, -12.982520055999942 ], [ 154.79300000000012, -12.986 ], [ 154.803154324000047, -12.88064889299995 ] ] ] } },
{ "type": "Feature", "properties": { }, "geometry": { "type": "Polygon", "coordinates": [ [ [ 148.664464920000114, -0.376325652999981 ], [ 146.106958881000082, -0.323546042999965 ], [ 143.865878672, -0.92157186399993 ], [ 142.905287876000102, -1.36552519199995 ], [ 142.337133743000095, -2.662559302999966 ], [ 143.102576836000026, -3.048334668999928 ], [ 145.391454734000035, -2.277688359999956 ], [ 149.003126168000108, -2.594450051999955 ], [ 151.515614874000107, -3.368628242999932 ], [ 153.208560053000042, -5.380334799999957 ], [ 152.926368796000048, -4.119392439999956 ], [ 154.339581201000101, -3.87124150599993 ], [ 153.131815074000087, -2.204140603999973 ], [ 148.664464920000114, -0.376325652999981 ] ] ] } },
{ "type": "Feature", "properties": { }, "geometry": { "type": "Polygon", "coordinates": [ [ [ 159.271789628000079, -10.076715370999977 ], [ 158.700229762000049, -9.553921634999936 ], [ 154.215070346000061, -11.200063264999926 ], [ 155.290404289000094, -12.053136445999939 ], [ 157.675963163000119, -10.118 ], [ 158.026, -10.529 ], [ 157.995000000000118, -11.229 ], [ 158.857, -11.578 ], [ 158.893471396000109, -12.211000739999974 ], [ 159.1371, -12.0266 ], [ 159.271789628000079, -10.076715370999977 ] ] ] } },
{ "type": "Feature", "properties": { }, "geometry": { "type": "Polygon", "coordinates": [ [ [ 176.683724425000037, -17.063576168999923 ], [ 176.727135265000015, -17.020963107999933 ], [ 176.6968, -17.0314 ], [ 176.683724425000037, -17.063576168999923 ] ] ] } },
{ "type": "Feature", "properties": { }, "geometry": { "type": "Polygon", "coordinates": [ [ [ 176.805254308000031, -17.387703152999961 ], [ 176.827263163000111, -17.1457 ], [ 176.683598927000048, -17.08881996599996 ], [ 176.744387733000053, -17.149786429999949 ], [ 176.805254308000031, -17.387703152999961 ] ] ] } },
{ "type": "Feature", "properties": { }, "geometry": { "type": "Polygon", "coordinates": [ [ [ 170.766569383000046, -19.491170465999971 ], [ 169.565544240000122, -17.255455379999944 ], [ 168.702086727000051, -16.104508445999954 ], [ 168.429663162000111, -16.3057 ], [ 170.083963162000032, -18.3298 ], [ 169.835463163000128, -18.7261 ], [ 170.591063162000069, -19.6618 ], [ 170.369602616000066, -19.956983597999965 ], [ 169.9211, -18.9529 ], [ 169.5674, -18.8562 ], [ 170.054, -19.9808 ], [ 169.928717924000011, -20.800519823999934 ], [ 170.424463162000052, -20.7097 ], [ 170.385171286000059, -21.211653040999977 ], [ 169.7282, -21.1178 ], [ 168.344963162000113, -19.3036 ], [ 167.706263162000027, -16.8365 ], [ 166.925335908000079, -17.049419561999965 ], [ 168.653502859000014, -20.90541690699996 ], [ 169.060805001000062, -21.482715482999939 ], [ 169.421965934000013, -21.169513977999941 ], [ 170.470837932000109, -22.07662029599993 ], [ 170.766569383000046, -19.491170465999971 ] ] ] } },
{ "type": "Feature", "properties": { }, "geometry": { "type": "Polygon", "coordinates": [ [ [ 129.889961204000087, -4.27690526899994 ], [ 129.848236314000019, -4.180974855999978 ], [ 129.837199477000013, -4.180974855999978 ], [ 129.889961204000087, -4.27690526899994 ] ] ] } },
{ "type": "Feature", "properties": { }, "geometry": { "type": "Polygon", "coordinates": [ [ [ 120.796871031, 12.502869539000079 ], [ 120.864000320000059, 12.589700699000048 ], [ 120.741695526000058, 12.578937830000031 ], [ 120.796871031, 12.502869539000079 ] ] ] } },
{ "type": "Feature", "properties": { }, "geometry": { "type": "Polygon", "coordinates": [ [ [ 121.510637545, 12.199641713000062 ], [ 121.476905286000033, 12.590275350000072 ], [ 120.366595529000051, 13.188309079000021 ], [ 121.061462402000089, 12.072143555000025 ], [ 121.510637545, 12.199641713000062 ] ] ] } },
{ "type": "Feature", "properties": { }, "geometry": { "type": "Polygon", "coordinates": [ [ [ -116.856534763999932, 32.44449665500008 ], [ -117.930394887999981, 33.706438415000036 ], [ -120.543555866999966, 34.641151781000076 ], [ -120.976784513, 35.642993024000077 ], [ -122.369594918999951, 36.349198097000055 ], [ -121.6695, 35.1896 ], [ -121.771, 34.8177 ], [ -120.9932, 34.1075 ], [ -118.6974, 33.6128 ], [ -116.856534763999932, 32.44449665500008 ] ] ] } },
{ "type": "Feature", "properties": { }, "geometry": { "type": "Polygon", "coordinates": [ [ [ -112.774498178999977, 28.747235199000045 ], [ -113.138053708999962, 29.124255749000042 ], [ -113.265897267999947, 29.228617838000051 ], [ -113.1239, 29.039 ], [ -112.774498178999977, 28.747235199000045 ] ] ] } },
{ "type": "Feature", "properties": { }, "geometry": { "type": "Polygon", "coordinates": [ [ [ -178.592, -13.4553 ], [ -179.654501493999987, -13.5552 ], [ -179.748601128, -13.855116446999943 ], [ -178.999584013999964, -15.35766841299994 ], [ -178.044995645999961, -16.008607875999928 ], [ -175.996596580999977, -16.204768917999946 ], [ -175.378893312999963, -15.80742592799993 ], [ -174.511993416999985, -14.447600469999941 ], [ -175.387125956999967, -14.551066837999942 ], [ -178.592, -13.4553 ] ] ] } },
{ "type": "Feature", "properties": { }, "geometry": { "type": "Polygon", "coordinates": [ [ [ -175.80034861599998, -16.186545854999956 ], [ -175.724497278999962, -15.891411749999975 ], [ -175.996596580999977, -16.204768917999946 ], [ -175.80034861599998, -16.186545854999956 ] ] ] } },
{ "type": "Feature", "properties": { }, "geometry": { "type": "Polygon", "coordinates": [ [ [ -172.367829490999981, -15.496610653999932 ], [ -173.424513739999981, -14.581211078999956 ], [ -174.559, -14.3282 ], [ -175.608845757999973, -14.452145532999964 ], [ -174.158905407999981, -14.435099484999968 ], [ -173.3, -14.751 ], [ -172.709, -15.9155 ], [ -172.657, -17.1961 ], [ -172.889, -18.0042 ], [ -173.454, -18.5409 ], [ -174.01471371599996, -21.094799158999933 ], [ -175.253156634999982, -23.219901548999928 ], [ -176.016922543, -26.022039261999964 ], [ -175.447707269999967, -26.036169443999938 ], [ -175.12358516, -24.12930459599994 ], [ -173.070758547999986, -19.882041950999962 ], [ -172.336139062999962, -17.097669734999954 ], [ -172.367829490999981, -15.496610653999932 ] ] ] } },
{ "type": "Feature", "properties": { }, "geometry": { "type": "Polygon", "coordinates": [ [ [ -178.989496265999975, 50.492055972000045 ], [ -177.087046382999972, 50.498171960000043 ], [ -179.914376279999971, 50.516566196000042 ], [ -178.989496265999975, 50.492055972000045 ] ] ] } },
{ "type": "Feature", "properties": { }, "geometry": { "type": "Polygon", "coordinates": [ [ [ 179.99999999, -28.912202118999971 ], [ 179.228407403000119, -31.429933796999936 ], [ 177.955, -34.0327 ], [ 176.379, -36.1256 ], [ 176.763723687000038, -36.560117288999955 ], [ 178.405, -34.4366 ], [ 179.99999999, -31.328184842999974 ], [ 179.99999999, -28.912202118999971 ] ] ] } },
{ "type": "Feature", "properties": { }, "geometry": { "type": "Polygon", "coordinates": [ [ [ 179.99999999, -31.328184842999974 ], [ 178.405, -34.4366 ], [ 176.794000000000125, -36.5465 ], [ 176.598033953000026, -36.396883371999934 ], [ 176.789000000000101, -36.617 ], [ 177.597579490000044, -36.973831455999971 ], [ 179.815, -34.9304 ], [ 179.99999999, -31.328184842999974 ] ] ] } },
{ "type": "Feature", "properties": { }, "geometry": { "type": "Polygon", "coordinates": [ [ [ -7.633359295999979, 69.204216527000042 ], [ -7.616790644999983, 70.101479082000083 ], [ -7.711487495999961, 69.438601128000073 ], [ -7.633359295999979, 69.204216527000042 ] ] ] } },
{ "type": "Feature", "properties": { }, "geometry": { "type": "Polygon", "coordinates": [ [ [ -78.018314953999948, 5.837990416000025 ], [ -78.018300672999942, 5.837870025000029 ], [ -78.018291805999979, 5.837847391000029 ], [ -78.018314953999948, 5.837990416000025 ] ] ] } },
{ "type": "Feature", "properties": { }, "geometry": { "type": "Polygon", "coordinates": [ [ [ -78.31346223099996, 6.585083587000043 ], [ -77.957920781999974, 4.991258064000021 ], [ -78.827830053999946, 3.496637809000049 ], [ -76.481864360999978, 3.50701084800005 ], [ -75.969226453999966, 5.021606794000036 ], [ -76.071563828999956, 6.666571070000032 ], [ -76.877755737999962, 8.52793319400007 ], [ -78.31346223099996, 6.585083587000043 ] ] ] } },
{ "type": "Feature", "properties": { }, "geometry": { "type": "Polygon", "coordinates": [ [ [ -70.681102017999933, 13.477966411000068 ], [ -72.9439, 13.4512 ], [ -73.6018, 13.1825 ], [ -74.521255406999956, 12.029859325000075 ], [ -73.019802483999968, 7.323086982000072 ], [ -71.5032, 7.73546 ], [ -70.378970144999982, 8.662100859000077 ], [ -68.830597200999932, 10.115300697000066 ], [ -67.9771, 11.4995 ], [ -68.03958367599995, 12.609711621000031 ], [ -70.681102017999933, 13.477966411000068 ] ] ] } },
{ "type": "Feature", "properties": { }, "geometry": { "type": "Polygon", "coordinates": [ [ [ -62.834776749999946, 13.033171346000074 ], [ -62.355876591999959, 15.221765427000037 ], [ -63.750647538999942, 16.680531168000073 ], [ -64.076098203999948, 16.524836835000031 ], [ -64.105, 16.0302 ], [ -63.85523681799998, 12.190367723000065 ], [ -63.528859713999971, 12.056626584000071 ], [ -62.834776749999946, 13.033171346000074 ] ] ] } },
{ "type": "Feature", "properties": { }, "geometry": { "type": "Polygon", "coordinates": [ [ [ -88.317328412999984, 15.816146317000063 ], [ -88.685676146999981, 16.105154589000055 ], [ -90.470812283999976, 15.337091250000073 ], [ -95.562672370999962, 15.269270463000055 ], [ -93.542128562999949, 15.091005936000045 ], [ -92.811055222999983, 14.441162968000071 ], [ -88.28737098199997, 12.376156036000054 ], [ -84.940913579999972, 15.988503447000028 ], [ -88.317328412999984, 15.816146317000063 ] ] ] } },
{ "type": "Feature", "properties": { }, "geometry": { "type": "Polygon", "coordinates": [ [ [ -60.649438074999985, 15.878839175000055 ], [ -61.8726, 17.3198 ], [ -64.022599559999946, 18.439660564000064 ], [ -63.868892615999989, 16.804201558000049 ], [ -62.355876591999959, 15.221765427000037 ], [ -61.574155070999943, 15.718791698000077 ], [ -61.216, 13.7155 ], [ -62.09543746899994, 11.687673976000042 ], [ -61.242149863999934, 11.964106395000046 ], [ -60.569714886999961, 13.47463506400004 ], [ -60.129291689999945, 13.505408960000068 ], [ -60.649438074999985, 15.878839175000055 ] ] ] } },
{ "type": "Feature", "properties": { }, "geometry": { "type": "Polygon", "coordinates": [ [ [ -84.997104561999947, 15.938555907000021 ], [ -83.876027279999974, 17.166907446000039 ], [ -85.805842513999949, 16.91517994000003 ], [ -86.4804, 16.3875 ], [ -88.317328412999984, 15.816146317000063 ], [ -84.997104561999947, 15.938555907000021 ] ] ] } },
{ "type": "Feature", "properties": { }, "geometry": { "type": "Polygon", "coordinates": [ [ [ -68.38140001499994, 18.525600174000033 ], [ -72.527931344999956, 20.087989629000052 ], [ -73.418857653999964, 19.846451965000028 ], [ -70.606019207999964, 18.447865989000036 ], [ -70.627968025999962, 18.035103665000065 ], [ -68.637322568999934, 17.247433196000031 ], [ -67.594970147999959, 17.282956305000027 ], [ -67.734680313999945, 18.874481514000024 ], [ -68.38140001499994, 18.525600174000033 ] ] ] } },
{ "type": "Feature", "properties": { }, "geometry": { "type": "Polygon", "coordinates": [ [ [ -67.594970147999959, 17.282956305000027 ], [ -63.8999, 17.444 ], [ -64.022599559999946, 18.439660564000064 ], [ -67.734680313999945, 18.874481514000024 ], [ -67.594970147999959, 17.282956305000027 ] ] ] } },
{ "type": "Feature", "properties": { }, "geometry": { "type": "Polygon", "coordinates": [ [ [ -122.02066960999997, 37.192836009000082 ], [ -123.713704661999941, 38.884899569000034 ], [ -124.693492266999954, 40.259254068000075 ], [ -124.69, 39.6937 ], [ -123.9691, 38.9095 ], [ -123.6309, 37.895 ], [ -122.8869, 37.0834 ], [ -122.1768, 36.8467 ], [ -122.369594918999951, 36.349198097000055 ], [ -121.393163240999954, 35.980597398000043 ], [ -122.02066960999997, 37.192836009000082 ] ] ] } },
{ "type": "Feature", "properties": { }, "geometry": { "type": "Polygon", "coordinates": [ [ [ -122.114009707, 37.389446001000074 ], [ -122.696039956, 37.929410508000046 ], [ -122.02066960999997, 37.192836009000082 ], [ -122.114009707, 37.389446001000074 ] ] ] } },
{ "type": "Feature", "properties": { }, "geometry": { "type": "Polygon", "coordinates": [ [ [ 140.825957923000033, 55.192932723000062 ], [ 141.772685366000019, 55.474395281000056 ], [ 141.457000000000107, 56.2692 ], [ 141.808149494000077, 58.131089165000056 ], [ 140.108733883000014, 57.304351714000063 ], [ 137.810226052000104, 55.50133861100003 ], [ 138.578979216000107, 55.294650674000067 ], [ 138.640777966000087, 54.70631081100003 ], [ 140.70091801, 54.551778750000032 ], [ 140.825957923000033, 55.192932723000062 ] ] ] } },
{ "type": "Feature", "properties": { }, "geometry": { "type": "Polygon", "coordinates": [ [ [ 144.46238685000003, 50.350231708000074 ], [ 145.3907, 48.6098 ], [ 144.355900665000036, 52.006284983000057 ], [ 144.46238685000003, 50.350231708000074 ] ] ] } }
]
}
