{
"type": "FeatureCollection",
"name": "land_100Ma",
"crs": { "type": "name", "properties": { "name": "urn:ogc:def:crs:OGC:1.3:CRS84" } },
"features": [
{ "type": "Feature", "properties": { }, "geometry": { "type": "Polygon", "coordinates": [ [ [ 139.252279704483641, 51.387705511353282 ], [ 141.044778761048661, 54.33091621156094 ], [ 139.620861486366579, 55.079787693223942 ], [ 139.071797505089677, 55.93528263705133 ], [ 138.679041950415723, 56.924120735647008 ], [ 138.777151383500012, 57.798103000955223 ], [ 138.423175103500085, 57.897762908744689 ], [ 138.540069488108742, 58.224298816107435 ], [ 136.339180612319723, 62.278339490409415 ], [ 133.650580758472159, 60.351511202277891 ], [ 135.881497385342357, 57.475949741065882 ], [ 136.557809347604291, 52.406194724964955 ], [ 139.252279704483641, 51.387705511353282 ] ] ] } },
{ "type": "Feature", "properties": { }, "geometry": { "type": "Polygon", "coordinates": [ [ [ 6.332158418374366, 22.331772078547928 ], [ 5.769699094294714, 24.12752104698491 ], [ 4.376428684521292, 23.114184400419845 ], [ 1.664946822639518, 22.022143866648754 ], [ 0.368540171054526, 21.12445522592591 ], [ 0.949593787071629, 20.846312246836572 ], [ 1.613532446391176, 21.235252334618661 ], [ 2.14727751051978, 20.745552708379687 ], [ 3.332665325541214, 21.458956777682179 ], [ 3.58519310182857, 21.229518314742901 ], [ 6.332158418374366, 22.331772078547928 ] ] ] } },
{ "type": "Feature", "properties": { }, "geometry": { "type": "Polygon", "coordinates": [ [ [ 34.837332365500068, 10.810289253876894 ], [ 32.702180909102232, 12.371624240644618 ], [ 28.309847072863384, 11.139313856244147 ], [ 27.294258874164797, 9.156007231574275 ], [ 26.257851722588072, 6.018867777394774 ], [ 24.206034374708803, 2.647930188010077 ], [ 25.106065311655655, -1.622619987168261 ], [ 25.931483952641724, -2.128581767406901 ], [ 26.26194431913477, -3.201401342747885 ], [ 26.137969362554426, -4.371592443820547 ], [ 27.712730634111502, -6.973559840746264 ], [ 27.804556867042216, -8.4517638546737 ], [ 28.584536364745908, -10.112021925588865 ], [ 28.412369442250466, -11.044604157284628 ], [ 27.723103313952176, -11.632671084771601 ], [ 27.789192884951675, -12.5084233242557 ], [ 28.449179048516829, -14.246218304670055 ], [ 29.053549255196977, -14.382013567199596 ], [ 30.221783566979912, -14.349252687411294 ], [ 30.732704812847377, -13.797577788654543 ], [ 32.469782019970999, -13.919579517222168 ], [ 35.78581478393027, -13.283013708287971 ], [ 37.248690098201614, -13.536892384947505 ], [ 38.664523465396051, -11.965651068427631 ], [ 40.490591600323079, -12.139423532869655 ], [ 41.933691491893164, -11.698395209887487 ], [ 42.945673383827547, -12.147140131565916 ], [ 45.782744035937057, -7.021313682542076 ], [ 46.626275094671996, -6.614201137154296 ], [ 44.305628981626214, -6.073715667026979 ], [ 43.052696498022193, -5.296832977125428 ], [ 42.87821458470308, -4.018567165038434 ], [ 43.700472955813112, -2.382339751508271 ], [ 43.762245407725587, -0.950901288726038 ], [ 40.742782234216712, 1.448183654312408 ], [ 38.752762690374034, 4.442235471400148 ], [ 36.877671040893418, 5.57080888765045 ], [ 35.202753949945368, 8.865361209217051 ], [ 34.647187314076994, 10.478540594719698 ], [ 34.837332365500068, 10.810289253876894 ] ] ] } },
{ "type": "Feature", "properties": { }, "geometry": { "type": "Polygon", "coordinates": [ [ [ 55.847777179613026, 32.357682464230336 ], [ 54.079687017179218, 32.695564252323507 ], [ 54.889608227547015, 32.043455122230284 ], [ 53.053977042175042, 31.53068261495083 ], [ 53.682427957632775, 31.141720913892737 ], [ 51.778790902833073, 29.996749176095676 ], [ 51.672999123174172, 29.396151849670336 ], [ 50.642748892141405, 28.687742533025386 ], [ 51.611364832218165, 26.713257659224499 ], [ 52.520602905165333, 25.810926045964621 ], [ 54.092824129844303, 24.972862527564974 ], [ 56.708985159462657, 24.499005533690916 ], [ 57.083805745282078, 22.96702957620359 ], [ 57.504061746829635, 22.795880180713368 ], [ 59.583493102372543, 22.918170869947705 ], [ 60.685456509654713, 23.388624519351012 ], [ 62.114787921185972, 24.521804791498361 ], [ 59.31019097112781, 26.474208511693938 ], [ 57.557795915993545, 30.693499910664826 ], [ 55.847777179613026, 32.357682464230336 ] ] ] } },
{ "type": "Feature", "properties": { }, "geometry": { "type": "Polygon", "coordinates": [ [ [ 65.19951300560254, 27.673498734789558 ], [ 65.971176612799823, 29.164169844328075 ], [ 67.086611363655464, 32.897010548103829 ], [ 68.826396174127098, 35.224000571832583 ], [ 65.666068748121845, 33.333159957235516 ], [ 64.709034050561868, 32.02552127126792 ], [ 63.385772537861818, 31.494913861068383 ], [ 58.741537869977485, 28.026899988210911 ], [ 59.31019097112781, 26.474208511693938 ], [ 61.688023882143533, 24.670349465639461 ], [ 62.542806155477962, 24.414406488335853 ], [ 64.881132769797475, 25.557200416917482 ], [ 65.618550725040521, 25.066890466886747 ], [ 65.19951300560254, 27.673498734789558 ] ] ] } },
{ "type": "Feature", "properties": { }, "geometry": { "type": "Polygon", "coordinates": [ [ [ 9.011938128601059, 17.520147140969492 ], [ 8.801460640383988, 18.775866997762346 ], [ 6.482164488781846, 18.488996446411576 ], [ 3.692353399919906, 18.771477153496807 ], [ 6.476920738300261, 15.563351792136153 ], [ 6.086569723940141, 14.777461174215031 ], [ 8.652773111945269, 15.256355125322335 ], [ 9.451920075273025, 15.961044946409734 ], [ 9.647484015713706, 16.662925820251441 ], [ 9.011938128601059, 17.520147140969492 ] ] ] } },
{ "type": "Feature", "properties": { }, "geometry": { "type": "Polygon", "coordinates": [ [ [ 49.51769521765835, -24.628758991660941 ], [ 49.026578487367111, -24.193630049503998 ], [ 45.458254306354327, -25.279329514409373 ], [ 43.658639169579004, -25.476740974489097 ], [ 39.895193686252277, -28.118976071948847 ], [ 39.756520480449673, -28.570902563866934 ], [ 38.669936516530065, -28.607524702594752 ], [ 38.166969221077103, -28.953124114692873 ], [ 37.539072383745776, -33.665930042017791 ], [ 36.457598376415049, -36.95772323538273 ], [ 36.515028812347694, -38.462314846727104 ], [ 35.407852373263509, -40.566133709465774 ], [ 34.176905453098449, -41.940669185376869 ], [ 32.690654344255535, -44.936338344839363 ], [ 29.475029561765151, -46.425326172534326 ], [ 28.828376747814374, -47.380314550869059 ], [ 29.248932976816089, -47.790130342629233 ], [ 30.288798066118463, -47.909668535853825 ], [ 31.152117521233819, -48.845567992759143 ], [ 31.974782893299988, -48.908577711553619 ], [ 34.164143186069765, -48.243105152942199 ], [ 36.994359875281653, -48.147741424900467 ], [ 38.666430011406476, -48.452722824786235 ], [ 38.945483342182065, -47.420174504032509 ], [ 40.870333906672968, -46.845192830893573 ], [ 42.559870993762864, -45.195268408970513 ], [ 43.266392557118031, -44.928710798354416 ], [ 47.914843720755492, -44.974727527440201 ], [ 52.639959971871505, -44.335340457942209 ], [ 55.602086232151557, -44.72701027179906 ], [ 58.1208629598014, -44.132993083277256 ], [ 59.12491875740745, -44.333209857127549 ], [ 61.10735078607734, -42.772153310008584 ], [ 62.928496008409319, -42.406869226472807 ], [ 67.259668461285329, -40.815699975962055 ], [ 68.661964860467975, -40.759790402230237 ], [ 68.625693789062595, -40.217365990633049 ], [ 68.177849039459801, -39.825337749376885 ], [ 65.099732028180853, -40.527902564390686 ], [ 61.131467770588443, -39.618136274470807 ], [ 58.601892120162049, -38.569369350287104 ], [ 54.559722019184861, -35.855712944472188 ], [ 51.500289781472624, -30.634831767571661 ], [ 51.526808141480096, -28.322569020049063 ], [ 50.789302899495205, -27.232168732520815 ], [ 50.49265957722762, -25.157324322614024 ], [ 49.371244665399331, -24.864233733245033 ], [ 49.51769521765835, -24.628758991660941 ] ] ] } },
{ "type": "Feature", "properties": { }, "geometry": { "type": "Polygon", "coordinates": [ [ [ 86.042942015910256, 38.011486987749166 ], [ 79.380112675968931, 36.257911960625044 ], [ 80.704056188950091, 36.042897360117387 ], [ 81.489858828273029, 35.5584932957874 ], [ 81.226159526873488, 35.351812168756567 ], [ 82.117059413409152, 35.207724427194727 ], [ 85.529387391798267, 35.884980819739816 ], [ 86.855634421734692, 35.814880327254791 ], [ 87.835144727533205, 35.119272610341547 ], [ 88.876745206704314, 35.544820985029098 ], [ 91.032019482912759, 35.69268309178532 ], [ 93.368136003962448, 35.403963962619933 ], [ 96.039805440363523, 33.72379403979442 ], [ 96.98700346626552, 32.63452889303241 ], [ 95.797413460235987, 35.451259921047644 ], [ 93.774577670706535, 37.248773539744043 ], [ 92.404638390718034, 37.874852650586561 ], [ 86.042942015910256, 38.011486987749166 ] ] ] } },
{ "type": "Feature", "properties": { }, "geometry": { "type": "Polygon", "coordinates": [ [ [ 115.150690891596312, 29.813893369304722 ], [ 114.041016284125647, 29.816273674593056 ], [ 113.822376665661835, 29.03845250432785 ], [ 112.082112506682535, 28.092898813476836 ], [ 110.36154396929706, 25.863883623315608 ], [ 109.863555346336938, 26.018773119449353 ], [ 108.846134357576133, 23.871431295002186 ], [ 109.657617399863241, 21.734848718212614 ], [ 112.8116431288733, 22.060777047678378 ], [ 113.908574063886675, 21.798764308717754 ], [ 114.370880224932577, 22.457243548449643 ], [ 116.082691482997646, 25.688099492367051 ], [ 116.896684368703376, 28.090672739435149 ], [ 116.842356757884076, 30.345746261685026 ], [ 115.150690891596312, 29.813893369304722 ] ] ] } },
{ "type": "Feature", "properties": { }, "geometry": { "type": "Polygon", "coordinates": [ [ [ 117.183982642368036, 25.816169614440756 ], [ 116.137242094814056, 25.599243039316921 ], [ 115.481788782853826, 24.98078318442381 ], [ 114.972572683261305, 25.311663550158141 ], [ 112.228064506540122, 21.084731994429522 ], [ 112.673692272584759, 18.650800360153163 ], [ 112.519493979377671, 16.656838595979327 ], [ 114.010392969788981, 18.605648512136348 ], [ 113.612469275700846, 19.935127144742626 ], [ 115.290698280933043, 21.414280522647456 ], [ 115.617863548422037, 22.756420825889968 ], [ 116.549628498672462, 23.928514766805854 ], [ 117.183982642368036, 25.816169614440756 ] ] ] } },
{ "type": "Feature", "properties": { }, "geometry": { "type": "Polygon", "coordinates": [ [ [ 44.270099039966667, 70.256588140273536 ], [ 42.226074827798982, 69.858816967623554 ], [ 38.901694636860647, 69.952965771556606 ], [ 42.782099705673723, 67.627032977913146 ], [ 45.628939870137259, 65.377685208582704 ], [ 45.853680535857521, 64.523111516884128 ], [ 45.647130331644107, 63.670141569565409 ], [ 46.73697467469367, 63.488622304957964 ], [ 47.372329499689798, 62.962588531842094 ], [ 47.772133595822488, 62.006705514624699 ], [ 50.876463466824532, 60.103815122568726 ], [ 52.398431503037891, 59.71915162130837 ], [ 54.355870566306812, 56.590050634883163 ], [ 56.65979928473444, 55.207119507966297 ], [ 62.50317030452112, 53.046785977504058 ], [ 67.471786720760178, 49.471701305892367 ], [ 69.854260101956129, 49.147969413753628 ], [ 73.060395819717073, 48.024416943904413 ], [ 75.428042952002741, 47.822086358499718 ], [ 76.089837084601811, 50.139399846342542 ], [ 73.612676615469795, 50.000900412714323 ], [ 70.12226825702038, 50.575780233578868 ], [ 67.00241123886768, 52.482345787899789 ], [ 66.596045512201712, 54.253552119331438 ], [ 67.457054686758994, 56.53197766782516 ], [ 48.347000004705357, 66.000266657079393 ], [ 47.932886572115933, 66.86176327296559 ], [ 51.034339565542403, 68.77145794835161 ], [ 44.270099039966667, 70.256588140273536 ] ] ] } },
{ "type": "Feature", "properties": { }, "geometry": { "type": "Polygon", "coordinates": [ [ [ 33.693995236045801, 70.618152427608138 ], [ 31.111596428692412, 71.117765015608427 ], [ 30.22056945874321, 69.78186358860691 ], [ 28.839307948886177, 69.105048169893962 ], [ 28.542851938205356, 68.604183522151232 ], [ 28.11242453372515, 67.563469467227748 ], [ 29.921006223706016, 63.692340775009725 ], [ 33.725877859829943, 63.102700203643188 ], [ 35.474599219939272, 63.770828904138767 ], [ 33.34326328671262, 64.323948966374203 ], [ 31.965706623894611, 65.544678463029967 ], [ 31.66462203293413, 67.830878422946213 ], [ 31.938679185982423, 68.493378686433402 ], [ 33.540939781884994, 69.885891419067761 ], [ 33.693995236045801, 70.618152427608138 ] ] ] } },
{ "type": "Feature", "properties": { }, "geometry": { "type": "Polygon", "coordinates": [ [ [ 38.901694636860647, 69.952965771556606 ], [ 33.693995236045801, 70.618152427608138 ], [ 33.540939781884994, 69.885891419067761 ], [ 31.938679185982423, 68.493378686433402 ], [ 31.66462203293413, 67.830878422946213 ], [ 32.197581673846706, 65.087637465500833 ], [ 33.34326328671262, 64.323948966374203 ], [ 35.139515901859419, 63.962679527600955 ], [ 43.826640573369232, 63.960241817226191 ], [ 44.832040202619481, 63.571437398361098 ], [ 45.066866865000605, 63.041099369071596 ], [ 46.098788733216772, 63.636112065496661 ], [ 45.647130331644107, 63.670141569565409 ], [ 45.853680535857521, 64.523111516884128 ], [ 45.628939870137259, 65.377685208582704 ], [ 42.782099705673723, 67.627032977913146 ], [ 38.901694636860647, 69.952965771556606 ] ] ] } },
{ "type": "Feature", "properties": { }, "geometry": { "type": "Polygon", "coordinates": [ [ [ 31.111596428692412, 71.117765015608427 ], [ 22.547831793877133, 73.295658497947286 ], [ 18.551914580809093, 73.825474269392004 ], [ 22.924270251753974, 72.600108368849888 ], [ 24.425403567853376, 70.757318981763987 ], [ 20.380345298330841, 69.546137554544103 ], [ 14.878415811162885, 69.518491499724163 ], [ 17.085452712279665, 67.19487746351524 ], [ 17.868052486446086, 65.474420144313697 ], [ 17.307937169388239, 64.11976903354379 ], [ 11.038011753354969, 61.600281963424415 ], [ 10.477139444252394, 61.307148459314526 ], [ 9.955745800209973, 60.466079390279681 ], [ 20.341261230062589, 59.277626742960656 ], [ 21.975611283885495, 59.409272670576613 ], [ 31.061038572232146, 58.476590380228828 ], [ 43.725531319147009, 58.045182053145183 ], [ 43.497953293612682, 58.367545659705186 ], [ 44.1507679724551, 60.678529314191742 ], [ 44.777079299742397, 61.218933126197669 ], [ 45.057520515565166, 62.236124917780351 ], [ 44.985897580568285, 63.245484619903941 ], [ 44.31981488818041, 63.851188514252897 ], [ 35.139515901859419, 63.962679527600955 ], [ 35.474599219939272, 63.770828904138767 ], [ 35.165345411257952, 63.462233169648776 ], [ 33.725877859829943, 63.102700203643188 ], [ 29.921006223706016, 63.692340775009725 ], [ 28.11242453372515, 67.563469467227748 ], [ 28.839307948886177, 69.105048169893962 ], [ 30.22056945874321, 69.78186358860691 ], [ 31.111596428692412, 71.117765015608427 ] ] ] } },
{ "type": "Feature", "properties": { }, "geometry": { "type": "Polygon", "coordinates": [ [ [ 9.620811194300604, 70.673901433337463 ], [ 11.916733061631991, 68.36212854348399 ], [ 11.661100518127141, 64.771251985598738 ], [ 7.917689733774151, 63.99245907139025 ], [ 10.554102338357096, 61.34697240934829 ], [ 17.307937169388239, 64.11976903354379 ], [ 17.868052486446086, 65.474420144313697 ], [ 17.085452712279665, 67.19487746351524 ], [ 14.878415811162885, 69.518491499724163 ], [ 12.212808478357086, 71.336019877614149 ], [ 12.917787645870218, 72.103760846005869 ], [ 9.620811194300604, 70.673901433337463 ] ] ] } },
{ "type": "Feature", "properties": { }, "geometry": { "type": "Polygon", "coordinates": [ [ [ 159.481965659570704, -62.464590076302883 ], [ 157.183038504056583, -61.974604686153818 ], [ 155.764708846587496, -62.922360796003119 ], [ 158.129166234582215, -63.839419789502543 ], [ 158.991888083805975, -63.839388927757874 ], [ 159.655540673564104, -63.240602987448163 ], [ 159.481965659570704, -62.464590076302883 ] ] ] } },
{ "type": "Feature", "properties": { }, "geometry": { "type": "Polygon", "coordinates": [ [ [ -50.19117677665534, -44.139844536694035 ], [ -56.370149799480039, -43.464403022382641 ], [ -58.736099749568957, -50.00422304194101 ], [ -58.762649685967567, -51.393559891318425 ], [ -52.211987797055876, -51.883038247241508 ], [ -49.004474059498946, -52.77484584875252 ], [ -42.397209450034069, -50.81454639138245 ], [ -42.88464086442599, -48.442352216036383 ], [ -42.282962666343366, -47.121221730787937 ], [ -42.64189804013612, -46.246947607264573 ], [ -44.848183183650555, -45.733785917710257 ], [ -46.568185466132888, -45.715980196065935 ], [ -50.19117677665534, -44.139844536694035 ] ] ] } },
{ "type": "Feature", "properties": { }, "geometry": { "type": "Polygon", "coordinates": [ [ [ -151.333194972028252, -73.353101512167072 ], [ -143.900920523899629, -73.177055689849567 ], [ -138.78463662333192, -72.685231447543885 ], [ -125.894433872088499, -70.44227688307106 ], [ -125.397075032521727, -69.948053393602848 ], [ -130.467663360411848, -69.567796885942144 ], [ -140.414252270513117, -69.416206350307277 ], [ -150.174213471730354, -68.642650101344529 ], [ -151.333194972028252, -73.353101512167072 ] ] ] } },
{ "type": "Feature", "properties": { }, "geometry": { "type": "MultiPolygon", "coordinates": [ [ [ [ 179.99999999, -71.585781838413155 ], [ 178.588510560777621, -72.325449466604397 ], [ 173.396311952955131, -72.1082347825337 ], [ 171.664260074275546, -73.250462063230955 ], [ 171.955316899726398, -73.842079112776162 ], [ 171.21422517581351, -74.235600809232736 ], [ 164.581093163232111, -76.033239110022478 ], [ 152.653069558731119, -77.921644002344138 ], [ 151.862146621869044, -78.816157482704526 ], [ 154.020294745673198, -79.387699094200016 ], [ 158.288420876754856, -79.865145951434442 ], [ 167.817080599124665, -80.258184427291965 ], [ 179.99999999, -80.202187311306261 ], [ 179.99999999, -71.585781838413155 ] ] ], [ [ [ -179.99999999, -80.202187311306261 ], [ -177.400992061949211, -80.159808155362853 ], [ -168.227255374779702, -78.617539970871107 ], [ -168.514335430994436, -78.579975429368886 ], [ -153.014107496809885, -77.426598685830442 ], [ -151.77568979276586, -74.656906360463296 ], [ -154.788816504268169, -74.326842883005867 ], [ -155.227084308924873, -73.828575739302948 ], [ -153.399697954106784, -73.372162879618372 ], [ -151.333194972028309, -73.3531015121671 ], [ -150.591333440325826, -70.60679096652558 ], [ -164.767816693696915, -69.602413937065378 ], [ -177.988797684072608, -70.381080198425877 ], [ -179.236360940430103, -71.445236405186861 ], [ -179.99999999, -71.585781838413155 ], [ -179.99999999, -80.202187311306261 ] ] ] ] } },
{ "type": "Feature", "properties": { }, "geometry": { "type": "Polygon", "coordinates": [ [ [ -68.89043689205829, 1.932906900149392 ], [ -66.400723303265323, 2.924044754381981 ], [ -68.377417327047851, 4.053440517330731 ], [ -68.651438893304913, 3.612612593923486 ], [ -69.565001810924727, 3.856933626526541 ], [ -69.871615292449761, 4.802926396101451 ], [ -72.232122580486546, 4.087557772613851 ], [ -74.07741077163665, 4.40445716366625 ], [ -75.397263334569416, 4.271505792064444 ], [ -76.500150285632159, 3.556351591655233 ], [ -79.337734618488099, 2.534447047562189 ], [ -74.093603662251383, 1.853397484860797 ], [ -70.476238042183013, 1.743458616347366 ], [ -68.89043689205829, 1.932906900149392 ] ] ] } },
{ "type": "Feature", "properties": { }, "geometry": { "type": "Polygon", "coordinates": [ [ [ -65.297659487585619, 12.749629841444687 ], [ -67.357075862128667, 12.45432131646303 ], [ -70.164093321423607, 12.484532721051174 ], [ -69.699186950237689, 10.862671206723387 ], [ -66.127145981591894, 10.784561644212955 ], [ -65.42389198673574, 10.383317115668181 ], [ -64.678687134965799, 11.349862330548232 ], [ -64.954324712854302, 11.814043488912924 ], [ -64.784756013356272, 12.107836898105807 ], [ -65.297659487585619, 12.749629841444687 ] ] ] } },
{ "type": "Feature", "properties": { }, "geometry": { "type": "Polygon", "coordinates": [ [ [ 142.681697387153264, -9.903225881785927 ], [ 140.393060076272405, -9.726961247533499 ], [ 142.543286817037739, -11.391404992441938 ], [ 144.482391457094508, -14.233528508226046 ], [ 145.392851100056362, -14.25327350959706 ], [ 146.398980442878155, -12.83610823150465 ], [ 144.216339519395433, -12.463630301616288 ], [ 143.628657821218411, -10.51403408053844 ], [ 142.647284995963929, -10.152768649544058 ], [ 142.681697387153264, -9.903225881785927 ] ] ] } },
{ "type": "Feature", "properties": { }, "geometry": { "type": "Polygon", "coordinates": [ [ [ 108.227450069837317, 26.190841071313802 ], [ 105.557938939019678, 25.823229338072505 ], [ 108.73535409162136, 22.710451088571737 ], [ 108.411960316885384, 21.647910280839511 ], [ 108.809808619377932, 20.548259244937782 ], [ 109.380795016132353, 19.736967523611369 ], [ 110.61583080070119, 18.948200830387375 ], [ 110.485122862664966, 19.762413696054249 ], [ 110.788072520822865, 20.131892080445684 ], [ 110.411252710031292, 21.682664165336625 ], [ 109.447071076408264, 24.234940757715925 ], [ 108.227450069837317, 26.190841071313802 ] ] ] } },
{ "type": "Feature", "properties": { }, "geometry": { "type": "Polygon", "coordinates": [ [ [ 109.339480548769075, 19.789638079131535 ], [ 108.411960316885384, 21.647910280839511 ], [ 108.73535409162136, 22.710451088571737 ], [ 106.213260246377345, 25.402357685080577 ], [ 104.326421373036041, 26.207275755556648 ], [ 101.935074916865872, 26.226664248141862 ], [ 99.405040434865413, 26.663708062949496 ], [ 98.642657515697195, 27.663139768733654 ], [ 98.903045370757837, 24.88678901336711 ], [ 101.112437471166302, 21.388217565400932 ], [ 104.184525470659835, 21.129278752689043 ], [ 109.339480548769075, 19.789638079131535 ] ] ] } },
{ "type": "Feature", "properties": { }, "geometry": { "type": "Polygon", "coordinates": [ [ [ 101.889654836283768, 20.146929880160268 ], [ 99.480854472218184, 21.543443626616266 ], [ 100.828353377009336, 19.08860253691125 ], [ 103.799715096869548, 16.845569809557414 ], [ 101.889654836283768, 20.146929880160268 ] ] ] } },
{ "type": "Feature", "properties": { }, "geometry": { "type": "Polygon", "coordinates": [ [ [ -93.86299568654907, 76.27800010036691 ], [ -96.968832844208606, 75.97550941268284 ], [ -90.901709267222969, 75.30941430329284 ], [ -90.655665611192546, 75.473519157401611 ], [ -92.003378590365685, 75.641016289181863 ], [ -90.715766270794902, 75.851932067163645 ], [ -89.137714119859169, 75.550347979172429 ], [ -83.632351947428887, 75.541362908444171 ], [ -83.650014993282937, 75.850992656296924 ], [ -82.645077457143785, 75.870066786486674 ], [ -80.959526513392859, 75.630582080161872 ], [ -82.2604016763012, 76.170274277161923 ], [ -84.018309963187235, 76.379373748253698 ], [ -86.413188536056879, 76.491429849203698 ], [ -88.314140144978879, 76.129226708608215 ], [ -93.86299568654907, 76.27800010036691 ] ] ] } },
{ "type": "Feature", "properties": { }, "geometry": { "type": "Polygon", "coordinates": [ [ [ 119.691401763321679, 31.551463315648405 ], [ 120.692389667567795, 33.95334463843399 ], [ 124.582641352108141, 35.10614493296162 ], [ 125.874580621252179, 36.446482981159733 ], [ 128.696063893484791, 41.143639746072026 ], [ 128.335580104710118, 42.391169257839799 ], [ 127.014354004223321, 41.678823693352179 ], [ 119.633976991741136, 40.792867396589394 ], [ 118.39658866814473, 40.311438033945343 ], [ 116.543793958033305, 37.0629094900426 ], [ 113.600020816576304, 34.240252983318058 ], [ 112.18912068054361, 30.930597728625866 ], [ 109.388946841937738, 27.598824234981681 ], [ 111.406387288410514, 27.340024532071254 ], [ 114.673930606406017, 27.714071481394917 ], [ 115.973330470642509, 28.338421435102884 ], [ 117.436244717223488, 30.139915541521674 ], [ 119.691401763321679, 31.551463315648405 ] ] ] } },
{ "type": "Feature", "properties": { }, "geometry": { "type": "Polygon", "coordinates": [ [ [ 108.128086624270637, 26.458030050571157 ], [ 112.18912068054361, 30.930597728625866 ], [ 113.600020816576304, 34.240252983318058 ], [ 112.183688031602571, 33.277065090753318 ], [ 107.547278684400936, 28.198090551003826 ], [ 105.946693296037608, 27.51860202193091 ], [ 108.128086624270637, 26.458030050571157 ] ] ] } },
{ "type": "Feature", "properties": { }, "geometry": { "type": "Polygon", "coordinates": [ [ [ 121.89215161696751, 33.152852945287911 ], [ 121.923131953953018, 34.447425564877548 ], [ 120.692389667567795, 33.95334463843399 ], [ 120.158648224502713, 32.965617701456232 ], [ 120.463851863907166, 30.430589619104794 ], [ 121.210375984934117, 30.704718715266733 ], [ 121.89215161696751, 33.152852945287911 ] ] ] } },
{ "type": "Feature", "properties": { }, "geometry": { "type": "Polygon", "coordinates": [ [ [ 120.463851863907166, 30.430589619104794 ], [ 120.099957334908638, 32.185419408613726 ], [ 119.691401763321679, 31.551463315648405 ], [ 117.436244717223488, 30.139915541521674 ], [ 115.973330470642509, 28.338421435102884 ], [ 114.673930606406017, 27.714071481394917 ], [ 112.712062055192135, 27.421739611750422 ], [ 112.480725768732626, 26.09544940778861 ], [ 117.626972052570693, 27.521115442710141 ], [ 118.532156069538971, 29.305801877771597 ], [ 120.463851863907166, 30.430589619104794 ] ] ] } },
{ "type": "Feature", "properties": { }, "geometry": { "type": "Polygon", "coordinates": [ [ [ 109.918371202760213, 27.05927107183458 ], [ 111.581565661085591, 27.773929176808895 ], [ 108.425175729744694, 27.942325770174286 ], [ 107.251937827272158, 26.883531982283937 ], [ 109.918371202760213, 27.05927107183458 ] ] ] } },
{ "type": "Feature", "properties": { }, "geometry": { "type": "Polygon", "coordinates": [ [ [ 129.65091545000783, -32.456986529566187 ], [ 125.089191348275691, -32.685135324046506 ], [ 124.383867709598292, -33.293578432386106 ], [ 124.134190528225318, -34.301957265909422 ], [ 124.933048747840829, -34.917502441757385 ], [ 126.246386965460758, -35.128902013792683 ], [ 127.393343439641313, -36.383572308867251 ], [ 126.908771487362628, -37.020380228670952 ], [ 127.146585019954713, -37.333358043677904 ], [ 128.459092496530275, -37.511829107747722 ], [ 128.850255849021238, -37.917117764461182 ], [ 134.444446931173132, -38.487142332171906 ], [ 137.683067813095249, -37.894805780473128 ], [ 140.1151720623443, -36.931625784639046 ], [ 139.453549176796486, -35.710488174642357 ], [ 138.522621045041291, -35.193643344553884 ], [ 138.327890939958877, -34.599145478848889 ], [ 137.073712478064778, -33.905172394250656 ], [ 132.673383574585586, -33.271482397958124 ], [ 129.65091545000783, -32.456986529566187 ] ] ] } },
{ "type": "Feature", "properties": { }, "geometry": { "type": "Polygon", "coordinates": [ [ [ 8.144850687474484, 24.908149168265783 ], [ 7.783803533785214, 25.671595601330118 ], [ 5.568724594810792, 25.241824551239841 ], [ 4.471533741890466, 23.831002827576445 ], [ 5.572599662595341, 23.058715556228218 ], [ 6.69094846701188, 22.850425564512552 ], [ 7.035817544443871, 23.976784590136539 ], [ 8.144850687474484, 24.908149168265783 ] ] ] } },
{ "type": "Feature", "properties": { }, "geometry": { "type": "Polygon", "coordinates": [ [ [ 7.037692284861145, 23.656581119405018 ], [ 8.496398895023001, 23.349202449699654 ], [ 8.375067576335763, 25.949911100656372 ], [ 7.427586289361842, 26.50694378434471 ], [ 7.343376917330282, 25.926936643368403 ], [ 6.799371499050835, 25.789739653502497 ], [ 6.653560348601647, 26.436764765127855 ], [ 6.929116524946243, 26.761352132882926 ], [ 6.316059819862226, 27.077942614562286 ], [ 6.181013165160064, 26.136711410778986 ], [ 6.540367297011149, 25.254296138357361 ], [ 5.959280398031563, 24.907268852467016 ], [ 7.037692284861145, 23.656581119405018 ] ] ] } },
{ "type": "Feature", "properties": { }, "geometry": { "type": "Polygon", "coordinates": [ [ [ 17.737432018162142, 19.9773654195196 ], [ 18.808503135861223, 18.195877349286476 ], [ 20.744753819458097, 16.715394840882727 ], [ 20.868219089752643, 17.056637430786438 ], [ 21.753465174908051, 17.450600453371763 ], [ 19.470254065984506, 19.05640455412561 ], [ 19.054640529674966, 19.965957871468479 ], [ 17.737432018162142, 19.9773654195196 ] ] ] } },
{ "type": "Feature", "properties": { }, "geometry": { "type": "Polygon", "coordinates": [ [ [ 22.183390471633857, 17.34314253357455 ], [ 21.947956545227548, 17.688719453494958 ], [ 20.768310771191278, 16.901320968535849 ], [ 22.431846994638548, 15.179711678038315 ], [ 23.540119660425681, 14.811918396482262 ], [ 23.716717383826296, 15.552420974946143 ], [ 25.743907384933976, 15.810408420159982 ], [ 25.189515206308684, 17.303137925314381 ], [ 24.777028175334884, 16.630985703625175 ], [ 22.183390471633857, 17.34314253357455 ] ] ] } },
{ "type": "Feature", "properties": { }, "geometry": { "type": "Polygon", "coordinates": [ [ [ 21.243983709859009, 16.373413645812217 ], [ 23.161349192992297, 14.855582398401257 ], [ 23.503508779194579, 15.482324586242703 ], [ 21.933771112611666, 16.747903575728689 ], [ 21.37978332553929, 16.582164453183093 ], [ 21.243983709859009, 16.373413645812217 ] ] ] } },
{ "type": "Feature", "properties": { }, "geometry": { "type": "Polygon", "coordinates": [ [ [ 29.028730536576628, 16.872099633513454 ], [ 25.43946981337449, 17.617513631546647 ], [ 24.127545745985444, 16.913936037871316 ], [ 22.792416174039566, 16.752161833589231 ], [ 21.819542390290973, 13.728599321837908 ], [ 22.795957883380918, 13.436875658103716 ], [ 24.214482249001492, 13.603561165125127 ], [ 24.988468847571394, 14.69203626978563 ], [ 25.8089280127591, 14.133401809876423 ], [ 26.744011956390384, 14.092886020714177 ], [ 27.32449805694857, 12.733397853362511 ], [ 28.758940466196055, 12.5855334221219 ], [ 31.744935793104485, 13.903635950053426 ], [ 34.800282344782609, 14.716646502520621 ], [ 33.76116735931749, 15.490779918304622 ], [ 31.097556054154794, 15.079442325684889 ], [ 30.226869619297183, 15.30579536024563 ], [ 29.263584810797727, 16.034004370306761 ], [ 29.028730536576628, 16.872099633513454 ] ] ] } },
{ "type": "Feature", "properties": { }, "geometry": { "type": "Polygon", "coordinates": [ [ [ 34.700901449702876, 16.799031859017042 ], [ 32.512209624738546, 18.211694691577527 ], [ 29.851444680576375, 17.864038408898814 ], [ 30.148249175912056, 17.043691892208642 ], [ 31.166972897373668, 16.381469996487166 ], [ 32.056554739694199, 16.213454345647563 ], [ 34.700901449702876, 16.799031859017042 ] ] ] } },
{ "type": "Feature", "properties": { }, "geometry": { "type": "Polygon", "coordinates": [ [ [ 41.95043561859832, 34.304285915741559 ], [ 39.901654240460708, 34.259229834789245 ], [ 38.54362008155293, 33.671235054617071 ], [ 36.322715991970789, 33.329693741253514 ], [ 31.154906830136348, 33.054304041321551 ], [ 35.276380414711902, 31.635070814793476 ], [ 36.862132913659735, 31.63944571029316 ], [ 41.840367797833046, 30.745200740837795 ], [ 45.737509343765964, 32.070429601778137 ], [ 41.95043561859832, 34.304285915741559 ] ] ] } },
{ "type": "Feature", "properties": { }, "geometry": { "type": "Polygon", "coordinates": [ [ [ 42.258205664749767, 34.735764416217748 ], [ 34.242358408922414, 36.104644377774932 ], [ 31.50126477696562, 34.66091047460182 ], [ 27.028411865691698, 34.639857664873084 ], [ 31.154906830136348, 33.054304041321551 ], [ 36.322715991970789, 33.329693741253514 ], [ 38.54362008155293, 33.671235054617071 ], [ 39.901654240460708, 34.259229834789245 ], [ 41.938156142496084, 34.287130820410304 ], [ 42.258205664749767, 34.735764416217748 ] ] ] } },
{ "type": "Feature", "properties": { }, "geometry": { "type": "Polygon", "coordinates": [ [ [ 34.501314206943889, 31.947524788829934 ], [ 32.808506808137487, 31.961381077564134 ], [ 29.740731012384462, 30.89890477812321 ], [ 27.038873068695302, 30.876670778941854 ], [ 24.296131092999438, 29.545220897415646 ], [ 25.941132716463084, 27.225992439657158 ], [ 26.010152857047807, 27.660372578982329 ], [ 27.188761218766647, 28.420073404731987 ], [ 28.056085259490114, 29.640505726253213 ], [ 32.157412952648308, 30.69043127487296 ], [ 34.501314206943889, 31.947524788829934 ] ] ] } },
{ "type": "Feature", "properties": { }, "geometry": { "type": "Polygon", "coordinates": [ [ [ 31.131402855669059, 33.062449178284112 ], [ 26.539358649285582, 32.841830057240365 ], [ 26.301451998725394, 32.283211106106272 ], [ 28.176097813744349, 30.97111072647002 ], [ 29.740731012384462, 30.89890477812321 ], [ 32.808506808137487, 31.961381077564134 ], [ 34.155292545571257, 32.007180004406905 ], [ 31.131402855669059, 33.062449178284112 ] ] ] } },
{ "type": "Feature", "properties": { }, "geometry": { "type": "Polygon", "coordinates": [ [ [ 8.035239991170084, 64.01518378514784 ], [ 1.820999495965635, 68.252685501564699 ], [ 1.2272193587131, 68.022573530955142 ], [ 0.845292131845391, 66.240954793918519 ], [ 7.527575956894805, 63.261615945242923 ], [ 8.520188575806317, 61.540155735962585 ], [ 8.216806745639525, 60.66346081507772 ], [ 9.387404980024579, 59.490034178954275 ], [ 10.554102338357096, 61.34697240934829 ], [ 8.035239991170084, 64.01518378514784 ] ] ] } },
{ "type": "Feature", "properties": { }, "geometry": { "type": "Polygon", "coordinates": [ [ [ 57.155204870744413, 23.026989457434379 ], [ 56.708985159462657, 24.499005533690916 ], [ 54.092824129844303, 24.972862527564974 ], [ 52.520602905165333, 25.810926045964621 ], [ 51.611364832218165, 26.713257659224499 ], [ 50.642748892141405, 28.687742533025386 ], [ 45.643889475694998, 30.116720345140529 ], [ 44.165407798589861, 31.51946611560021 ], [ 41.755805310663213, 30.660453842130238 ], [ 43.205588942537204, 29.15984511426166 ], [ 46.500689188139113, 26.889133169373675 ], [ 48.926518985242637, 26.622833599257373 ], [ 52.253065880105972, 24.642892111890792 ], [ 56.644103257224081, 23.438367481288051 ], [ 57.155204870744413, 23.026989457434379 ] ] ] } },
{ "type": "Feature", "properties": { }, "geometry": { "type": "Polygon", "coordinates": [ [ [ 48.791802180611938, 30.740426674468498 ], [ 46.620661020623238, 31.146159570003075 ], [ 45.737509343765964, 32.070429601778137 ], [ 44.165407798589861, 31.51946611560021 ], [ 45.643889475694998, 30.116720345140529 ], [ 50.642748892141405, 28.687742533025386 ], [ 51.672999123174172, 29.396151849670336 ], [ 51.778790902833073, 29.996749176095676 ], [ 53.682427957632775, 31.141720913892737 ], [ 53.053977042175042, 31.53068261495083 ], [ 54.889608227547015, 32.043455122230284 ], [ 54.079687017179218, 32.695564252323507 ], [ 53.541027700485209, 32.648498237105699 ], [ 48.791802180611938, 30.740426674468498 ] ] ] } },
{ "type": "Feature", "properties": { }, "geometry": { "type": "Polygon", "coordinates": [ [ [ -1.863264662186483, 47.170902552145293 ], [ -0.656263186588142, 48.000208623111995 ], [ -5.973542783980925, 48.443181501917316 ], [ -7.465498320136374, 47.832058889317892 ], [ -8.293226593910534, 47.0755178979189 ], [ -10.90445112779131, 46.46938606603905 ], [ -11.776384759751371, 45.947086867052327 ], [ -15.524602382456042, 42.254480237199765 ], [ -15.362364018643399, 41.328280224991708 ], [ -14.538268984935442, 39.864920408572537 ], [ -13.579767009720699, 39.167528578885751 ], [ -12.566011559435724, 39.33065718896021 ], [ -11.612109462689022, 38.924542600930636 ], [ -10.482395596627823, 37.772368731341722 ], [ -9.699396102257015, 36.330788974989481 ], [ -7.349742139662769, 38.104633514022701 ], [ -7.416748126278951, 40.51396679735317 ], [ -7.128050282423833, 41.149002301199509 ], [ -6.050396194128686, 41.925535234407853 ], [ -6.10541451705142, 45.12783986818765 ], [ -3.903420391049432, 46.590514460080698 ], [ -1.863264662186483, 47.170902552145293 ] ] ] } },
{ "type": "Feature", "properties": { }, "geometry": { "type": "Polygon", "coordinates": [ [ [ 68.526404304674642, -39.793469821150254 ], [ 68.661964860467975, -40.759790402230237 ], [ 69.278128315269683, -41.188509426888857 ], [ 69.365743247435802, -39.857581410019691 ], [ 68.400523165820573, -38.378756687592031 ], [ 66.321097024413277, -38.517145377603974 ], [ 60.577937208894269, -36.806361198633816 ], [ 57.187058765015479, -34.733343891226056 ], [ 55.143162825171622, -32.282240487699461 ], [ 53.922944524320272, -27.607833167415549 ], [ 52.593274220638236, -26.366438922202324 ], [ 53.0377546868122, -25.553673011019072 ], [ 51.722241194229717, -25.38582613382955 ], [ 51.494185839807827, -24.671751739944725 ], [ 50.956424458466039, -24.86990417330702 ], [ 49.438421601137719, -24.373099081251453 ], [ 50.47782035951483, -24.933117396105182 ], [ 50.836306374131901, -25.790936235408189 ], [ 51.333146896590385, -25.390928127763257 ], [ 51.553559889021876, -25.534992875449774 ], [ 51.475335399228697, -27.154783145092072 ], [ 51.997292357599868, -28.056698932128754 ], [ 52.121598377829876, -30.13237794810285 ], [ 52.473799177461629, -30.716177275723165 ], [ 52.211675711901051, -31.633198769065334 ], [ 52.569296365444771, -32.527941866435413 ], [ 56.376326266751633, -36.233568697558511 ], [ 57.301970949434718, -37.656911653272722 ], [ 60.996530807886415, -39.417673932139095 ], [ 65.716212247798794, -40.128217522348372 ], [ 66.574981317871917, -39.851136746372262 ], [ 67.364507668495477, -39.054523200791778 ], [ 68.526404304674642, -39.793469821150254 ] ] ] } },
{ "type": "Feature", "properties": { }, "geometry": { "type": "Polygon", "coordinates": [ [ [ 14.933653287583994, 36.545454572162782 ], [ 12.309549478556242, 37.035992881098089 ], [ 11.651482459462013, 37.596892638273999 ], [ 7.401008963590028, 36.091649373480813 ], [ 5.276684568430701, 36.033147309300169 ], [ 8.001994885704278, 34.070669797144376 ], [ 10.869746685099464, 35.592516569370062 ], [ 12.676452942834301, 35.84306343712872 ], [ 14.933653287583994, 36.545454572162782 ] ] ] } },
{ "type": "Feature", "properties": { }, "geometry": { "type": "Polygon", "coordinates": [ [ [ 4.448621762460151, 36.664883194295932 ], [ 3.000638899178664, 36.923729221061393 ], [ 2.013568623029996, 37.458067230669783 ], [ -0.577794704619735, 37.095829768304817 ], [ -5.246795238721894, 35.919588270944786 ], [ -6.551830991733917, 35.231087859041097 ], [ -7.316753432075617, 34.329224462847989 ], [ -6.622804031258188, 33.875614338348214 ], [ -2.589310079026057, 32.699096306192736 ], [ -2.168388687707853, 32.056221792592993 ], [ -2.49008208171525, 31.604762568029109 ], [ -1.746043656462126, 31.734553672229104 ], [ 2.380291807400353, 30.300832901937191 ], [ 5.429431839439615, 30.258092840762615 ], [ 6.828494086461475, 29.309552295204792 ], [ 7.221592167354342, 29.537058533529908 ], [ 7.087784929975737, 30.225292148529721 ], [ 7.468214654597516, 30.679969016721721 ], [ 8.031507937453533, 30.421046707462736 ], [ 8.993502811192691, 31.152806402394411 ], [ 7.829328525971716, 31.314402031264013 ], [ 8.074340740494154, 31.758576441785401 ], [ 7.285422629215724, 31.356626463954719 ], [ 7.070585107813629, 32.535138762815038 ], [ 8.001994885704278, 34.070669797144376 ], [ 4.448621762460151, 36.664883194295932 ] ] ] } },
{ "type": "Feature", "properties": { }, "geometry": { "type": "Polygon", "coordinates": [ [ [ 15.881653656945105, 37.94233877784341 ], [ 15.326925906790485, 38.726683997664502 ], [ 13.927691396301675, 39.145985484819711 ], [ 11.651482459462013, 37.596892638273999 ], [ 12.309549478556242, 37.035992881098089 ], [ 14.745163045962425, 36.499281208113608 ], [ 15.881653656945105, 37.94233877784341 ] ] ] } },
{ "type": "Feature", "properties": { }, "geometry": { "type": "Polygon", "coordinates": [ [ [ -25.861684286026264, -36.293275376981086 ], [ -27.561611778104279, -35.314263606667204 ], [ -37.113149171136776, -33.046374344646715 ], [ -44.470107025467691, -30.510585423463919 ], [ -46.04216731860236, -41.041725805021208 ], [ -44.542385191160747, -41.603562061980476 ], [ -44.439444149522785, -40.939301829168677 ], [ -40.568168066267418, -41.533783912273385 ], [ -33.231428525140558, -44.673594671687795 ], [ -32.801240625914843, -45.163991850979791 ], [ -32.058365114748071, -44.148209568742502 ], [ -32.155943116738108, -43.163441262659724 ], [ -31.060002669735979, -42.452295636183415 ], [ -30.670858935928432, -41.498517788276565 ], [ -29.683485758699486, -40.652574032857572 ], [ -28.613231535234775, -38.588023395107356 ], [ -27.241381274594488, -37.517731890292204 ], [ -26.393534050430592, -37.319761756040926 ], [ -25.861684286026264, -36.293275376981086 ] ] ] } },
{ "type": "Feature", "properties": { }, "geometry": { "type": "Polygon", "coordinates": [ [ [ 1.166874570991117, 19.824258471295501 ], [ 1.092994995879833, 20.123825441506259 ], [ 0.243138671456164, 20.337483433595825 ], [ -1.958044912866664, 20.271170846904528 ], [ -2.663718064654546, 19.924722424962152 ], [ 1.803110227660874, 18.781379897654489 ], [ 2.523365282281206, 18.853560346006219 ], [ 3.87194974698107, 17.989934085403419 ], [ 4.301311487800633, 18.05134692414353 ], [ 3.692353399919906, 18.771477153496807 ], [ 1.166874570991117, 19.824258471295501 ] ] ] } },
{ "type": "Feature", "properties": { }, "geometry": { "type": "Polygon", "coordinates": [ [ [ -5.675385044374812, 22.438971422285668 ], [ -6.970154551327837, 22.763332754792614 ], [ -6.148512738938816, 22.030299347899312 ], [ -6.573059269481095, 21.405473043796079 ], [ -8.340145594453844, 22.163645769062509 ], [ -9.102521010164603, 21.887067718056102 ], [ -5.096594194965578, 19.869634126721643 ], [ -3.651082268717469, 20.121020789139035 ], [ -2.664535194159975, 19.922489527715737 ], [ -2.582158114228796, 20.147102822808172 ], [ -3.392697996032125, 20.672299266795875 ], [ -4.458739255893972, 20.549495401900682 ], [ -5.303721422507186, 20.913686745266553 ], [ -5.675385044374812, 22.438971422285668 ] ] ] } },
{ "type": "Feature", "properties": { }, "geometry": { "type": "Polygon", "coordinates": [ [ [ -78.418607121924509, 35.619147147316284 ], [ -81.414425156108862, 40.503786241121816 ], [ -80.04050984237125, 37.331495450915469 ], [ -80.08593275772202, 36.602627089286315 ], [ -78.418607121924509, 35.619147147316284 ] ] ] } },
{ "type": "Feature", "properties": { }, "geometry": { "type": "Polygon", "coordinates": [ [ [ 39.278372860746416, 39.264546263191399 ], [ 41.958761101706514, 38.546146621311472 ], [ 44.203606561692489, 38.610573461577992 ], [ 44.656920875598566, 39.222337952930715 ], [ 39.278372860746416, 39.264546263191399 ] ] ] } },
{ "type": "Feature", "properties": { }, "geometry": { "type": "Polygon", "coordinates": [ [ [ 15.873417791099532, 40.048725069023583 ], [ 13.84751336687073, 40.196282115495336 ], [ 12.518238068474162, 39.887020614773228 ], [ 7.641271960837565, 36.91455264636096 ], [ 4.448621762460151, 36.664883194295932 ], [ 5.276684568430701, 36.033147309300169 ], [ 7.401008963590028, 36.091649373480813 ], [ 11.276875804502328, 37.361230220684263 ], [ 13.927691396301675, 39.145985484819711 ], [ 15.326925906790485, 38.726683997664502 ], [ 15.881653656945105, 37.94233877784341 ], [ 16.121994977994749, 39.008245028037528 ], [ 15.873417791099532, 40.048725069023583 ] ] ] } },
{ "type": "Feature", "properties": { }, "geometry": { "type": "Polygon", "coordinates": [ [ [ -68.560992036050152, 82.872007908821786 ], [ -66.328289189354379, 83.196534526164342 ], [ -81.268837720330993, 83.790537743898398 ], [ -92.062427137703878, 82.709492782226349 ], [ -96.173903931897101, 82.593025773953556 ], [ -102.168382527638499, 83.475251618857087 ], [ -101.968254391628491, 83.21946039785027 ], [ -102.815062630932658, 82.465836403205756 ], [ -102.487809226134843, 81.692620077793535 ], [ -102.686649666947972, 81.586037262173051 ], [ -95.476858847443424, 81.270898101065498 ], [ -88.039035431057812, 80.480139994719508 ], [ -78.531794928807159, 77.847476459958898 ], [ -71.690380879705117, 77.193683228110501 ], [ -67.318893870402718, 75.58086824280214 ], [ -65.649289498492152, 74.369604384725562 ], [ -59.951871626528273, 75.272154600323972 ], [ -65.696758540093398, 77.813157546099532 ], [ -70.367352520889895, 79.311657303407401 ], [ -70.42809438482756, 79.860364613117142 ], [ -69.142041121569946, 80.511018078774299 ], [ -69.814004570976564, 81.315521855872888 ], [ -69.311849537881102, 82.480089828459967 ], [ -68.560992036050152, 82.872007908821786 ] ] ] } },
{ "type": "Feature", "properties": { }, "geometry": { "type": "Polygon", "coordinates": [ [ [ -63.288498323365069, 6.489755046141027 ], [ -64.696645064741176, 7.222155428561964 ], [ -67.710057696883084, 8.219972063725022 ], [ -66.801863547742485, 7.15499204409018 ], [ -67.429400996758687, 5.608176491477908 ], [ -65.556003693976422, 5.507459764576883 ], [ -63.288498323365069, 6.489755046141027 ] ] ] } },
{ "type": "Feature", "properties": { }, "geometry": { "type": "Polygon", "coordinates": [ [ [ -70.752921038168807, 70.098699524625516 ], [ -70.635543603474019, 70.814784213366522 ], [ -69.415511270563201, 72.195125432680101 ], [ -68.341293417755651, 72.856765750837454 ], [ -66.136726598825177, 73.394498198748252 ], [ -65.967306305235297, 74.179566302835852 ], [ -68.730324512595516, 73.771803688887559 ], [ -70.524427797780589, 73.861073628990482 ], [ -74.840659751076643, 74.472896874757225 ], [ -81.55246990910436, 75.968252367282219 ], [ -80.959526513392859, 75.630582080161872 ], [ -83.66283835783986, 75.227476573954476 ], [ -84.377577521133631, 75.548639361770398 ], [ -87.729096136118642, 75.614875856577115 ], [ -84.703386241208634, 74.967159853677416 ], [ -80.629385699154923, 73.403272893017615 ], [ -79.468716283224538, 72.228176126094255 ], [ -72.404992114600418, 70.813038041449985 ], [ -70.752921038168807, 70.098699524625516 ] ] ] } },
{ "type": "Feature", "properties": { }, "geometry": { "type": "Polygon", "coordinates": [ [ [ -70.619029527927268, 44.00777784328475 ], [ -69.682563532508709, 45.264306804630017 ], [ -70.391711869359284, 46.104640275050777 ], [ -74.010906412849764, 45.576555276630643 ], [ -76.286039272188106, 45.711939490661152 ], [ -80.15162148087434, 46.524781585357857 ], [ -82.241951346410517, 47.45052886318507 ], [ -83.953855625698694, 46.495953158011332 ], [ -83.855613210828125, 45.851557434617874 ], [ -82.214358418887969, 44.795090796253 ], [ -81.166921310253741, 41.205705188546929 ], [ -81.611917358593843, 39.638921470371493 ], [ -80.286844782760639, 39.866216441578018 ], [ -78.417613395085837, 39.33830108094029 ], [ -77.285356897239865, 37.664354854450842 ], [ -76.447468608303481, 37.169956763796293 ], [ -76.574574214957408, 38.224639640880874 ], [ -75.204700579801312, 40.733395218084354 ], [ -73.175956765758698, 41.680041719182128 ], [ -70.619029527927268, 44.00777784328475 ] ] ] } },
{ "type": "Feature", "properties": { }, "geometry": { "type": "Polygon", "coordinates": [ [ [ -70.391711869359284, 46.104640275050777 ], [ -69.284954839774528, 44.416127828584806 ], [ -68.082659461207655, 44.00404002858658 ], [ -69.297170560571004, 46.988255828343121 ], [ -69.201731253587639, 48.572847858012551 ], [ -71.266637060922889, 47.567562194265669 ], [ -71.294297101090521, 46.897254315087579 ], [ -70.391711869359284, 46.104640275050777 ] ] ] } },
{ "type": "Feature", "properties": { }, "geometry": { "type": "Polygon", "coordinates": [ [ [ -75.340843203836116, 36.352662366715109 ], [ -77.285356897239865, 37.664354854450842 ], [ -78.417613395085837, 39.33830108094029 ], [ -80.703769199763002, 39.893047125021155 ], [ -81.893980417669709, 39.522661363485255 ], [ -79.816426967787905, 37.609058144203615 ], [ -79.244176391672539, 34.972041456546698 ], [ -77.673234395540049, 34.500038955325394 ], [ -76.525917657267485, 32.552650826446175 ], [ -70.395729133900446, 26.612898284180204 ], [ -70.620963424834329, 27.880248921853077 ], [ -69.922997191300837, 30.933044903333428 ], [ -70.042278650924288, 31.903311120639152 ], [ -71.858604450827087, 33.892864707558971 ], [ -74.460488974730623, 34.842833711950689 ], [ -75.340843203836116, 36.352662366715109 ] ] ] } },
{ "type": "Feature", "properties": { }, "geometry": { "type": "Polygon", "coordinates": [ [ [ -69.284954839774528, 44.416127828584806 ], [ -69.682563532508709, 45.264306804630017 ], [ -72.937012948890242, 41.872122222701982 ], [ -74.806169763847677, 41.04514274742116 ], [ -75.633353833190682, 40.135737928819225 ], [ -76.633960004967406, 37.556986311142097 ], [ -75.340843203836116, 36.352662366715109 ], [ -74.460488974730623, 34.842833711950689 ], [ -71.858604450827087, 33.892864707558971 ], [ -71.385418634351211, 35.447271871002989 ], [ -67.932972031034041, 38.385103835638454 ], [ -67.935602645267608, 43.492219411431307 ], [ -68.082659461207655, 44.00404002858658 ], [ -69.284954839774528, 44.416127828584806 ] ] ] } },
{ "type": "Feature", "properties": { }, "geometry": { "type": "Polygon", "coordinates": [ [ [ -81.173535657558062, 40.663673412769121 ], [ -82.214358418887969, 44.795090796253 ], [ -84.004266202019949, 46.076645089016047 ], [ -83.953855625698694, 46.495953158011332 ], [ -82.241951346410517, 47.45052886318507 ], [ -84.948301992239365, 48.595022006079532 ], [ -85.734611993398516, 46.522679624018174 ], [ -85.223077251357054, 44.302687640987848 ], [ -82.64544235681231, 40.080229609446121 ], [ -81.893980417669709, 39.522661363485255 ], [ -81.173535657558062, 40.663673412769121 ] ] ] } },
{ "type": "Feature", "properties": { }, "geometry": { "type": "Polygon", "coordinates": [ [ [ -90.797043221087492, 75.292235025149907 ], [ -93.892524904906125, 75.726300811802972 ], [ -103.22707227776867, 75.065009636538008 ], [ -105.476292706593, 74.437612319560714 ], [ -98.432478716408156, 74.611852015044775 ], [ -97.648271918754205, 74.945651199699554 ], [ -93.603454575581438, 74.835971121495419 ], [ -90.797043221087492, 75.292235025149907 ] ] ] } },
{ "type": "Feature", "properties": { }, "geometry": { "type": "Polygon", "coordinates": [ [ [ -103.761571853811404, 73.541728762266786 ], [ -97.419955101389178, 74.122466569272021 ], [ -93.0991053103143, 74.883957601049701 ], [ -99.073330402723755, 74.606360706100332 ], [ -103.761571853811404, 73.541728762266786 ] ] ] } },
{ "type": "Feature", "properties": { }, "geometry": { "type": "Polygon", "coordinates": [ [ [ -165.780124574870882, -69.261029107813414 ], [ -166.65921087550015, -69.113525458695761 ], [ -169.411722892949371, -69.317756913568203 ], [ -166.499257243781869, -69.743886683423369 ], [ -165.780124574870882, -69.261029107813414 ] ] ] } },
{ "type": "Feature", "properties": { }, "geometry": { "type": "Polygon", "coordinates": [ [ [ -42.669063117883461, 15.725668714409961 ], [ -43.598552829537049, 17.099176828882868 ], [ -45.18909272328608, 14.882990684480705 ], [ -44.03488707599287, 13.898699003130224 ], [ -44.12496140319945, 13.516579785530537 ], [ -42.550149951517, 12.971101490176483 ], [ -40.945242962381343, 14.565996541463422 ], [ -42.669063117883461, 15.725668714409961 ] ] ] } },
{ "type": "Feature", "properties": { }, "geometry": { "type": "Polygon", "coordinates": [ [ [ -69.809147177609432, 7.180621099466296 ], [ -69.485107450376447, 7.780444825374718 ], [ -67.054372365765403, 9.196860720621869 ], [ -67.718069684726814, 9.65533588399987 ], [ -71.259121996794917, 10.033682719070777 ], [ -72.060627113808366, 7.977928934484551 ], [ -69.809147177609432, 7.180621099466296 ] ] ] } },
{ "type": "Feature", "properties": { }, "geometry": { "type": "Polygon", "coordinates": [ [ [ -68.500336872920514, 3.855777018476122 ], [ -69.138088477126942, 4.20782456916103 ], [ -69.745219992217244, 4.700034906459204 ], [ -69.565001810924727, 3.856933626526541 ], [ -68.651438893304913, 3.612612593923486 ], [ -68.500336872920514, 3.855777018476122 ] ] ] } },
{ "type": "Feature", "properties": { }, "geometry": { "type": "Polygon", "coordinates": [ [ [ -60.302997237596628, -11.822990003617804 ], [ -59.479061385940518, -10.437215379975873 ], [ -58.322323788678297, -7.959465830534253 ], [ -60.405485974344792, -9.848417998794927 ], [ -60.302997237596628, -11.822990003617804 ] ] ] } },
{ "type": "Feature", "properties": { }, "geometry": { "type": "Polygon", "coordinates": [ [ [ -91.887937317515437, 75.844959239562229 ], [ -92.003378590365685, 75.641016289181863 ], [ -90.655665611192546, 75.473519157401611 ], [ -90.746370816025561, 75.283903188794739 ], [ -84.452075398424682, 74.738106291651917 ], [ -86.852700685637885, 75.528011896634169 ], [ -91.887937317515437, 75.844959239562229 ] ] ] } },
{ "type": "Feature", "properties": { }, "geometry": { "type": "Polygon", "coordinates": [ [ [ 95.006957528562353, 28.501979934476299 ], [ 92.963046011251492, 30.748628364786153 ], [ 94.437051574422313, 28.279525337053119 ], [ 95.820237981109912, 26.667629111481347 ], [ 96.522267652727592, 23.545193951514403 ], [ 97.013286535046092, 22.887518608761777 ], [ 99.492186019885168, 21.520943298194187 ], [ 98.203289106191349, 23.255835984135167 ], [ 98.150090501882033, 24.662274166476614 ], [ 97.313396452710322, 26.688600919495141 ], [ 96.563884806095686, 27.650379771915713 ], [ 95.006957528562353, 28.501979934476299 ] ] ] } },
{ "type": "Feature", "properties": { }, "geometry": { "type": "Polygon", "coordinates": [ [ [ 101.430140011659873, 20.448939876922477 ], [ 96.497631294291509, 21.628896593461548 ], [ 95.23462622677313, 22.479656760113151 ], [ 101.622282596159209, 13.655799225262603 ], [ 101.206460684814317, 11.989643434289722 ], [ 102.184967152902217, 12.292148523777112 ], [ 102.992459709551511, 12.704773455665856 ], [ 102.315236395741252, 14.141139046728439 ], [ 102.515435765000859, 15.160513533713303 ], [ 101.653879715748531, 19.967473852766926 ], [ 101.430140011659873, 20.448939876922477 ] ] ] } },
{ "type": "Feature", "properties": { }, "geometry": { "type": "Polygon", "coordinates": [ [ [ 105.284848532579502, 28.068217384487234 ], [ 99.15845039635505, 29.574339542450968 ], [ 100.240047540486685, 28.202559201181092 ], [ 108.167450072650283, 26.560898784461273 ], [ 105.284848532579502, 28.068217384487234 ] ] ] } },
{ "type": "Feature", "properties": { }, "geometry": { "type": "Polygon", "coordinates": [ [ [ -98.982804422652194, 78.887441686051389 ], [ -80.087889684121265, 76.178653095967306 ], [ -79.794801084638166, 76.083680889031882 ], [ -80.54372667553514, 75.790682177636228 ], [ -79.836395539469123, 75.640880570522228 ], [ -76.054371779282945, 76.076364806021715 ], [ -89.887661053259876, 77.998835548279899 ], [ -94.293107858720646, 79.080291500628505 ], [ -98.982804422652194, 78.887441686051389 ] ] ] } },
{ "type": "Feature", "properties": { }, "geometry": { "type": "Polygon", "coordinates": [ [ [ -144.481625267586423, 81.449704991738244 ], [ -127.220070143191847, 77.566650314214044 ], [ -117.779664350894691, 80.103904493131211 ], [ -114.160572499467833, 80.736764638477069 ], [ -135.799116398885388, 82.252754381728039 ], [ -143.288206243118623, 82.299625484852655 ], [ -144.481625267586423, 81.449704991738244 ] ] ] } },
{ "type": "Feature", "properties": { }, "geometry": { "type": "Polygon", "coordinates": [ [ [ -11.589334391069595, 37.970079367473772 ], [ -13.62284455912242, 38.894051322677761 ], [ -18.368192128181661, 38.150086070440949 ], [ -21.669968229180451, 37.220754980477366 ], [ -28.088217254264201, 37.587143089083384 ], [ -35.435943920821209, 34.892866508273713 ], [ -36.773063700510178, 33.291749915554185 ], [ -37.286423052470184, 31.936402136974323 ], [ -33.884755168784444, 31.736765545320473 ], [ -32.75399631612747, 31.214571232784575 ], [ -29.597111553690507, 32.752591095302662 ], [ -26.371431381723966, 31.674066532271638 ], [ -24.052992075712368, 32.910478181978434 ], [ -21.305158009705238, 33.066518361309235 ], [ -19.585800359278853, 32.116989317507283 ], [ -17.212446817257941, 30.027811072946928 ], [ -16.354788730432773, 29.980468716007373 ], [ -15.503382026406003, 29.196259270793234 ], [ -13.709980007803201, 30.573653590793825 ], [ -13.390184217663645, 31.456132076830364 ], [ -10.640900154274645, 32.666745606378292 ], [ -9.800493857220278, 33.782287199556791 ], [ -9.762828834828289, 35.768217601596689 ], [ -11.589334391069595, 37.970079367473772 ] ] ] } },
{ "type": "Feature", "properties": { }, "geometry": { "type": "Polygon", "coordinates": [ [ [ 132.777886841941864, 60.216908101097069 ], [ 133.228236532305999, 60.629741733850615 ], [ 136.965935487320877, 61.629068578417176 ], [ 136.229190537411682, 62.809614077328213 ], [ 133.302062097063839, 61.429314959716351 ], [ 132.777886841941864, 60.216908101097069 ] ] ] } },
{ "type": "Feature", "properties": { }, "geometry": { "type": "Polygon", "coordinates": [ [ [ 137.942072434018655, 49.051789834226497 ], [ 139.252279704483641, 51.387705511353282 ], [ 135.161080994174512, 52.991455998338921 ], [ 135.908347689476074, 50.286227537681683 ], [ 136.835570199087897, 48.474476538518942 ], [ 137.942072434018655, 49.051789834226497 ] ] ] } },
{ "type": "Feature", "properties": { }, "geometry": { "type": "Polygon", "coordinates": [ [ [ 140.195399630617743, -41.338539441823542 ], [ 139.517081474502362, -39.06856896858443 ], [ 136.682001140531725, -39.559638333629167 ], [ 136.704275371386871, -40.095603235819929 ], [ 136.162712863941437, -40.517628748388461 ], [ 136.370753208373031, -40.888663158154429 ], [ 135.536784106756386, -41.78181418365984 ], [ 135.699771339175413, -42.976497275017742 ], [ 136.544082811759466, -43.273692752647293 ], [ 138.647270993814487, -42.604498328074648 ], [ 139.114394680745477, -41.363437149991348 ], [ 140.195399630617743, -41.338539441823542 ] ] ] } },
{ "type": "Feature", "properties": { }, "geometry": { "type": "Polygon", "coordinates": [ [ [ 156.349982969604184, -43.914629523353305 ], [ 156.332663874769764, -43.481948608782751 ], [ 155.22293705902382, -44.206751569626419 ], [ 153.087953061243894, -44.835699475861155 ], [ 153.097694291901774, -45.502377207744431 ], [ 153.505888438335518, -46.358137790548781 ], [ 154.112956014828086, -46.797627581511705 ], [ 154.715929194868295, -48.649713762930773 ], [ 155.990094166883324, -48.311511363220824 ], [ 157.878551616254384, -47.126105744292644 ], [ 155.522175142420508, -45.201368988787195 ], [ 156.349982969604184, -43.914629523353305 ] ] ] } },
{ "type": "Feature", "properties": { }, "geometry": { "type": "Polygon", "coordinates": [ [ [ 158.54987764481038, -65.607456064803102 ], [ 158.134595328978037, -65.687031418986351 ], [ 141.539735912614674, -68.098900073303057 ], [ 147.967557042377706, -69.630164459376644 ], [ 156.265553154387902, -71.024498035019334 ], [ 161.144100807908586, -70.590522171292918 ], [ 161.673455794019048, -70.027793395671793 ], [ 160.902221226105326, -68.055976027689127 ], [ 158.54987764481038, -65.607456064803102 ] ] ] } },
{ "type": "Feature", "properties": { }, "geometry": { "type": "Polygon", "coordinates": [ [ [ 141.200807798480355, -67.756005268671586 ], [ 136.283494170202772, -66.505251441675824 ], [ 138.228374304890195, -67.497218454652838 ], [ 142.255053464531414, -70.327129874223104 ], [ 144.852850524801653, -71.456421135525531 ], [ 146.574702221760248, -71.837323504220365 ], [ 146.532338862808331, -71.115878245134098 ], [ 143.069716290604788, -68.578093571488211 ], [ 141.200807798480355, -67.756005268671586 ] ] ] } },
{ "type": "Feature", "properties": { }, "geometry": { "type": "Polygon", "coordinates": [ [ [ 151.358983450904503, -69.484501275210675 ], [ 147.270104267887149, -69.762822444236335 ], [ 149.635101255839857, -70.593670226577032 ], [ 153.912398400372922, -73.091957025476376 ], [ 158.29928814707327, -72.778828366313888 ], [ 161.937930389160272, -73.183382599299819 ], [ 163.680903092873876, -72.737570979858006 ], [ 161.811271670876351, -71.461452693184228 ], [ 156.216906974802583, -70.812132176495822 ], [ 151.358983450904503, -69.484501275210675 ] ] ] } },
{ "type": "Feature", "properties": { }, "geometry": { "type": "Polygon", "coordinates": [ [ [ 163.239929128935472, -70.19836037360534 ], [ 163.443212219640657, -69.77318562605241 ], [ 161.538485352767395, -68.360600710267079 ], [ 157.855580989576566, -68.589756016334348 ], [ 155.227821799380422, -67.207631322830863 ], [ 156.958003338399521, -69.011219536373034 ], [ 157.45197542707885, -70.707347756983495 ], [ 156.845908464282815, -71.263664420187112 ], [ 159.20078984623035, -71.854246596367588 ], [ 158.738679846442039, -71.552872512227367 ], [ 158.947863408578968, -71.141926194020726 ], [ 163.239929128935472, -70.19836037360534 ] ] ] } },
{ "type": "Feature", "properties": { }, "geometry": { "type": "Polygon", "coordinates": [ [ [ 77.285393058847419, 44.907832596182018 ], [ 75.545632617076862, 44.971182178810245 ], [ 73.923873369849971, 45.440789011668251 ], [ 72.104515074702348, 44.854710411351988 ], [ 67.814962399060619, 44.932599910547168 ], [ 65.010514807043279, 46.429455312304746 ], [ 64.704877657020106, 47.171957339102228 ], [ 64.967256354380638, 48.037959884824112 ], [ 66.091451154240531, 48.518406420237469 ], [ 64.867683753424927, 49.556755363002566 ], [ 63.829278995787611, 48.388793298439282 ], [ 62.395510183480035, 47.770046860054038 ], [ 62.205858812507138, 47.335552172522604 ], [ 62.934807458532724, 45.803064055496868 ], [ 64.522393330358241, 44.630958300352532 ], [ 65.947815077307439, 44.031078607936045 ], [ 70.052391695908867, 43.660490444934773 ], [ 73.863392192641072, 43.806361079419482 ], [ 72.748666669536462, 43.382122659727123 ], [ 77.285393058847419, 44.907832596182018 ] ] ] } },
{ "type": "Feature", "properties": { }, "geometry": { "type": "Polygon", "coordinates": [ [ [ 66.091451154240531, 48.518406420237469 ], [ 64.967256354380638, 48.037959884824112 ], [ 64.704877657020106, 47.171957339102228 ], [ 65.010514807043279, 46.429455312304746 ], [ 67.814962399060619, 44.932599910547168 ], [ 72.104515074702348, 44.854710411351988 ], [ 71.131994861837342, 45.069346524867484 ], [ 69.31663549646963, 46.151556696557641 ], [ 69.194543299715235, 46.416538480764565 ], [ 69.807020320426872, 47.308740490152587 ], [ 68.816977870567996, 47.226847275590892 ], [ 66.091451154240531, 48.518406420237469 ] ] ] } },
{ "type": "Feature", "properties": { }, "geometry": { "type": "Polygon", "coordinates": [ [ [ 75.471865361363442, 47.191556533627761 ], [ 70.536961895230235, 47.455865604430628 ], [ 69.807020320426872, 47.308740490152587 ], [ 69.194543299715235, 46.416538480764565 ], [ 70.313903982462392, 45.497629498381968 ], [ 72.104515074702348, 44.854710411351988 ], [ 73.923873369849971, 45.440789011668251 ], [ 75.471865361363442, 47.191556533627761 ] ] ] } },
{ "type": "Feature", "properties": { }, "geometry": { "type": "Polygon", "coordinates": [ [ [ 66.682358576921303, 50.113523433738933 ], [ 64.937347629622522, 50.528737141263854 ], [ 62.99813155659664, 50.542892624627612 ], [ 63.143862468859666, 48.422487471469374 ], [ 62.395510183480035, 47.770046860054038 ], [ 63.829278995787611, 48.388793298439282 ], [ 64.867683753424927, 49.556755363002566 ], [ 66.091451154240531, 48.518406420237469 ], [ 68.816977870567996, 47.226847275590892 ], [ 70.536961895230235, 47.455865604430628 ], [ 75.471865361363442, 47.191556533627761 ], [ 75.630504488008597, 47.858261685053087 ], [ 74.33316714149926, 47.781048322822798 ], [ 69.854260101956129, 49.147969413753628 ], [ 68.220715333235319, 49.201915201859713 ], [ 66.682358576921303, 50.113523433738933 ] ] ] } },
{ "type": "Feature", "properties": { }, "geometry": { "type": "Polygon", "coordinates": [ [ [ 85.426404898445213, 47.900340449175069 ], [ 83.248691673951498, 47.691946149138332 ], [ 77.985062967962762, 48.85325379981365 ], [ 77.645957994356564, 48.467293361150972 ], [ 75.630848165714852, 47.859737450442189 ], [ 75.471865361363442, 47.191556533627761 ], [ 73.923873369849971, 45.440789011668251 ], [ 76.275130183804748, 44.914292066454166 ], [ 79.642424490981725, 45.186380130744325 ], [ 80.537844940919229, 45.772619735013159 ], [ 82.144163722522549, 45.992519529418146 ], [ 85.426404898445213, 47.900340449175069 ] ] ] } },
{ "type": "Feature", "properties": { }, "geometry": { "type": "Polygon", "coordinates": [ [ [ 86.293797898068959, 49.101799993785626 ], [ 82.062276777672523, 48.626186361361199 ], [ 80.115234434727071, 49.090987436384815 ], [ 77.985062967962762, 48.85325379981365 ], [ 83.654606151241879, 47.663784172129148 ], [ 89.517456878432469, 48.285262894703692 ], [ 86.293797898068959, 49.101799993785626 ] ] ] } },
{ "type": "Feature", "properties": { }, "geometry": { "type": "Polygon", "coordinates": [ [ [ 79.598039803184619, 50.58166815525022 ], [ 76.089837084601811, 50.139399846342542 ], [ 75.428042952002741, 47.822086358499718 ], [ 77.645957994356564, 48.467293361150972 ], [ 78.244898461213765, 48.959824155027277 ], [ 80.115234434727071, 49.090987436384815 ], [ 82.062276777672523, 48.626186361361199 ], [ 83.225477367898748, 48.827350108277606 ], [ 81.312545464564465, 49.509108801139696 ], [ 79.598039803184619, 50.58166815525022 ] ] ] } },
{ "type": "Feature", "properties": { }, "geometry": { "type": "Polygon", "coordinates": [ [ [ 126.787074400796058, 54.118052029256518 ], [ 126.119869079405944, 54.730226434827266 ], [ 125.716545353409771, 54.649398486822186 ], [ 125.37077198706811, 55.169373551552958 ], [ 125.302560262467267, 59.283070040142533 ], [ 117.52262696786957, 55.913813479627734 ], [ 112.987487340391866, 54.730694283288564 ], [ 109.244768489272928, 52.33578737217556 ], [ 104.45259298279619, 50.771210050986838 ], [ 102.00375018042655, 50.394747644631259 ], [ 99.437843800965879, 49.063829930576333 ], [ 97.751901632014935, 48.804320607836438 ], [ 99.535263444586548, 48.480394092988114 ], [ 105.992515756545984, 50.182053601538996 ], [ 112.962885009704038, 52.485242696739 ], [ 120.776185051601857, 53.621517868986253 ], [ 126.787074400796058, 54.118052029256518 ] ] ] } },
{ "type": "Feature", "properties": { }, "geometry": { "type": "Polygon", "coordinates": [ [ [ 70.139713259014414, 56.788126641686986 ], [ 67.457054686758994, 56.53197766782516 ], [ 66.596045512201712, 54.253552119331438 ], [ 67.00241123886768, 52.482345787899789 ], [ 68.244020743069299, 53.481896972158999 ], [ 70.086035098831005, 55.860219561060987 ], [ 70.139713259014414, 56.788126641686986 ] ] ] } },
{ "type": "Feature", "properties": { }, "geometry": { "type": "Polygon", "coordinates": [ [ [ 102.118118759308501, 65.478798226588182 ], [ 100.56484987849224, 66.875743923789912 ], [ 99.235749903051953, 67.244402830624779 ], [ 96.81666331887692, 66.461479164633019 ], [ 95.882811565263509, 65.849865959256363 ], [ 93.752026642228429, 63.339310508141089 ], [ 93.516901915122276, 62.009911392079232 ], [ 94.284645131846432, 60.599591620767441 ], [ 94.3852353384178, 59.775781175813243 ], [ 92.688400792621124, 57.101608471141944 ], [ 93.51164469180749, 57.434405843866095 ], [ 94.73214440270408, 59.234745517767827 ], [ 95.109734220244974, 60.510742256398949 ], [ 94.536563244682242, 61.612744754191326 ], [ 95.074278685728444, 62.261356710479191 ], [ 97.968171853047835, 64.458714661035359 ], [ 102.118118759308501, 65.478798226588182 ] ] ] } },
{ "type": "Feature", "properties": { }, "geometry": { "type": "Polygon", "coordinates": [ [ [ 25.290283872356383, 77.067792021963953 ], [ 22.111761678044413, 76.119164777406453 ], [ 21.709477291154549, 75.692702954454148 ], [ 24.81031364610368, 76.758826674288457 ], [ 25.290283872356383, 77.067792021963953 ] ] ] } },
{ "type": "Feature", "properties": { }, "geometry": { "type": "Polygon", "coordinates": [ [ [ 4.36323220636644, 17.97872277353628 ], [ -3.161631086625099, 17.252367811919935 ], [ -6.578155918399893, 18.322122821433943 ], [ -10.975162533181148, 18.230835769551916 ], [ -12.935562426492709, 18.708340772800867 ], [ -14.935176373695827, 18.254348873886691 ], [ -16.219107612619595, 16.916259995167973 ], [ -19.376273664100403, 15.489232155059067 ], [ -21.361880263786588, 13.875688128665582 ], [ -23.414855246814508, 8.326462299853803 ], [ -24.804696292505032, 6.69520560461383 ], [ -27.039161534933992, 2.243451390290593 ], [ -26.150319760490103, 1.178650986116921 ], [ -24.67804358800522, 0.287101280818839 ], [ -24.798859460538353, -0.816588031291343 ], [ -24.417982561111419, -0.960898175949825 ], [ -24.357249532679216, -1.489748550048921 ], [ -22.937587626578207, -2.334076125716359 ], [ -23.241801594669255, -3.012760919606313 ], [ -21.528517069535923, -5.177283220941512 ], [ -21.555760351789388, -5.670900544194763 ], [ -19.970389306537488, -6.531310079979136 ], [ -17.219396122554446, -6.858165831899903 ], [ -16.030680095264447, -7.382294306011837 ], [ -15.582434070776875, -8.126022924527636 ], [ -16.185475376800337, -8.877792722619034 ], [ -16.034133425701196, -9.02401194959514 ], [ -13.508224358907798, -8.877875499174465 ], [ -11.924599666738764, -8.226373970286424 ], [ -8.40699549500118, -9.413665769031683 ], [ -7.638158774176775, -9.252162003628419 ], [ -7.159337368372255, -9.876979701708491 ], [ 1.121537041836982, -7.89881072616731 ], [ 4.068946764905565, -5.009788706440098 ], [ 4.937185519061554, -3.251649045007331 ], [ 4.598684460050833, -0.171852022459609 ], [ 4.162082949351841, 1.144951957773688 ], [ 4.206309781250106, 3.096615337717885 ], [ 3.203767791171771, 7.602884931272197 ], [ 5.300657654099587, 13.309031272095748 ], [ 6.476920738300261, 15.563351792136153 ], [ 4.36323220636644, 17.97872277353628 ] ] ] } },
{ "type": "Feature", "properties": { }, "geometry": { "type": "Polygon", "coordinates": [ [ [ -69.809147177609432, 7.180621099466296 ], [ -66.392692750813751, 7.51958753364989 ], [ -65.135304333430895, 7.931503731003557 ], [ -67.240234632706816, 9.181646790073779 ], [ -69.485107450376447, 7.780444825374718 ], [ -69.809147177609432, 7.180621099466296 ] ] ] } },
{ "type": "Feature", "properties": { }, "geometry": { "type": "Polygon", "coordinates": [ [ [ -61.220678982873025, 9.839282130182013 ], [ -60.336324005834541, 11.262564997963679 ], [ -61.063940802639706, 12.461389159721731 ], [ -63.241126867855144, 13.30984795701451 ], [ -64.906293207887003, 12.963983793739885 ], [ -64.311621776432261, 12.392859185049035 ], [ -64.440862317514146, 12.080000882650324 ], [ -64.105725550763708, 11.654781905865745 ], [ -64.717803888194538, 10.601636187227717 ], [ -62.561061684998336, 9.767303764993146 ], [ -61.220678982873025, 9.839282130182013 ] ] ] } },
{ "type": "Feature", "properties": { }, "geometry": { "type": "Polygon", "coordinates": [ [ [ 108.389629823455365, 26.994545988618519 ], [ 100.050625317463087, 28.210720967162541 ], [ 99.499548786421229, 28.507850364630503 ], [ 100.033442783740696, 27.107426867393894 ], [ 101.186939527829352, 26.825927032001324 ], [ 105.370753634339209, 26.707363637814236 ], [ 108.389629823455365, 26.994545988618519 ] ] ] } },
{ "type": "Feature", "properties": { }, "geometry": { "type": "Polygon", "coordinates": [ [ [ 107.509630360270094, 27.369074367844139 ], [ 104.280089444939449, 27.023665507464624 ], [ 99.179952471709001, 27.309911413206684 ], [ 99.755809997155694, 26.531670568213492 ], [ 104.029693033262035, 26.078884274099003 ], [ 108.119955147968469, 26.735975781186418 ], [ 107.509630360270094, 27.369074367844139 ] ] ] } },
{ "type": "Feature", "properties": { }, "geometry": { "type": "Polygon", "coordinates": [ [ [ 107.86616193128242, 26.756338378889716 ], [ 105.628735809748889, 26.460021620852601 ], [ 104.414836748026104, 26.217558933547565 ], [ 105.161125711237204, 25.818951371324296 ], [ 108.316158308826942, 26.198805579200577 ], [ 107.86616193128242, 26.756338378889716 ] ] ] } },
{ "type": "Feature", "properties": { }, "geometry": { "type": "Polygon", "coordinates": [ [ [ -84.377577521133631, 75.548639361770398 ], [ -83.66283835783986, 75.227476573954476 ], [ -82.394021967028593, 75.244115406210227 ], [ -81.540191863506635, 75.644698891164978 ], [ -83.650014993282937, 75.850992656296924 ], [ -83.632351947428887, 75.541362908444171 ], [ -84.377577521133631, 75.548639361770398 ] ] ] } },
{ "type": "Feature", "properties": { }, "geometry": { "type": "MultiPolygon", "coordinates": [ [ [ [ 179.99999999, 82.422944728973093 ], [ 136.17931774453848, 84.150218348939759 ], [ 118.120279246950446, 83.499619726969314 ], [ 106.864046413857338, 81.979471038401499 ], [ 96.070267614919374, 81.286096489042279 ], [ 96.657791122265948, 80.536432189392713 ], [ 100.582820719449927, 80.829288129750523 ], [ 117.890171574160405, 80.761988245765792 ], [ 121.859949449669415, 81.247918058929912 ], [ 127.78787049850169, 82.675161459846919 ], [ 135.045904692334233, 82.878719095004897 ], [ 154.7422699551081, 82.933683845780067 ], [ 179.99999999, 81.805320900247168 ], [ 179.99999999, 82.422944728973093 ] ] ], [ [ [ -179.99999999, 81.805320900247168 ], [ -172.042075514600072, 81.669641715677457 ], [ -168.525899390971205, 82.580200523065287 ], [ -174.96087331692334, 82.192460203550922 ], [ -179.99999999, 82.422944728973093 ], [ -179.99999999, 81.805320900247168 ] ] ] ] } },
{ "type": "Feature", "properties": { }, "geometry": { "type": "Polygon", "coordinates": [ [ [ 118.583304250891246, 51.188438268984854 ], [ 116.935503980437772, 51.294000824933484 ], [ 114.685051531065781, 50.930042907674206 ], [ 104.674804738245228, 48.434942910832838 ], [ 102.325843290790786, 48.660943894389952 ], [ 100.691345904694444, 47.164949503968842 ], [ 100.400413762697312, 45.95177723645314 ], [ 100.65177876330317, 44.376409817587174 ], [ 101.99520841737251, 42.602957808194063 ], [ 103.91557345097992, 41.224632144018109 ], [ 113.913195653940107, 38.983908975792119 ], [ 114.812066007409868, 39.113218602890839 ], [ 115.309804051517773, 39.884227946659024 ], [ 116.01401732682308, 44.409246092420361 ], [ 115.595611700645719, 46.224689650624704 ], [ 116.923264642249592, 49.206221367590139 ], [ 118.583304250891246, 51.188438268984854 ] ] ] } },
{ "type": "Feature", "properties": { }, "geometry": { "type": "Polygon", "coordinates": [ [ [ 3.84787054598092, 17.924227634115944 ], [ 2.523365282281206, 18.853560346006219 ], [ -1.707564949085405, 19.539525122664902 ], [ -3.024071383317083, 20.09467345831089 ], [ -5.096594194965578, 19.869634126721643 ], [ -9.102521010164603, 21.887067718056102 ], [ -12.554351768165009, 18.584016542730566 ], [ -9.916426501786226, 18.182431481495573 ], [ -6.578155918399893, 18.322122821433943 ], [ -3.161631086625099, 17.252367811919935 ], [ 3.84787054598092, 17.924227634115944 ] ] ] } },
{ "type": "Feature", "properties": { }, "geometry": { "type": "Polygon", "coordinates": [ [ [ 128.985780634222635, -7.692997904178736 ], [ 128.948018256513393, -8.169661952491417 ], [ 129.884080406289456, -8.267204284932122 ], [ 131.60919042513413, -7.982846535174959 ], [ 135.22355112897273, -8.17325740267283 ], [ 139.827850271856391, -10.138818589457786 ], [ 140.167398564810213, -8.559743543806002 ], [ 137.36205786165516, -7.1505970714442 ], [ 133.684711682831448, -5.960336074121882 ], [ 133.203726936017688, -5.937808346221313 ], [ 131.448461240995641, -7.454453566038276 ], [ 130.181625666418199, -7.219546860342844 ], [ 128.985780634222635, -7.692997904178736 ] ] ] } },
{ "type": "Feature", "properties": { }, "geometry": { "type": "Polygon", "coordinates": [ [ [ 104.972885857658127, 15.682300422529167 ], [ 102.020118964557284, 17.92503276592144 ], [ 102.430827316415503, 15.662728856077106 ], [ 102.542166198930062, 13.198843927622709 ], [ 102.27691790201942, 12.19401414963114 ], [ 102.50795783407716, 11.444816554569528 ], [ 109.084239137363383, 9.323406394982065 ], [ 105.178516700369016, 14.842304700418174 ], [ 104.972885857658127, 15.682300422529167 ] ] ] } },
{ "type": "Feature", "properties": { }, "geometry": { "type": "Polygon", "coordinates": [ [ [ -53.974345435256787, -1.064467856093656 ], [ -51.900365247110848, -0.208524231810607 ], [ -53.788823023087943, 4.350346644327379 ], [ -55.499462099187646, 2.680341446557698 ], [ -54.575359709801134, 1.318768755826375 ], [ -53.974345435256787, -1.064467856093656 ] ] ] } },
{ "type": "Feature", "properties": { }, "geometry": { "type": "Polygon", "coordinates": [ [ [ 106.337045874162669, -8.263473967163497 ], [ 112.88968191543664, -8.107309914990603 ], [ 115.274223570786063, -8.057969708522378 ], [ 114.189077630510866, -8.042936811032089 ], [ 113.800231834654454, -7.463382046490477 ], [ 112.219236414915869, -6.291509781446845 ], [ 111.605557922357093, -6.191052874734077 ], [ 107.471194991307115, -2.754684102232685 ], [ 106.951042651777115, -7.087326665331733 ], [ 106.337045874162669, -8.263473967163497 ] ] ] } },
{ "type": "Feature", "properties": { }, "geometry": { "type": "Polygon", "coordinates": [ [ [ 118.306910934024856, -27.37299903892783 ], [ 116.010359152740136, -26.352976618351292 ], [ 116.010470957556663, -25.62124989100565 ], [ 113.063306185385045, -24.801466353698309 ], [ 112.033604137811238, -24.026263259079801 ], [ 114.129529477422864, -30.043524524003391 ], [ 118.125202518198094, -29.653836574382556 ], [ 118.683928502857938, -29.54916339403416 ], [ 119.050074663525606, -29.039299031212146 ], [ 121.751803052510084, -28.781780158452911 ], [ 119.910370912497967, -27.574416142894005 ], [ 118.306910934024856, -27.37299903892783 ] ] ] } },
{ "type": "Feature", "properties": { }, "geometry": { "type": "Polygon", "coordinates": [ [ [ 126.502651629261436, -31.050646088746724 ], [ 123.542082197063465, -31.323684605514998 ], [ 120.434920556938849, -31.093711918098791 ], [ 121.775665755598595, -32.27648704448432 ], [ 123.460246589446257, -34.595074164882135 ], [ 123.980549569691391, -34.374844811446529 ], [ 124.565464306060719, -33.466932233883604 ], [ 125.449240719596105, -33.049738809126112 ], [ 126.502651629261436, -31.050646088746724 ] ] ] } },
{ "type": "Feature", "properties": { }, "geometry": { "type": "Polygon", "coordinates": [ [ [ 126.229083473149544, -30.944901217295786 ], [ 122.459311508997615, -29.482456394714905 ], [ 121.396645167125527, -29.413954473161713 ], [ 121.056927858779289, -29.866181959471085 ], [ 120.263690886880454, -29.258031749695597 ], [ 117.719071205139443, -29.73968966785516 ], [ 118.149293467302243, -30.187520512389149 ], [ 120.434920556938849, -31.093711918098791 ], [ 123.542082197063465, -31.323684605514998 ], [ 126.229083473149544, -30.944901217295786 ] ] ] } },
{ "type": "Feature", "properties": { }, "geometry": { "type": "Polygon", "coordinates": [ [ [ 95.92391381236574, 81.762034621435163 ], [ 85.330838339507551, 81.801531002373238 ], [ 78.327449530261276, 81.459281717991587 ], [ 73.908483909072558, 80.761800158062456 ], [ 81.748179618566851, 80.336663748221966 ], [ 85.290856946595909, 79.777351284555493 ], [ 96.416296420624661, 80.857043364258757 ], [ 95.92391381236574, 81.762034621435163 ] ] ] } },
{ "type": "Feature", "properties": { }, "geometry": { "type": "MultiPolygon", "coordinates": [ [ [ [ 179.99999999, 86.874453504754726 ], [ 176.533841545151546, 86.474126591810105 ], [ 175.150767118651544, 85.842661526619437 ], [ 175.85646993300503, 85.198247565797999 ], [ 179.99999999, 85.490215133913722 ], [ 179.99999999, 86.874453504754726 ] ] ], [ [ [ -179.99999999, 85.490215133913722 ], [ -155.777879004092483, 86.309192112473099 ], [ -132.043844331561502, 85.97450901924276 ], [ -113.772942054933552, 87.615090427502324 ], [ -125.447475217275368, 88.187971118561805 ], [ -174.687898257677546, 87.205804743122528 ], [ -179.99999999, 86.874453504754726 ], [ -179.99999999, 85.490215133913722 ] ] ] ] } },
{ "type": "Feature", "properties": { }, "geometry": { "type": "Polygon", "coordinates": [ [ [ -132.043844331561502, 85.97450901924276 ], [ -155.777879004092483, 86.309192112473099 ], [ -175.569203373397954, 85.714564721150069 ], [ -149.035783725836211, 85.232043295025619 ], [ -138.315296074994905, 84.53911726097391 ], [ -132.043844331561502, 85.97450901924276 ] ] ] } },
{ "type": "Feature", "properties": { }, "geometry": { "type": "MultiPolygon", "coordinates": [ [ [ [ 179.99999999, 85.490215133913722 ], [ 158.676360523988677, 84.346676173097222 ], [ 155.585699271730505, 84.110623466240412 ], [ 153.627722205532848, 83.51192840353967 ], [ 179.99999999, 82.422944728973093 ], [ 179.99999999, 85.490215133913722 ] ] ], [ [ [ -179.99999999, 82.422944728973093 ], [ -174.96087331692334, 82.192460203550922 ], [ -168.525899390971205, 82.580200523065287 ], [ -165.594400662655971, 83.315010968297045 ], [ -161.090110367670718, 83.412873369235186 ], [ -153.593374817202886, 83.031942567564258 ], [ -149.483650507411909, 82.254778173423389 ], [ -143.284113819521707, 82.302245659431279 ], [ -138.315296074994905, 84.53911726097391 ], [ -149.035783725836211, 85.232043295025619 ], [ -176.883364444112232, 85.711948404592377 ], [ -179.99999999, 85.490215133913722 ], [ -179.99999999, 82.422944728973093 ] ] ] ] } },
{ "type": "Feature", "properties": { }, "geometry": { "type": "Polygon", "coordinates": [ [ [ 77.070402715373092, 20.00623045928193 ], [ 73.029195397362145, 21.176392621636271 ], [ 69.932839519496483, 23.36594843282888 ], [ 68.290422517257241, 23.967126848317672 ], [ 68.662137953868935, 23.313019449661493 ], [ 70.069490373347065, 22.486603895273536 ], [ 71.900924737819054, 20.805581095465488 ], [ 73.577056176144509, 18.769664869138715 ], [ 76.337963287009103, 17.347819833209929 ], [ 79.850539271016046, 16.58812897158127 ], [ 84.917692280133906, 16.559547831539952 ], [ 86.445198464738681, 17.451198637290897 ], [ 88.185586108526664, 16.532846457020462 ], [ 89.570791041986368, 14.802258785838623 ], [ 89.092060213594507, 16.402091015211315 ], [ 88.325141174582427, 17.260404774965686 ], [ 86.575782481183765, 18.693526505637731 ], [ 85.548308533067384, 19.122912731403449 ], [ 83.257623011064965, 19.186524522276464 ], [ 79.663452656360789, 20.005687333768279 ], [ 77.070402715373092, 20.00623045928193 ] ] ] } },
{ "type": "Feature", "properties": { }, "geometry": { "type": "Polygon", "coordinates": [ [ [ -79.816426967787905, 37.609058144203615 ], [ -83.030249102539472, 40.487013481373914 ], [ -82.385077289746135, 38.676326601082359 ], [ -81.54589711740222, 38.01172515806082 ], [ -79.064377145979137, 34.145787648608156 ], [ -79.816426967787905, 37.609058144203615 ] ] ] } },
{ "type": "Feature", "properties": { }, "geometry": { "type": "Polygon", "coordinates": [ [ [ 106.661464009945249, 40.572588074910129 ], [ 102.384502278916102, 40.086959993430149 ], [ 98.941323791867887, 38.52088421960093 ], [ 96.547201490821948, 37.993747993027263 ], [ 92.404638390718034, 37.874852650586561 ], [ 94.475226782676486, 36.831527059543561 ], [ 95.269918146471213, 36.092638483434875 ], [ 96.492772078173374, 34.267431821807818 ], [ 97.041389937541481, 32.286219379375183 ], [ 99.28556588841208, 30.449147880439391 ], [ 101.60528017512631, 29.200493387914094 ], [ 103.83367731988136, 28.679094903737745 ], [ 105.946693296037608, 27.51860202193091 ], [ 107.547278684400936, 28.198090551003826 ], [ 112.183688031602571, 33.277065090753318 ], [ 114.075870360770452, 34.577429303468257 ], [ 116.543793958033305, 37.0629094900426 ], [ 118.39658866814473, 40.311438033945343 ], [ 115.345737668008098, 39.939829290746452 ], [ 114.812066007409868, 39.113218602890839 ], [ 113.913195653940107, 38.983908975792119 ], [ 106.661464009945249, 40.572588074910129 ] ] ] } },
{ "type": "Feature", "properties": { }, "geometry": { "type": "Polygon", "coordinates": [ [ [ 24.936348625636295, 6.143091332632144 ], [ 23.514128526928804, 5.824874772476452 ], [ 24.270585680608118, 6.622650502931521 ], [ 23.543827881785923, 6.81119662113279 ], [ 23.151826298160032, 5.941144636000312 ], [ 22.93041350095594, 3.976567569735806 ], [ 23.716844142560614, 2.195059219265597 ], [ 24.865448319585671, 3.926674479653031 ], [ 24.936348625636295, 6.143091332632144 ] ] ] } },
{ "type": "Feature", "properties": { }, "geometry": { "type": "Polygon", "coordinates": [ [ [ -72.297937359849797, 25.295888262499965 ], [ -72.224336990193109, 26.084861056133363 ], [ -73.609846123074931, 27.86076680900894 ], [ -75.193354123588136, 30.881038529924393 ], [ -75.164018900016771, 31.889518261855986 ], [ -77.134921051717697, 34.335545213935887 ], [ -76.237149226639104, 30.039131189264918 ], [ -76.513053151242261, 29.121626087358468 ], [ -73.977664453856463, 24.807828463840483 ], [ -72.33915854133754, 23.067131121926941 ], [ -72.458190909773506, 22.836744195584412 ], [ -72.132787736965795, 22.790297664741964 ], [ -71.751823197324327, 22.886481751041433 ], [ -71.500621721813488, 23.436543832926972 ], [ -71.886410263090042, 23.914811924572337 ], [ -71.403910753434232, 24.0106707855143 ], [ -71.687619139160489, 25.025743504721472 ], [ -72.031917451204521, 25.457265592546122 ], [ -72.297937359849797, 25.295888262499965 ] ] ] } },
{ "type": "Feature", "properties": { }, "geometry": { "type": "Polygon", "coordinates": [ [ [ 136.557809347604291, 52.406194724964955 ], [ 136.085563784205959, 56.689896782361153 ], [ 135.735813069907778, 57.531561237296337 ], [ 135.228045377720775, 57.337810637721738 ], [ 135.314798931801505, 56.900033216801368 ], [ 134.801814275922311, 56.630948244689968 ], [ 134.5337541372229, 53.826771092616895 ], [ 133.790427372733916, 53.502267199766443 ], [ 136.557809347604291, 52.406194724964955 ] ] ] } },
{ "type": "Feature", "properties": { }, "geometry": { "type": "Polygon", "coordinates": [ [ [ -39.551343208955508, -61.600091648427941 ], [ -35.599808565863192, -61.200053706999476 ], [ -31.584588372590837, -57.954647941261115 ], [ -38.742566931727531, -56.814989100544864 ], [ -41.985452159437934, -55.832672560559828 ], [ -48.08111195063438, -54.974867258854616 ], [ -47.603870291738659, -57.387331587302818 ], [ -48.139126817172958, -58.455117898750132 ], [ -48.958049103749481, -59.11219527587577 ], [ -49.181988316282165, -59.82370194643353 ], [ -48.840304159750936, -60.256185350893951 ], [ -46.353791792299084, -61.2172384152707 ], [ -39.551343208955508, -61.600091648427941 ] ] ] } },
{ "type": "Feature", "properties": { }, "geometry": { "type": "Polygon", "coordinates": [ [ [ 63.949183999235963, -56.948118224262224 ], [ 60.835459298209116, -56.377874782333208 ], [ 58.092542732092546, -57.201806700477064 ], [ 57.55178477933265, -57.592575656984479 ], [ 57.57369889478214, -58.110339961117724 ], [ 59.376221910900497, -58.445944664002383 ], [ 61.872635766562091, -59.412443655126388 ], [ 63.234599199450663, -58.823456696958722 ], [ 64.582464700259067, -59.14747892271339 ], [ 66.22042337782635, -58.016109774754092 ], [ 63.949183999235963, -56.948118224262224 ] ] ] } },
{ "type": "Feature", "properties": { }, "geometry": { "type": "Polygon", "coordinates": [ [ [ 70.529142435837699, -58.716866280679255 ], [ 68.260631081474642, -57.633133170256926 ], [ 67.398239820497324, -57.643837575669565 ], [ 66.695811904288888, -57.813404927801763 ], [ 65.203915808969398, -59.249002050977268 ], [ 66.39178872580591, -60.086779806454082 ], [ 66.948192155272011, -60.889910269695505 ], [ 68.217123040759844, -61.38887212364272 ], [ 71.709031295875235, -60.886631607117081 ], [ 70.469299306045116, -60.034840257674681 ], [ 70.874128115279987, -59.376517750682879 ], [ 70.529142435837699, -58.716866280679255 ] ] ] } },
{ "type": "Feature", "properties": { }, "geometry": { "type": "Polygon", "coordinates": [ [ [ 54.616857725261617, -55.193685484591619 ], [ 52.791613625081361, -54.887139112954593 ], [ 51.113035401080509, -53.93243868344959 ], [ 50.721572202989918, -54.142319901978887 ], [ 50.095214988003676, -55.747438896587276 ], [ 50.866603617613251, -56.108317773899429 ], [ 57.438451491580842, -56.51111233223034 ], [ 58.924112133714004, -56.174950614789886 ], [ 60.013134290418151, -55.262243417750817 ], [ 58.810071420802444, -54.726831424438949 ], [ 54.616857725261617, -55.193685484591619 ] ] ] } },
{ "type": "Feature", "properties": { }, "geometry": { "type": "Polygon", "coordinates": [ [ [ 141.85672480830425, 81.391699350971848 ], [ 159.23844956330808, 81.591480143723089 ], [ 165.376401163696443, 81.241269003812391 ], [ 177.528928631050917, 81.445460978303359 ], [ 175.619343426128552, 81.991500845985925 ], [ 141.542292551273761, 83.068573847408629 ], [ 143.481312703750604, 82.142039084180027 ], [ 141.85672480830425, 81.391699350971848 ] ] ] } },
{ "type": "Feature", "properties": { }, "geometry": { "type": "Polygon", "coordinates": [ [ [ 171.957230830430547, 79.522272204773273 ], [ 177.46791466268175, 81.428910269198994 ], [ 165.376401163696443, 81.241269003812391 ], [ 159.23844956330808, 81.591480143723089 ], [ 146.188606712365356, 81.509505987805866 ], [ 141.85672480830425, 81.391699350971848 ], [ 137.593732251241164, 80.769303307266313 ], [ 138.470329268606775, 80.458400624155175 ], [ 149.307441900856247, 80.785032940924211 ], [ 171.957230830430547, 79.522272204773273 ] ] ] } },
{ "type": "Feature", "properties": { }, "geometry": { "type": "Polygon", "coordinates": [ [ [ 114.029785912453519, 75.337255616935551 ], [ 122.673664845049629, 75.438396837997146 ], [ 125.894038811910235, 76.067348477183558 ], [ 141.006201391408808, 74.783438196569477 ], [ 144.570592772310533, 75.284885947773091 ], [ 145.158111498066773, 75.832233745674216 ], [ 144.106547474624648, 76.19425610105877 ], [ 140.661309309252402, 75.988424318367578 ], [ 126.550095183760732, 76.924131933272307 ], [ 118.173121585399741, 76.201686873879211 ], [ 113.160489556090397, 76.253110323751201 ], [ 110.296485518142333, 76.724466688581799 ], [ 110.707879341784349, 76.935632060753903 ], [ 108.741064850135743, 77.758224894524687 ], [ 108.202647054975984, 78.56623518608157 ], [ 109.2932818761699, 79.164509828162551 ], [ 116.000444323707427, 80.54891746010145 ], [ 118.940820071294027, 81.507140364438342 ], [ 130.575651452302651, 83.006906279793398 ], [ 115.235205924693233, 82.548868623765074 ], [ 110.089821377111647, 81.070497688067761 ], [ 103.102647277287858, 79.979268756222368 ], [ 99.873391366184492, 78.98274819334614 ], [ 98.666715486577971, 78.078395429831147 ], [ 99.441315090749654, 77.076017324090316 ], [ 101.004728672253833, 76.288827120444779 ], [ 114.029785912453519, 75.337255616935551 ] ] ] } },
{ "type": "Feature", "properties": { }, "geometry": { "type": "Polygon", "coordinates": [ [ [ 137.875580349208747, 77.222615164152685 ], [ 137.874201183869246, 77.81173419397021 ], [ 134.789962871608594, 78.561565193202171 ], [ 133.879762803958727, 79.262597628606301 ], [ 134.362090711333906, 79.598761613973039 ], [ 134.236920910924454, 80.223946709743529 ], [ 141.107740516544396, 81.211716206880936 ], [ 142.729012602422188, 81.589914967884383 ], [ 143.481312703750604, 82.142039084180027 ], [ 142.424541576660914, 82.638304607689776 ], [ 138.258077409604482, 82.560598011078923 ], [ 127.629560740459652, 81.679477013745597 ], [ 118.031286885774719, 79.879070994537344 ], [ 124.014307031306004, 80.492748269941487 ], [ 123.469119753968528, 79.894828956398712 ], [ 128.306146066251074, 80.174919305305352 ], [ 127.873902007117522, 79.827306329161985 ], [ 128.794416444554486, 79.70298918787212 ], [ 128.678176990735011, 79.027863478558658 ], [ 123.834079723081985, 78.630574928002062 ], [ 117.364029914363698, 79.222684348506036 ], [ 117.16901012804361, 79.626253564447907 ], [ 113.188424908524524, 78.067297320155717 ], [ 114.164985497036753, 77.655006341681627 ], [ 116.457364880141995, 78.04980050340383 ], [ 123.816912768824935, 78.030290411714915 ], [ 132.247022743942978, 78.462476942752971 ], [ 132.99678640353784, 78.268837940182209 ], [ 132.473013354757882, 77.879345884588886 ], [ 133.639286432780779, 77.608355450639849 ], [ 137.875580349208747, 77.222615164152685 ] ] ] } },
{ "type": "Feature", "properties": { }, "geometry": { "type": "Polygon", "coordinates": [ [ [ 116.582790146621576, 79.847963689849365 ], [ 117.364029914363698, 79.222684348506036 ], [ 123.834079723081985, 78.630574928002062 ], [ 128.678176990735011, 79.027863478558658 ], [ 128.794416444554486, 79.70298918787212 ], [ 127.873902007117522, 79.827306329161985 ], [ 128.306146066251074, 80.174919305305352 ], [ 127.659156779402522, 80.212543018598851 ], [ 123.469119753968528, 79.894828956398712 ], [ 124.014307031306004, 80.492748269941487 ], [ 119.956770625987502, 79.908875480121353 ], [ 116.582790146621576, 79.847963689849365 ] ] ] } },
{ "type": "Feature", "properties": { }, "geometry": { "type": "Polygon", "coordinates": [ [ [ 113.821030684255732, 77.803642025841896 ], [ 113.188424908524524, 78.067297320155717 ], [ 115.006256218521969, 78.859113713636631 ], [ 111.644531840042262, 78.828983339781772 ], [ 110.395631944144029, 78.50475003777683 ], [ 110.08338177843936, 78.079004466492393 ], [ 110.356323917912192, 77.475341790508224 ], [ 111.675425653969555, 77.160345328111831 ], [ 113.0038253354967, 77.290935957445228 ], [ 113.821030684255732, 77.803642025841896 ] ] ] } },
{ "type": "Feature", "properties": { }, "geometry": { "type": "Polygon", "coordinates": [ [ [ -74.345230989102831, 75.646061473668411 ], [ -76.536263257344118, 75.824344288934583 ], [ -79.81444548258149, 75.64153932601215 ], [ -78.036989991295968, 75.278058665493134 ], [ -74.345230989102831, 75.646061473668411 ] ] ] } },
{ "type": "Feature", "properties": { }, "geometry": { "type": "Polygon", "coordinates": [ [ [ -79.794801084638166, 76.083680889031882 ], [ -90.850465780056552, 77.539685842495871 ], [ -95.716511683433808, 78.551024959976885 ], [ -98.579508131356391, 78.84526275060044 ], [ -87.183012755785896, 76.739926124847941 ], [ -80.54372667553514, 75.790682177636228 ], [ -79.794801084638166, 76.083680889031882 ] ] ] } },
{ "type": "Feature", "properties": { }, "geometry": { "type": "Polygon", "coordinates": [ [ [ -58.745261158081973, -51.34571900177815 ], [ -59.941488297233974, -52.898403718103026 ], [ -59.905713124298913, -53.769501452293717 ], [ -60.30307877551914, -54.711210616688732 ], [ -60.465030191487095, -57.148745093397075 ], [ -60.232276150217572, -58.301189365895901 ], [ -59.393096906000544, -59.671233274504353 ], [ -56.70926079108623, -61.258426117037736 ], [ -51.579892609095879, -62.984910335963889 ], [ -49.55950824504869, -61.754967899549257 ], [ -50.641999354716773, -60.912334727736415 ], [ -53.679781154034345, -60.158753796228012 ], [ -56.523361210302497, -58.782685637422205 ], [ -57.655310067560684, -57.255353458633536 ], [ -57.882096052134401, -55.294273621579656 ], [ -56.829000595239663, -51.539265314090422 ], [ -58.745261158081973, -51.34571900177815 ] ] ] } },
{ "type": "Feature", "properties": { }, "geometry": { "type": "Polygon", "coordinates": [ [ [ 62.49958942168346, -1.220729648300474 ], [ 63.550108749670031, -0.356799064401846 ], [ 63.165717853269236, 0.102251459740594 ], [ 62.030640677648861, 0.295162018276651 ], [ 61.795983118374359, -0.909309026312993 ], [ 62.169621417355046, -0.74370693422517 ], [ 62.49958942168346, -1.220729648300474 ] ] ] } },
{ "type": "Feature", "properties": { }, "geometry": { "type": "Polygon", "coordinates": [ [ [ 59.572507819687956, -0.287448647765468 ], [ 61.42487093196663, -0.616823870825874 ], [ 62.446579363061531, 0.568856853214354 ], [ 59.572507819687956, -0.287448647765468 ] ] ] } },
{ "type": "Feature", "properties": { }, "geometry": { "type": "Polygon", "coordinates": [ [ [ 88.785411412901666, 32.119144762007117 ], [ 86.177583052543483, 31.92443698653133 ], [ 85.764574414677654, 31.084660861919719 ], [ 86.43574577526438, 31.733351290894692 ], [ 87.470348177374916, 31.668799376634095 ], [ 90.988967564119463, 29.947537912059101 ], [ 90.783905677431477, 30.923913016818386 ], [ 88.785411412901666, 32.119144762007117 ] ] ] } },
{ "type": "Feature", "properties": { }, "geometry": { "type": "Polygon", "coordinates": [ [ [ 92.054564403869165, 30.324931682407328 ], [ 90.78328478787401, 31.585368398812779 ], [ 88.762052916772063, 32.079798507781852 ], [ 92.054564403869165, 30.324931682407328 ] ] ] } },
{ "type": "Feature", "properties": { }, "geometry": { "type": "Polygon", "coordinates": [ [ [ 93.188877620055848, 29.17063583841994 ], [ 90.831655935241756, 31.055165476858662 ], [ 89.835516773185205, 31.340840634884806 ], [ 90.783905677431477, 30.923913016818386 ], [ 91.033460682754509, 30.445150637094425 ], [ 91.845736498040154, 26.819195869319355 ], [ 92.830540715995383, 27.512627623043542 ], [ 93.188877620055848, 29.17063583841994 ] ] ] } },
{ "type": "Feature", "properties": { }, "geometry": { "type": "Polygon", "coordinates": [ [ [ 94.652266639980624, -2.851621716617667 ], [ 92.381348431819632, -4.22587808172509 ], [ 92.957894524232259, -4.293124651302019 ], [ 91.706134362292474, -5.218069603816929 ], [ 94.336295828972695, -5.459318711449976 ], [ 96.488087897060325, -5.209611446284339 ], [ 98.29357501523414, -5.842951971382398 ], [ 99.119847201310606, -5.39811962261056 ], [ 102.318895590795904, -5.665426189913894 ], [ 97.232887621224521, -4.322717763267238 ], [ 94.652266639980624, -2.851621716617667 ] ] ] } },
{ "type": "Feature", "properties": { }, "geometry": { "type": "Polygon", "coordinates": [ [ [ 110.588986144535809, 5.668746643359349 ], [ 109.071654848305428, 9.326456920865569 ], [ 102.524918361801895, 11.439236258193116 ], [ 102.888385083820893, 10.643463543431357 ], [ 105.005152671966016, 8.644434787206347 ], [ 110.588986144535809, 5.668746643359349 ] ] ] } },
{ "type": "Feature", "properties": { }, "geometry": { "type": "Polygon", "coordinates": [ [ [ -84.377790824663379, 63.857937488072892 ], [ -86.116497120832122, 62.495810629710519 ], [ -86.051237456148186, 61.9517561763994 ], [ -83.469909670745977, 60.649635033807883 ], [ -82.947211557303135, 60.011291715160596 ], [ -83.11792544317926, 59.852899882431416 ], [ -82.656411913877989, 58.709848572285928 ], [ -81.707963553635565, 58.229416343759752 ], [ -81.315759385618847, 58.968483318107481 ], [ -82.238343577287381, 59.96757156274564 ], [ -82.116431905239523, 60.8116846264085 ], [ -82.479229360729022, 61.526351723881412 ], [ -82.166132704513103, 63.183404347004647 ], [ -82.596335141376144, 63.887681973347682 ], [ -82.661880731465047, 65.815151487035408 ], [ -84.377790824663379, 63.857937488072892 ] ] ] } },
{ "type": "Feature", "properties": { }, "geometry": { "type": "Polygon", "coordinates": [ [ [ -82.163443180924091, 60.086684248980404 ], [ -81.315759385618847, 58.968483318107481 ], [ -81.707963553635565, 58.229416343759752 ], [ -81.386546797740522, 57.443668830502318 ], [ -80.08087703556231, 56.298731087233712 ], [ -79.015684408088703, 55.920028759800815 ], [ -80.468397178242924, 57.636587948179184 ], [ -80.608707002954489, 58.60372715700926 ], [ -80.142269342167353, 59.111970206555036 ], [ -81.12225721664089, 59.971816651938674 ], [ -80.67156243218146, 60.469182773362647 ], [ -80.881740179140863, 61.267484388194539 ], [ -80.681129286446819, 61.815076550863182 ], [ -81.15929633841057, 62.60881569114725 ], [ -81.130050907646705, 65.578696608881003 ], [ -81.457075335839164, 65.806981007799536 ], [ -81.321743610415439, 66.453946253680044 ], [ -81.809088625695381, 67.277020228503204 ], [ -81.790146660253853, 68.25752842082656 ], [ -82.322296500159737, 68.729767555951142 ], [ -83.682395984447268, 69.081550907632717 ], [ -83.227135523876299, 68.556408489124195 ], [ -83.013221600067936, 67.048344750538988 ], [ -82.502845515015821, 66.265917667705835 ], [ -82.759571697611804, 65.706712475275225 ], [ -82.454388607734359, 65.170975180913985 ], [ -82.596335141376144, 63.887681973347682 ], [ -82.166132704513103, 63.183404347004647 ], [ -82.479229360729022, 61.526351723881412 ], [ -82.116431905239523, 60.8116846264085 ], [ -82.163443180924091, 60.086684248980404 ] ] ] } },
{ "type": "Feature", "properties": { }, "geometry": { "type": "Polygon", "coordinates": [ [ [ 102.759518438249884, 52.029613356972995 ], [ 101.150497326361219, 51.478903537818709 ], [ 99.205330535932887, 50.114726995114502 ], [ 96.692866459156804, 49.360492655828558 ], [ 95.28732919101482, 49.489503434644909 ], [ 92.020918454220407, 49.122240562315206 ], [ 88.813116293257181, 49.656874451651454 ], [ 85.59495123780377, 49.284108641784556 ], [ 89.489196028393508, 48.332927507920402 ], [ 98.452352935150813, 48.861577352512057 ], [ 99.739784466496957, 49.187707238252848 ], [ 102.00375018042655, 50.394747644631259 ], [ 102.448287169164118, 50.85331291921419 ], [ 102.452876295658214, 51.893799805283543 ], [ 102.759518438249884, 52.029613356972995 ] ] ] } },
{ "type": "Feature", "properties": { }, "geometry": { "type": "Polygon", "coordinates": [ [ [ 125.302560262467267, 59.283070040142533 ], [ 125.822153653138173, 60.178633006150477 ], [ 128.989131920743404, 62.435083564338747 ], [ 129.715145350747747, 64.97361029662288 ], [ 124.414014748224844, 63.559802309070356 ], [ 123.801454123910176, 63.057876570745009 ], [ 122.688609248873803, 60.93358455734959 ], [ 120.565996164791031, 59.308114262021789 ], [ 110.436076093939889, 56.141271618896425 ], [ 106.072087780645006, 54.363746254243672 ], [ 102.452876295658214, 51.893799805283543 ], [ 102.448287169164118, 50.85331291921419 ], [ 102.00375018042655, 50.394747644631259 ], [ 104.45259298279619, 50.771210050986838 ], [ 109.244768489272928, 52.33578737217556 ], [ 112.987487340391866, 54.730694283288564 ], [ 117.52262696786957, 55.913813479627734 ], [ 125.302560262467267, 59.283070040142533 ] ] ] } },
{ "type": "Feature", "properties": { }, "geometry": { "type": "Polygon", "coordinates": [ [ [ 103.64523217682634, 52.826434367232338 ], [ 100.582634424612991, 51.720495949441492 ], [ 95.460376835525167, 50.433859297401746 ], [ 86.278994047472281, 50.130008601131586 ], [ 85.455083600780426, 49.332447945996613 ], [ 88.813116293257181, 49.656874451651454 ], [ 92.020918454220407, 49.122240562315206 ], [ 96.940456721170307, 49.406768093723265 ], [ 99.205330535932887, 50.114726995114502 ], [ 101.150497326361219, 51.478903537818709 ], [ 102.759518438249884, 52.029613356972995 ], [ 103.64523217682634, 52.826434367232338 ] ] ] } },
{ "type": "Feature", "properties": { }, "geometry": { "type": "Polygon", "coordinates": [ [ [ 97.203434325763567, 56.267009514902938 ], [ 91.832470464755659, 54.152513760615847 ], [ 82.376424170581231, 52.104706606334979 ], [ 84.774926527476509, 50.634467406271284 ], [ 86.278994047472281, 50.130008601131586 ], [ 94.49087756517757, 50.286559490535083 ], [ 98.891757846303847, 51.249861332549877 ], [ 102.819470579562463, 52.466720342592509 ], [ 106.072087780645006, 54.363746254243672 ], [ 109.105247123549503, 55.66484472162697 ], [ 117.251641371304075, 58.071106306127483 ], [ 120.951512477495797, 59.486395607006017 ], [ 122.688609248873803, 60.93358455734959 ], [ 124.07857927869631, 63.335736267109333 ], [ 126.891749739577605, 64.321575017275791 ], [ 113.880040501802853, 63.395683639613864 ], [ 109.6982065795426, 62.163399455970712 ], [ 107.429632515983528, 60.932930055803538 ], [ 106.787057865597134, 60.089847765954623 ], [ 106.089780457758309, 59.816718910591995 ], [ 102.757519212398975, 58.682007522097678 ], [ 100.251122574770534, 58.299780371484239 ], [ 97.203434325763567, 56.267009514902938 ] ] ] } },
{ "type": "Feature", "properties": { }, "geometry": { "type": "Polygon", "coordinates": [ [ [ 94.135351799618903, 56.773100245655272 ], [ 90.609263021570811, 56.391382722331819 ], [ 88.238819134173923, 56.745717470278095 ], [ 86.326882110628404, 56.262896220086631 ], [ 81.852021384736446, 54.432443795570528 ], [ 79.371834144132279, 53.035189699053504 ], [ 79.420486932186833, 52.722682518936509 ], [ 81.402782424171022, 50.389757993402185 ], [ 85.496982994118071, 49.303039615261895 ], [ 86.329022089435171, 50.096832103194295 ], [ 84.831580360435581, 50.60812548491316 ], [ 82.451462389378676, 52.089281202708179 ], [ 91.92481644278142, 54.094186033283208 ], [ 97.314753026651132, 56.184927312644312 ], [ 94.135351799618903, 56.773100245655272 ] ] ] } },
{ "type": "Feature", "properties": { }, "geometry": { "type": "Polygon", "coordinates": [ [ [ 102.118118759308501, 65.478798226588182 ], [ 97.968171853047835, 64.458714661035359 ], [ 95.074278685728444, 62.261356710479191 ], [ 94.536563244682242, 61.612744754191326 ], [ 95.109734220244974, 60.510742256398949 ], [ 94.593701951928125, 58.966779386844578 ], [ 93.392838612809257, 57.320700837982727 ], [ 92.012034005340823, 56.595069524290324 ], [ 94.135351799618903, 56.773100245655272 ], [ 97.314753026651132, 56.184927312644312 ], [ 99.583067916950782, 57.508980890805148 ], [ 102.130345912950972, 59.881974665480975 ], [ 105.277631592996343, 61.756877796746188 ], [ 102.118118759308501, 65.478798226588182 ] ] ] } },
{ "type": "Feature", "properties": { }, "geometry": { "type": "Polygon", "coordinates": [ [ [ 132.219984292256356, 65.306982376153414 ], [ 131.325077194431685, 66.673128785697429 ], [ 130.124320047604158, 66.762855756622173 ], [ 130.947253288660193, 67.661860148767431 ], [ 129.657310008812829, 67.268968693360932 ], [ 127.860186664649063, 68.167458326514748 ], [ 124.254108882774489, 65.610640961592537 ], [ 120.984819988438559, 64.582236715314878 ], [ 117.040450037950805, 63.888606980321583 ], [ 112.861939937207893, 63.756250956016913 ], [ 108.077000913571482, 62.886781192195997 ], [ 106.5506317868049, 61.928610536143943 ], [ 104.264952650123988, 61.273220115912672 ], [ 102.130345912950972, 59.881974665480975 ], [ 100.384941650010489, 58.204502357077615 ], [ 102.890000241723527, 58.576120846917725 ], [ 106.22903737989823, 59.697027465858234 ], [ 106.928161398140517, 59.967316570031663 ], [ 107.582254737689937, 60.807778173597242 ], [ 109.862790212479837, 62.029182431050657 ], [ 114.046898057646089, 63.245357947213556 ], [ 126.994687717878335, 64.126720938740917 ], [ 132.219984292256356, 65.306982376153414 ] ] ] } },
{ "type": "Feature", "properties": { }, "geometry": { "type": "Polygon", "coordinates": [ [ [ 88.238819134173923, 56.745717470278095 ], [ 86.799352939912751, 57.130184306984255 ], [ 85.223628495732967, 56.762487311972897 ], [ 82.691576362622698, 56.759914590272381 ], [ 79.1126644037858, 55.435054789204393 ], [ 75.758570604033011, 53.013531401131388 ], [ 75.348025535695825, 52.245735799417275 ], [ 77.128008632347004, 51.497797620205375 ], [ 79.94834816713859, 51.927229645523326 ], [ 79.420486932186833, 52.722682518936509 ], [ 79.552247180792136, 53.158430878713943 ], [ 82.481149257158876, 54.721958730539605 ], [ 88.238819134173923, 56.745717470278095 ] ] ] } },
{ "type": "Feature", "properties": { }, "geometry": { "type": "Polygon", "coordinates": [ [ [ 86.293797898068959, 49.101799993785626 ], [ 81.402782424171022, 50.389757993402185 ], [ 79.739766887607217, 52.155707709006791 ], [ 79.94834816713859, 51.927229645523326 ], [ 76.480321253757353, 51.361154693529045 ], [ 78.80415338806803, 50.951183938501529 ], [ 82.705637162054614, 48.890192726190641 ], [ 86.293797898068959, 49.101799993785626 ] ] ] } },
{ "type": "Feature", "properties": { }, "geometry": { "type": "Polygon", "coordinates": [ [ [ 77.220350566840551, 53.980602517973196 ], [ 76.570438942505376, 54.74191375284893 ], [ 74.906419164744989, 55.169109539395251 ], [ 75.316292705404777, 54.683239239471547 ], [ 73.461711910449665, 52.664140362990501 ], [ 75.450135058703765, 51.476144630350554 ], [ 77.128008632347004, 51.497797620205375 ], [ 75.324611579584555, 52.334718991961608 ], [ 75.758570604033011, 53.013531401131388 ], [ 77.486629084784269, 54.119692276261027 ], [ 77.220350566840551, 53.980602517973196 ] ] ] } },
{ "type": "Feature", "properties": { }, "geometry": { "type": "Polygon", "coordinates": [ [ [ 78.63509722681809, 55.018570254812197 ], [ 74.382210781451818, 56.759320369119138 ], [ 72.095280507178984, 56.562587802636585 ], [ 74.906419164744989, 55.169109539395251 ], [ 76.570438942505376, 54.74191375284893 ], [ 77.220350566840551, 53.980602517973196 ], [ 78.63509722681809, 55.018570254812197 ] ] ] } },
{ "type": "Feature", "properties": { }, "geometry": { "type": "Polygon", "coordinates": [ [ [ 82.861738140240334, 56.809802433585951 ], [ 77.047726147274574, 56.986504690876316 ], [ 74.099053404990883, 56.738468959291708 ], [ 78.63509722681809, 55.018570254812197 ], [ 79.266516772187629, 55.519423728569677 ], [ 82.861738140240334, 56.809802433585951 ] ] ] } },
{ "type": "Feature", "properties": { }, "geometry": { "type": "Polygon", "coordinates": [ [ [ 72.190504368091652, 56.567096233370108 ], [ 70.139713259014414, 56.788126641686986 ], [ 70.086035098831005, 55.860219561060987 ], [ 68.244020743069299, 53.481896972158999 ], [ 71.771997305658005, 54.265415074919915 ], [ 72.623789183223721, 53.873746422161595 ], [ 73.461711910449665, 52.664140362990501 ], [ 75.316292705404777, 54.683239239471547 ], [ 74.478215911256143, 55.499483419858166 ], [ 72.190504368091652, 56.567096233370108 ] ] ] } },
{ "type": "Feature", "properties": { }, "geometry": { "type": "Polygon", "coordinates": [ [ [ 82.392113232746979, 43.951044960320289 ], [ 78.067086541581958, 43.468959830556891 ], [ 74.474658784987398, 42.212625574538542 ], [ 70.343330405362423, 39.26361121767723 ], [ 70.231608129671372, 38.283398081497033 ], [ 71.987593652369313, 36.564201505924288 ], [ 78.134177759043368, 37.046570810549809 ], [ 79.604171147449378, 38.314158871917151 ], [ 84.707941160382418, 41.353187952296913 ], [ 85.268584491676336, 41.818146931436097 ], [ 86.075759575681474, 43.60708541589495 ], [ 82.392113232746979, 43.951044960320289 ] ] ] } },
{ "type": "Feature", "properties": { }, "geometry": { "type": "Polygon", "coordinates": [ [ [ 82.123375134156419, 39.784189209662834 ], [ 79.604171147449378, 38.314158871917151 ], [ 78.134177759043368, 37.046570810549809 ], [ 71.987593652369313, 36.564201505924288 ], [ 72.642276250918968, 35.925044825569941 ], [ 73.973728522009168, 36.068084348760557 ], [ 76.228846507628148, 35.636198175112916 ], [ 86.09982422014258, 38.021405170085423 ], [ 95.581192396862349, 37.858899948013786 ], [ 98.941323791867887, 38.52088421960093 ], [ 102.384502278916102, 40.086959993430149 ], [ 106.661464009945249, 40.572588074910129 ], [ 103.451261718723657, 40.510983397230959 ], [ 101.42071234592477, 40.039989341213293 ], [ 99.805335627191425, 40.424566742182392 ], [ 94.413352184787314, 40.53116794698547 ], [ 91.564824617094359, 39.601194220752653 ], [ 84.592112282844212, 40.099978027779748 ], [ 82.123375134156419, 39.784189209662834 ] ] ] } },
{ "type": "Feature", "properties": { }, "geometry": { "type": "Polygon", "coordinates": [ [ [ 95.270077465047578, 43.279759556915465 ], [ 92.323614950119534, 43.90903839071877 ], [ 90.132594598703548, 43.737466386186803 ], [ 82.123375134156419, 39.784189209662834 ], [ 84.592112282844212, 40.099978027779748 ], [ 91.564824617094359, 39.601194220752653 ], [ 94.413352184787314, 40.53116794698547 ], [ 99.805335627191425, 40.424566742182392 ], [ 101.42071234592477, 40.039989341213293 ], [ 105.40406608069145, 40.691161415458623 ], [ 103.91557345097992, 41.224632144018109 ], [ 101.99520841737251, 42.602957808194063 ], [ 95.270077465047578, 43.279759556915465 ] ] ] } },
{ "type": "Feature", "properties": { }, "geometry": { "type": "Polygon", "coordinates": [ [ [ 126.768689757841301, 53.923707432426028 ], [ 120.779680599375027, 53.446702291509808 ], [ 112.984272923382235, 52.338660449303788 ], [ 106.011012457150485, 50.063006182390509 ], [ 99.550974004358935, 48.388435000607998 ], [ 101.441576108066513, 48.328799994996011 ], [ 102.734448545097749, 48.736294160533099 ], [ 102.986810176990645, 48.491437172549993 ], [ 104.674804738245228, 48.434942910832838 ], [ 114.685051531065781, 50.930042907674206 ], [ 116.935503980437772, 51.294000824933484 ], [ 119.204699548250858, 51.078798129545817 ], [ 122.877855594652488, 52.563421337662255 ], [ 126.542323075642287, 51.730155362893193 ], [ 127.003510309960646, 52.51262532302173 ], [ 127.997327751639972, 52.96590567258265 ], [ 126.768689757841301, 53.923707432426028 ] ] ] } },
{ "type": "Feature", "properties": { }, "geometry": { "type": "Polygon", "coordinates": [ [ [ 89.600912645893672, 29.956447388361543 ], [ 92.079330426177421, 26.059114749826669 ], [ 91.50212479432858, 28.900655367719185 ], [ 90.988967564119463, 29.947537912059101 ], [ 90.356367707300194, 30.367098562141948 ], [ 89.600912645893672, 29.956447388361543 ] ] ] } },
{ "type": "Feature", "properties": { }, "geometry": { "type": "Polygon", "coordinates": [ [ [ 94.228372020815897, 22.073129027034202 ], [ 93.375910842782886, 22.218992641558899 ], [ 93.229703488344185, 21.538438102539523 ], [ 93.580494237106834, 21.825495863746859 ], [ 94.228372020815897, 22.073129027034202 ] ] ] } },
{ "type": "Feature", "properties": { }, "geometry": { "type": "Polygon", "coordinates": [ [ [ 94.228372020815897, 22.073129027034202 ], [ 93.229703488344185, 21.538438102539523 ], [ 93.248365672827475, 20.926821834574383 ], [ 93.604598257129467, 21.394357445795627 ], [ 94.660968202119918, 21.836566755900495 ], [ 94.228372020815897, 22.073129027034202 ] ] ] } },
{ "type": "Feature", "properties": { }, "geometry": { "type": "Polygon", "coordinates": [ [ [ 94.518005423209345, 19.323721112456646 ], [ 94.125861791733016, 21.032500258467593 ], [ 93.887138603758686, 21.556750375047102 ], [ 93.248365672827475, 20.926821834574383 ], [ 94.518005423209345, 19.323721112456646 ] ] ] } },
{ "type": "Feature", "properties": { }, "geometry": { "type": "Polygon", "coordinates": [ [ [ -79.468716283224538, 72.228176126094255 ], [ -81.486438118519587, 72.743937500252684 ], [ -83.668169029348107, 72.167980624209719 ], [ -80.887385754219267, 71.08104484549969 ], [ -82.908257417171669, 71.020712205130806 ], [ -81.483537741363946, 69.881242413762251 ], [ -84.012044380242727, 69.598252102139753 ], [ -83.682395984447268, 69.081550907632717 ], [ -82.322296500159737, 68.729767555951142 ], [ -81.790146660253853, 68.25752842082656 ], [ -81.809088625695381, 67.277020228503204 ], [ -81.321743610415439, 66.453946253680044 ], [ -81.457075335839164, 65.806981007799536 ], [ -81.130050907646705, 65.578696608881003 ], [ -81.150309642853983, 68.563438291858802 ], [ -79.515551432273, 69.445529556514799 ], [ -79.673250637871618, 69.834577245447335 ], [ -78.89524520499441, 69.600500148091527 ], [ -77.826777309009927, 68.50537514879386 ], [ -76.967665577583318, 69.458995986369644 ], [ -79.468716283224538, 72.228176126094255 ] ] ] } },
{ "type": "Feature", "properties": { }, "geometry": { "type": "Polygon", "coordinates": [ [ [ 8.23463190994172, 44.817361634002268 ], [ 2.449614564495986, 45.257732633619376 ], [ 2.470562730848585, 44.355824721891913 ], [ 4.4829671487831, 43.617784324241207 ], [ 12.656853770816589, 41.975654098039918 ], [ 13.499758560768012, 42.213600825967809 ], [ 14.604777697000735, 41.876019821678767 ], [ 14.82849657354762, 42.980941664349047 ], [ 12.612537218760838, 43.733509474087562 ], [ 8.23463190994172, 44.817361634002268 ] ] ] } },
{ "type": "Feature", "properties": { }, "geometry": { "type": "Polygon", "coordinates": [ [ [ 13.279253273445779, 21.982028459297915 ], [ 12.679391151470453, 21.79317158228725 ], [ 13.078806482507662, 20.348111878385193 ], [ 13.91222383829016, 18.91034512809583 ], [ 15.048488371904886, 18.70863936907892 ], [ 15.19280435286487, 20.753061272356462 ], [ 14.505866895998823, 21.139345694240632 ], [ 13.742826377166329, 21.09220010531245 ], [ 13.279253273445779, 21.982028459297915 ] ] ] } },
{ "type": "Feature", "properties": { }, "geometry": { "type": "Polygon", "coordinates": [ [ [ -37.30438421794284, -54.667586283787792 ], [ -40.310008187985702, -54.681431609850065 ], [ -40.733860250833409, -56.215340130327618 ], [ -38.742566931727531, -56.814989100544864 ], [ -31.584588372590837, -57.954647941261115 ], [ -29.84145857175232, -56.444085241501199 ], [ -33.675540504415217, -55.896357927229602 ], [ -37.30438421794284, -54.667586283787792 ] ] ] } },
{ "type": "Feature", "properties": { }, "geometry": { "type": "Polygon", "coordinates": [ [ [ -40.733860250833409, -56.215340130327618 ], [ -40.310008187985702, -54.681431609850065 ], [ -40.926210846023189, -53.68409002297043 ], [ -41.09169007594636, -52.122526462675644 ], [ -42.397209450034069, -50.81454639138245 ], [ -47.169090222039856, -52.30301971282028 ], [ -47.260567855088809, -53.606640891902401 ], [ -47.993535593926296, -54.830737118878062 ], [ -40.733860250833409, -56.215340130327618 ] ] ] } },
{ "type": "Feature", "properties": { }, "geometry": { "type": "Polygon", "coordinates": [ [ [ 85.169945617286288, 79.27407565855512 ], [ 89.797378273847002, 78.762658172829759 ], [ 99.232560778754049, 75.336965741483837 ], [ 100.287023861927366, 74.596868937406398 ], [ 103.4337881406679, 73.814625802072001 ], [ 104.421120055836369, 73.121258722460041 ], [ 109.553750730534503, 73.146123278187872 ], [ 113.439688755086664, 73.825992471921651 ], [ 108.081705286025269, 74.253282468111664 ], [ 103.305563231496009, 75.140814666681933 ], [ 98.003353550145192, 77.559084707048996 ], [ 93.179112184065303, 78.83787615910947 ], [ 85.169945617286288, 79.27407565855512 ] ] ] } },
{ "type": "Feature", "properties": { }, "geometry": { "type": "MultiPolygon", "coordinates": [ [ [ [ 179.99999999, 88.818210730915837 ], [ 133.565353216236787, 88.986417480221718 ], [ 101.417414085389183, 88.016654597157114 ], [ 97.641971824992694, 85.739423681418486 ], [ 99.906638266344942, 85.320397686526988 ], [ 100.289531607684083, 84.224263539358091 ], [ 97.867657247023317, 82.502428926865932 ], [ 95.828745642492535, 82.060368315420206 ], [ 96.070267614919374, 81.286096489042279 ], [ 106.864046413857338, 81.979471038401499 ], [ 118.120279246950446, 83.499619726969314 ], [ 136.17931774453848, 84.150218348939759 ], [ 153.627722205532848, 83.51192840353967 ], [ 155.585699271730505, 84.110623466240412 ], [ 158.676360523988677, 84.346676173097222 ], [ 175.85646993300503, 85.198247565797999 ], [ 175.150767118651544, 85.842661526619437 ], [ 176.533841545151546, 86.474126591810105 ], [ 179.99999999, 86.874453504754726 ], [ 179.99999999, 88.818210730915837 ] ] ], [ [ [ -179.99999999, 86.874453504754726 ], [ -174.687898257677546, 87.205804743122528 ], [ -145.718534028867737, 87.945328437098595 ], [ -179.99999999, 88.818210730915837 ], [ -179.99999999, 86.874453504754726 ] ] ] ] } },
{ "type": "Feature", "properties": { }, "geometry": { "type": "Polygon", "coordinates": [ [ [ -76.37036090210664, 88.396238075231238 ], [ -77.658368029383112, 88.783708764202217 ], [ -108.799434209678196, 88.784840376351411 ], [ -125.447475217275368, 88.187971118561805 ], [ -113.772942054933552, 87.615090427502324 ], [ -76.37036090210664, 88.396238075231238 ] ] ] } },
{ "type": "Feature", "properties": { }, "geometry": { "type": "Polygon", "coordinates": [ [ [ -13.281640651616783, 87.463053377545478 ], [ 1.406246993091752, 87.463714928203132 ], [ 16.552015572544214, 86.932960457975312 ], [ 9.279579704429292, 87.624865037029849 ], [ -3.923870499547379, 88.051824112286084 ], [ -32.410774913259147, 88.134050072123486 ], [ -13.281640651616783, 87.463053377545478 ] ] ] } },
{ "type": "Feature", "properties": { }, "geometry": { "type": "Polygon", "coordinates": [ [ [ -38.143898576711337, 4.481246307347639 ], [ -42.101053575151759, 4.456397859290535 ], [ -42.181690058935338, 4.211164020435557 ], [ -45.491873086354879, 4.415362867338364 ], [ -48.949006966380466, 1.883967771307041 ], [ -52.672520646252153, 1.062966109310227 ], [ -53.981051529347447, -2.245732339373969 ], [ -57.764902880275173, -6.756946419634921 ], [ -60.302997237596628, -11.822990003617804 ], [ -58.508929979653729, -16.39228665111408 ], [ -55.646701756902694, -20.708097244007494 ], [ -51.419993325700126, -24.716802378166378 ], [ -50.870143155447245, -25.926707290823195 ], [ -50.94727220163665, -27.722442734044776 ], [ -39.989253684122438, -32.129907040749181 ], [ -27.561611778104279, -35.314263606667204 ], [ -25.861684286026264, -36.293275376981086 ], [ -24.791334169031263, -35.613147222947262 ], [ -23.168791339622203, -33.281535498148514 ], [ -22.744129614836694, -33.419715428474632 ], [ -22.926236182264439, -34.275056388335983 ], [ -21.773814472090915, -34.698442296120916 ], [ -19.528673338107421, -34.485538375726343 ], [ -18.033827426516968, -34.980128050463826 ], [ -17.794515297619959, -33.377136840944246 ], [ -18.116393023243067, -32.915783819911695 ], [ -16.181395702252804, -29.986436140344988 ], [ -16.586930001662932, -29.158274067910014 ], [ -16.243762909104827, -27.524886442903863 ], [ -16.592496891383522, -25.89983797870353 ], [ -15.835604727290415, -24.526867672771889 ], [ -16.153846237891237, -20.335868123080374 ], [ -15.000877137100176, -19.378825345947195 ], [ -14.624420370066026, -18.039907279200985 ], [ -11.397559919633172, -15.795395465394982 ], [ -11.314946117237566, -15.436339667865946 ], [ -11.969743520130779, -14.661137952152403 ], [ -12.580289290934585, -11.648591410650255 ], [ -14.408475121983926, -11.788942519290062 ], [ -16.334317759690915, -9.946000678708861 ], [ -17.63260416109453, -9.285497294877553 ], [ -20.573999117897291, -9.291629279940572 ], [ -22.377277471954404, -7.114434311355536 ], [ -23.947002441484081, -6.332527308836298 ], [ -25.719101843600811, -4.458830068620435 ], [ -27.476145157443206, -3.505329572676957 ], [ -27.986029865148517, -1.534077998756719 ], [ -29.619136772566144, -0.220901605688979 ], [ -29.242309745487834, 1.052539334532957 ], [ -29.880260225802402, 1.579972338336878 ], [ -32.090794052972967, 2.790016664137536 ], [ -32.586043451975939, 0.856438637199939 ], [ -34.015612127401774, 0.911842491896036 ], [ -36.313764819856885, 2.295475925985892 ], [ -37.637278465544803, 3.80618823921094 ], [ -38.601934212212868, 3.944276637519522 ], [ -38.143898576711337, 4.481246307347639 ] ] ] } },
{ "type": "Feature", "properties": { }, "geometry": { "type": "Polygon", "coordinates": [ [ [ 118.420338574765921, 8.591221930173948 ], [ 117.772944795408904, 9.888456245376412 ], [ 118.406371407673973, 11.149860934110979 ], [ 117.075914223822352, 9.819925899343339 ], [ 115.174534096350598, 7.060489160498062 ], [ 113.81226214334977, 6.194596116138466 ], [ 113.656970441441203, 1.954239534872997 ], [ 114.119206335888308, 1.194804593928274 ], [ 116.928864507516934, 0.974890933001663 ], [ 119.234525276220168, 1.680910968880947 ], [ 119.668624042810606, 2.318429162552878 ], [ 119.442541863322688, 4.208601153295102 ], [ 118.423354873035819, 5.247013702218569 ], [ 117.715286091516589, 6.785693656862998 ], [ 117.762994102617242, 7.498303545000888 ], [ 118.420338574765921, 8.591221930173948 ] ] ] } },
{ "type": "Feature", "properties": { }, "geometry": { "type": "Polygon", "coordinates": [ [ [ -62.245128610729864, -62.385904190878293 ], [ -62.797463683423032, -61.749756086698909 ], [ -65.344638539314943, -61.126025245012386 ], [ -67.966442985782876, -60.92109653794688 ], [ -76.010129450763046, -63.818366363507657 ], [ -85.418607154613568, -68.733178503841714 ], [ -92.132193719155595, -69.902086947495604 ], [ -89.934549718419859, -73.184306292651144 ], [ -92.624688304305408, -75.939144115448713 ], [ -85.668852976975856, -76.580123180828437 ], [ -84.327729052448248, -76.381384194573059 ], [ -76.12496096795094, -76.710566188902732 ], [ -72.472257707901605, -76.330368504373808 ], [ -67.848514664680224, -74.908113883196265 ], [ -65.796570524777209, -73.797787335863845 ], [ -64.362420999622586, -72.554309049738023 ], [ -63.510876169770285, -70.943199204418548 ], [ -62.714491730550755, -68.786670337210865 ], [ -63.134425484778284, -67.723833112574198 ], [ -61.940453768740788, -66.326177489377017 ], [ -62.03215869878143, -64.77275475027227 ], [ -61.249065302800219, -64.311507777014981 ], [ -61.121377196620813, -62.996471883974017 ], [ -61.757255430589282, -62.421763877927077 ], [ -62.245128610729864, -62.385904190878293 ] ] ] } },
{ "type": "Feature", "properties": { }, "geometry": { "type": "Polygon", "coordinates": [ [ [ 13.260977055259996, -88.463538344070599 ], [ 163.408327401798147, -74.0150501855355 ], [ 162.907733655819356, -73.811069355823776 ], [ 162.938187621397333, -73.097385651692207 ], [ 162.69708425969219, -73.024920011754105 ], [ 159.587120060639421, -73.466510209665799 ], [ 156.978726947913231, -73.249033461696285 ], [ 155.118127916453886, -72.172355686884529 ], [ 149.879938776972523, -70.826095652914958 ], [ 144.631196669422508, -69.981865034481245 ], [ 142.353852910242409, -69.225390320111217 ], [ 140.348257660181275, -67.947867780244735 ], [ 129.579665376794225, -64.688765355039365 ], [ 124.645102604489935, -62.580640690125584 ], [ 123.112371967309613, -62.277170433591458 ], [ 111.599903080599248, -64.029048101620916 ], [ 106.23834188398159, -63.663351469179148 ], [ 99.117609351428186, -63.687472957565923 ], [ 91.733579610334161, -63.100868739209588 ], [ 86.107348305063368, -61.877529288423787 ], [ 80.055439045619011, -61.974915636045523 ], [ 80.217728485627035, -63.15672248240169 ], [ 78.28959482662961, -63.64124421244972 ], [ 70.217784689285523, -64.392688566096268 ], [ 61.676533405341488, -63.852637585671609 ], [ 61.163968168542496, -63.733889651049012 ], [ 60.945432226946231, -63.062805477675404 ], [ 58.745325813882566, -62.736434992212757 ], [ 56.957065412350005, -63.289202256281293 ], [ 55.476063848418391, -62.756305246273321 ], [ 52.171790819304142, -62.915712341748367 ], [ 43.364728023927022, -62.317155961825883 ], [ 42.668402576097549, -63.021778101484053 ], [ 35.703192095535933, -62.191901970774673 ], [ 29.475689175659994, -63.967511601076282 ], [ 27.170405325158487, -65.444672527015925 ], [ 25.651814558206958, -65.278171488058788 ], [ 24.824515236940737, -65.926996654450377 ], [ 21.431345833947749, -65.398206432471866 ], [ 20.946666328890288, -64.821612369315034 ], [ 21.387221037458485, -63.552558145414885 ], [ 21.080393916975257, -63.182437599398803 ], [ 20.153775924862877, -63.147320735073315 ], [ 19.277387604543126, -64.003732502769353 ], [ 18.777743226131356, -65.479703119309875 ], [ 17.469048373592749, -66.947658679652463 ], [ 12.840480164229385, -68.299381723178101 ], [ 7.47044500707184, -68.267844275292063 ], [ 3.605182101108065, -67.700721479833334 ], [ -6.641152364331427, -68.566323183198847 ], [ -9.130718884440322, -68.640372657592607 ], [ -11.051912534112587, -68.329457388041163 ], [ 13.260977055259996, -88.463538344070599 ] ] ] } },
{ "type": "Feature", "properties": { }, "geometry": { "type": "MultiPolygon", "coordinates": [ [ [ [ 179.99999999, -78.868554270730158 ], [ 168.188686622658082, -78.202325513245356 ], [ 167.077939934272734, -79.030947138789685 ], [ 144.334332340338761, -86.282858061026872 ], [ 148.168112461969002, -87.191995362029189 ], [ 173.334106750452634, -88.184180980309463 ], [ 179.99999999, -88.18814073379508 ], [ 179.99999999, -78.868554270730158 ] ] ], [ [ [ -179.99999999, -88.18814073379508 ], [ -127.461963156057308, -86.861580043091095 ], [ -120.300232631436714, -84.818879969529604 ], [ -113.180863266556642, -85.56612112862787 ], [ -99.248733687429905, -85.737573775945833 ], [ -81.999900031930139, -86.43560537509515 ], [ -75.226739737517249, -86.131523697165221 ], [ -72.692154746194689, -85.72909538387394 ], [ -72.124343280789134, -85.152221965085076 ], [ -73.819152891876385, -84.718726503079679 ], [ -83.743287835690481, -85.057176386457769 ], [ -87.998308403151, -84.852134432906695 ], [ -88.355105766617342, -84.329308186243949 ], [ -90.927703204932172, -84.123529715066894 ], [ -82.844498408870194, -83.463315911461024 ], [ -86.149426056797466, -83.174288776221175 ], [ -86.160682131741083, -82.961207914537752 ], [ -78.802355918927361, -80.878269081111029 ], [ -78.839397300657581, -80.60798487058473 ], [ -82.350602047523267, -80.330764701198348 ], [ -85.073858457715986, -80.47939571944022 ], [ -84.385908377022162, -80.756645173789082 ], [ -85.028149778326835, -80.804344679782005 ], [ -90.432013645994203, -79.796010082171605 ], [ -83.667766541249705, -80.007550578401364 ], [ -82.724814194535981, -79.657301060386473 ], [ -88.554871276172832, -78.985145381532092 ], [ -81.396204276118326, -79.104502715201008 ], [ -79.568703714833845, -78.775456400736431 ], [ -85.029466226103551, -78.269918947032195 ], [ -87.567422623852622, -77.466628295904385 ], [ -95.276005696134675, -76.984992393773538 ], [ -109.603203960077735, -77.641756263228871 ], [ -124.191217222272641, -77.839926220543703 ], [ -136.034825001372383, -78.538995812826258 ], [ -152.759516101366899, -78.850951903150062 ], [ -160.074994649886406, -78.54546351697617 ], [ -162.507523089007464, -76.870234457508019 ], [ -168.205604622758159, -77.806648110547371 ], [ -179.99999999, -78.868554270730158 ], [ -179.99999999, -88.18814073379508 ] ] ] ] } },
{ "type": "Feature", "properties": { }, "geometry": { "type": "Polygon", "coordinates": [ [ [ 20.281657075139137, -28.703513639301136 ], [ 22.423263150485962, -24.537960427768546 ], [ 22.264254553483276, -23.134711772018733 ], [ 23.919174338830206, -18.107946192351051 ], [ 18.888026954055007, -19.066996623675792 ], [ 18.106986373035099, -19.631135296653561 ], [ 17.982943125774579, -20.349538993280689 ], [ 15.941590353593465, -21.458470771529509 ], [ 14.382975666574296, -24.159569065611091 ], [ 14.048180795918043, -28.103723720514044 ], [ 17.767023327562963, -32.138273138707845 ], [ 18.0640027087858, -31.618962243184463 ], [ 20.120182246475597, -30.585399997269693 ], [ 20.281657075139137, -28.703513639301136 ] ] ] } },
{ "type": "Feature", "properties": { }, "geometry": { "type": "Polygon", "coordinates": [ [ [ 147.449630039265287, -10.235293603892501 ], [ 144.580821217339462, -10.911520187061237 ], [ 143.628657821218411, -10.51403408053844 ], [ 144.216339519395433, -12.463630301616288 ], [ 146.398980442878155, -12.83610823150465 ], [ 147.137716204539117, -11.792780367707458 ], [ 147.449630039265287, -10.235293603892501 ] ] ] } },
{ "type": "Feature", "properties": { }, "geometry": { "type": "Polygon", "coordinates": [ [ [ -74.300460562823829, 56.109079083950149 ], [ -75.117171757787503, 54.875480530188618 ], [ -75.450454916176596, 53.848064321919189 ], [ -75.239769640505287, 53.41478024097345 ], [ -74.660756631128706, 53.570611956011824 ], [ -74.342593318080617, 53.259019755512014 ], [ -75.111208567272115, 53.03808965444366 ], [ -74.645502116153963, 52.227779197190017 ], [ -73.352306116730048, 52.604728655399043 ], [ -73.128249180234278, 52.826289558517566 ], [ -73.39754386159106, 53.249935227163164 ], [ -72.431906400997136, 52.943006855505303 ], [ -72.438624438879444, 54.398199233087865 ], [ -72.925711053544873, 54.703464106331722 ], [ -73.514565113409688, 53.723968022111826 ], [ -73.319340503715921, 54.701786448730829 ], [ -72.85506435121907, 55.154250924099188 ], [ -74.223876931562117, 56.553698345840232 ], [ -74.966049189104822, 57.894910550922027 ], [ -75.235137911203466, 57.544214079078749 ], [ -74.300460562823829, 56.109079083950149 ] ] ] } },
{ "type": "Feature", "properties": { }, "geometry": { "type": "Polygon", "coordinates": [ [ [ -103.562578408221896, 76.353263991803871 ], [ -104.13211954118448, 75.89948820646508 ], [ -100.493872214173507, 76.153224806407621 ], [ -103.562578408221896, 76.353263991803871 ] ] ] } },
{ "type": "Feature", "properties": { }, "geometry": { "type": "Polygon", "coordinates": [ [ [ -79.559967919526628, 72.347037340273587 ], [ -80.629385699154923, 73.403272893017615 ], [ -83.905037808534061, 74.659832228122923 ], [ -90.787512496255871, 75.290668666530792 ], [ -101.179214378365685, 73.667131909452195 ], [ -94.315957854409504, 73.536266988920488 ], [ -88.972461893953337, 72.82558417885852 ], [ -86.291254804072722, 71.645415543853588 ], [ -84.012044380242727, 69.598252102139753 ], [ -81.483537741363946, 69.881242413762251 ], [ -82.908257417171669, 71.020712205130806 ], [ -80.887385754219267, 71.08104484549969 ], [ -83.668169029348107, 72.167980624209719 ], [ -81.486438118519587, 72.743937500252684 ], [ -79.559967919526628, 72.347037340273587 ] ] ] } },
{ "type": "Feature", "properties": { }, "geometry": { "type": "Polygon", "coordinates": [ [ [ -101.730454450057422, 71.981285400243635 ], [ -96.842698757866742, 72.161585161217076 ], [ -93.178620320258958, 72.759195246672761 ], [ -88.437671096720308, 72.656547875290386 ], [ -90.690736828765068, 73.174849447382869 ], [ -95.305808948760671, 73.562050819044302 ], [ -105.0474110933622, 72.704442723872688 ], [ -107.71951310374088, 72.865284180707206 ], [ -107.550083770616311, 73.478557448141643 ], [ -112.226677978998424, 73.327548166201666 ], [ -118.740130335841869, 72.485811623217657 ], [ -112.568315504412411, 72.992402934015587 ], [ -110.716802659266747, 72.766863599545971 ], [ -110.6206890499883, 72.299949180373417 ], [ -111.990477055479516, 71.848029532091687 ], [ -116.89412582431612, 71.16744251112658 ], [ -115.234688546910064, 70.00920327385866 ], [ -108.498457800077858, 71.235331320076327 ], [ -101.730454450057422, 71.981285400243635 ] ] ] } },
{ "type": "Feature", "properties": { }, "geometry": { "type": "Polygon", "coordinates": [ [ [ -84.093763090137941, 76.381744043434722 ], [ -98.982804422652194, 78.887441686051389 ], [ -103.141110737079302, 78.520666678374852 ], [ -107.112115010376741, 77.222841011898709 ], [ -112.490457396014421, 76.589518084600115 ], [ -96.968832844208606, 75.97550941268284 ], [ -93.86299568654907, 76.27800010036691 ], [ -88.314140144978879, 76.129226708608215 ], [ -86.413188536056879, 76.491429849203698 ], [ -84.093763090137941, 76.381744043434722 ] ] ] } },
{ "type": "Feature", "properties": { }, "geometry": { "type": "Polygon", "coordinates": [ [ [ -32.801240625914843, -45.163991850979791 ], [ -33.231428525140558, -44.673594671687795 ], [ -40.568168066267418, -41.533783912273385 ], [ -44.439444149522785, -40.939301829168677 ], [ -44.704884008847785, -42.402591915006134 ], [ -42.64189804013612, -46.246947607264573 ], [ -34.332799858201419, -47.056268211409439 ], [ -32.801240625914843, -45.163991850979791 ] ] ] } },
{ "type": "Feature", "properties": { }, "geometry": { "type": "Polygon", "coordinates": [ [ [ -44.542385191160747, -41.603562061980476 ], [ -47.722542703189276, -40.404964092662176 ], [ -53.03746950626185, -35.664844548567864 ], [ -53.821078337117328, -39.263257940309643 ], [ -54.887097174313261, -40.416189616797517 ], [ -56.370149799480039, -43.464403022382641 ], [ -50.19117677665534, -44.139844536694035 ], [ -46.568185466132888, -45.715980196065935 ], [ -44.848183183650555, -45.733785917710257 ], [ -42.64189804013612, -46.246947607264573 ], [ -44.704884008847785, -42.402591915006134 ], [ -44.542385191160747, -41.603562061980476 ] ] ] } },
{ "type": "Feature", "properties": { }, "geometry": { "type": "Polygon", "coordinates": [ [ [ -34.332799858201419, -47.056268211409439 ], [ -42.64189804013612, -46.246947607264573 ], [ -42.282962666343366, -47.121221730787937 ], [ -42.88464086442599, -48.442352216036383 ], [ -42.720678306132378, -50.028114210525395 ], [ -42.397209450034069, -50.81454639138245 ], [ -41.359968062247162, -51.601371820134929 ], [ -40.926210846023189, -53.68409002297043 ], [ -40.310008187985702, -54.681431609850065 ], [ -38.899828349587196, -54.831520928697586 ], [ -37.806061170179966, -54.487704358717316 ], [ -38.637670286766436, -54.233535215777508 ], [ -38.074542386090627, -52.55321883268423 ], [ -38.218946063121813, -50.837218162036301 ], [ -38.517734817118665, -50.500340281272805 ], [ -37.028207102332246, -49.599555514582647 ], [ -34.332799858201419, -47.056268211409439 ] ] ] } },
{ "type": "Feature", "properties": { }, "geometry": { "type": "Polygon", "coordinates": [ [ [ 104.446744939215222, 80.294895147089676 ], [ 93.728887081290424, 80.38103934037089 ], [ 95.732457320851893, 79.478019872473695 ], [ 90.841893498167934, 79.145500209012781 ], [ 93.179112184065303, 78.83787615910947 ], [ 98.003353550145192, 77.559084707048996 ], [ 103.305563231496009, 75.140814666681933 ], [ 105.145667340894718, 74.731423447197514 ], [ 113.439688755086664, 73.825992471921651 ], [ 122.402770223879045, 73.989785361091393 ], [ 122.925371127113067, 73.099538652276479 ], [ 122.571761814461453, 72.454944430516932 ], [ 124.544878272024462, 71.127430620347425 ], [ 126.170479651705548, 69.187664507020258 ], [ 128.328089177899727, 67.968539912638846 ], [ 128.985597108719759, 68.541933515215561 ], [ 128.357119182633397, 70.744674825462297 ], [ 131.779861309369437, 73.759579718631684 ], [ 134.244969686665286, 74.000238683239118 ], [ 134.576173209417846, 74.493402792756143 ], [ 137.123263814123845, 74.938424610093634 ], [ 139.917945846484088, 74.856941342828407 ], [ 134.50923745971869, 76.10823208524981 ], [ 130.605273888354759, 76.585105764613857 ], [ 126.614527950935596, 76.207346048099964 ], [ 113.200423989023832, 77.196877717859564 ], [ 104.40565674570577, 78.486696313807826 ], [ 103.726105429454421, 79.342381032852288 ], [ 104.446744939215222, 80.294895147089676 ] ] ] } },
{ "type": "Feature", "properties": { }, "geometry": { "type": "Polygon", "coordinates": [ [ [ 143.728131338474469, 71.351675904316892 ], [ 136.550179698655683, 73.608359832976049 ], [ 134.244969686665286, 74.000238683239118 ], [ 131.779861309369437, 73.759579718631684 ], [ 128.357119182633397, 70.744674825462297 ], [ 128.985597108719759, 68.541933515215561 ], [ 128.328089177899727, 67.968539912638846 ], [ 129.657310008812829, 67.268968693360932 ], [ 130.947253288660193, 67.661860148767431 ], [ 132.151849479832748, 68.832057743324185 ], [ 135.267619058320861, 70.508789251804259 ], [ 138.382942990125741, 71.223297244359514 ], [ 143.728131338474469, 71.351675904316892 ] ] ] } },
{ "type": "Feature", "properties": { }, "geometry": { "type": "Polygon", "coordinates": [ [ [ 5.823207620611162, 64.177546453798129 ], [ 3.689891419729387, 64.724336694369271 ], [ 1.155329093120695, 64.83746512528198 ], [ 1.315529914857245, 65.105065605063587 ], [ -5.67923540670606, 65.103026805411844 ], [ -16.1981989057638, 63.619447144719224 ], [ -19.296157253703441, 62.549046048435571 ], [ -19.51541205957222, 62.226186911892931 ], [ -19.138609208612486, 61.384214889571801 ], [ -17.93973995567482, 60.240503779608972 ], [ -17.877289296113407, 59.784370836501097 ], [ -18.507083975158622, 53.764903981719016 ], [ -23.5868361430853, 49.504466378304244 ], [ -23.651228426141849, 48.566573430491452 ], [ -22.078438749213021, 47.862751750214031 ], [ -18.927595183263634, 43.504257364239677 ], [ -14.640125590619412, 42.317451380580465 ], [ -13.574002404150287, 42.958657421601309 ], [ -10.941670888743939, 45.726938157793455 ], [ -8.642062235246627, 46.626684592862851 ], [ -4.421028665115075, 48.941813027359416 ], [ 0.174969426295966, 50.275448166872472 ], [ 2.05564937801327, 51.93177690984119 ], [ 2.420296837979527, 52.924270065784448 ], [ 2.18954073503494, 53.273781378841747 ], [ 2.607861197899804, 54.065492878124225 ], [ 11.067391002713011, 56.812783461813702 ], [ 10.356532216417426, 58.451231624866807 ], [ 10.698425486049203, 60.141929301808197 ], [ 9.974137974023932, 60.972990537012485 ], [ 10.020817334199034, 61.3084383857124 ], [ 7.24489046120102, 62.953315889131268 ], [ 7.095840616460326, 63.488387350817653 ], [ 5.979350292341673, 63.761197055808218 ], [ 5.823207620611162, 64.177546453798129 ] ] ] } },
{ "type": "Feature", "properties": { }, "geometry": { "type": "Polygon", "coordinates": [ [ [ 12.917787645870218, 72.103760846005869 ], [ 12.212808478357086, 71.336019877614149 ], [ 14.878415811162885, 69.518491499724163 ], [ 20.380345298330841, 69.546137554544103 ], [ 24.425403567853376, 70.757318981763987 ], [ 22.924270251753974, 72.600108368849888 ], [ 17.738077988481386, 73.982591338632304 ], [ 17.195174732320915, 73.485536169986574 ], [ 12.917787645870218, 72.103760846005869 ] ] ] } },
{ "type": "Feature", "properties": { }, "geometry": { "type": "Polygon", "coordinates": [ [ [ -19.746870431478907, 68.804721407685946 ], [ -17.133395641030209, 68.604139094329298 ], [ -15.23576451406257, 68.93060335111926 ], [ -9.934293168278547, 71.14827309555703 ], [ -5.733830179158351, 72.138129412451903 ], [ -13.932549183922177, 73.011659370030202 ], [ -25.529725533953652, 74.969585576594469 ], [ -32.443288389024673, 75.508947937543638 ], [ -36.355807313165471, 74.838232291276711 ], [ -36.473381915711975, 73.744952304910058 ], [ -34.51575527586278, 73.286947947643114 ], [ -33.995439259286563, 72.329915321001181 ], [ -33.331651120624059, 71.902751892980774 ], [ -29.225958339351685, 70.943204447806423 ], [ -25.481058718377319, 70.81098624762528 ], [ -22.252834713856679, 70.275463961292388 ], [ -21.193349953877071, 69.440758365165962 ], [ -19.746870431478907, 68.804721407685946 ] ] ] } },
{ "type": "Feature", "properties": { }, "geometry": { "type": "Polygon", "coordinates": [ [ [ 1.820999495965635, 68.252685501564699 ], [ 8.035239991170084, 64.01518378514784 ], [ 11.661100518127141, 64.771251985598738 ], [ 11.916733061631991, 68.36212854348399 ], [ 9.620811194300604, 70.673901433337463 ], [ 8.14363808113232, 69.733509210259299 ], [ 5.432602522707115, 69.420645815686242 ], [ 1.820999495965635, 68.252685501564699 ] ] ] } },
{ "type": "Feature", "properties": { }, "geometry": { "type": "Polygon", "coordinates": [ [ [ -36.234949550847382, 72.935624023635128 ], [ -36.473725205790821, 75.187599601709479 ], [ -32.518579106658933, 75.877446779396536 ], [ -40.718227305312674, 75.740725849711922 ], [ -48.556144880567899, 74.848309901162409 ], [ -54.674226245031299, 74.801435602582188 ], [ -59.951871626528273, 75.272154600323972 ], [ -65.649289498492152, 74.369604384725562 ], [ -66.106199465862744, 74.060640736319044 ], [ -66.136726598825177, 73.394498198748252 ], [ -68.735745550066383, 72.706040393087008 ], [ -70.635543603474019, 70.814784213366522 ], [ -70.748244253428254, 70.017977521424854 ], [ -68.571245557802229, 69.109260127598773 ], [ -67.431885523341577, 67.433928532333383 ], [ -69.088279414810629, 65.620571448733472 ], [ -72.488856996933663, 63.981889393143177 ], [ -72.995406231637801, 60.376877568758012 ], [ -72.624091560653767, 58.763564148851984 ], [ -69.716982404759321, 54.960838831006612 ], [ -69.778542801360985, 51.840548784951643 ], [ -69.198693997585465, 48.604908772548534 ], [ -69.297170560571004, 46.988255828343121 ], [ -67.935602645267608, 43.492219411431307 ], [ -67.932972031034041, 38.385103835638454 ], [ -71.385418634351211, 35.447271871002989 ], [ -71.852327361523351, 34.177378702954819 ], [ -69.926896119704921, 31.48542824546043 ], [ -70.620963424834329, 27.880248921853077 ], [ -70.117426379351912, 26.383727704370745 ], [ -67.59255567117134, 25.955315591781144 ], [ -65.814495522123465, 24.660787265179334 ], [ -65.755937596163392, 24.15847457239164 ], [ -64.785435807655773, 23.223663707899689 ], [ -62.369886168526101, 25.125958326219354 ], [ -61.058018200214967, 25.392914598284719 ], [ -58.465227354862691, 25.227077607825866 ], [ -54.574533312772644, 23.918403983000303 ], [ -52.993637512456345, 23.799271830068157 ], [ -52.497888167006657, 23.976723363605469 ], [ -55.534533066999749, 27.351192458302286 ], [ -58.121346096293813, 29.063585009014044 ], [ -54.500572971145687, 28.446331678846608 ], [ -50.47250797979941, 28.632025713245273 ], [ -47.50143826547545, 29.485386695583497 ], [ -40.85918335835504, 32.521604979079051 ], [ -36.825805792612563, 33.419984706862444 ], [ -35.435943920821209, 34.892866508273713 ], [ -28.443521177440314, 37.49697681138796 ], [ -21.669968229180451, 37.220754980477366 ], [ -18.368192128181661, 38.150086070440949 ], [ -13.62284455912242, 38.894051322677761 ], [ -14.46796672849684, 39.494307290956378 ], [ -14.954066657061983, 40.564786456398835 ], [ -15.048756535441694, 42.158113117497912 ], [ -17.625849952111928, 45.173747253635902 ], [ -19.72251751532151, 48.485183399772048 ], [ -19.896829606013256, 49.914538532857179 ], [ -23.298822241965713, 51.138071354806748 ], [ -25.058276298743543, 52.403303705199036 ], [ -26.151204560905505, 53.765350448414374 ], [ -29.156444265342667, 56.296269519532174 ], [ -28.963800395426428, 57.407190208319783 ], [ -25.717968885572191, 60.886173440734332 ], [ -25.704588173733214, 61.424937964040218 ], [ -27.291297299831566, 62.414446815328397 ], [ -28.952421568726411, 62.701330053720774 ], [ -29.452665670022668, 63.771404062145514 ], [ -28.467699667408972, 65.128511501086592 ], [ -23.686508737270685, 66.626123208113739 ], [ -30.712460330667799, 69.447354733346515 ], [ -37.192224339457383, 71.567615581869816 ], [ -36.234949550847382, 72.935624023635128 ] ] ] } },
{ "type": "Feature", "properties": { }, "geometry": { "type": "Polygon", "coordinates": [ [ [ 115.006256218521969, 78.859113713636631 ], [ 117.16901012804361, 79.626253564447907 ], [ 116.582790146621576, 79.847963689849365 ], [ 118.031286885774719, 79.879070994537344 ], [ 127.629560740459652, 81.679477013745597 ], [ 133.913543690341498, 82.381314389771418 ], [ 142.424541576660914, 82.638304607689776 ], [ 141.542292551273761, 83.068573847408629 ], [ 134.942087361874343, 83.101551221183115 ], [ 130.575651452302651, 83.006906279793398 ], [ 125.241602205260222, 82.396917758245266 ], [ 118.940820071294027, 81.507140364438342 ], [ 116.000444323707427, 80.54891746010145 ], [ 109.2932818761699, 79.164509828162551 ], [ 108.202647054975984, 78.56623518608157 ], [ 108.741064850135743, 77.758224894524687 ], [ 110.707879341784349, 76.935632060753903 ], [ 110.296485518142333, 76.724466688581799 ], [ 113.630123492699354, 76.223643549060071 ], [ 120.077140509412629, 76.303594602238022 ], [ 124.591509265190396, 76.921771729680941 ], [ 132.91082900977915, 76.687251573268725 ], [ 132.809858009325836, 77.425709774098294 ], [ 133.639286432780779, 77.608355450639849 ], [ 132.473013354757882, 77.879345884588886 ], [ 132.99678640353784, 78.268837940182209 ], [ 132.247022743942978, 78.462476942752971 ], [ 128.834547993703012, 78.403390086705315 ], [ 123.816912768824935, 78.030290411714915 ], [ 116.457364880141995, 78.04980050340383 ], [ 113.821030684255732, 77.803642025841896 ], [ 113.0038253354967, 77.290935957445228 ], [ 111.675425653969555, 77.160345328111831 ], [ 110.356323917912192, 77.475341790508224 ], [ 110.08338177843936, 78.079004466492393 ], [ 110.395631944144029, 78.50475003777683 ], [ 111.644531840042262, 78.828983339781772 ], [ 115.006256218521969, 78.859113713636631 ] ] ] } },
{ "type": "Feature", "properties": { }, "geometry": { "type": "Polygon", "coordinates": [ [ [ 97.752375578546989, 85.720844255809396 ], [ 87.773222645411153, 85.035617834845169 ], [ 85.729425163307965, 84.637140273195484 ], [ 82.630196438644674, 83.363934382208143 ], [ 78.61366950480047, 82.859098223401048 ], [ 70.381251080306583, 81.971485677884331 ], [ 59.171219858151701, 81.256729744125863 ], [ 62.56940165901954, 81.055029574867817 ], [ 65.248063118916548, 79.83312439950501 ], [ 74.138538267435834, 78.299884210740714 ], [ 73.981051881554023, 77.760348237614068 ], [ 74.887165419328397, 77.522609085432507 ], [ 75.420467724057431, 78.090750293587107 ], [ 73.872729402050837, 79.026816911634327 ], [ 73.298639667211447, 79.844477144371922 ], [ 75.886354275043132, 80.345168277491425 ], [ 73.908483909072558, 80.761800158062456 ], [ 78.327449530261276, 81.459281717991587 ], [ 85.330838339507551, 81.801531002373238 ], [ 95.92391381236574, 81.762034621435163 ], [ 95.828745642492535, 82.060368315420206 ], [ 97.867657247023317, 82.502428926865932 ], [ 100.289531607684083, 84.224263539358091 ], [ 99.906638266344942, 85.320397686526988 ], [ 97.752375578546989, 85.720844255809396 ] ] ] } },
{ "type": "Feature", "properties": { }, "geometry": { "type": "Polygon", "coordinates": [ [ [ 12.59627289070592, 41.994043421981608 ], [ 4.4829671487831, 43.617784324241207 ], [ 2.470562730848585, 44.355824721891913 ], [ 2.215565799189846, 43.417293196522053 ], [ 1.685755563343267, 42.866862702840308 ], [ -1.938517816257449, 41.220261930621042 ], [ -4.318607467400166, 39.57139918658681 ], [ -6.014992526299458, 39.138854208651743 ], [ -9.699396102257015, 36.330788974989481 ], [ -8.345921026076505, 34.454640614979539 ], [ -7.777080739038683, 34.160960362973718 ], [ -5.246795238721894, 35.919588270944786 ], [ -2.915879071474392, 36.56062766916039 ], [ 2.013568623029996, 37.458067230669783 ], [ 3.000638899178664, 36.923729221061393 ], [ 4.448621762460151, 36.664883194295932 ], [ 6.834832105857887, 36.751851604995721 ], [ 8.613872626212036, 37.311899010447682 ], [ 9.701817837096996, 38.328031210554741 ], [ 12.518238068474162, 39.887020614773228 ], [ 13.84751336687073, 40.196282115495336 ], [ 18.218507124938171, 40.239849022764396 ], [ 14.859137932843227, 41.805341683975726 ], [ 13.499758560768012, 42.213600825967809 ], [ 12.59627289070592, 41.994043421981608 ] ] ] } },
{ "type": "Feature", "properties": { }, "geometry": { "type": "Polygon", "coordinates": [ [ [ 130.088066292778961, 51.771819967859756 ], [ 131.360264321458828, 52.32095591296752 ], [ 132.930890478538601, 53.726343757432332 ], [ 136.76517160506225, 58.585259900110451 ], [ 137.144301295780281, 60.010101072804105 ], [ 136.965935487320877, 61.629068578417176 ], [ 133.228236532305999, 60.629741733850615 ], [ 132.777886841941864, 60.216908101097069 ], [ 132.212013990868314, 57.772720076135862 ], [ 130.36953436606035, 53.600093064753999 ], [ 130.088066292778961, 51.771819967859756 ] ] ] } },
{ "type": "Feature", "properties": { }, "geometry": { "type": "Polygon", "coordinates": [ [ [ 1.526602300530443, 29.349772369714128 ], [ -2.089972008689711, 32.056170629398665 ], [ -4.561237966132052, 32.337382026440743 ], [ -8.350144336565167, 31.847055219655708 ], [ -8.901500213140455, 31.109299362926475 ], [ -8.920008536051146, 30.33034968916964 ], [ -9.506741365989628, 29.479349591479391 ], [ -10.199047988283814, 26.989727935699914 ], [ -11.164418037383872, 25.632494391789638 ], [ -9.793338330255752, 25.008070521204552 ], [ -8.875575440585697, 25.242529672590916 ], [ -7.42178865868017, 24.289019275633866 ], [ -5.166223997128511, 23.897907130370871 ], [ -3.739111584248849, 24.318235728760204 ], [ 0.44102622066523, 24.693209363243884 ], [ 2.649128453720621, 26.03623523463521 ], [ 5.700824349798406, 26.83472516518577 ], [ 5.713282214871545, 27.219302652367855 ], [ 5.276315102090964, 27.120843800399847 ], [ 4.340837707112894, 28.420451217667704 ], [ 1.526602300530443, 29.349772369714128 ] ] ] } },
{ "type": "Feature", "properties": { }, "geometry": { "type": "Polygon", "coordinates": [ [ [ -70.395729133900446, 26.612898284180204 ], [ -76.525917657267485, 32.552650826446175 ], [ -77.673234395540049, 34.500038955325394 ], [ -79.244176391672539, 34.972041456546698 ], [ -78.822692580345276, 32.731312299236393 ], [ -77.161619386344782, 30.161476118275743 ], [ -77.466562504295936, 29.576184300676477 ], [ -76.448884356275144, 28.018724285569498 ], [ -76.279346198930213, 26.657708868013771 ], [ -75.464243087238358, 25.623580546856271 ], [ -75.673008501825464, 25.18607296385969 ], [ -75.154471921161999, 24.172424662533647 ], [ -75.438169704412616, 23.780994859563183 ], [ -74.757818506060232, 23.202569349915464 ], [ -74.43851495312741, 22.158097114427907 ], [ -74.236306611892402, 22.632106880984143 ], [ -65.504202978346413, 18.806274911991 ], [ -64.446441896499167, 17.903363263921101 ], [ -64.166004779806499, 18.899739036343394 ], [ -65.411586645701675, 20.040223156125908 ], [ -65.643415446551359, 21.515392224702374 ], [ -65.44055614268899, 22.652926923781138 ], [ -64.785435807655773, 23.223663707899689 ], [ -65.755937596163392, 24.15847457239164 ], [ -65.814495522123465, 24.660787265179334 ], [ -67.59255567117134, 25.955315591781144 ], [ -69.374614070012029, 26.149630606876567 ], [ -70.395729133900446, 26.612898284180204 ] ] ] } },
{ "type": "Feature", "properties": { }, "geometry": { "type": "Polygon", "coordinates": [ [ [ 97.513396007714647, 9.272800491613244 ], [ 97.251310430360135, 9.914133303250773 ], [ 98.305221115958076, 11.616288326745877 ], [ 97.704443484540306, 13.301723590728656 ], [ 98.565901310221108, 12.447663338544116 ], [ 96.389447383378638, 15.4329805349709 ], [ 93.93242852097616, 20.328880176258206 ], [ 93.248365672827475, 20.926821834574383 ], [ 92.872759387201413, 19.200404593423897 ], [ 93.092996160142334, 17.377337052640719 ], [ 94.186672942211032, 15.432719074994672 ], [ 96.080861130007975, 13.175061841191324 ], [ 96.962620234088305, 9.248829049355587 ], [ 97.513396007714647, 9.272800491613244 ] ] ] } },
{ "type": "Feature", "properties": { }, "geometry": { "type": "Polygon", "coordinates": [ [ [ 101.430140011659873, 20.448939876922477 ], [ 100.152864188117945, 22.18739436317443 ], [ 97.568655286300256, 23.395217912790123 ], [ 97.027715621014295, 24.020405851203378 ], [ 96.083493718418467, 27.090944553160625 ], [ 94.569101541451204, 28.611271332087203 ], [ 92.887658072917176, 30.980414746786042 ], [ 90.874400319357051, 31.624886773742436 ], [ 93.188877620055848, 29.17063583841994 ], [ 92.830540715995383, 27.512627623043542 ], [ 91.845736498040154, 26.819195869319355 ], [ 92.079330426177421, 26.059114749826669 ], [ 93.472098554778498, 24.363668994312107 ], [ 96.497631294291509, 21.628896593461548 ], [ 101.430140011659873, 20.448939876922477 ] ] ] } },
{ "type": "Feature", "properties": { }, "geometry": { "type": "Polygon", "coordinates": [ [ [ -53.141746545231726, 19.889323436923465 ], [ -55.594553275863795, 22.313355623732669 ], [ -56.203603477858962, 22.568233409130748 ], [ -57.403311509061623, 22.342955169094239 ], [ -59.856717885680411, 22.498426804444843 ], [ -62.155539438455996, 21.207469597482241 ], [ -63.753319961919857, 19.662722750382585 ], [ -64.446441896499167, 17.903363263921101 ], [ -64.108998042496069, 17.573661998289897 ], [ -64.603402133294182, 16.77021409960587 ], [ -63.461893516886825, 15.159297152565145 ], [ -61.511848413779191, 13.712890176714625 ], [ -60.511690334981573, 13.360749355084454 ], [ -59.24254378914118, 13.604873028894616 ], [ -58.633297212803662, 14.069946128171681 ], [ -57.047422435923153, 16.548727733210345 ], [ -54.925386381161232, 18.406094501670264 ], [ -53.247963089339166, 19.105127924825208 ], [ -50.565255971249641, 19.601814017655233 ], [ -52.164852370299926, 20.114465172171105 ], [ -53.189802742011416, 20.965470005192888 ], [ -53.141746545231726, 19.889323436923465 ] ] ] } },
{ "type": "Feature", "properties": { }, "geometry": { "type": "Polygon", "coordinates": [ [ [ 112.592437975015784, 14.149224199621383 ], [ 114.038440072101167, 14.507360540258013 ], [ 112.362564788606804, 15.698280943170154 ], [ 110.61583080070119, 18.948200830387375 ], [ 109.339480548769075, 19.789638079131535 ], [ 104.184525470659835, 21.129278752689043 ], [ 99.969133840106053, 21.44789327345223 ], [ 101.889654836283768, 20.146929880160268 ], [ 103.819937694135476, 16.802705791601081 ], [ 111.391794115785743, 15.087531770118947 ], [ 112.592437975015784, 14.149224199621383 ] ] ] } },
{ "type": "Feature", "properties": { }, "geometry": { "type": "Polygon", "coordinates": [ [ [ -65.227619287357555, 18.667183669822371 ], [ -74.236306611892402, 22.632106880984143 ], [ -74.337761583782807, 22.450724578582658 ], [ -74.552777518481605, 20.920475096102422 ], [ -73.717134076312647, 19.711170952627349 ], [ -68.887424114845217, 15.612615263318235 ], [ -66.170206390117073, 14.429619227956096 ], [ -64.586638044227129, 14.359876722147195 ], [ -61.267033565598908, 13.318176553171364 ], [ -60.844509338480719, 13.312615749590469 ], [ -60.529891433031111, 13.333837972344659 ], [ -60.504776310376499, 13.362056882371038 ], [ -62.990919993006912, 14.697268610492468 ], [ -63.96016168761566, 15.710265492076338 ], [ -64.603402133294182, 16.77021409960587 ], [ -64.108998042496069, 17.573661998289897 ], [ -65.227619287357555, 18.667183669822371 ] ] ] } },
{ "type": "Feature", "properties": { }, "geometry": { "type": "Polygon", "coordinates": [ [ [ -59.214471651724509, 2.55251158110869 ], [ -62.175385491819561, 4.793552522097342 ], [ -63.866612162969027, 4.612399295954098 ], [ -65.295463921831853, 5.121697271101407 ], [ -63.182104513003075, 3.47039986626381 ], [ -60.665358511760147, 2.469620891679115 ], [ -58.914986697204235, 0.768215117885252 ], [ -59.553292125792666, 0.827627206363137 ], [ -59.633938271254628, 0.096468844832785 ], [ -56.546401452571935, -0.599651059163412 ], [ -59.214471651724509, 2.55251158110869 ] ] ] } },
{ "type": "Feature", "properties": { }, "geometry": { "type": "Polygon", "coordinates": [ [ [ 30.16041067311409, -9.812620228503405 ], [ 28.557775728426869, -8.364062024424971 ], [ 28.399843896274128, -6.537077343942806 ], [ 27.996638125645628, -8.128160818206508 ], [ 27.954496830329596, -10.81296925325808 ], [ 27.337997575326327, -11.393074106522945 ], [ 27.26966999989239, -13.13859522474878 ], [ 26.651586749087436, -14.964737475648306 ], [ 28.302855614849744, -14.551168203986633 ], [ 31.401025624545028, -14.39747947078687 ], [ 30.676335706241822, -13.606442823125816 ], [ 30.475391950075448, -12.937254927054516 ], [ 30.862748912160814, -12.431089726097547 ], [ 30.727165036863322, -11.77440374272687 ], [ 30.16041067311409, -9.812620228503405 ] ] ] } },
{ "type": "Feature", "properties": { }, "geometry": { "type": "Polygon", "coordinates": [ [ [ 127.421130368501792, -32.450084534965178 ], [ 126.390550548405727, -31.637927595698187 ], [ 122.219992450961257, -30.62174341565246 ], [ 121.72185373031742, -31.538523327707011 ], [ 123.627227093736948, -32.180953005311871 ], [ 127.421130368501792, -32.450084534965178 ] ] ] } },
{ "type": "Feature", "properties": { }, "geometry": { "type": "Polygon", "coordinates": [ [ [ 117.965501980631331, -30.058976255449231 ], [ 116.996302835249594, -30.049737131574538 ], [ 116.290897364764874, -31.064338242410095 ], [ 114.620021181019794, -31.745857558239159 ], [ 112.682125595863212, -31.601263436232742 ], [ 114.36859164799391, -33.089980796892711 ], [ 117.836336463772724, -31.989604422375187 ], [ 120.711923661497281, -32.911458609475737 ], [ 121.775665755598595, -32.27648704448432 ], [ 120.427303768924574, -31.088123556521392 ], [ 117.965501980631331, -30.058976255449231 ] ] ] } },
{ "type": "Feature", "properties": { }, "geometry": { "type": "Polygon", "coordinates": [ [ [ 23.778160220365947, -28.904703971479091 ], [ 22.985380401795144, -26.790612501537705 ], [ 21.770464315683988, -26.236342786919273 ], [ 20.281657075139137, -28.703513639301136 ], [ 20.120182246475597, -30.585399997269693 ], [ 18.0640027087858, -31.618962243184463 ], [ 17.767023327562963, -32.138273138707845 ], [ 18.23354365141935, -33.349655736762038 ], [ 17.758498113489974, -36.642580426543496 ], [ 17.943424665706093, -37.975077394111445 ], [ 17.054255952112104, -38.958245365586549 ], [ 17.667927025602854, -39.984616684484507 ], [ 17.3756885031049, -40.639089568034812 ], [ 15.989611069355423, -41.645395990282012 ], [ 15.682054893257554, -42.618904343297416 ], [ 17.025409195757671, -44.078014642506091 ], [ 19.676277490014677, -42.225713878126768 ], [ 19.96783581359832, -41.730134109745649 ], [ 23.075606642354927, -41.043648152147725 ], [ 24.955310527190139, -40.05359698310658 ], [ 25.528495129856935, -35.022050641671022 ], [ 24.784778438093692, -33.258970724992984 ], [ 24.773874049910813, -32.594595192923542 ], [ 25.173688352068666, -32.04955954222887 ], [ 25.093381478183993, -30.310555804427661 ], [ 24.902615457319992, -29.369356787342493 ], [ 23.778160220365947, -28.904703971479091 ] ] ] } },
{ "type": "Feature", "properties": { }, "geometry": { "type": "Polygon", "coordinates": [ [ [ 106.180296704856971, -40.771227353972925 ], [ 107.620176502889933, -41.267175284265193 ], [ 115.675426362151583, -38.754296846097489 ], [ 119.847786053239176, -38.056937671286462 ], [ 121.261975833048808, -37.368786623900071 ], [ 123.905356293156089, -34.483345017874015 ], [ 123.348789618913131, -34.560845546527609 ], [ 121.30188454492388, -32.809868868452021 ], [ 120.486579355068983, -33.670909284819544 ], [ 118.768631931190512, -33.484285518753204 ], [ 119.13400875150603, -35.331157119044946 ], [ 117.625814019411052, -36.750752071445319 ], [ 115.149822790362975, -37.487520367339165 ], [ 112.848769830289243, -37.628438604571734 ], [ 110.583425934751489, -38.515579985698636 ], [ 107.713523950594421, -38.320629884999569 ], [ 106.180296704856971, -40.771227353972925 ] ] ] } },
{ "type": "Feature", "properties": { }, "geometry": { "type": "Polygon", "coordinates": [ [ [ 107.713523950594421, -38.320629884999569 ], [ 105.325891163433724, -37.751766420760539 ], [ 104.716580043937711, -38.41229594518056 ], [ 106.066536132721623, -40.66754390027657 ], [ 107.713523950594421, -38.320629884999569 ] ] ] } },
{ "type": "Feature", "properties": { }, "geometry": { "type": "Polygon", "coordinates": [ [ [ 159.808670377224985, -47.085158101247849 ], [ 156.304644249612579, -48.222714349707019 ], [ 155.766509841819243, -48.775951521394539 ], [ 155.806844252468466, -49.2471951270986 ], [ 153.981178879700735, -50.250126740772487 ], [ 154.620061563532005, -50.449780274498387 ], [ 154.706394768671629, -52.150079338856592 ], [ 155.88140301497009, -52.529884796658479 ], [ 155.982924099496159, -53.282852299836165 ], [ 156.401967991222563, -53.695927998603246 ], [ 155.329145141873965, -54.813463687807364 ], [ 155.48785308325111, -55.192450714325815 ], [ 155.177765184010468, -55.63339234040275 ], [ 156.659557189995525, -57.763008575871723 ], [ 156.781495500943777, -59.769150068201 ], [ 155.986962476453016, -60.317944255133348 ], [ 156.600721470216087, -60.915201889618821 ], [ 156.603511622983774, -61.623172758100949 ], [ 157.276376231866266, -61.638760479078471 ], [ 157.07869530136594, -62.018738791176837 ], [ 159.241153293359559, -62.357603804061576 ], [ 159.423052162996782, -63.0188324158784 ], [ 159.204226240231264, -63.31599416329631 ], [ 165.961804631559659, -58.454380317339748 ], [ 169.350061917172923, -55.43881885205284 ], [ 168.16164341719994, -52.192924248354743 ], [ 166.30171856043475, -50.812560110018161 ], [ 162.262659202932781, -49.401349069400418 ], [ 160.338555112245132, -47.984320991765856 ], [ 159.808670377224985, -47.085158101247849 ] ] ] } },
{ "type": "Feature", "properties": { }, "geometry": { "type": "Polygon", "coordinates": [ [ [ 156.850228605367903, -49.194324185335773 ], [ 155.990452610542405, -48.764556880001471 ], [ 154.735072306813578, -49.688230548299359 ], [ 153.429456802546497, -50.105031747039156 ], [ 153.148067007558836, -50.689859653855287 ], [ 157.285973164758701, -53.997028628095762 ], [ 158.69545015086689, -53.076680801946097 ], [ 159.353273276592631, -52.098998112986237 ], [ 158.47067580988184, -50.773970134785166 ], [ 157.242949808734522, -50.541905642036113 ], [ 156.850228605367903, -49.194324185335773 ] ] ] } },
{ "type": "Feature", "properties": { }, "geometry": { "type": "Polygon", "coordinates": [ [ [ 159.811609301328389, -56.813557460790051 ], [ 159.480903104771301, -55.942596013785362 ], [ 158.224727521893357, -54.580618000708995 ], [ 158.261489594244296, -53.571378524224279 ], [ 156.60701962976529, -54.346729013384277 ], [ 156.251191917054513, -55.557554945174182 ], [ 156.68438516838205, -56.678569710421826 ], [ 157.888741744712547, -57.1526404702403 ], [ 159.811609301328389, -56.813557460790051 ] ] ] } },
{ "type": "Feature", "properties": { }, "geometry": { "type": "MultiPolygon", "coordinates": [ [ [ [ 179.99999999, -65.861447881964466 ], [ 178.71867474190833, -65.126075661626345 ], [ 178.08892368090585, -64.295736776607015 ], [ 178.11160093999581, -63.898300481724256 ], [ 178.758892326835223, -63.501274844385811 ], [ 178.456236446302995, -63.463224978459074 ], [ 176.15375954399542, -63.659709292405466 ], [ 176.489361208201103, -64.632854538438096 ], [ 177.888843331957787, -66.580168022564962 ], [ 177.008663321166523, -66.215226948296106 ], [ 174.036923794307882, -66.275806587977058 ], [ 173.623887272007295, -65.929942750090532 ], [ 170.861193679714376, -65.75227398312758 ], [ 168.154752357953498, -64.705772038117615 ], [ 166.275119144718133, -63.417921760052799 ], [ 166.499099979199855, -63.267938969973592 ], [ 166.231989655199385, -62.830156403645468 ], [ 166.879271111302671, -62.560555934051976 ], [ 166.889450007981992, -62.162930257789043 ], [ 168.990388719279764, -62.165712987944246 ], [ 168.029679904839867, -61.480094023313285 ], [ 168.222098942440226, -60.025629634093626 ], [ 167.35506499587521, -59.839719532595701 ], [ 167.125494698497846, -58.786540473795526 ], [ 166.48211331045033, -58.420610532657342 ], [ 162.027425739298877, -61.171419388947079 ], [ 152.821879082246369, -65.393363038881034 ], [ 155.613614987160162, -67.537634742464107 ], [ 157.422096655934155, -68.036615256835233 ], [ 159.029299920234365, -68.960185760297307 ], [ 161.796088592954391, -69.430301685977966 ], [ 162.008397137623206, -70.184752029377577 ], [ 161.780970777467957, -70.873433542547389 ], [ 163.00100722834739, -71.578315842225777 ], [ 165.255117350367073, -71.876828120190794 ], [ 167.878250290187538, -71.250312645656479 ], [ 168.122192156436455, -70.879477573733922 ], [ 167.863890247541576, -69.953847745752896 ], [ 168.920643227336882, -69.343003069654813 ], [ 168.966153652497525, -66.916148588402464 ], [ 178.112766915539908, -67.931185897513132 ], [ 179.99999999, -67.718413739494892 ], [ 179.99999999, -65.861447881964466 ] ] ], [ [ [ -179.99999999, -67.718413739494892 ], [ -178.493806874900514, -67.308484595180431 ], [ -179.99999999, -65.861447881964466 ], [ -179.99999999, -67.718413739494892 ] ] ] ] } },
{ "type": "Feature", "properties": { }, "geometry": { "type": "Polygon", "coordinates": [ [ [ 157.652317297630105, -59.814241069749258 ], [ 159.851742992828122, -58.661198691441918 ], [ 159.570538530264258, -56.993678331928898 ], [ 157.630922272451244, -57.319510516172059 ], [ 157.87791096543603, -57.563306885994599 ], [ 157.470395494184061, -58.825621452290171 ], [ 157.652317297630105, -59.814241069749258 ] ] ] } },
{ "type": "Feature", "properties": { }, "geometry": { "type": "Polygon", "coordinates": [ [ [ 119.594686340552116, 29.310951928877994 ], [ 117.505298603650274, 28.971648705666851 ], [ 116.9158536641675, 26.729714815998328 ], [ 115.98064889598605, 25.320018031141149 ], [ 116.030362773116678, 24.658928954235442 ], [ 117.665898979032875, 26.567120211551458 ], [ 118.810618050554396, 26.890648783227103 ], [ 120.668241314804447, 29.069167897635239 ], [ 120.012730728191585, 28.840904940480222 ], [ 119.594686340552116, 29.310951928877994 ] ] ] } },
{ "type": "Feature", "properties": { }, "geometry": { "type": "Polygon", "coordinates": [ [ [ -48.771818540866207, 21.946328631264578 ], [ -50.316140722650751, 23.908198046973389 ], [ -54.574533312772644, 23.918403983000303 ], [ -53.394478640215368, 23.384610570425362 ], [ -52.930146732595084, 21.965112408142129 ], [ -53.189802742011416, 20.965470005192888 ], [ -52.164852370299926, 20.114465172171105 ], [ -50.457170106159104, 19.622113670666259 ], [ -49.042025176663884, 18.270898592267951 ], [ -47.043750953829516, 20.251378859113956 ], [ -45.94416686268027, 19.99960884331011 ], [ -46.35780103184792, 20.941653579794433 ], [ -47.078140467775874, 20.993210706203836 ], [ -47.196210277780402, 21.59445442886598 ], [ -48.771818540866207, 21.946328631264578 ] ] ] } },
{ "type": "Feature", "properties": { }, "geometry": { "type": "Polygon", "coordinates": [ [ [ -15.161305083490237, 64.673320606363603 ], [ -15.102245118307668, 65.178828490921902 ], [ -17.768587442618468, 64.581423816178017 ], [ -22.240834507588133, 66.593978302265526 ], [ -27.456303568886863, 65.348555564125505 ], [ -28.814544563585866, 64.050339563953912 ], [ -28.581008377624251, 62.961792688710197 ], [ -26.986090038799439, 62.592959709596428 ], [ -25.838396589186925, 61.838073637800484 ], [ -25.757688760821754, 60.994044078641473 ], [ -29.678397529083004, 57.695391599464045 ], [ -30.060129084546155, 56.598867215012874 ], [ -27.439521859414874, 53.926469142560066 ], [ -26.53786800769894, 52.514158353911775 ], [ -24.948347545241191, 51.164476944822447 ], [ -21.713283438731658, 49.773601341027423 ], [ -21.31305787198789, 50.72184251842927 ], [ -20.295746442594972, 51.431282108148864 ], [ -19.601277289828896, 52.440786099338489 ], [ -16.342294678725143, 54.908710761705755 ], [ -16.005078699582963, 55.708264424715239 ], [ -15.603465624698096, 59.528057096608599 ], [ -17.247924338707598, 62.771017749072278 ], [ -17.099316162985794, 63.338196436634547 ], [ -15.161305083490237, 64.673320606363603 ] ] ] } },
{ "type": "Feature", "properties": { }, "geometry": { "type": "Polygon", "coordinates": [ [ [ 8.458247133827966, 68.586773037087738 ], [ -1.224788456256076, 71.199400360457716 ], [ -5.424841177209199, 71.995626734313944 ], [ -9.694829869598356, 71.047878807673584 ], [ -12.183921867833332, 70.078412383167532 ], [ -11.479979328371341, 69.888818688447387 ], [ -8.93663222846922, 70.129036836324076 ], [ 0.70530675131339, 68.878115588182695 ], [ 8.458247133827966, 68.586773037087738 ] ] ] } },
{ "type": "Feature", "properties": { }, "geometry": { "type": "Polygon", "coordinates": [ [ [ -12.126721174559833, 64.952113898860176 ], [ -6.456369424617138, 65.994142411367207 ], [ -8.450141904311479, 66.507708732113244 ], [ -11.979910429619137, 66.770443198386047 ], [ -17.032872654686336, 66.327879101849064 ], [ -28.428401414452278, 68.505014610636664 ], [ -31.212081369915179, 68.462690625822802 ], [ -19.254365503069732, 62.994739117232903 ], [ -16.830852160016789, 63.669204771052229 ], [ -16.806579899592755, 63.163194264632786 ], [ -12.126721174559833, 64.952113898860176 ] ] ] } },
{ "type": "Feature", "properties": { }, "geometry": { "type": "Polygon", "coordinates": [ [ [ -6.496271201254326, 66.760080907219105 ], [ -1.808102167650637, 67.369371919544975 ], [ -9.332866532614386, 68.048158898126232 ], [ -10.244223256359351, 68.60776630942236 ], [ -16.177864002736182, 67.495756076047599 ], [ -16.528364328192936, 67.749715701600167 ], [ -18.248721410801785, 67.091195702624773 ], [ -16.221701457292809, 66.912703048773409 ], [ -12.247683078435669, 67.464536531180286 ], [ -8.591561766241574, 67.248414543169559 ], [ -6.496271201254326, 66.760080907219105 ] ] ] } },
{ "type": "Feature", "properties": { }, "geometry": { "type": "Polygon", "coordinates": [ [ [ 7.929915778894338, 68.248653458298719 ], [ 0.290638760385651, 68.518688952565768 ], [ -9.205998090851912, 69.752180649874916 ], [ -11.701772039810669, 69.509104384880601 ], [ -12.394632597754372, 69.698035567616458 ], [ -14.518579133983886, 68.749725043311088 ], [ -16.898463841492767, 68.281842715987196 ], [ -16.114698327136157, 67.934075487810276 ], [ -10.018344051280373, 69.006536521862003 ], [ -9.120542394571528, 68.440589073334863 ], [ -2.492547138231867, 67.708837384156666 ], [ 7.718341923859187, 67.949840215221585 ], [ 7.929915778894338, 68.248653458298719 ] ] ] } },
{ "type": "Feature", "properties": { }, "geometry": { "type": "Polygon", "coordinates": [ [ [ -65.649289498492152, 74.369604384725562 ], [ -67.318893870402718, 75.58086824280214 ], [ -71.690380879705117, 77.193683228110501 ], [ -78.531794928807159, 77.847476459958898 ], [ -88.039035431057812, 80.480139994719508 ], [ -95.476858847443424, 81.270898101065498 ], [ -102.096496361669153, 81.590305280997924 ], [ -105.069775565408335, 81.011944722932839 ], [ -104.036153193139029, 80.314897570715758 ], [ -104.394440285654724, 79.860266528380251 ], [ -103.926223415432048, 79.623186493677466 ], [ -100.72073249844729, 79.083156403038714 ], [ -94.293107858720646, 79.080291500628505 ], [ -89.887661053259876, 77.998835548279899 ], [ -83.870476746111606, 77.049006076012176 ], [ -77.113884749201773, 76.386173355681265 ], [ -74.345230989102831, 75.646061473668411 ], [ -78.036989991295968, 75.278058665493134 ], [ -74.840659751076643, 74.472896874757225 ], [ -68.730324512595516, 73.771803688887559 ], [ -65.649289498492152, 74.369604384725562 ] ] ] } },
{ "type": "Feature", "properties": { }, "geometry": { "type": "Polygon", "coordinates": [ [ [ -45.280385784958085, 19.854703467337075 ], [ -47.043750953829516, 20.251378859113956 ], [ -49.042025176663884, 18.270898592267951 ], [ -45.18909272328608, 14.882990684480705 ], [ -43.598552829537049, 17.099176828882868 ], [ -45.280385784958085, 19.854703467337075 ] ] ] } },
{ "type": "Feature", "properties": { }, "geometry": { "type": "Polygon", "coordinates": [ [ [ -124.757212215120376, -73.5839582097408 ], [ -138.955304123870917, -74.834940610529941 ], [ -143.917907250131293, -74.71649323732629 ], [ -162.507523089007464, -76.870234457508019 ], [ -160.074994649886406, -78.54546351697617 ], [ -156.447679997644599, -78.770824885107473 ], [ -128.205949452908811, -78.21793819449708 ], [ -124.190732793372831, -77.861113552860161 ], [ -124.757212215120376, -73.5839582097408 ] ] ] } },
{ "type": "Feature", "properties": { }, "geometry": { "type": "Polygon", "coordinates": [ [ [ -93.319647259920686, -74.180817629508326 ], [ -96.386739308070617, -70.953408768645176 ], [ -100.247909254170395, -71.598353900209602 ], [ -102.711802081959362, -72.393403555655794 ], [ -111.009269439287664, -72.654945098313704 ], [ -116.5876321104531, -73.33450018576815 ], [ -124.763340782215181, -73.520974204335303 ], [ -124.191217222272641, -77.839926220543703 ], [ -109.603203960077735, -77.641756263228871 ], [ -95.276005696134675, -76.984992393773538 ], [ -93.319647259920686, -74.180817629508326 ] ] ] } },
{ "type": "Feature", "properties": { }, "geometry": { "type": "Polygon", "coordinates": [ [ [ 134.731772114923501, 66.240148803437108 ], [ 134.166512099965786, 66.309970947038025 ], [ 131.771642821982596, 66.111504471008345 ], [ 132.387056280452299, 64.980312161857981 ], [ 133.237780269403288, 65.7278831198863 ], [ 134.731772114923501, 66.240148803437108 ] ] ] } },
{ "type": "Feature", "properties": { }, "geometry": { "type": "Polygon", "coordinates": [ [ [ 133.30254363450959, 62.02758604296028 ], [ 133.855038606135508, 63.053400992006026 ], [ 136.983628971368717, 64.418103443232113 ], [ 136.473976802726725, 65.363607007705511 ], [ 134.731772114923501, 66.240148803437108 ], [ 133.237780269403288, 65.7278831198863 ], [ 132.387056280452299, 64.980312161857981 ], [ 133.30254363450959, 62.02758604296028 ] ] ] } },
{ "type": "Feature", "properties": { }, "geometry": { "type": "MultiPolygon", "coordinates": [ [ [ [ 179.99999999, -63.419972551808172 ], [ 174.079124763518024, -63.154243270183933 ], [ 173.478816039861954, -63.316886950793219 ], [ 173.159816830872074, -64.038018395879334 ], [ 173.833983195226978, -64.860993937013077 ], [ 175.974382717957354, -66.143058230502362 ], [ 178.410156584010537, -69.566730799475579 ], [ 179.99999999, -69.506202107407631 ], [ 179.99999999, -63.419972551808172 ] ] ], [ [ [ -179.99999999, -69.506202107407631 ], [ -175.87715861710268, -69.607581147515177 ], [ -175.131515459285879, -70.058898096814275 ], [ -175.567319143824392, -69.518948898559444 ], [ -175.494208270050336, -68.182743632748682 ], [ -174.471816985410243, -64.994610899529377 ], [ -176.194528947953415, -64.924724723085902 ], [ -178.20926195668801, -64.400349874223934 ], [ -179.99999999, -63.419972551808172 ], [ -179.99999999, -69.506202107407631 ] ] ] ] } },
{ "type": "Feature", "properties": { }, "geometry": { "type": "MultiPolygon", "coordinates": [ [ [ [ 179.99999999, -70.110551098640528 ], [ 178.989401306992505, -68.150903362721351 ], [ 175.420010354568603, -68.731342410415351 ], [ 166.084186283793315, -67.590215060292721 ], [ 165.758929400539955, -70.017457532560272 ], [ 166.745976189408736, -70.367399818506499 ], [ 167.299761677191327, -71.098225265779149 ], [ 167.163105355851968, -72.846139123504074 ], [ 168.986054297120972, -73.490345929006935 ], [ 170.38644610609154, -74.418647091747189 ], [ 174.306613304400315, -75.187265956591929 ], [ 179.227915591782249, -73.471094670649805 ], [ 179.99999999, -72.850505284638587 ], [ 179.99999999, -70.110551098640528 ] ] ], [ [ [ -179.99999999, -72.850505284638587 ], [ -179.48199059691288, -71.739852884097857 ], [ -179.99999999, -70.110551098640528 ], [ -179.99999999, -72.850505284638587 ] ] ] ] } },
{ "type": "Feature", "properties": { }, "geometry": { "type": "Polygon", "coordinates": [ [ [ 177.988664416184179, -55.837472778501883 ], [ 178.033402980061396, -55.488081354287772 ], [ 176.562296106614752, -53.989400804657379 ], [ 174.878796495522863, -52.845699123660772 ], [ 175.59362910862157, -53.942740524601248 ], [ 177.988664416184179, -55.837472778501883 ] ] ] } },
{ "type": "Feature", "properties": { }, "geometry": { "type": "Polygon", "coordinates": [ [ [ 154.862185193235121, -39.87558693021905 ], [ 154.474134360296034, -39.947308948399993 ], [ 154.253815591943095, -41.532531688383102 ], [ 153.56768870192596, -42.821096252603617 ], [ 152.330835827798921, -43.695539868017235 ], [ 152.41141941619648, -45.204039185949398 ], [ 154.077411893675674, -44.957247545483703 ], [ 155.193368293084887, -44.226243178482513 ], [ 155.566481654028109, -43.33555910404597 ], [ 155.55604601209609, -40.666011942325298 ], [ 154.862185193235121, -39.87558693021905 ] ] ] } },
{ "type": "Feature", "properties": { }, "geometry": { "type": "Polygon", "coordinates": [ [ [ 145.71255633297821, -40.163434848755571 ], [ 144.347655370883331, -40.439486734570622 ], [ 143.115139605652871, -40.305171241084935 ], [ 142.956584425091791, -41.267469929348032 ], [ 147.843442446832029, -41.70576977778466 ], [ 148.864100028213016, -42.262528799960847 ], [ 149.425494322873959, -41.495960738938386 ], [ 147.972912808405425, -40.727269437305281 ], [ 145.71255633297821, -40.163434848755571 ] ] ] } },
{ "type": "Feature", "properties": { }, "geometry": { "type": "Polygon", "coordinates": [ [ [ 152.248379306027942, -39.357148224867757 ], [ 151.627142123855947, -39.633149054625427 ], [ 150.381336306553152, -41.005156418028918 ], [ 149.136176842468785, -41.630134949345198 ], [ 148.96591840949614, -42.730958295551225 ], [ 149.876351860417145, -43.356881716550198 ], [ 151.027850756299699, -43.567028973532949 ], [ 152.026960566992074, -43.305543116499429 ], [ 152.405641019292545, -42.644046374894153 ], [ 153.071061194626822, -42.372432253040508 ], [ 152.979519075209538, -42.124686810904848 ], [ 153.789111946543642, -42.035598798823109 ], [ 154.135420647630497, -40.907278473543307 ], [ 152.801429877392394, -40.427676432427532 ], [ 152.742222278731532, -39.728480890783572 ], [ 152.248379306027942, -39.357148224867757 ] ] ] } },
{ "type": "Feature", "properties": { }, "geometry": { "type": "Polygon", "coordinates": [ [ [ 140.966109393513875, -39.87009711028918 ], [ 139.100732058786832, -39.407854532578909 ], [ 139.464864692718919, -41.188286819147216 ], [ 140.829344670471414, -41.345412183952575 ], [ 143.189020734421064, -40.953898785981373 ], [ 143.316519373588648, -39.989003460967432 ], [ 141.539295925943463, -39.598888943159395 ], [ 140.966109393513875, -39.87009711028918 ] ] ] } },
{ "type": "Feature", "properties": { }, "geometry": { "type": "Polygon", "coordinates": [ [ [ 137.332960810371333, -27.414238493235999 ], [ 130.693026380305952, -25.495119038036329 ], [ 129.455665177912692, -25.563263164029284 ], [ 127.93612763717455, -26.587996535380526 ], [ 130.797431870180191, -26.514664083569468 ], [ 133.654196197029847, -27.301295391833065 ], [ 137.793260056171363, -27.922434831200427 ], [ 138.511746855258082, -28.380886116829171 ], [ 137.332960810371333, -27.414238493235999 ] ] ] } },
{ "type": "Feature", "properties": { }, "geometry": { "type": "Polygon", "coordinates": [ [ [ 140.454257565965349, 51.328039161786975 ], [ 139.504816910730227, 51.314616101540786 ], [ 136.4908856833014, 51.731242274422456 ], [ 137.806652998203191, 50.189827857964893 ], [ 138.068790926649513, 49.106187237407759 ], [ 138.720616516723084, 50.148996161483282 ], [ 140.771284882424027, 49.733088099137966 ], [ 141.462646208973013, 50.151082978940757 ], [ 140.454257565965349, 51.328039161786975 ] ] ] } },
{ "type": "Feature", "properties": { }, "geometry": { "type": "Polygon", "coordinates": [ [ [ -53.558813662038546, -71.713178748616912 ], [ -55.31021415166844, -71.716316186875417 ], [ -59.750835131000414, -70.965938792263046 ], [ -61.23217056203233, -70.300709809644871 ], [ -62.714491730550755, -68.786670337210865 ], [ -64.362420999622586, -72.554309049738023 ], [ -65.796570524777209, -73.797787335863845 ], [ -69.924303566983696, -75.688098458433245 ], [ -73.580481824961979, -76.531363094486167 ], [ -76.12496096795094, -76.710566188902732 ], [ -84.327729052448248, -76.381384194573059 ], [ -85.668852976975856, -76.580123180828437 ], [ -83.688361420383231, -77.435339192658333 ], [ -78.879787196672908, -78.063862472509896 ], [ -80.77942868030614, -78.347431685883748 ], [ -87.320766594397028, -78.068540676907176 ], [ -82.359670121469321, -78.865205224613021 ], [ -83.463936025487655, -79.191108625795295 ], [ -89.501005457558421, -78.834358185837573 ], [ -85.295355418280835, -79.950345389327367 ], [ -84.674565990298547, -79.917331244945899 ], [ -85.087765612665962, -79.627400967649208 ], [ -82.489091968335131, -79.541362658506415 ], [ -79.481873000600032, -79.897412423375741 ], [ -81.0011030006021, -80.431339037258226 ], [ -78.735355350443967, -81.003813835630723 ], [ -76.96208858308357, -82.08121867984687 ], [ -75.811363139568513, -81.964657871079368 ], [ -75.17073611773597, -81.295725654097893 ], [ -71.347199726547743, -81.298802166168969 ], [ -68.917197791647737, -81.516942762111441 ], [ -67.602620918386648, -82.196103383930918 ], [ -63.210225492030958, -82.705071845637917 ], [ -62.634016224500698, -83.250725617110447 ], [ -61.105201059454103, -83.49503089168013 ], [ -53.558813662038546, -71.713178748616912 ] ] ] } },
{ "type": "Feature", "properties": { }, "geometry": { "type": "Polygon", "coordinates": [ [ [ -153.045546681449053, -77.484094602267675 ], [ -149.214920582493477, -76.604111820945931 ], [ -148.387535280011662, -75.856553524933545 ], [ -149.376305718008012, -75.112064673867735 ], [ -151.77821545959867, -74.663773935501226 ], [ -153.045546681449053, -77.484094602267675 ] ] ] } },
{ "type": "Feature", "properties": { }, "geometry": { "type": "Polygon", "coordinates": [ [ [ 39.118879326788402, -13.254543120965389 ], [ 38.612415473367925, -12.124346768027603 ], [ 37.722639226953937, -13.141851482912024 ], [ 31.034347083034973, -14.010841116083377 ], [ 27.149336571052075, -15.104062053636493 ], [ 27.127583344275951, -14.596940429148333 ], [ 25.267981443278597, -15.84879104262512 ], [ 24.207994126754613, -18.313144501138456 ], [ 23.106194569983991, -17.762980643278087 ], [ 21.483974641058985, -22.798047523737228 ], [ 21.651163404652529, -24.200457402486759 ], [ 21.010884533299187, -25.9021806036153 ], [ 22.225785041593308, -26.450207954193559 ], [ 23.029621106993815, -28.560280717191073 ], [ 24.180658703965836, -29.207326687589184 ], [ 24.723714868994104, -28.095536574049291 ], [ 25.871815110255522, -26.885539793640536 ], [ 26.457228342759542, -26.741898576598683 ], [ 30.201324867128921, -23.51876658374599 ], [ 32.095712771661361, -22.635090184194826 ], [ 35.159720185608215, -20.333246910251862 ], [ 38.971828790224514, -14.642620817101738 ], [ 38.776445406769, -14.016271825998929 ], [ 39.118879326788402, -13.254543120965389 ] ] ] } },
{ "type": "Feature", "properties": { }, "geometry": { "type": "Polygon", "coordinates": [ [ [ 159.156204752917972, -60.846408166109484 ], [ 159.113803006205529, -60.138744087239687 ], [ 158.55726189406866, -59.38028096315788 ], [ 156.971574086496844, -60.124752622447069 ], [ 158.166883958826617, -62.012934726043632 ], [ 159.813193498003301, -60.853118917478966 ], [ 159.156204752917972, -60.846408166109484 ] ] ] } },
{ "type": "Feature", "properties": { }, "geometry": { "type": "Polygon", "coordinates": [ [ [ 18.48895734867153, -16.332748859924155 ], [ 14.442735398529095, -11.364202444407301 ], [ 13.573861429184266, -10.833671548257763 ], [ 12.946482326330736, -10.683986991283996 ], [ 9.304145840649687, -11.195248611071163 ], [ 4.577507372955084, -10.988627476573834 ], [ 1.897638450782435, -9.784168423603761 ], [ 0.111464333289787, -8.163589040732164 ], [ -7.159337368372255, -9.876979701708491 ], [ -6.266779404906441, -10.709677252972762 ], [ -4.814670180486551, -10.738586605591788 ], [ -3.381243167719206, -13.291520759988376 ], [ -4.678739111931481, -15.284576350897787 ], [ -5.912371086651095, -15.889464394422564 ], [ -6.623504907243786, -17.327741653048449 ], [ -6.606393805813619, -17.946212304106908 ], [ -7.541539086202883, -18.393628195790765 ], [ -7.83495958116381, -19.059284374658795 ], [ -6.29365553485207, -22.073435215865292 ], [ -6.714377322692628, -22.547441467562077 ], [ -6.674698739456073, -24.769943686315923 ], [ -7.188326140972984, -25.829378630532815 ], [ -6.664184658272694, -28.385817088865675 ], [ -7.287621007240478, -28.771887860464435 ], [ -7.318347362118992, -29.995918973300185 ], [ -9.055068615983691, -31.572420048896902 ], [ -9.313070914631183, -32.239326726083526 ], [ -10.380252810101267, -32.967545609025159 ], [ -11.913744910662881, -40.834802550328327 ], [ -13.239252046726197, -45.099714401483048 ], [ -13.858956956749529, -45.949685395724195 ], [ -13.796333798591458, -47.529812899836799 ], [ -14.033737294834591, -47.865760092933051 ], [ -13.682803833672304, -48.297077955569826 ], [ -14.141899803966471, -48.930655361041786 ], [ -13.831200580781568, -49.049198953176109 ], [ -13.936186939301598, -50.144261799400986 ], [ -13.596626619316106, -50.481418967784066 ], [ -14.082381579163984, -51.289410977123104 ], [ -13.617021944015185, -51.624540431209425 ], [ -13.570724727178554, -53.584044391457276 ], [ -12.461415635307308, -54.231803445216578 ], [ -12.149900993122053, -54.843844370947238 ], [ -8.962013050929583, -55.325142668382988 ], [ -4.6297340334003, -55.073756293868655 ], [ 2.88672121629216, -53.668352719260582 ], [ 10.051625410263465, -50.68911132782079 ], [ 12.291227759966365, -47.90451387147219 ], [ 14.66392785780015, -47.979504036610102 ], [ 16.206519025487509, -46.752573950502537 ], [ 17.025409195757671, -44.078014642506091 ], [ 15.682054893257554, -42.618904343297416 ], [ 15.989611069355423, -41.645395990282012 ], [ 17.3756885031049, -40.639089568034812 ], [ 17.667927025602854, -39.984616684484507 ], [ 17.054255952112104, -38.958245365586549 ], [ 17.943424665706093, -37.975077394111445 ], [ 17.758498113489974, -36.642580426543496 ], [ 18.23354365141935, -33.349655736762038 ], [ 17.767023327562963, -32.138273138707845 ], [ 14.048180795918043, -28.103723720514044 ], [ 14.187824181116472, -24.887252382206299 ], [ 15.941590353593465, -21.458470771529509 ], [ 17.982943125774579, -20.349538993280689 ], [ 18.106986373035099, -19.631135296653561 ], [ 18.888026954055007, -19.066996623675792 ], [ 19.716135428543133, -18.935155481482898 ], [ 18.48895734867153, -16.332748859924155 ] ] ] } },
{ "type": "Feature", "properties": { }, "geometry": { "type": "MultiPolygon", "coordinates": [ [ [ [ 179.99999999, -86.329601513366683 ], [ 170.925918346589867, -85.482462683327029 ], [ 179.99999999, -77.896704222348859 ], [ 179.99999999, -77.016172161048686 ], [ 170.146933181960094, -76.250282176542711 ], [ 167.082324195188392, -76.741833119094494 ], [ 164.315211248583836, -75.887305245319368 ], [ 13.260977055259882, -88.463538344070599 ], [ -11.051912534112587, -68.329457388041163 ], [ -12.35702603558652, -68.195426760859831 ], [ -13.219811970376256, -68.537867938033571 ], [ -17.933196866527059, -68.752831208274429 ], [ -23.072840389543035, -69.637996389601582 ], [ -26.890320370163757, -71.436823204473342 ], [ -47.308409064827067, -71.052379064870053 ], [ -53.558813662038546, -71.713178748616912 ], [ -61.105201059454103, -83.49503089168013 ], [ -62.634016224500698, -83.250725617110447 ], [ -63.210225492030958, -82.705071845637917 ], [ -67.602620918386648, -82.196103383930918 ], [ -68.917197791647737, -81.516942762111441 ], [ -71.347199726547743, -81.298802166168969 ], [ -75.17073611773597, -81.295725654097893 ], [ -75.811363139568513, -81.964657871079368 ], [ -76.96208858308357, -82.08121867984687 ], [ -78.735355350443967, -81.003813835630723 ], [ -81.0011030006021, -80.431339037258226 ], [ -88.710588720398562, -82.266948893129111 ], [ -86.241414004288345, -82.621830363751442 ], [ -94.153973049744735, -83.103819507851512 ], [ -92.340642643658484, -83.356034491589512 ], [ -93.032923071787792, -83.874261213225608 ], [ -89.989882900284854, -84.159603627677598 ], [ -82.714177320661832, -83.96495308890502 ], [ -80.307323221163202, -84.242517055962225 ], [ -82.858656621225478, -85.046422145230267 ], [ -92.877370477504371, -85.519780774466497 ], [ -103.841456728699868, -84.53954677091771 ], [ -114.092118437421064, -84.181429141068278 ], [ -118.681248773693994, -83.36580801031748 ], [ -126.138479243120869, -85.341866694682167 ], [ -160.383005769410204, -86.816585400741204 ], [ -179.99999999, -86.329601513366683 ], [ -179.99999999, -90.0 ], [ 179.99999999, -90.0 ], [ 179.99999999, -86.329601513366683 ] ] ], [ [ [ -179.99999999, -77.896704222348859 ], [ -179.339847928491622, -77.051513259225572 ], [ -179.99999999, -77.016172161048686 ], [ -179.99999999, -77.896704222348859 ] ] ] ] } },
{ "type": "Feature", "properties": { }, "geometry": { "type": "Polygon", "coordinates": [ [ [ 11.813887911090166, 16.020373177515843 ], [ 9.643538117991502, 16.71227765842416 ], [ 9.451920075273025, 15.961044946409734 ], [ 8.652773111945269, 15.256355125322335 ], [ 6.086569723940141, 14.777461174215031 ], [ 5.300657654099587, 13.309031272095748 ], [ 3.203767791171771, 7.602884931272197 ], [ 4.206309781250106, 3.096615337717885 ], [ 4.162082949351841, 1.144951957773688 ], [ 4.598684460050833, -0.171852022459609 ], [ 4.937185519061554, -3.251649045007331 ], [ 4.068946764905565, -5.009788706440098 ], [ 1.950731953915389, -7.339060284366722 ], [ 0.111464333289787, -8.163589040732164 ], [ 1.897638450782435, -9.784168423603761 ], [ 4.577507372955084, -10.988627476573834 ], [ 9.304145840649687, -11.195248611071163 ], [ 12.946482326330736, -10.683986991283996 ], [ 13.573861429184266, -10.833671548257763 ], [ 14.442735398529095, -11.364202444407301 ], [ 18.48895734867153, -16.332748859924155 ], [ 19.716135428543133, -18.935155481482898 ], [ 23.971533279410266, -18.09698886637084 ], [ 25.020156743726503, -18.663531825794099 ], [ 26.095165963641307, -16.204309726156438 ], [ 27.964232286382305, -14.961123820149979 ], [ 28.279979224404599, -14.074074857295532 ], [ 28.161794042179398, -11.838836003812826 ], [ 28.693064220706557, -11.181958044999012 ], [ 28.366658160382055, -8.516152250256802 ], [ 28.550828675597806, -6.885767277325717 ], [ 28.699743486214725, -7.58106296241416 ], [ 28.298572714319874, -5.673297548854045 ], [ 27.197969082690914, -4.783123780604473 ], [ 27.300188304383827, -1.623021830303229 ], [ 26.435322273329028, 1.068578833329427 ], [ 25.426788418813249, 3.819121759833982 ], [ 24.331848104068754, 5.431382501018517 ], [ 24.15336635841545, 7.045310061139539 ], [ 24.409845637805319, 8.272263803153304 ], [ 22.800690178904176, 8.719949719927762 ], [ 21.605099521908173, 8.133766112435756 ], [ 18.768662753236111, 9.842527273678211 ], [ 18.814162970277405, 10.154478438202654 ], [ 17.098032104140461, 10.752231008967481 ], [ 14.749919011107814, 12.843786724428844 ], [ 14.094608598033464, 14.084709381792043 ], [ 12.595426606651639, 14.382861993074183 ], [ 11.818805488586992, 14.964475437735773 ], [ 11.813887911090166, 16.020373177515843 ] ] ] } },
{ "type": "Feature", "properties": { }, "geometry": { "type": "Polygon", "coordinates": [ [ [ 122.853149171976327, -26.749320706066236 ], [ 122.115469744441, -25.586782573534169 ], [ 118.29703899033899, -25.833853222069447 ], [ 116.780066680207739, -26.658443402578722 ], [ 117.640647487594578, -27.517050456296438 ], [ 119.007686894877139, -28.068247094077869 ], [ 119.936185486400348, -27.761286819230644 ], [ 120.076134498993881, -26.757786429248583 ], [ 122.853149171976327, -26.749320706066236 ] ] ] } },
{ "type": "Feature", "properties": { }, "geometry": { "type": "Polygon", "coordinates": [ [ [ 117.95634922993095, -30.039228709297639 ], [ 117.719071205139443, -29.73968966785516 ], [ 114.990214321746592, -29.93122375541202 ], [ 114.089846196523823, -29.074945018837017 ], [ 111.790597281101668, -28.11275130350575 ], [ 110.797795246431846, -28.09200343152709 ], [ 112.144058201212289, -29.202748657739889 ], [ 111.757252036715357, -30.667497125792327 ], [ 112.682125595863212, -31.601263436232742 ], [ 114.620021181019794, -31.745857558239159 ], [ 116.290897364764874, -31.064338242410095 ], [ 116.996302835249594, -30.049737131574538 ], [ 117.95634922993095, -30.039228709297639 ] ] ] } },
{ "type": "Feature", "properties": { }, "geometry": { "type": "Polygon", "coordinates": [ [ [ 119.811460180778127, -27.940547564260658 ], [ 116.480213353213401, -27.77296071422963 ], [ 115.285444031136947, -27.348849312450561 ], [ 115.908989498130936, -28.184607359768005 ], [ 117.02269677411897, -28.598349202015079 ], [ 120.373278587465933, -28.561804097559524 ], [ 119.811460180778127, -27.940547564260658 ] ] ] } },
{ "type": "Feature", "properties": { }, "geometry": { "type": "Polygon", "coordinates": [ [ [ 146.704523033597951, -14.019568955348229 ], [ 147.137716204539117, -11.792780367707458 ], [ 145.022715053486905, -14.702694150476722 ], [ 146.704523033597951, -14.019568955348229 ] ] ] } },
{ "type": "Feature", "properties": { }, "geometry": { "type": "Polygon", "coordinates": [ [ [ -107.71951310374088, 72.865284180707206 ], [ -102.011514892719106, 72.860274425366171 ], [ -95.305808948760671, 73.562050819044302 ], [ -105.79447386779978, 73.553392005011432 ], [ -107.550083770616311, 73.478557448141643 ], [ -107.783478448756028, 73.170708551944202 ], [ -107.71951310374088, 72.865284180707206 ] ] ] } },
{ "type": "Feature", "properties": { }, "geometry": { "type": "Polygon", "coordinates": [ [ [ -77.98462922770787, 56.231438259939033 ], [ -78.621830686490839, 55.771216583744021 ], [ -79.332106138212353, 56.003079817390905 ], [ -79.051879032930259, 53.872987098296591 ], [ -79.5050415370834, 53.390983100749409 ], [ -80.396383100555298, 53.264802347359122 ], [ -82.440114532162823, 54.988054686126922 ], [ -82.87560326102242, 56.059742037900655 ], [ -84.306845332612838, 57.119660857491375 ], [ -82.575798281838715, 54.784981495497163 ], [ -83.472082433267857, 55.364573905244789 ], [ -83.601681067721401, 54.88790453552145 ], [ -82.959055869415167, 54.101898966862223 ], [ -83.412084144580973, 51.759502620543586 ], [ -84.948301992239365, 48.595022006079532 ], [ -80.15162148087434, 46.524781585357857 ], [ -77.426716965666785, 45.858149952135342 ], [ -73.462810932812786, 45.624082371052104 ], [ -74.934942727419354, 46.780299840644155 ], [ -74.633585749382689, 48.34407362581284 ], [ -73.776224206379837, 49.685943515137758 ], [ -75.493443028832104, 50.217121386796592 ], [ -76.364464506693665, 51.163598325573176 ], [ -76.338250784796813, 51.750695099611832 ], [ -75.482037277137465, 52.654560437584657 ], [ -76.70972433285155, 53.050868925536548 ], [ -76.718006516719811, 54.307533747574389 ], [ -76.227131360474687, 54.790887906838549 ], [ -77.98462922770787, 56.231438259939033 ] ] ] } },
{ "type": "Feature", "properties": { }, "geometry": { "type": "Polygon", "coordinates": [ [ [ -88.437671096720308, 72.656547875290386 ], [ -94.478663812250915, 72.653245294891121 ], [ -96.842698757866742, 72.161585161217076 ], [ -91.784259725132799, 72.230782519570354 ], [ -89.11045476353209, 71.846250104381767 ], [ -88.488356634020874, 71.253437478808564 ], [ -88.934095461405519, 70.042275164333105 ], [ -88.136533785258337, 69.513925782884101 ], [ -86.346873258411975, 68.732528995486462 ], [ -86.632105380878741, 69.153217272991299 ], [ -86.421286162669915, 69.393276009253199 ], [ -85.574389714388786, 69.472664973050783 ], [ -83.211521101424452, 68.380085821234928 ], [ -84.591348071644433, 70.365463176174885 ], [ -86.291254804072722, 71.645415543853588 ], [ -88.437671096720308, 72.656547875290386 ] ] ] } },
{ "type": "Feature", "properties": { }, "geometry": { "type": "Polygon", "coordinates": [ [ [ -83.220434771952853, 65.078304788279027 ], [ -85.407539182940582, 67.726404471589049 ], [ -85.406605056792628, 65.813913090312212 ], [ -85.966345052044375, 65.065669320837401 ], [ -86.116497120832122, 62.495810629710519 ], [ -83.220434771952853, 65.078304788279027 ] ] ] } },
{ "type": "Feature", "properties": { }, "geometry": { "type": "Polygon", "coordinates": [ [ [ -74.638782976413466, 58.498353297653495 ], [ -74.788531233305932, 58.006908167952048 ], [ -74.698614145198974, 57.653283091576867 ], [ -74.362875179502652, 58.095750859640958 ], [ -74.638782976413466, 58.498353297653495 ] ] ] } },
{ "type": "Feature", "properties": { }, "geometry": { "type": "Polygon", "coordinates": [ [ [ -93.892524904906125, 75.726300811802972 ], [ -97.880300418517734, 76.022160792262596 ], [ -100.599077704658782, 75.578544025556354 ], [ -104.579047376879515, 75.487696578142376 ], [ -106.949904140667911, 74.986019106814027 ], [ -108.237920800044492, 74.355854097645519 ], [ -105.476292706593, 74.437612319560714 ], [ -103.22707227776867, 75.065009636538008 ], [ -93.892524904906125, 75.726300811802972 ] ] ] } },
{ "type": "Feature", "properties": { }, "geometry": { "type": "Polygon", "coordinates": [ [ [ -96.157452020505403, 74.821296980706791 ], [ -97.648271918754205, 74.945651199699554 ], [ -98.432478716408156, 74.611852015044775 ], [ -96.157452020505403, 74.821296980706791 ] ] ] } },
{ "type": "Feature", "properties": { }, "geometry": { "type": "Polygon", "coordinates": [ [ [ -97.880300418517734, 76.022160792262596 ], [ -104.13211954118448, 75.89948820646508 ], [ -104.582732919542522, 75.717507824050415 ], [ -104.220113862755767, 75.499314592418273 ], [ -100.599077704658782, 75.578544025556354 ], [ -97.880300418517734, 76.022160792262596 ] ] ] } },
{ "type": "Feature", "properties": { }, "geometry": { "type": "Polygon", "coordinates": [ [ [ 128.335580104710118, 42.391169257839799 ], [ 127.847794843446067, 43.824057826045326 ], [ 127.784436608834881, 47.443822089033233 ], [ 126.498939799646479, 48.267023892618369 ], [ 125.942750866711975, 46.917907081074326 ], [ 122.167983184057576, 41.034738042248101 ], [ 127.014354004223321, 41.678823693352179 ], [ 128.335580104710118, 42.391169257839799 ] ] ] } },
{ "type": "Feature", "properties": { }, "geometry": { "type": "Polygon", "coordinates": [ [ [ 126.542323075642287, 51.730155362893193 ], [ 122.877855594652488, 52.563421337662255 ], [ 119.204699548250858, 51.078798129545817 ], [ 118.583304250891246, 51.188438268984854 ], [ 116.923264642249592, 49.206221367590139 ], [ 115.595611700645719, 46.224689650624704 ], [ 116.01401732682308, 44.409246092420361 ], [ 115.309804051517773, 39.884227946659024 ], [ 122.167983184057576, 41.034738042248101 ], [ 125.942750866711975, 46.917907081074326 ], [ 126.498939799646479, 48.267023892618369 ], [ 125.433798116524699, 49.112249249318999 ], [ 125.163846905442668, 49.740547526038505 ], [ 126.717328062230251, 51.2078679259686 ], [ 126.542323075642287, 51.730155362893193 ] ] ] } },
{ "type": "Feature", "properties": { }, "geometry": { "type": "Polygon", "coordinates": [ [ [ 77.326515112914365, 35.761509600898734 ], [ 75.158832727461572, 35.704485509341957 ], [ 73.973728522009168, 36.068084348760557 ], [ 72.298085527277067, 35.907388082071961 ], [ 70.733990101201258, 34.910856350437754 ], [ 72.680004437286613, 34.806069376539959 ], [ 76.857186205026679, 33.760743995402862 ], [ 79.425018400242053, 33.737701130514587 ], [ 87.840525877745279, 35.039501385516438 ], [ 86.855634421734692, 35.814880327254791 ], [ 85.529387391798267, 35.884980819739816 ], [ 82.117059413409152, 35.207724427194727 ], [ 81.226159526873488, 35.351812168756567 ], [ 81.489858828273029, 35.5584932957874 ], [ 80.704056188950091, 36.042897360117387 ], [ 79.645300043652142, 36.254679098325397 ], [ 77.326515112914365, 35.761509600898734 ] ] ] } },
{ "type": "Feature", "properties": { }, "geometry": { "type": "Polygon", "coordinates": [ [ [ 89.967310652218799, 35.364766304100954 ], [ 92.505563080999337, 35.313790472296468 ], [ 95.094456674736477, 34.209797559621109 ], [ 93.662002086555773, 35.343212169512697 ], [ 91.201793684494007, 35.693582132199488 ], [ 89.967310652218799, 35.364766304100954 ] ] ] } },
{ "type": "Feature", "properties": { }, "geometry": { "type": "Polygon", "coordinates": [ [ [ 84.411381532474479, 19.388265779118345 ], [ 83.63794998582209, 19.742443370597513 ], [ 82.561685620635956, 19.408791190895002 ], [ 83.5221225549774, 19.175157772919221 ], [ 84.411381532474479, 19.388265779118345 ] ] ] } },
{ "type": "Feature", "properties": { }, "geometry": { "type": "Polygon", "coordinates": [ [ [ 65.399381155848545, -1.863258547012835 ], [ 63.601524169850116, -0.709741534406088 ], [ 63.502358821760922, -0.820744533945304 ], [ 63.711639818628768, -1.548692614078518 ], [ 65.399381155848545, -1.863258547012835 ] ] ] } },
{ "type": "Feature", "properties": { }, "geometry": { "type": "Polygon", "coordinates": [ [ [ -79.213435303392032, 53.547032494027725 ], [ -79.332106138212353, 56.003079817390905 ], [ -80.883747396245099, 56.816213138212142 ], [ -81.462660712905361, 58.050617424544392 ], [ -82.656411913877989, 58.709848572285928 ], [ -83.11792544317926, 59.852899882431416 ], [ -82.947211557303135, 60.011291715160596 ], [ -83.469909670745977, 60.649635033807883 ], [ -86.049259158583709, 61.951432303369273 ], [ -85.82837352421393, 59.967100545792682 ], [ -84.306845332612838, 57.119660857491375 ], [ -82.87560326102242, 56.059742037900655 ], [ -82.440114532162823, 54.988054686126922 ], [ -81.643251069913092, 54.52109094870621 ], [ -81.030468773387341, 53.624771193654581 ], [ -80.396383100555298, 53.264802347359122 ], [ -79.213435303392032, 53.547032494027725 ] ] ] } },
{ "type": "Feature", "properties": { }, "geometry": { "type": "Polygon", "coordinates": [ [ [ -119.413516178023855, 73.136643247755856 ], [ -118.740130335841869, 72.485811623217657 ], [ -112.226677978998424, 73.327548166201666 ], [ -103.761571853811404, 73.541728762266786 ], [ -99.071911853974612, 74.603968551588295 ], [ -108.237920800044492, 74.355854097645519 ], [ -106.949904140667911, 74.986019106814027 ], [ -104.220113862755767, 75.499314592418273 ], [ -104.582732919542522, 75.717507824050415 ], [ -103.562578408221896, 76.353263991803871 ], [ -115.64055983099648, 76.688138164587812 ], [ -124.06952969023493, 75.162004543678734 ], [ -125.213284759083649, 74.678949866089951 ], [ -125.200849087668701, 74.141186040301832 ], [ -124.438922979780557, 73.882977204339639 ], [ -119.413516178023855, 73.136643247755856 ] ] ] } },
{ "type": "Feature", "properties": { }, "geometry": { "type": "Polygon", "coordinates": [ [ [ 131.813567859347188, -8.008818654109378 ], [ 128.567613033698251, -8.195363935323883 ], [ 129.214823059665378, -8.672141912744854 ], [ 131.813567859347188, -8.008818654109378 ] ] ] } },
{ "type": "Feature", "properties": { }, "geometry": { "type": "Polygon", "coordinates": [ [ [ 133.203726936017688, -5.937808346221313 ], [ 130.202022263774495, -5.880449532401471 ], [ 128.985780634222635, -7.692997904178736 ], [ 130.181625666418199, -7.219546860342844 ], [ 130.892932123671983, -7.491764494955478 ], [ 131.803301636747733, -7.318811654748147 ], [ 133.203726936017688, -5.937808346221313 ] ] ] } },
{ "type": "Feature", "properties": { }, "geometry": { "type": "Polygon", "coordinates": [ [ [ 127.874960585005311, -6.086106064119839 ], [ 126.134341797282246, -5.204250741021722 ], [ 127.873066112105818, -6.326240565195461 ], [ 128.430772289283823, -7.70895278888078 ], [ 128.81539928927009, -7.766686974662063 ], [ 127.874960585005311, -6.086106064119839 ] ] ] } },
{ "type": "Feature", "properties": { }, "geometry": { "type": "Polygon", "coordinates": [ [ [ 128.81539928927009, -7.766686974662063 ], [ 128.430772289283823, -7.70895278888078 ], [ 127.873066112105818, -6.326240565195461 ], [ 124.775854155121948, -4.718054584297791 ], [ 127.842299698807224, -6.918853420169747 ], [ 127.886524701666417, -7.638611810109733 ], [ 128.567613033698251, -8.195363935323883 ], [ 128.948018256513393, -8.169661952491417 ], [ 128.81539928927009, -7.766686974662063 ] ] ] } },
{ "type": "Feature", "properties": { }, "geometry": { "type": "Polygon", "coordinates": [ [ [ 111.76040521763953, 27.785950309878569 ], [ 110.317894571128647, 27.138283373355474 ], [ 107.169839007319226, 26.793399753717981 ], [ 110.089343170624971, 24.661645409124077 ], [ 111.538443723699743, 26.458288413158314 ], [ 111.76040521763953, 27.785950309878569 ] ] ] } },
{ "type": "Feature", "properties": { }, "geometry": { "type": "Polygon", "coordinates": [ [ [ 111.712389634691007, 23.085867828206471 ], [ 111.923188783700127, 23.542764495220538 ], [ 111.735820570857484, 24.467314273559552 ], [ 112.516875053636056, 25.660657176375413 ], [ 112.482201226028593, 26.09671436514823 ], [ 111.022449531392354, 24.307738025059322 ], [ 111.712389634691007, 23.085867828206471 ] ] ] } },
{ "type": "Feature", "properties": { }, "geometry": { "type": "Polygon", "coordinates": [ [ [ -117.662410418949065, 71.784618787839676 ], [ -116.89412582431612, 71.16744251112658 ], [ -112.316144119969564, 71.770894303802308 ], [ -110.590442004026684, 72.499616044561193 ], [ -110.78205236486356, 72.814635237949744 ], [ -112.20369268786709, 72.973422423568167 ], [ -117.662410418949065, 71.784618787839676 ] ] ] } },
{ "type": "Feature", "properties": { }, "geometry": { "type": "Polygon", "coordinates": [ [ [ -143.284113819521707, 82.302245659431279 ], [ -149.483650507411909, 82.254778173423389 ], [ -144.471053631490634, 81.458067158230591 ], [ -143.284113819521707, 82.302245659431279 ] ] ] } },
{ "type": "Feature", "properties": { }, "geometry": { "type": "MultiPolygon", "coordinates": [ [ [ [ 179.99999999, 81.78348582495785 ], [ 176.55996575199174, 81.557499169413461 ], [ 177.528928631050917, 81.445460978303359 ], [ 170.5592847507844, 78.909953810556914 ], [ 164.160882399372952, 77.509490270503676 ], [ 157.761454530711347, 76.521054548592119 ], [ 154.874649739089705, 75.598102183777812 ], [ 153.099618636731975, 73.908585968784536 ], [ 149.316617692627375, 73.588106887869657 ], [ 146.251863705267283, 72.581612469611386 ], [ 146.625152874859481, 72.208817473231818 ], [ 151.42161219226881, 72.603427124016136 ], [ 154.917140106351269, 73.395263674207641 ], [ 159.122527497221171, 76.297066809654325 ], [ 162.407338982038397, 75.307905391375002 ], [ 160.949944954263003, 74.467214359996774 ], [ 162.609671252954854, 74.065468448461843 ], [ 167.15852659929385, 75.559669285983077 ], [ 169.366192469878342, 76.927119734490844 ], [ 176.759747190593629, 79.077352629904979 ], [ 179.99999999, 80.472551771047364 ], [ 179.99999999, 81.78348582495785 ] ] ], [ [ [ -179.99999999, 80.472551771047364 ], [ -171.358157824059418, 82.247638128287164 ], [ -170.209766920826922, 82.656467728031103 ], [ -172.867189875026725, 82.635415754374733 ], [ -176.023990191401595, 82.016083359912116 ], [ -179.99999999, 81.78348582495785 ], [ -179.99999999, 80.472551771047364 ] ] ] ] } },
{ "type": "Feature", "properties": { }, "geometry": { "type": "MultiPolygon", "coordinates": [ [ [ [ 179.99999999, 82.902873591654043 ], [ 176.944222733790042, 82.077035106775625 ], [ 175.619343426128552, 81.991500845985925 ], [ 176.55996575199174, 81.557499169413461 ], [ 179.99999999, 81.78348582495785 ], [ 179.99999999, 82.902873591654043 ] ] ], [ [ [ -179.99999999, 81.78348582495785 ], [ -176.023990191401595, 82.016083359912116 ], [ -172.867189875026725, 82.635415754374733 ], [ -166.901080084085095, 82.790887418657221 ], [ -165.568895998246205, 82.603530015419892 ], [ -165.971586111819278, 82.320691776538766 ], [ -165.760600447585773, 82.133188257715659 ], [ -159.554521954677, 81.676944140469416 ], [ -154.988417627422848, 80.891097998508712 ], [ -153.797759375266537, 81.992707245279334 ], [ -163.875437966004483, 83.537091868554668 ], [ -172.081322374570561, 83.883348774324588 ], [ -176.869497604198813, 83.760754302185219 ], [ -178.921119779200581, 83.244421893189454 ], [ -179.99999999, 82.902873591654043 ], [ -179.99999999, 81.78348582495785 ] ] ] ] } },
{ "type": "Feature", "properties": { }, "geometry": { "type": "Polygon", "coordinates": [ [ [ 157.135044531067649, 74.187220305749833 ], [ 163.685673851464401, 75.291791644039009 ], [ 160.346033208994555, 75.978469474941505 ], [ 157.030954890272142, 76.214568436869854 ], [ 148.072442914319424, 75.455541435412201 ], [ 148.642125165081325, 75.037686163990969 ], [ 146.251530335513252, 74.388853585889976 ], [ 143.75118762035703, 74.304778102740229 ], [ 137.123263814123845, 74.938424610093634 ], [ 134.576173209417846, 74.493402792756143 ], [ 134.179412927822654, 74.010701048300476 ], [ 136.550179698655683, 73.608359832976049 ], [ 143.728131338474469, 71.351675904316892 ], [ 146.926974172605384, 71.425467331729934 ], [ 146.839161188341734, 71.813996259049446 ], [ 150.429256485576047, 72.591245847822464 ], [ 154.126345676726828, 72.658651663773455 ], [ 157.135044531067649, 74.187220305749833 ] ] ] } },
{ "type": "Feature", "properties": { }, "geometry": { "type": "Polygon", "coordinates": [ [ [ 138.818078574853246, 76.217006048803796 ], [ 140.661309309252402, 75.988424318367578 ], [ 143.937169858164054, 76.147121335642268 ], [ 152.376549652004059, 77.53870903265522 ], [ 144.317305332991623, 78.535467634056133 ], [ 142.968242543094846, 77.9720944997906 ], [ 143.196401006927971, 77.54228932228844 ], [ 142.803968974736989, 77.261894397029607 ], [ 139.813012622620931, 77.187172268197202 ], [ 140.206433785564883, 76.930437597971448 ], [ 138.818078574853246, 76.217006048803796 ] ] ] } },
{ "type": "Feature", "properties": { }, "geometry": { "type": "Polygon", "coordinates": [ [ [ 139.813012622620931, 77.187172268197202 ], [ 133.728994581538586, 77.627604172955742 ], [ 132.809858009325836, 77.425709774098294 ], [ 132.91082900977915, 76.687251573268725 ], [ 138.818078574853246, 76.217006048803796 ], [ 140.206433785564883, 76.930437597971448 ], [ 139.813012622620931, 77.187172268197202 ] ] ] } },
{ "type": "Feature", "properties": { }, "geometry": { "type": "Polygon", "coordinates": [ [ [ 138.470329268606775, 80.458400624155175 ], [ 141.280632869205078, 79.245569631321999 ], [ 144.317305332991623, 78.535467634056133 ], [ 152.376549652004059, 77.53870903265522 ], [ 156.267496334332918, 77.543645469075926 ], [ 160.747725961726758, 77.105733115483744 ], [ 166.991858788787113, 78.072732371503236 ], [ 171.957230830430547, 79.522272204773273 ], [ 149.307441900856247, 80.785032940924211 ], [ 138.470329268606775, 80.458400624155175 ] ] ] } },
{ "type": "Feature", "properties": { }, "geometry": { "type": "Polygon", "coordinates": [ [ [ 142.803968974736989, 77.261894397029607 ], [ 143.196401006927971, 77.54228932228844 ], [ 142.968242543094846, 77.9720944997906 ], [ 144.317305332991623, 78.535467634056133 ], [ 141.280632869205078, 79.245569631321999 ], [ 137.593732251241164, 80.769303307266313 ], [ 134.236920910924454, 80.223946709743529 ], [ 134.362090711333906, 79.598761613973039 ], [ 133.879762803958727, 79.262597628606301 ], [ 134.789962871608594, 78.561565193202171 ], [ 136.146399385903635, 78.079075205253048 ], [ 137.399110650520385, 78.039320137147726 ], [ 138.03246396758226, 77.359231812839155 ], [ 140.771956585711308, 77.087115174073787 ], [ 142.803968974736989, 77.261894397029607 ] ] ] } },
{ "type": "Feature", "properties": { }, "geometry": { "type": "Polygon", "coordinates": [ [ [ -112.20369268786709, 72.973422423568167 ], [ -116.836260265155829, 72.64144730641506 ], [ -118.516674297505148, 72.338423473265664 ], [ -117.662410418949065, 71.784618787839676 ], [ -112.20369268786709, 72.973422423568167 ] ] ] } },
{ "type": "Feature", "properties": { }, "geometry": { "type": "Polygon", "coordinates": [ [ [ -86.570699849528097, 69.204375573126043 ], [ -84.598648455893809, 67.050059399625638 ], [ -83.729567633879512, 65.405588503368108 ], [ -83.220434771952853, 65.078304788279027 ], [ -82.499317180283057, 66.16042055713956 ], [ -83.013221600067936, 67.048344750538988 ], [ -83.211521101424452, 68.380085821234928 ], [ -85.574389714388786, 69.472664973050783 ], [ -86.570699849528097, 69.204375573126043 ] ] ] } },
{ "type": "Feature", "properties": { }, "geometry": { "type": "Polygon", "coordinates": [ [ [ -143.288206243118623, 82.299625484852655 ], [ -135.799116398885388, 82.252754381728039 ], [ -121.834862362765861, 81.342847490250762 ], [ -132.29433134227628, 83.660076564871545 ], [ -138.342149700796597, 84.53061634473984 ], [ -143.288206243118623, 82.299625484852655 ] ] ] } },
{ "type": "Feature", "properties": { }, "geometry": { "type": "Polygon", "coordinates": [ [ [ -138.342149700796597, 84.53061634473984 ], [ -132.29433134227628, 83.660076564871545 ], [ -121.452609725823379, 81.187728739598029 ], [ -109.197379207367902, 80.366597226072045 ], [ -103.926223415432048, 79.623186493677466 ], [ -104.394440285654724, 79.860266528380251 ], [ -104.003359814144858, 80.240001090104101 ], [ -111.383710618766273, 81.916104460775685 ], [ -117.573675556164332, 84.349249994261427 ], [ -125.574954976204666, 85.653750304898352 ], [ -132.043844331561417, 85.97450901924276 ], [ -138.342149700796597, 84.53061634473984 ] ] ] } },
{ "type": "Feature", "properties": { }, "geometry": { "type": "Polygon", "coordinates": [ [ [ -17.292164211688309, -56.723332461029898 ], [ -17.942896755812878, -56.502235203214674 ], [ -25.49064690125676, -56.665078740511873 ], [ -29.836485964558641, -56.439774565959659 ], [ -35.599808565863192, -61.200053706999476 ], [ -31.816358307363284, -60.971787673955873 ], [ -28.699295988435381, -60.169039191407769 ], [ -23.346941172449082, -59.697628775372031 ], [ -20.898944063390065, -59.129001150117666 ], [ -17.794175827430262, -57.351321089552123 ], [ -17.292164211688309, -56.723332461029898 ] ] ] } },
{ "type": "Feature", "properties": { }, "geometry": { "type": "Polygon", "coordinates": [ [ [ -68.526205084258464, 84.510607964972934 ], [ -44.193852085428958, 86.326107761589583 ], [ -43.58641620756601, 86.747928596348601 ], [ -43.360266311944578, 87.897225444219188 ], [ -70.861521154055197, 88.410655674610467 ], [ -85.420782161887388, 86.396003979786698 ], [ -85.801510007945282, 85.600370243161493 ], [ -86.328605021703353, 85.417005294594119 ], [ -83.143105273079115, 83.845897161018129 ], [ -66.341489458208542, 83.197224358742119 ], [ -62.92413157019471, 83.585347727333513 ], [ -62.866557231728301, 83.861617736104165 ], [ -68.526205084258464, 84.510607964972934 ] ] ] } },
{ "type": "Feature", "properties": { }, "geometry": { "type": "Polygon", "coordinates": [ [ [ -113.423173399339063, 87.631526894132548 ], [ -99.906431760243322, 85.823977810867461 ], [ -99.858063334682342, 85.564110554090504 ], [ -103.02071794566973, 84.187344742844445 ], [ -102.168382527638499, 83.475251618857087 ], [ -96.173903931897101, 82.593025773953556 ], [ -92.062427137703878, 82.709492782226349 ], [ -81.341642989384212, 83.778690550062294 ], [ -83.143105273079115, 83.845897161018129 ], [ -86.328605021703353, 85.417005294594119 ], [ -85.801510007945282, 85.600370243161493 ], [ -85.420782161887388, 86.396003979786698 ], [ -70.861521154055197, 88.410655674610467 ], [ -113.423173399339063, 87.631526894132548 ] ] ] } },
{ "type": "Feature", "properties": { }, "geometry": { "type": "Polygon", "coordinates": [ [ [ -32.864613380640272, 88.143386606143153 ], [ -43.360266311944578, 87.897225444219188 ], [ -43.58641620756601, 86.747928596348601 ], [ -44.193852085428958, 86.326107761589583 ], [ -32.989088487173355, 86.95806705310325 ], [ -13.281640651616845, 87.463053377545478 ], [ -32.864613380640272, 88.143386606143153 ] ] ] } },
{ "type": "Feature", "properties": { }, "geometry": { "type": "Polygon", "coordinates": [ [ [ 109.084239137363383, 9.323406394982065 ], [ 110.588986144535809, 5.668746643359349 ], [ 112.49744761459965, 5.119413204583745 ], [ 114.221469894000478, 5.21848865712194 ], [ 115.104895023789851, 3.648476158201058 ], [ 116.661303383831566, 6.268670788823283 ], [ 116.876505877222868, 7.242625217920811 ], [ 116.566356938931463, 8.394808657923967 ], [ 115.855687609939793, 8.576674551087983 ], [ 111.611451131992268, 8.203350911756145 ], [ 111.091269026683804, 9.159193934693212 ], [ 109.084239137363383, 9.323406394982065 ] ] ] } },
{ "type": "Feature", "properties": { }, "geometry": { "type": "Polygon", "coordinates": [ [ [ 118.181926985031311, -1.866790570681335 ], [ 117.73886090974662, -1.096034042038221 ], [ 118.000223343216817, 3.135556296888444 ], [ 116.928616135955082, 2.609737067352436 ], [ 115.930628209469276, 2.628640978594479 ], [ 113.360784381770856, 3.552242451714857 ], [ 112.648281310803085, 3.532866033371127 ], [ 112.605864700563203, 2.993308060405181 ], [ 114.607196479128689, 0.37595898156646 ], [ 118.181926985031311, -1.866790570681335 ] ] ] } },
{ "type": "Feature", "properties": { }, "geometry": { "type": "Polygon", "coordinates": [ [ [ 104.993018394977454, 15.639449114714846 ], [ 105.178516700369016, 14.842304700418174 ], [ 109.084239137363383, 9.323406394982065 ], [ 111.091269026683804, 9.159193934693212 ], [ 111.611451131992268, 8.203350911756145 ], [ 115.855687609939793, 8.576674551087983 ], [ 116.562907011910355, 8.395732286103458 ], [ 116.003339273025489, 9.904247782434153 ], [ 113.652036796367767, 12.318524424008732 ], [ 112.526539210885531, 13.939136989582851 ], [ 104.993018394977454, 15.639449114714846 ] ] ] } },
{ "type": "Feature", "properties": { }, "geometry": { "type": "Polygon", "coordinates": [ [ [ 121.077381869720483, 26.937890344567389 ], [ 121.021009671379986, 28.31257174689652 ], [ 119.971885881580107, 27.148817442712421 ], [ 119.511367850812576, 25.241483017904454 ], [ 119.834924559965074, 24.32360712951381 ], [ 121.077381869720483, 26.937890344567389 ] ] ] } },
{ "type": "Feature", "properties": { }, "geometry": { "type": "Polygon", "coordinates": [ [ [ 119.786423917661253, 24.768493772950226 ], [ 119.127933876108386, 24.7756212449919 ], [ 120.039094260319999, 24.063263917896922 ], [ 120.851614083173018, 24.289923269395992 ], [ 121.365967508582742, 24.804934621709265 ], [ 121.645269655821153, 26.017165586805078 ], [ 120.777874351503641, 26.37152181944673 ], [ 119.98423447883286, 25.932855867247937 ], [ 119.786423917661253, 24.768493772950226 ] ] ] } },
{ "type": "Feature", "properties": { }, "geometry": { "type": "Polygon", "coordinates": [ [ [ 117.844037091808772, 23.11053885741271 ], [ 117.370272713497002, 20.861295483130892 ], [ 115.848694333441486, 18.496756129238442 ], [ 117.503383558009446, 19.219109264847702 ], [ 117.977688423774978, 19.776022236631288 ], [ 118.289744623894421, 22.171654399029276 ], [ 117.844037091808772, 23.11053885741271 ] ] ] } },
{ "type": "Feature", "properties": { }, "geometry": { "type": "Polygon", "coordinates": [ [ [ 115.607153144384867, -8.97823584639475 ], [ 117.774224242226254, -7.086392344863327 ], [ 117.538420924383814, -6.725540620636014 ], [ 112.618382986879652, -4.945720810543188 ], [ 109.539727801736475, -4.250252790834522 ], [ 107.553011495820996, -2.822059098809158 ], [ 107.848935106369467, -7.259101417263091 ], [ 110.614434225438529, -8.162758273492559 ], [ 111.227479313476266, -8.037935481615369 ], [ 110.876077003325477, -7.982881379049537 ], [ 111.701056107702513, -6.844084671034468 ], [ 113.901463285485804, -7.015058022271058 ], [ 114.338727140044355, -7.088343126085848 ], [ 115.121477898572778, -8.324794132072729 ], [ 114.529383856274578, -8.519647478387485 ], [ 115.607153144384867, -8.97823584639475 ] ] ] } },
{ "type": "Feature", "properties": { }, "geometry": { "type": "Polygon", "coordinates": [ [ [ 58.038551298346945, 31.331208130079563 ], [ 56.758622701242793, 31.743099203648555 ], [ 58.166194336769024, 29.625969285591342 ], [ 58.741537869977485, 28.026899988210911 ], [ 63.385772537861818, 31.494913861068383 ], [ 64.709034050561868, 32.02552127126792 ], [ 65.666068748121845, 33.333159957235516 ], [ 60.540687441004067, 31.765830085453274 ], [ 58.038551298346945, 31.331208130079563 ] ] ] } },
{ "type": "Feature", "properties": { }, "geometry": { "type": "Polygon", "coordinates": [ [ [ 65.618550725040521, 25.066890466886747 ], [ 64.881132769797475, 25.557200416917482 ], [ 62.542806155477962, 24.414406488335853 ], [ 62.114787921185972, 24.521804791498361 ], [ 59.583493102372543, 22.918170869947705 ], [ 57.504061746829635, 22.795880180713368 ], [ 56.293556526016864, 23.518074548568151 ], [ 56.777267961596813, 22.156417148330309 ], [ 56.569236347244136, 20.336085912728159 ], [ 57.218223202758466, 19.199768717386235 ], [ 58.739242588392592, 18.898250619175283 ], [ 60.340761833919231, 19.011328369149101 ], [ 63.794765496456861, 19.944905286908231 ], [ 65.439509690735179, 21.510404377611394 ], [ 65.228005675515973, 21.631974636467024 ], [ 66.214289480857929, 22.848729891767661 ], [ 65.618550725040521, 25.066890466886747 ] ] ] } },
{ "type": "Feature", "properties": { }, "geometry": { "type": "Polygon", "coordinates": [ [ [ -75.349580361912828, 62.245501012201174 ], [ -76.225082322935819, 63.083479294346617 ], [ -75.901299652485235, 62.218914794492591 ], [ -76.28116398114669, 61.38859196348983 ], [ -75.931545537863229, 60.360833497062949 ], [ -76.141167028547741, 60.096366916314047 ], [ -75.377038790602484, 58.347780971379891 ], [ -75.359815698606141, 56.466392816525406 ], [ -75.858073119991133, 55.294790928178834 ], [ -76.718006516719811, 54.307533747574389 ], [ -76.70972433285155, 53.050868925536548 ], [ -75.482037277137465, 52.654560437584657 ], [ -75.065958576492704, 53.49420882351717 ], [ -75.450454916176596, 53.848064321919189 ], [ -75.237375201575716, 54.640487398447476 ], [ -74.695372665902525, 55.095997415663703 ], [ -74.300460562823829, 56.109079083950149 ], [ -75.235137911203466, 57.544214079078749 ], [ -74.787305711637885, 57.798991284449684 ], [ -74.379734036549607, 58.719946865252254 ], [ -74.493038848052919, 59.095671894333599 ], [ -75.042557802703783, 58.998810320648978 ], [ -75.117192288988477, 59.317674215562299 ], [ -74.743858452757124, 59.515249960888319 ], [ -75.532797804894713, 61.025088560278903 ], [ -75.349580361912828, 62.245501012201174 ] ] ] } },
{ "type": "Feature", "properties": { }, "geometry": { "type": "Polygon", "coordinates": [ [ [ -76.28116398114669, 61.38859196348983 ], [ -77.308417584948785, 59.643268087088501 ], [ -76.428229700261056, 57.803874871537879 ], [ -76.737045061248836, 55.268812485949319 ], [ -76.227131360474687, 54.790887906838549 ], [ -75.359815698606141, 56.466392816525406 ], [ -75.377038790602484, 58.347780971379891 ], [ -76.141167028547741, 60.096366916314047 ], [ -75.931545537863229, 60.360833497062949 ], [ -76.28116398114669, 61.38859196348983 ] ] ] } },
{ "type": "Feature", "properties": { }, "geometry": { "type": "Polygon", "coordinates": [ [ [ -77.826777309009927, 68.50537514879386 ], [ -78.89524520499441, 69.600500148091527 ], [ -79.673250637871618, 69.834577245447335 ], [ -79.515551432273, 69.445529556514799 ], [ -81.150309642853983, 68.563438291858802 ], [ -81.15929633841057, 62.60881569114725 ], [ -80.681129286446819, 61.815076550863182 ], [ -80.881740179140863, 61.267484388194539 ], [ -80.67156243218146, 60.469182773362647 ], [ -81.12225721664089, 59.971816651938674 ], [ -80.142269342167353, 59.111970206555036 ], [ -80.608707002954489, 58.60372715700926 ], [ -80.468397178242924, 57.636587948179184 ], [ -78.963876650333233, 56.096775198487336 ], [ -79.042536569467217, 55.828075969401972 ], [ -78.621830686490839, 55.771216583744021 ], [ -78.147192330470517, 56.346298844249176 ], [ -76.737045061248836, 55.268812485949319 ], [ -76.428229700261056, 57.803874871537879 ], [ -77.308417584948785, 59.643268087088501 ], [ -76.105934519298742, 61.558493995129119 ], [ -75.954249963861415, 62.851276354608352 ], [ -79.823267831811052, 64.96743995237928 ], [ -80.507552676166867, 66.67243414377154 ], [ -80.016464558146609, 67.069879723463401 ], [ -78.563794947227521, 66.925696145133216 ], [ -78.682815341399362, 67.381621676042315 ], [ -77.826777309009927, 68.50537514879386 ] ] ] } },
{ "type": "Feature", "properties": { }, "geometry": { "type": "Polygon", "coordinates": [ [ [ -76.814779379273503, 64.28708754150297 ], [ -77.099056937440764, 64.884141310413099 ], [ -76.70357837336681, 65.336644163671068 ], [ -76.542415503832657, 66.337752811479547 ], [ -76.860256093361485, 66.909267333841299 ], [ -77.595272703914276, 67.317326656364116 ], [ -77.173628639759869, 67.96430060933065 ], [ -77.427762255682552, 69.173362820762051 ], [ -78.682815341399362, 67.381621676042315 ], [ -78.275050647901011, 64.916462320659917 ], [ -75.827514431912007, 62.976764435385078 ], [ -75.349580361912828, 62.245501012201174 ], [ -75.355057977918719, 63.154891986143845 ], [ -76.814779379273503, 64.28708754150297 ] ] ] } },
{ "type": "Feature", "properties": { }, "geometry": { "type": "Polygon", "coordinates": [ [ [ -68.571245557802229, 69.109260127598773 ], [ -72.404992114600418, 70.813038041449985 ], [ -79.468716283224538, 72.228176126094255 ], [ -76.047009137124178, 68.27985221075096 ], [ -74.858258445670785, 67.542537226392071 ], [ -73.694483344134937, 67.267542523494043 ], [ -73.919826067897787, 67.021089358877745 ], [ -73.653738662550666, 66.816857697497838 ], [ -73.683646780966484, 66.189591328301759 ], [ -74.610400585829282, 65.030543127881003 ], [ -74.174981001863614, 60.016731567431727 ], [ -75.223386125496219, 60.265482282923124 ], [ -75.532797804894713, 61.025088560278903 ], [ -75.176134462175369, 59.935660995809904 ], [ -74.743858452757124, 59.515249960888319 ], [ -75.117192288988477, 59.317674215562299 ], [ -75.042557802703783, 58.998810320648978 ], [ -74.493038848052919, 59.095671894333599 ], [ -74.379734036549607, 58.719946865252254 ], [ -74.362875179502652, 58.095750859640958 ], [ -74.787305711637885, 57.798991284449684 ], [ -74.56952641965627, 57.214751155224683 ], [ -72.85506435121907, 55.154250924099188 ], [ -73.319340503715921, 54.701786448730829 ], [ -73.514565113409688, 53.723968022111826 ], [ -72.806535136514398, 54.700029588460801 ], [ -72.438624438879444, 54.398199233087865 ], [ -72.431906400997136, 52.943006855505303 ], [ -73.39754386159106, 53.249935227163164 ], [ -73.128249180234278, 52.826289558517566 ], [ -73.352306116730048, 52.604728655399043 ], [ -74.645502116153963, 52.227779197190017 ], [ -75.111208567272115, 53.03808965444366 ], [ -74.342593318080617, 53.259019755512014 ], [ -74.863534180891847, 53.585836091189989 ], [ -76.397881588244232, 51.547316986247019 ], [ -75.493443028832104, 50.217121386796592 ], [ -73.776224206379837, 49.685943515137758 ], [ -74.633585749382689, 48.34407362581284 ], [ -74.934942727419354, 46.780299840644155 ], [ -73.462810932812786, 45.624082371052104 ], [ -70.391711869359284, 46.104640275050777 ], [ -71.294297101090521, 46.897254315087579 ], [ -71.266637060922889, 47.567562194265669 ], [ -69.201731253587639, 48.572847858012551 ], [ -69.778542801360985, 51.840548784951643 ], [ -69.716982404759321, 54.960838831006612 ], [ -72.624091560653767, 58.763564148851984 ], [ -72.995406231637801, 60.376877568758012 ], [ -72.488856996933663, 63.981889393143177 ], [ -69.088279414810629, 65.620571448733472 ], [ -67.431885523341577, 67.433928532333383 ], [ -68.571245557802229, 69.109260127598773 ] ] ] } },
{ "type": "Feature", "properties": { }, "geometry": { "type": "Polygon", "coordinates": [ [ [ -73.694483344134937, 67.267542523494043 ], [ -76.047009137124178, 68.27985221075096 ], [ -74.751008797371156, 66.542318267052764 ], [ -74.610400585829282, 65.030543127881003 ], [ -73.683646780966484, 66.189591328301759 ], [ -73.653738662550666, 66.816857697497838 ], [ -73.919826067897787, 67.021089358877745 ], [ -73.694483344134937, 67.267542523494043 ] ] ] } },
{ "type": "Feature", "properties": { }, "geometry": { "type": "Polygon", "coordinates": [ [ [ -75.848500169294837, 62.994736643512567 ], [ -78.275050647901011, 64.916462320659917 ], [ -78.563794947227521, 66.925696145133216 ], [ -80.016464558146609, 67.069879723463401 ], [ -80.507552676166867, 66.67243414377154 ], [ -79.823267831811052, 64.96743995237928 ], [ -75.848500169294837, 62.994736643512567 ] ] ] } },
{ "type": "Feature", "properties": { }, "geometry": { "type": "Polygon", "coordinates": [ [ [ -154.98841762742282, 80.891097998508712 ], [ -152.383289430002463, 80.412426383957722 ], [ -146.76657796797582, 80.687146539809689 ], [ -153.80806787622754, 81.984320962875529 ], [ -154.98841762742282, 80.891097998508712 ] ] ] } },
{ "type": "Feature", "properties": { }, "geometry": { "type": "Polygon", "coordinates": [ [ [ 109.231981839985195, -8.315762761190996 ], [ 106.834009106675367, -6.784062219110186 ], [ 102.585711046778329, -6.407757145428229 ], [ 99.607145999399236, -4.969875545627263 ], [ 100.259731034096333, -5.928811097253089 ], [ 102.148459416141677, -7.481280716518747 ], [ 104.443948462420011, -7.76481690735238 ], [ 107.131716756875292, -8.900592972317547 ], [ 109.231981839985195, -8.315762761190996 ] ] ] } },
{ "type": "Feature", "properties": { }, "geometry": { "type": "Polygon", "coordinates": [ [ [ 112.8116431288733, 22.060777047678378 ], [ 109.453687637627723, 21.699872579084982 ], [ 110.937101485534171, 19.314768165168239 ], [ 113.268736803104844, 20.838901350149573 ], [ 113.908574063886675, 21.798764308717754 ], [ 112.8116431288733, 22.060777047678378 ] ] ] } },
{ "type": "Feature", "properties": { }, "geometry": { "type": "Polygon", "coordinates": [ [ [ 97.575304367238914, 29.859704704359718 ], [ 96.452913155463889, 29.781664488437013 ], [ 93.409666066131422, 30.540539888119167 ], [ 95.006957528562353, 28.501979934476299 ], [ 96.563884806095686, 27.650379771915713 ], [ 97.313396452710322, 26.688600919495141 ], [ 98.150090501882033, 24.662274166476614 ], [ 98.203289106191349, 23.255835984135167 ], [ 99.480854472218184, 21.543443626616266 ], [ 101.112437471166302, 21.388217565400932 ], [ 98.903045370757837, 24.88678901336711 ], [ 98.522042559957114, 28.2733918829787 ], [ 97.575304367238914, 29.859704704359718 ] ] ] } },
{ "type": "Feature", "properties": { }, "geometry": { "type": "Polygon", "coordinates": [ [ [ 96.962620234088305, 9.248829049355587 ], [ 96.343324586298877, 12.665325341162802 ], [ 93.890796489961176, 15.887061111199891 ], [ 92.895206889819548, 18.002146235767768 ], [ 93.375910842782886, 22.218992641558899 ], [ 93.148745798770094, 22.159773200334662 ], [ 92.451701094080022, 21.437916395222011 ], [ 90.476949212867382, 16.814876677587513 ], [ 90.687590228176731, 14.723354087499397 ], [ 94.437520125619557, 13.198551671669193 ], [ 96.162279443159306, 10.655962344781088 ], [ 96.183062824127305, 9.367037769651384 ], [ 96.962620234088305, 9.248829049355587 ] ] ] } },
{ "type": "Feature", "properties": { }, "geometry": { "type": "Polygon", "coordinates": [ [ [ -127.220070143191847, 77.566650314214044 ], [ -122.885251380823092, 76.962323342871215 ], [ -112.490457396014421, 76.589518084600115 ], [ -107.112115010376741, 77.222841011898709 ], [ -103.141110737079302, 78.520666678374852 ], [ -98.850586532171022, 78.89616605834253 ], [ -109.197379207367902, 80.366597226072045 ], [ -114.160572499467833, 80.736764638477069 ], [ -117.779664350894691, 80.103904493131211 ], [ -127.220070143191847, 77.566650314214044 ] ] ] } },
{ "type": "Feature", "properties": { }, "geometry": { "type": "Polygon", "coordinates": [ [ [ 72.642276250918968, 35.925044825569941 ], [ 69.571809907892813, 37.165835411212839 ], [ 67.758421129186473, 36.841633310761608 ], [ 66.945086306133362, 36.100542469594863 ], [ 66.301673463867672, 33.695195575745963 ], [ 68.826396174127098, 35.224000571832583 ], [ 70.123753377104222, 35.241117383974711 ], [ 70.733990101201258, 34.910856350437754 ], [ 71.380679397891925, 35.528892904308073 ], [ 72.642276250918968, 35.925044825569941 ] ] ] } },
{ "type": "Feature", "properties": { }, "geometry": { "type": "Polygon", "coordinates": [ [ [ 58.414695555453378, 35.684396209843769 ], [ 55.440168293194688, 37.674273290451914 ], [ 54.384054430629156, 35.159054037403138 ], [ 53.494173489951926, 34.233899241808906 ], [ 51.337691474456612, 34.06263758024145 ], [ 52.984528427652279, 33.484568549236648 ], [ 54.079687017179218, 32.695564252323507 ], [ 55.599620892245035, 32.487170350005044 ], [ 56.280757026080913, 31.897766492939404 ], [ 58.038551298346945, 31.331208130079563 ], [ 60.540687441004067, 31.765830085453274 ], [ 65.917313170117509, 33.410333107023114 ], [ 66.301673463867672, 33.695195575745963 ], [ 66.488322402265268, 34.491784335655588 ], [ 65.590549782848555, 34.662120818666317 ], [ 65.037474734467949, 33.627211922716249 ], [ 64.268976160766698, 33.111273842405531 ], [ 58.414695555453378, 35.684396209843769 ] ] ] } },
{ "type": "Feature", "properties": { }, "geometry": { "type": "Polygon", "coordinates": [ [ [ 48.910646127582666, 34.188179700666538 ], [ 45.08825179956105, 35.642933511182846 ], [ 44.128264842181835, 34.382634271247703 ], [ 46.072592287482827, 34.297353976493184 ], [ 44.636435196908394, 32.793281570665073 ], [ 46.620661020623238, 31.146159570003075 ], [ 49.267331360664613, 30.793070346122676 ], [ 52.339582366338746, 32.262551740958607 ], [ 54.079687017179218, 32.695564252323507 ], [ 52.984528427652279, 33.484568549236648 ], [ 51.337691474456612, 34.06263758024145 ], [ 48.910646127582666, 34.188179700666538 ] ] ] } },
{ "type": "Feature", "properties": { }, "geometry": { "type": "Polygon", "coordinates": [ [ [ 46.072592287482827, 34.297353976493184 ], [ 42.257308618226524, 34.734502807515106 ], [ 41.95043561859832, 34.304285915741559 ], [ 44.636435196908394, 32.793281570665073 ], [ 46.072592287482827, 34.297353976493184 ] ] ] } },
{ "type": "Feature", "properties": { }, "geometry": { "type": "Polygon", "coordinates": [ [ [ 34.89448931515809, 36.547378565446103 ], [ 33.733437313324586, 36.25336684964023 ], [ 36.84393042386197, 35.428327488253693 ], [ 40.870951698742864, 35.117087242764491 ], [ 44.128264842181835, 34.382634271247703 ], [ 45.08825179956105, 35.642933511182846 ], [ 43.274950848140307, 36.593592431342628 ], [ 39.42620863736316, 36.247648004324461 ], [ 37.815594040127984, 36.575575333423878 ], [ 34.89448931515809, 36.547378565446103 ] ] ] } },
{ "type": "Feature", "properties": { }, "geometry": { "type": "Polygon", "coordinates": [ [ [ 39.987528685585744, 38.018637670834785 ], [ 37.388480530681889, 38.558003084896768 ], [ 36.995355173609646, 39.355442986480625 ], [ 34.137439772336201, 36.544505670935706 ], [ 37.815594040127984, 36.575575333423878 ], [ 39.42620863736316, 36.247648004324461 ], [ 43.274950848140307, 36.593592431342628 ], [ 45.08825179956105, 35.642933511182846 ], [ 45.55564118870403, 36.227503999618683 ], [ 44.263264027601309, 37.67027141198907 ], [ 39.987528685585744, 38.018637670834785 ] ] ] } },
{ "type": "Feature", "properties": { }, "geometry": { "type": "Polygon", "coordinates": [ [ [ 41.958761101706514, 38.546146621311472 ], [ 37.377682232738643, 39.51304415132423 ], [ 36.995355173609646, 39.355442986480625 ], [ 37.030692664928338, 38.842319231080793 ], [ 38.125341674856543, 38.295645922091602 ], [ 44.263264027601309, 37.67027141198907 ], [ 43.94554060008268, 37.996846523078439 ], [ 44.203606561692489, 38.610573461577992 ], [ 41.958761101706514, 38.546146621311472 ] ] ] } },
{ "type": "Feature", "properties": { }, "geometry": { "type": "Polygon", "coordinates": [ [ [ 44.263264027601309, 37.67027141198907 ], [ 45.68482386173438, 37.584202197155889 ], [ 50.337813653763945, 36.026818146004558 ], [ 51.676809653808377, 36.074023916249324 ], [ 52.664832131232401, 36.555006346308474 ], [ 53.747819094193325, 37.938588192933352 ], [ 51.433389581664663, 37.691802250518506 ], [ 45.224690707247831, 38.654209588147523 ], [ 44.203606561692489, 38.610573461577992 ], [ 43.94554060008268, 37.996846523078439 ], [ 44.263264027601309, 37.67027141198907 ] ] ] } },
{ "type": "Feature", "properties": { }, "geometry": { "type": "Polygon", "coordinates": [ [ [ 53.747819094193325, 37.938588192933352 ], [ 52.664832131232401, 36.555006346308474 ], [ 51.676809653808377, 36.074023916249324 ], [ 50.337813653763945, 36.026818146004558 ], [ 45.68482386173438, 37.584202197155889 ], [ 44.263264027601309, 37.67027141198907 ], [ 45.55564118870403, 36.227503999618683 ], [ 45.08825179956105, 35.642933511182846 ], [ 45.987557955309761, 35.116351110221501 ], [ 48.910646127582666, 34.188179700666538 ], [ 51.337691474456612, 34.06263758024145 ], [ 53.494173489951926, 34.233899241808906 ], [ 54.384054430629156, 35.159054037403138 ], [ 55.440168293194688, 37.674273290451914 ], [ 53.747819094193325, 37.938588192933352 ] ] ] } },
{ "type": "Feature", "properties": { }, "geometry": { "type": "Polygon", "coordinates": [ [ [ 70.231608129671372, 38.283398081497033 ], [ 68.287887125214411, 38.098175087321486 ], [ 66.112502582880595, 36.822196061815461 ], [ 65.977964956945982, 35.410440326369731 ], [ 65.037474734467949, 33.627211922716249 ], [ 65.590549782848555, 34.662120818666317 ], [ 66.488322402265268, 34.491784335655588 ], [ 67.30666609939955, 36.566447403358708 ], [ 68.548675927786988, 37.13117558360311 ], [ 69.999120624191093, 37.08690766384597 ], [ 72.452569109825731, 36.110649869099149 ], [ 70.231608129671372, 38.283398081497033 ] ] ] } },
{ "type": "Feature", "properties": { }, "geometry": { "type": "Polygon", "coordinates": [ [ [ 53.330541250025163, 39.456565734397046 ], [ 44.656920875598566, 39.222337952930715 ], [ 44.203606561692489, 38.610573461577992 ], [ 51.433389581664663, 37.691802250518506 ], [ 53.747819094193325, 37.938588192933352 ], [ 55.440168293194688, 37.674273290451914 ], [ 56.999269435491051, 36.402228571677611 ], [ 64.268976160766698, 33.111273842405531 ], [ 65.037474734467949, 33.627211922716249 ], [ 65.977964956945982, 35.410440326369731 ], [ 66.070357802491145, 36.35919520710641 ], [ 61.526201517415899, 36.059030778055472 ], [ 59.320034938133951, 36.274032522392744 ], [ 56.057163051369237, 37.654907951970252 ], [ 53.330541250025163, 39.456565734397046 ] ] ] } },
{ "type": "Feature", "properties": { }, "geometry": { "type": "Polygon", "coordinates": [ [ [ 46.098788733216772, 63.636112065496661 ], [ 44.9991971664085, 62.981256049366372 ], [ 44.777079299742397, 61.218933126197669 ], [ 44.1507679724551, 60.678529314191742 ], [ 43.497953293612682, 58.367545659705186 ], [ 50.04581896949923, 49.031172433156769 ], [ 50.012475024813035, 47.438190566811656 ], [ 52.327859835679192, 43.368386177076765 ], [ 53.330541250025163, 39.456565734397046 ], [ 56.057163051369237, 37.654907951970252 ], [ 59.320034938133951, 36.274032522392744 ], [ 57.042250320985694, 37.60671276711804 ], [ 53.625144173956002, 43.619231159710324 ], [ 53.249504229908062, 47.666427151602264 ], [ 51.53402802789531, 53.054365412832176 ], [ 50.220978292657406, 55.703375639811505 ], [ 46.328833362116029, 60.837558290505712 ], [ 46.713604054734454, 62.171005981542585 ], [ 47.372329499689798, 62.962588531842094 ], [ 46.098788733216772, 63.636112065496661 ] ] ] } },
{ "type": "Feature", "properties": { }, "geometry": { "type": "Polygon", "coordinates": [ [ [ 66.682358576921303, 50.113523433738933 ], [ 62.50317030452112, 53.046785977504058 ], [ 56.65979928473444, 55.207119507966297 ], [ 54.355870566306812, 56.590050634883163 ], [ 52.398431503037891, 59.71915162130837 ], [ 50.876463466824532, 60.103815122568726 ], [ 48.404903997823538, 61.597835016597493 ], [ 47.772133595822488, 62.006705514624699 ], [ 47.372329499689798, 62.962588531842094 ], [ 46.713604054734454, 62.171005981542585 ], [ 46.328833362116029, 60.837558290505712 ], [ 50.220978292657406, 55.703375639811505 ], [ 51.53402802789531, 53.054365412832176 ], [ 52.588730371887927, 49.636691452225833 ], [ 55.512498653264011, 49.402962270783505 ], [ 56.29222081428783, 49.640054656493525 ], [ 56.479344909370838, 50.369755636579193 ], [ 57.016029439431065, 50.610016146923904 ], [ 58.407421148219868, 50.669219235969138 ], [ 58.733278164645114, 50.999193055734921 ], [ 60.072119823784249, 51.231228754799979 ], [ 66.682358576921303, 50.113523433738933 ] ] ] } },
{ "type": "Feature", "properties": { }, "geometry": { "type": "Polygon", "coordinates": [ [ [ 56.29222081428783, 49.640054656493525 ], [ 55.512498653264011, 49.402962270783505 ], [ 52.588730371887927, 49.636691452225833 ], [ 53.249504229908062, 47.666427151602264 ], [ 53.459616609639433, 45.783362205055653 ], [ 53.429694180228999, 46.09435738998652 ], [ 54.28909853540042, 44.93473348954371 ], [ 54.299792454297702, 45.908718154901301 ], [ 55.008478206865732, 45.003159310048432 ], [ 55.725273038057075, 45.404189269872489 ], [ 56.29222081428783, 49.640054656493525 ] ] ] } },
{ "type": "Feature", "properties": { }, "geometry": { "type": "Polygon", "coordinates": [ [ [ 58.127010634607409, 50.69915765065808 ], [ 56.479344909370838, 50.369755636579193 ], [ 55.988813402853523, 48.398736463131748 ], [ 56.003001431709997, 46.181779142991211 ], [ 55.551917351513829, 45.094502301112996 ], [ 55.008478206865732, 45.003159310048432 ], [ 57.991173497203967, 42.951526685865147 ], [ 63.072863851741687, 41.785442277133427 ], [ 59.979763389506196, 43.476760620544695 ], [ 58.903418361750852, 46.175936457636666 ], [ 59.385524391189428, 48.175330047195928 ], [ 59.227110146199621, 49.280082154152062 ], [ 58.127010634607409, 50.69915765065808 ] ] ] } },
{ "type": "Feature", "properties": { }, "geometry": { "type": "Polygon", "coordinates": [ [ [ 24.673565840512637, 34.547932115881437 ], [ 31.50126477696562, 34.66091047460182 ], [ 34.133868225936133, 36.078298856074134 ], [ 33.733437313324586, 36.25336684964023 ], [ 37.377682232738643, 39.51304415132423 ], [ 47.370798244316184, 39.042754260943781 ], [ 53.330541250025163, 39.456565734397046 ], [ 52.327859835679192, 43.368386177076765 ], [ 50.012475024813035, 47.438190566811656 ], [ 50.04581896949923, 49.031172433156769 ], [ 43.725531319147009, 58.045182053145183 ], [ 31.061038572232146, 58.476590380228828 ], [ 21.975611283885495, 59.409272670576613 ], [ 20.341261230062589, 59.277626742960656 ], [ 9.955745800209973, 60.466079390279681 ], [ 9.599645231558464, 60.086522325619043 ], [ 9.387555243951978, 59.490617727918782 ], [ 10.873295570951909, 58.055441926087568 ], [ 9.815695372481509, 57.760619614814836 ], [ 8.258121837855313, 56.610831656613833 ], [ 6.352178147720339, 53.376986740580321 ], [ 3.139855486714093, 49.585109848886283 ], [ 2.661113478309436, 48.332169992442552 ], [ 2.449614564495986, 45.257732633619376 ], [ 8.23463190994172, 44.817361634002268 ], [ 14.82849657354762, 42.980941664349047 ], [ 14.604777697000735, 41.876019821678767 ], [ 18.218507124938171, 40.239849022764396 ], [ 15.873417791099532, 40.048725069023583 ], [ 16.019027506302802, 38.158125431721437 ], [ 14.833180893673724, 36.398285013488227 ], [ 15.455356220780104, 36.650898304936668 ], [ 15.921803921052076, 37.519651354311371 ], [ 16.887955712506731, 38.233654981919038 ], [ 20.358415070413606, 39.105561943142547 ], [ 21.979903214503739, 38.452055878972971 ], [ 24.570821225474855, 36.557907283898977 ], [ 24.994476073439561, 34.963131336012395 ], [ 24.673565840512637, 34.547932115881437 ] ] ] } },
{ "type": "Feature", "properties": { }, "geometry": { "type": "Polygon", "coordinates": [ [ [ 82.392113232746979, 43.951044960320289 ], [ 80.440053416127128, 44.265870156075401 ], [ 76.349158077470705, 43.849664232384946 ], [ 69.216249654896529, 39.513320768159723 ], [ 66.711552020603577, 40.102556681514955 ], [ 65.505596845560589, 38.304368866133466 ], [ 63.361680998853537, 38.129236095725034 ], [ 59.139110973817196, 39.463243060175294 ], [ 56.567251465909948, 40.745399780846789 ], [ 55.278622410729895, 42.901837802768476 ], [ 54.354558425938762, 43.732318157591251 ], [ 54.28909853540042, 44.93473348954371 ], [ 53.429694180228999, 46.09435738998652 ], [ 53.625144173956002, 43.619231159710324 ], [ 57.042250320985694, 37.60671276711804 ], [ 59.320034938133951, 36.274032522392744 ], [ 61.526201517415899, 36.059030778055472 ], [ 66.070357802491145, 36.35919520710641 ], [ 66.112502582880595, 36.822196061815461 ], [ 68.287887125214411, 38.098175087321486 ], [ 70.231608129671372, 38.283398081497033 ], [ 70.343330405362423, 39.26361121767723 ], [ 74.028993481315112, 41.962326694023062 ], [ 75.850931096356547, 42.863317710789218 ], [ 78.693896689508165, 43.573944415970011 ], [ 81.512349887160269, 43.654644897845301 ], [ 82.392113232746979, 43.951044960320289 ] ] ] } },
{ "type": "Feature", "properties": { }, "geometry": { "type": "Polygon", "coordinates": [ [ [ 74.209181081760292, 42.761369581224642 ], [ 70.017641875696626, 41.041188867268147 ], [ 68.954309029643056, 41.198502438161164 ], [ 67.639234576155829, 40.789574034864714 ], [ 64.794629186959909, 41.114749141082278 ], [ 57.991173497203967, 42.951526685865147 ], [ 55.424748667416459, 44.61110216488693 ], [ 54.299792454297702, 45.908718154901301 ], [ 54.191125052758196, 44.090973328168509 ], [ 56.567251465909948, 40.745399780846789 ], [ 59.139110973817196, 39.463243060175294 ], [ 63.361680998853537, 38.129236095725034 ], [ 65.505596845560589, 38.304368866133466 ], [ 66.711552020603577, 40.102556681514955 ], [ 69.216249654896529, 39.513320768159723 ], [ 74.209181081760292, 42.761369581224642 ] ] ] } },
{ "type": "Feature", "properties": { }, "geometry": { "type": "Polygon", "coordinates": [ [ [ 92.566013274328128, 48.33413013385519 ], [ 85.426404898445213, 47.900340449175069 ], [ 82.144163722522549, 45.992519529418146 ], [ 80.537844940919229, 45.772619735013159 ], [ 77.156400707391853, 43.95149178699485 ], [ 80.440053416127128, 44.265870156075401 ], [ 86.075759575681474, 43.60708541589495 ], [ 85.268584491676336, 41.818146931436097 ], [ 83.473532446821039, 40.526195482086919 ], [ 90.132594598703548, 43.737466386186803 ], [ 91.039042999347146, 43.909404605692785 ], [ 102.026386798144685, 42.537948013072572 ], [ 100.65177876330317, 44.376409817587174 ], [ 100.400413762697312, 45.95177723645314 ], [ 100.914726339913429, 47.571241870044673 ], [ 102.325843290790786, 48.660943894389952 ], [ 100.591806350287683, 48.297775363826879 ], [ 95.238085552277312, 48.796574512201616 ], [ 92.566013274328128, 48.33413013385519 ] ] ] } },
{ "type": "Feature", "properties": { }, "geometry": { "type": "Polygon", "coordinates": [ [ [ 61.815464055651653, 50.938775296028631 ], [ 60.072119823784249, 51.231228754799979 ], [ 58.127010634607409, 50.69915765065808 ], [ 59.355975133853654, 48.704405544541643 ], [ 58.903418361750852, 46.175936457636666 ], [ 60.25860527802373, 43.151990993749294 ], [ 63.853547508103752, 41.393652660272551 ], [ 66.907819514306041, 40.819979092630248 ], [ 68.954309029643056, 41.198502438161164 ], [ 70.017641875696626, 41.041188867268147 ], [ 79.642424490981725, 45.186380130744325 ], [ 77.37306684949003, 44.935336279800318 ], [ 74.587455660260432, 44.081334586801574 ], [ 70.636733084590958, 42.122259846582061 ], [ 68.721309044140995, 42.023299058840529 ], [ 65.931719157614637, 42.70581663543733 ], [ 63.216547278653202, 43.771597987479183 ], [ 61.678252679619327, 44.809005646230467 ], [ 61.087701323046453, 45.591127573039202 ], [ 60.773702621248951, 47.468316762629506 ], [ 61.964662868027887, 48.494388511723599 ], [ 61.815464055651653, 50.938775296028631 ] ] ] } },
{ "type": "Feature", "properties": { }, "geometry": { "type": "Polygon", "coordinates": [ [ [ 62.99813155659664, 50.542892624627612 ], [ 61.815464055651653, 50.938775296028631 ], [ 61.964662868027887, 48.494388511723599 ], [ 60.773702621248951, 47.468316762629506 ], [ 60.697700670770793, 46.862892953764842 ], [ 61.437790728993463, 45.018446070873367 ], [ 63.216547278653202, 43.771597987479183 ], [ 65.931719157614637, 42.70581663543733 ], [ 69.231286593674056, 42.001139554932365 ], [ 71.150402711986345, 42.318697420786407 ], [ 73.863392192641072, 43.806361079419482 ], [ 70.052391695908867, 43.660490444934773 ], [ 65.947815077307439, 44.031078607936045 ], [ 64.522393330358241, 44.630958300352532 ], [ 62.934807458532724, 45.803064055496868 ], [ 62.205858812507138, 47.335552172522604 ], [ 63.143862468859666, 48.422487471469374 ], [ 62.99813155659664, 50.542892624627612 ] ] ] } },
{ "type": "Feature", "properties": { }, "geometry": { "type": "Polygon", "coordinates": [ [ [ 129.596889679232731, 64.948895391166332 ], [ 129.639739691902548, 64.108166668820118 ], [ 128.989131920743404, 62.435083564338747 ], [ 126.687495189804437, 60.91156447423522 ], [ 125.333046795613257, 59.54606886633686 ], [ 125.37077198706811, 55.169373551552958 ], [ 125.716545353409771, 54.649398486822186 ], [ 126.119869079405944, 54.730226434827266 ], [ 128.029689517999969, 53.164014254933981 ], [ 130.332354879034597, 53.582606402624016 ], [ 130.700022318320691, 55.441264116414921 ], [ 132.642222440944465, 59.612922984386692 ], [ 133.257301024549434, 62.034888426592147 ], [ 132.137333271426826, 65.517091010653019 ], [ 129.596889679232731, 64.948895391166332 ] ] ] } },
{ "type": "Feature", "properties": { }, "geometry": { "type": "Polygon", "coordinates": [ [ [ 57.015917467969821, 80.552474576039472 ], [ 39.389300897139336, 79.117270301433166 ], [ 46.338241635097731, 78.13649007728479 ], [ 49.88487797548288, 77.30689540339489 ], [ 51.643359999805753, 76.180863124846127 ], [ 51.584388480025204, 74.662471532224544 ], [ 48.779754379035374, 71.864111047250688 ], [ 44.270099039966667, 70.256588140273536 ], [ 51.034339565542403, 68.77145794835161 ], [ 47.932886572115933, 66.86176327296559 ], [ 48.347000004705357, 66.000266657079393 ], [ 67.457054686758994, 56.53197766782516 ], [ 77.047726147274574, 56.986504690876316 ], [ 84.826812249335831, 56.74393909592284 ], [ 86.799352939912751, 57.130184306984255 ], [ 90.609263021570811, 56.391382722331819 ], [ 91.503903629994085, 56.468582523343876 ], [ 92.784531466503381, 57.023486975580788 ], [ 94.3852353384178, 59.775781175813243 ], [ 94.284645131846432, 60.599591620767441 ], [ 93.516901915122276, 62.009911392079232 ], [ 94.044182467368145, 63.888008778582183 ], [ 96.484379647359091, 66.28388381586754 ], [ 98.912744445633123, 67.224050063434021 ], [ 100.765044730399339, 66.742100674694612 ], [ 104.476420818770706, 62.948147080323196 ], [ 104.997789974617035, 62.013164072109191 ], [ 106.085903568334601, 61.745761856293313 ], [ 108.621839308921395, 63.039487108138943 ], [ 112.861939937207893, 63.756250956016913 ], [ 119.211650673092436, 64.2124111938016 ], [ 123.383119982662748, 65.244337515224714 ], [ 125.878923785072416, 66.519648397243557 ], [ 127.860186664649063, 68.167458326514748 ], [ 126.170479651705548, 69.187664507020258 ], [ 124.544878272024462, 71.127430620347425 ], [ 122.571761814461453, 72.454944430516932 ], [ 122.925371127113067, 73.099538652276479 ], [ 122.402770223879045, 73.989785361091393 ], [ 113.439688755086664, 73.825992471921651 ], [ 109.553750730534503, 73.146123278187872 ], [ 104.421120055836369, 73.121258722460041 ], [ 103.4337881406679, 73.814625802072001 ], [ 100.287023861927366, 74.596868937406398 ], [ 99.232560778754049, 75.336965741483837 ], [ 89.797378273847002, 78.762658172829759 ], [ 85.169945617286288, 79.27407565855512 ], [ 65.674979605181846, 77.233012318713889 ], [ 60.064616454350585, 80.613733454868736 ], [ 58.617953793592136, 81.121272625940392 ], [ 57.015917467969821, 80.552474576039472 ] ] ] } },
{ "type": "Feature", "properties": { }, "geometry": { "type": "Polygon", "coordinates": [ [ [ 21.709477291154549, 75.692702954454148 ], [ 20.654977920428205, 74.956615056184546 ], [ 19.272921347966232, 74.777628488274743 ], [ 17.738077988481386, 73.982591338632304 ], [ 22.547831793877133, 73.295658497947286 ], [ 33.693995236045801, 70.618152427608138 ], [ 41.140890150795805, 69.820335723167332 ], [ 43.358862901122336, 70.011852256741378 ], [ 48.779754379035374, 71.864111047250688 ], [ 51.584388480025204, 74.662471532224544 ], [ 51.768367477457033, 75.779705812236713 ], [ 51.202450303796851, 76.667433101044068 ], [ 49.88487797548288, 77.30689540339489 ], [ 46.338241635097731, 78.13649007728479 ], [ 41.362325848129778, 78.802956467171128 ], [ 35.231921750629688, 78.420250355981238 ], [ 26.714877011879938, 77.375639140395634 ], [ 21.709477291154549, 75.692702954454148 ] ] ] } },
{ "type": "Feature", "properties": { }, "geometry": { "type": "Polygon", "coordinates": [ [ [ -44.470107025467691, -30.510585423463919 ], [ -50.94727220163665, -27.722442734044776 ], [ -51.66096441545006, -31.914804607254254 ], [ -53.03746950626185, -35.664844548567864 ], [ -47.722542703189276, -40.404964092662176 ], [ -46.04216731860236, -41.041725805021208 ], [ -44.470107025467691, -30.510585423463919 ] ] ] } },
{ "type": "Feature", "properties": { }, "geometry": { "type": "Polygon", "coordinates": [ [ [ 8.258121837855313, 56.610831656613833 ], [ 9.815695372481509, 57.760619614814836 ], [ 1.623884270475708, 54.112597894556977 ], [ 1.56403238149824, 53.350300421343533 ], [ 2.84326182320098, 52.444227720183164 ], [ 1.674879070060924, 51.52326665714304 ], [ 2.02175668400589, 50.746622724002016 ], [ -1.494960444336161, 49.679036213541778 ], [ -4.069321405122974, 49.304888728298508 ], [ -5.977681217745706, 48.443731709518843 ], [ 1.02638829728074, 47.94696190102907 ], [ 1.807513729233645, 45.308562511674168 ], [ 2.470562730848585, 44.355824721891913 ], [ 2.458648581016273, 46.722128262347674 ], [ 2.927250107707337, 49.184129575245045 ], [ 6.352178147720339, 53.376986740580321 ], [ 8.258121837855313, 56.610831656613833 ] ] ] } },
{ "type": "Feature", "properties": { }, "geometry": { "type": "Polygon", "coordinates": [ [ [ 2.470562730848585, 44.355824721891913 ], [ 1.807513729233645, 45.308562511674168 ], [ 1.02638829728074, 47.94696190102907 ], [ -0.656263186588142, 48.000208623111995 ], [ -2.462033323858903, 46.834353043022546 ], [ -4.393364560141418, 46.340883208177935 ], [ -6.10541451705142, 45.12783986818765 ], [ -6.050396194128686, 41.925535234407853 ], [ -7.128050282423833, 41.149002301199509 ], [ -7.416748126278951, 40.51396679735317 ], [ -7.352008040586759, 38.115803959792217 ], [ -6.014992526299458, 39.138854208651743 ], [ -4.318607467400166, 39.57139918658681 ], [ -1.938517816257449, 41.220261930621042 ], [ 1.685755563343267, 42.866862702840308 ], [ 2.215565799189846, 43.417293196522053 ], [ 2.470562730848585, 44.355824721891913 ] ] ] } },
{ "type": "Feature", "properties": { }, "geometry": { "type": "Polygon", "coordinates": [ [ [ 24.865448319585671, 3.926674479653031 ], [ 25.935698711011746, 5.458165941632643 ], [ 27.129403301351509, 8.539295274365717 ], [ 24.936348625636295, 6.143091332632144 ], [ 24.865448319585671, 3.926674479653031 ] ] ] } },
{ "type": "Feature", "properties": { }, "geometry": { "type": "Polygon", "coordinates": [ [ [ 51.553559889021876, -25.534992875449774 ], [ 51.333146896590385, -25.390928127763257 ], [ 50.836306374131901, -25.790936235408189 ], [ 50.47782035951483, -24.933117396105182 ], [ 49.569132888953149, -24.547340626270739 ], [ 49.371244665399331, -24.864233733245033 ], [ 50.49265957722762, -25.157324322614024 ], [ 50.789302899495205, -27.232168732520815 ], [ 51.526808141480096, -28.322569020049063 ], [ 51.500289781472624, -30.634831767571661 ], [ 52.405194236588102, -32.485866696502576 ], [ 53.503492399383219, -33.775377120951632 ], [ 54.559722019184861, -35.855712944472188 ], [ 58.601892120162049, -38.569369350287104 ], [ 61.131467770588443, -39.618136274470807 ], [ 65.099732028180853, -40.527902564390686 ], [ 68.177849039459801, -39.825337749376885 ], [ 68.625693789062595, -40.217365990633049 ], [ 68.526404304674642, -39.793469821150254 ], [ 67.364507668495477, -39.054523200791778 ], [ 66.574981317871917, -39.851136746372262 ], [ 65.716212247798794, -40.128217522348372 ], [ 60.996530807886415, -39.417673932139095 ], [ 57.301970949434718, -37.656911653272722 ], [ 56.376326266751633, -36.233568697558511 ], [ 53.262704989963481, -33.39473589289328 ], [ 52.342366536380887, -32.121576094855719 ], [ 52.473799177461629, -30.716177275723165 ], [ 52.121598377829876, -30.13237794810285 ], [ 51.997292357599868, -28.056698932128754 ], [ 51.475335399228697, -27.154783145092072 ], [ 51.553559889021876, -25.534992875449774 ] ] ] } },
{ "type": "Feature", "properties": { }, "geometry": { "type": "Polygon", "coordinates": [ [ [ 23.642662376368342, 32.656459401502119 ], [ 21.569647965533754, 33.303637595240303 ], [ 21.619925918182087, 31.87189317113404 ], [ 24.288513802451359, 29.587205731089139 ], [ 26.903139929364009, 30.839606348439787 ], [ 28.083843007236524, 30.987824912446943 ], [ 28.030779567389246, 31.307524469200043 ], [ 27.143353763762018, 31.467800178458624 ], [ 26.301451998725394, 32.283211106106272 ], [ 26.539358649285582, 32.841830057240365 ], [ 23.642662376368342, 32.656459401502119 ] ] ] } },
{ "type": "Feature", "properties": { }, "geometry": { "type": "Polygon", "coordinates": [ [ [ 26.841198087506907, 34.720560014431278 ], [ 23.021341030308875, 33.946553421065381 ], [ 21.839401318887859, 34.041153051766287 ], [ 21.569647965533754, 33.303637595240303 ], [ 23.909027233067871, 32.63293573991799 ], [ 31.131402855669059, 33.062449178284112 ], [ 26.841198087506907, 34.720560014431278 ] ] ] } },
{ "type": "Feature", "properties": { }, "geometry": { "type": "Polygon", "coordinates": [ [ [ 20.425920001004567, 33.68673863829477 ], [ 19.96659532498019, 33.855593662140642 ], [ 19.366159077603388, 33.571366312288966 ], [ 18.708041514762623, 33.929048980462383 ], [ 18.169125993639827, 33.732099608393689 ], [ 21.297377173852446, 30.463910034011963 ], [ 22.279204930949838, 30.617738659700326 ], [ 20.787043351478236, 32.421635986806592 ], [ 20.425920001004567, 33.68673863829477 ] ] ] } },
{ "type": "Feature", "properties": { }, "geometry": { "type": "Polygon", "coordinates": [ [ [ 17.596716675658282, 33.165313494408551 ], [ 17.148203389400933, 32.146653058930355 ], [ 17.303039771322702, 31.408219363983115 ], [ 19.761964773879267, 27.754806291467425 ], [ 20.889237972466002, 30.155943226755948 ], [ 21.248229073989513, 30.317519849259494 ], [ 18.142787118222543, 33.598041369782941 ], [ 17.596716675658282, 33.165313494408551 ] ] ] } },
{ "type": "Feature", "properties": { }, "geometry": { "type": "Polygon", "coordinates": [ [ [ 17.704189525038178, 31.241055393309061 ], [ 14.638691837213676, 31.181244890472822 ], [ 13.50897495930978, 30.242927361217959 ], [ 12.380656200903523, 28.511955322321697 ], [ 9.278763973790216, 26.689762094438287 ], [ 8.739902630260586, 26.04506566045945 ], [ 9.04824912880944, 25.93415899319114 ], [ 9.126158238770207, 25.198818762003881 ], [ 9.838620696281197, 25.618013584531706 ], [ 10.032632060821275, 26.293736713266696 ], [ 13.446529333215912, 26.877495512591789 ], [ 14.476615929576873, 27.674596544279968 ], [ 15.954221836926177, 29.867041813576751 ], [ 17.704189525038178, 31.241055393309061 ] ] ] } },
{ "type": "Feature", "properties": { }, "geometry": { "type": "Polygon", "coordinates": [ [ [ 14.592142204761615, 19.787916629471091 ], [ 14.655861594146176, 22.66759496543483 ], [ 13.919201118905185, 24.696010372399186 ], [ 13.099918346369702, 25.000613611125043 ], [ 12.883952435650235, 25.62524048508795 ], [ 11.2713510490058, 26.273541964332978 ], [ 11.106315670843667, 25.992962844901921 ], [ 12.029656905963469, 25.622486266672198 ], [ 11.886449938041027, 24.970734633160301 ], [ 11.652041812867964, 25.259043797183143 ], [ 10.958070621500836, 25.090240062426609 ], [ 11.311956785105858, 24.615800862206324 ], [ 11.736441859723687, 22.323140207729669 ], [ 12.143410079013599, 22.286639492467881 ], [ 12.388449554815876, 20.731274540439173 ], [ 13.041231949559348, 20.523310028468117 ], [ 13.034282754329556, 20.08943368534463 ], [ 13.584192576884863, 19.65837638264388 ], [ 13.544682174695584, 19.183849596919341 ], [ 14.301954087404221, 18.868271563720739 ], [ 15.359084035027223, 17.70881018150514 ], [ 14.592142204761615, 19.787916629471091 ] ] ] } },
{ "type": "Feature", "properties": { }, "geometry": { "type": "Polygon", "coordinates": [ [ [ 17.405830610880653, 18.896964024633046 ], [ 15.624274412509877, 22.214826714437894 ], [ 15.476475489125429, 23.267262302473934 ], [ 15.754052586751616, 24.287053386975291 ], [ 15.440986143978183, 25.309409410033343 ], [ 13.522424873955607, 25.464458798855713 ], [ 11.988795376829119, 26.560606770022414 ], [ 11.39896178272506, 26.416179024180593 ], [ 12.27245615595089, 25.671900116611546 ], [ 12.883952435650235, 25.62524048508795 ], [ 13.099918346369702, 25.000613611125043 ], [ 13.919201118905185, 24.696010372399186 ], [ 14.655861594146176, 22.66759496543483 ], [ 14.619025975258227, 20.821920111052197 ], [ 15.192571894118096, 20.833259114706181 ], [ 15.514137582784585, 19.891534170904919 ], [ 16.270524902274744, 19.838343413443535 ], [ 17.405830610880653, 18.896964024633046 ] ] ] } },
{ "type": "Feature", "properties": { }, "geometry": { "type": "Polygon", "coordinates": [ [ [ 8.464247655032613, 27.832623946695833 ], [ 9.554488011793072, 29.200068026746827 ], [ 8.972759628862397, 29.805597912622162 ], [ 5.957382371733393, 29.267536229567018 ], [ 5.936151230508766, 27.277380035852055 ], [ 8.174787214940777, 26.059090735603679 ], [ 8.570128190722624, 26.376541357334276 ], [ 8.486724118124256, 27.045653482539965 ], [ 8.830785864260928, 27.353299510366707 ], [ 8.464247655032613, 27.832623946695833 ] ] ] } },
{ "type": "Feature", "properties": { }, "geometry": { "type": "Polygon", "coordinates": [ [ [ 17.405830610880653, 18.896964024633046 ], [ 17.755885002324955, 18.801239649703668 ], [ 18.317484431440491, 19.481524254640831 ], [ 17.664375431305963, 20.827021619265285 ], [ 18.034392347778663, 21.520118864052844 ], [ 17.083117961344485, 23.243932608501193 ], [ 17.314505692037596, 24.095278514677425 ], [ 15.440986143978183, 25.309409410033343 ], [ 15.754052586751616, 24.287053386975291 ], [ 15.476475489125429, 23.267262302473934 ], [ 15.624274412509877, 22.214826714437894 ], [ 17.405830610880653, 18.896964024633046 ] ] ] } },
{ "type": "Feature", "properties": { }, "geometry": { "type": "Polygon", "coordinates": [ [ [ 6.729514321350575, 29.025493932735952 ], [ 8.860966585040989, 27.640884869761276 ], [ 9.641104516756057, 29.769833488913797 ], [ 7.841669117957537, 29.836301543639006 ], [ 7.316123915749636, 29.515328501872929 ], [ 7.293108774200355, 29.062202812376395 ], [ 6.729514321350575, 29.025493932735952 ] ] ] } },
{ "type": "Feature", "properties": { }, "geometry": { "type": "Polygon", "coordinates": [ [ [ 5.375229794578889, 26.621459266732867 ], [ 6.593376097895876, 26.915025476834035 ], [ 8.468902841312905, 27.863082194084235 ], [ 6.630133143423175, 29.099915138827054 ], [ 5.000294655713279, 28.936104960482499 ], [ 5.058397918557969, 28.458007045702043 ], [ 4.515520677431976, 28.65564067533375 ], [ 4.153546475337107, 27.135588928805859 ], [ 5.375229794578889, 26.621459266732867 ] ] ] } },
{ "type": "Feature", "properties": { }, "geometry": { "type": "Polygon", "coordinates": [ [ [ 4.945141869635744, 25.323027782966346 ], [ 2.577309247610869, 26.933816843752716 ], [ 1.657747761782072, 25.943835423585352 ], [ 3.088804804224151, 24.991430852462138 ], [ 4.945141869635744, 25.323027782966346 ] ] ] } },
{ "type": "Feature", "properties": { }, "geometry": { "type": "Polygon", "coordinates": [ [ [ 4.59837038282012, 27.084579470018426 ], [ 3.564022751600577, 27.638729469285945 ], [ 2.577309247610869, 26.933816843752716 ], [ 4.99648549273691, 25.460245724367105 ], [ 4.823570952593663, 26.27617077371616 ], [ 4.169935271797592, 26.76636769784422 ], [ 4.59837038282012, 27.084579470018426 ] ] ] } },
{ "type": "Feature", "properties": { }, "geometry": { "type": "Polygon", "coordinates": [ [ [ 3.088804804224151, 24.991430852462138 ], [ 1.657747761782072, 25.943835423585352 ], [ 1.114071972307855, 24.924905868196781 ], [ 1.088530646996402, 24.170342460535078 ], [ 1.275036424818966, 24.015384768589353 ], [ 1.820154515850843, 24.556907016403294 ], [ 3.088804804224151, 24.991430852462138 ] ] ] } },
{ "type": "Feature", "properties": { }, "geometry": { "type": "Polygon", "coordinates": [ [ [ 6.57201675614944, 23.610777520544811 ], [ 6.191443109097023, 23.939673877932744 ], [ 5.181339407970923, 23.626323264580339 ], [ 4.004479118292925, 23.220141615931897 ], [ 4.066352610438992, 22.812141260280022 ], [ 4.649760894652354, 22.607908739426424 ], [ 6.57201675614944, 23.610777520544811 ] ] ] } },
{ "type": "Feature", "properties": { }, "geometry": { "type": "Polygon", "coordinates": [ [ [ 2.255384250930402, 21.622648549809497 ], [ 2.730006299924734, 21.637522253078796 ], [ 2.115144040760342, 22.321628988419626 ], [ 1.674681042982272, 22.299159117676755 ], [ 2.255384250930402, 21.622648549809497 ] ] ] } },
{ "type": "Feature", "properties": { }, "geometry": { "type": "Polygon", "coordinates": [ [ [ 3.125678142962352, 21.969389314577906 ], [ 2.35990196540668, 22.532055336256235 ], [ 1.913415386007391, 22.460168348924633 ], [ 2.659080335178905, 21.897745904257452 ], [ 3.125678142962352, 21.969389314577906 ] ] ] } },
{ "type": "Feature", "properties": { }, "geometry": { "type": "Polygon", "coordinates": [ [ [ 3.736753023127873, 22.017123238659092 ], [ 2.824333704936805, 22.582807366891981 ], [ 2.35990196540668, 22.532055336256235 ], [ 3.125678142962352, 21.969389314577906 ], [ 3.736753023127873, 22.017123238659092 ] ] ] } },
{ "type": "Feature", "properties": { }, "geometry": { "type": "Polygon", "coordinates": [ [ [ 3.237818039697862, 22.935115682801985 ], [ 2.720882871595725, 22.529458487869356 ], [ 3.761967432479448, 22.204300634917967 ], [ 4.690852996462636, 22.466100689231538 ], [ 4.07656868056571, 22.562681409878451 ], [ 3.930469172221325, 22.9519838555291 ], [ 3.237818039697862, 22.935115682801985 ] ] ] } },
{ "type": "Feature", "properties": { }, "geometry": { "type": "Polygon", "coordinates": [ [ [ 126.246386965460758, -35.128902013792683 ], [ 124.933048747840829, -34.917502441757385 ], [ 124.024425535582722, -36.183202122868018 ], [ 123.581162293928486, -35.971218318487161 ], [ 123.403611042453619, -35.311381667272556 ], [ 121.261975833048808, -37.368786623900071 ], [ 119.847786053239176, -38.056937671286462 ], [ 115.675426362151583, -38.754296846097489 ], [ 107.620176502889933, -41.267175284265193 ], [ 105.853585269241975, -40.834900909471422 ], [ 103.082078362056308, -44.827756915830307 ], [ 102.113257638423065, -45.01053533468145 ], [ 99.39987637827133, -44.542994461692352 ], [ 96.711481023449551, -43.585242820101492 ], [ 95.645343776048733, -43.530529216163778 ], [ 95.025629060621682, -44.014399049096852 ], [ 95.5973268858707, -44.85466522807662 ], [ 95.178913947250038, -45.464472770079965 ], [ 93.739988793756865, -46.28759675948514 ], [ 92.164659199595278, -46.561577998766346 ], [ 91.9049663701188, -46.919526218535722 ], [ 91.657263387524409, -47.981135402657536 ], [ 93.706474010306479, -49.330153988374477 ], [ 89.941466027588163, -52.101185927577525 ], [ 88.991548280935419, -52.213294509398182 ], [ 88.441044761849156, -51.891409374978018 ], [ 88.481910178916749, -49.974620947197543 ], [ 88.239349617469358, -49.545807258145409 ], [ 84.652842788048261, -50.450468565570112 ], [ 89.951599103907157, -54.620526375288016 ], [ 93.099986388956097, -58.187410248084902 ], [ 93.114089948116387, -58.835161879680186 ], [ 92.450327258926251, -58.848446316100983 ], [ 92.134793952838109, -59.655147442637009 ], [ 91.000097364630548, -60.262254630478786 ], [ 90.364962701728984, -59.812208636351066 ], [ 88.129771475529168, -60.478001723049921 ], [ 87.272547138691692, -60.285008567056103 ], [ 86.322714161532772, -59.554145383968965 ], [ 84.769221877031086, -59.504173702665177 ], [ 83.782017858680604, -60.00510994725785 ], [ 83.066784136080472, -61.254681793800295 ], [ 83.546653941509788, -61.957812044490048 ], [ 85.513648451827592, -61.892106427134728 ], [ 87.962835633269762, -62.341527773680191 ], [ 89.610813352770577, -62.038722259863562 ], [ 89.937112894399974, -62.29490392101652 ], [ 88.824769742290755, -62.972490409195409 ], [ 92.956606516901417, -65.202249761364044 ], [ 98.797392543507868, -65.699661526576435 ], [ 104.776308644346017, -65.089107113839944 ], [ 110.65891688848113, -65.296921012615812 ], [ 115.202764594776852, -64.691048056724355 ], [ 123.358328791128542, -64.845673244527575 ], [ 129.178566686341753, -65.812548362590675 ], [ 136.044129301297801, -66.287497753402064 ], [ 141.539735912614674, -68.098900073303057 ], [ 158.54987764481038, -65.607456064803102 ], [ 157.849815891794663, -64.765768982262443 ], [ 158.43300275171319, -63.860408456152172 ], [ 158.44003234300817, -63.301938407509915 ], [ 157.769502259092548, -62.391690815725013 ], [ 157.725269958572852, -61.471343616985116 ], [ 157.220155620108244, -60.710794275770517 ], [ 157.991440686675105, -57.663491990068316 ], [ 157.830071829147215, -56.674498368249573 ], [ 157.188515457058458, -55.613486273632425 ], [ 157.051703372323402, -53.644325711615821 ], [ 156.627835736104572, -52.85173021921868 ], [ 155.270092857446713, -51.961053909115456 ], [ 154.714255267651339, -50.773143492639704 ], [ 153.828883477828839, -50.036004751822702 ], [ 154.986183581298604, -48.690791874378895 ], [ 154.764963435842219, -48.223066935405342 ], [ 151.898228978861425, -44.815991478006815 ], [ 150.580149219615038, -43.878620101589703 ], [ 149.929150313610336, -42.759473783004402 ], [ 148.284664981916876, -41.701536826364169 ], [ 143.267069931618636, -41.364977000100673 ], [ 140.646862148502606, -40.441248430603224 ], [ 137.765383764816193, -41.623839209044782 ], [ 137.053074494839507, -40.917962700940585 ], [ 136.939705164421639, -40.300798040082803 ], [ 137.474828332693079, -39.290464429381458 ], [ 137.170911803010995, -38.963422355972156 ], [ 137.568559160511228, -38.461036579948704 ], [ 137.398723422789345, -37.941672859811561 ], [ 134.444446931173132, -38.487142332171906 ], [ 128.850255849021238, -37.917117764461182 ], [ 128.459092496530275, -37.511829107747722 ], [ 127.146585019954713, -37.333358043677904 ], [ 126.908771487362628, -37.020380228670952 ], [ 127.393343439641313, -36.383572308867251 ], [ 126.246386965460758, -35.128902013792683 ] ] ] } },
{ "type": "Feature", "properties": { }, "geometry": { "type": "Polygon", "coordinates": [ [ [ 71.898496932357389, 54.243718507172872 ], [ 70.608329149385582, 54.188233686411493 ], [ 68.244020743069299, 53.481896972158999 ], [ 67.059265274680683, 52.498473458221845 ], [ 70.12226825702038, 50.575780233578868 ], [ 71.31115841774951, 50.349968243887886 ], [ 73.612676615469795, 50.000900412714323 ], [ 79.598039803184619, 50.58166815525022 ], [ 77.926340698000701, 51.203728476775581 ], [ 74.954637096367236, 51.671496470894922 ], [ 73.461711910449665, 52.664140362990501 ], [ 72.623789183223721, 53.873746422161595 ], [ 71.898496932357389, 54.243718507172872 ] ] ] } },
{ "type": "Feature", "properties": { }, "geometry": { "type": "Polygon", "coordinates": [ [ [ -74.174981001863614, 60.016731567431727 ], [ -74.751008797371156, 66.542318267052764 ], [ -76.967665577583318, 69.458995986369644 ], [ -77.427762255682552, 69.173362820762051 ], [ -77.173628639759869, 67.96430060933065 ], [ -77.639678019170574, 67.575293431591462 ], [ -76.542415503832657, 66.337752811479547 ], [ -76.70357837336681, 65.336644163671068 ], [ -77.099056937440764, 64.884141310413099 ], [ -76.303797024214745, 63.74263860936815 ], [ -75.355057977918719, 63.154891986143845 ], [ -75.591993467170525, 61.315868664982538 ], [ -75.223386125496219, 60.265482282923124 ], [ -74.174981001863614, 60.016731567431727 ] ] ] } },
{ "type": "Feature", "properties": { }, "geometry": { "type": "Polygon", "coordinates": [ [ [ -132.043844331561417, 85.97450901924276 ], [ -125.574954976204666, 85.653750304898352 ], [ -117.573675556164332, 84.349249994261427 ], [ -111.383710618766273, 81.916104460775685 ], [ -104.184707234765284, 80.277207034756486 ], [ -104.353646591909936, 80.69933492394172 ], [ -105.069775565408335, 81.011944722932839 ], [ -102.487809226134843, 81.692620077793535 ], [ -102.815062630932658, 82.465836403205756 ], [ -101.968254391628491, 83.21946039785027 ], [ -103.02071794566973, 84.187344742844445 ], [ -99.858063334682342, 85.564110554090504 ], [ -99.906431760243322, 85.823977810867461 ], [ -113.423173399339063, 87.631526894132548 ], [ -132.043844331561417, 85.97450901924276 ] ] ] } },
{ "type": "Feature", "properties": { }, "geometry": { "type": "Polygon", "coordinates": [ [ [ -17.852083188901254, 66.480016437344261 ], [ -16.114875168072423, 67.113668399180597 ], [ -19.249641825271617, 67.370997621406943 ], [ -21.38096170643853, 68.88749789463435 ], [ -22.354045739419266, 69.118203997633415 ], [ -27.481805110538502, 69.642050631818208 ], [ -30.478977851105434, 70.389736429317523 ], [ -31.969594359728031, 71.192887542611899 ], [ -32.211183594928109, 72.159210175262089 ], [ -33.913297660625588, 72.662939263871067 ], [ -34.041579813251396, 71.502591715207188 ], [ -35.328117546914704, 70.169054437618058 ], [ -31.212081369915179, 68.462690625822802 ], [ -28.428401414452278, 68.505014610636664 ], [ -17.852083188901254, 66.480016437344261 ] ] ] } },
{ "type": "Feature", "properties": { }, "geometry": { "type": "Polygon", "coordinates": [ [ [ -52.211987797055876, -51.883038247241508 ], [ -56.829000595239663, -51.539265314090422 ], [ -57.711260295005857, -54.016961933735175 ], [ -57.655310067560684, -57.255353458633536 ], [ -56.523361210302497, -58.782685637422205 ], [ -53.679781154034345, -60.158753796228012 ], [ -50.4448365362639, -61.06629203425296 ], [ -46.353791792299084, -61.2172384152707 ], [ -48.840304159750936, -60.256185350893951 ], [ -49.181988316282165, -59.82370194643353 ], [ -48.958049103749481, -59.11219527587577 ], [ -47.660318965134387, -57.755011382024499 ], [ -48.118978484928427, -55.125368106954319 ], [ -47.260567855088809, -53.606640891902401 ], [ -47.169090222039856, -52.30301971282028 ], [ -49.004474059498946, -52.77484584875252 ], [ -52.211987797055876, -51.883038247241508 ] ] ] } },
{ "type": "Feature", "properties": { }, "geometry": { "type": "Polygon", "coordinates": [ [ [ -37.286423052470184, 31.936402136974323 ], [ -36.633745023849698, 33.498546367110222 ], [ -40.85918335835504, 32.521604979079051 ], [ -47.50143826547545, 29.485386695583497 ], [ -50.47250797979941, 28.632025713245273 ], [ -54.500572971145687, 28.446331678846608 ], [ -58.121346096293813, 29.063585009014044 ], [ -56.044482349907639, 27.813576677530289 ], [ -52.497888167006657, 23.976723363605469 ], [ -50.316140722650751, 23.908198046973389 ], [ -48.771818540866207, 21.946328631264578 ], [ -47.196210277780402, 21.59445442886598 ], [ -47.223681741725372, 24.178418121254236 ], [ -46.867228309978337, 24.777043091015056 ], [ -47.217413435980397, 25.150041522859077 ], [ -46.192345977024672, 25.846318308250872 ], [ -43.651163671488618, 26.342522945108325 ], [ -40.841627046092576, 28.624968442025601 ], [ -40.48096251504117, 30.0213819615809 ], [ -39.437612375467708, 31.356733860109017 ], [ -38.243557031083654, 31.933348209112449 ], [ -37.286423052470184, 31.936402136974323 ] ] ] } },
{ "type": "Feature", "properties": { }, "geometry": { "type": "Polygon", "coordinates": [ [ [ 37.288728326162897, -51.600591586310003 ], [ 38.497584518680782, -48.443216634665689 ], [ 36.994359875281653, -48.147741424900467 ], [ 34.164143186069765, -48.243105152942199 ], [ 35.325041769121036, -49.016089631858549 ], [ 32.492436129647857, -50.722784363889595 ], [ 32.753162970915341, -50.888523991004384 ], [ 32.375939824997083, -51.276046099783898 ], [ 33.535408804348947, -52.169864949984941 ], [ 33.300581583328338, -52.32255553189573 ], [ 34.519822185567975, -52.623900968605504 ], [ 35.82618398546493, -52.483232229770366 ], [ 37.288728326162897, -51.600591586310003 ] ] ] } },
{ "type": "Feature", "properties": { }, "geometry": { "type": "Polygon", "coordinates": [ [ [ 37.452837266017838, -36.834061950555679 ], [ 36.544172020209743, -35.046640585952304 ], [ 35.840332998971149, -34.775442638361149 ], [ 34.829776405987552, -34.747331682851474 ], [ 33.830142611304439, -35.282797736701532 ], [ 36.501084983652007, -37.015994298121193 ], [ 37.221504391601009, -37.041835937706082 ], [ 37.452837266017838, -36.834061950555679 ] ] ] } },
{ "type": "Feature", "properties": { }, "geometry": { "type": "Polygon", "coordinates": [ [ [ 105.378303448563898, -5.700227576710918 ], [ 99.119847201310606, -5.39811962261056 ], [ 98.29357501523414, -5.842951971382398 ], [ 104.922809727678398, -7.324393279166108 ], [ 109.051204544674519, -7.017655092975962 ], [ 108.269562353083217, -6.588596952239123 ], [ 107.002026257898748, -5.112948276471766 ], [ 105.378303448563898, -5.700227576710918 ] ] ] } },
{ "type": "Feature", "properties": { }, "geometry": { "type": "Polygon", "coordinates": [ [ [ 33.760172010888773, -44.699464627947677 ], [ 36.271057206078389, -40.258928377931198 ], [ 35.869265070315102, -39.858308110357569 ], [ 36.069257088276352, -39.192486766408571 ], [ 35.944295544823554, -38.136058035522211 ], [ 35.676965686347124, -37.966424429795701 ], [ 35.844519510408055, -37.607245561166671 ], [ 35.323790680467987, -37.351826808016007 ], [ 35.405162503391999, -37.043421679681899 ], [ 34.49174189579854, -36.826760310346103 ], [ 33.970057416425583, -36.949209062323646 ], [ 32.766871007513252, -38.413483535063421 ], [ 32.775859295471605, -38.80290368576469 ], [ 31.078610361199807, -39.839821286902719 ], [ 29.777812474565561, -40.218753289844521 ], [ 27.992727885126065, -40.088618664238865 ], [ 26.627322640043193, -40.996650956387974 ], [ 26.637982525930322, -41.974242319408845 ], [ 27.381877494817971, -43.755080938343227 ], [ 27.191316426662301, -44.486922241247015 ], [ 25.34255062638314, -46.228989242144969 ], [ 25.734967494022605, -47.231823835076632 ], [ 25.515979020286277, -48.44130302899061 ], [ 26.633991693338896, -50.112476171024667 ], [ 28.241706710956038, -50.520716028785728 ], [ 29.120070776842351, -50.026578113388908 ], [ 30.787222691647582, -49.734734459176224 ], [ 33.113226387953262, -45.291335158310503 ], [ 33.760172010888773, -44.699464627947677 ] ] ] } },
{ "type": "Feature", "properties": { }, "geometry": { "type": "Polygon", "coordinates": [ [ [ 75.626869425913142, -50.398483721889235 ], [ 75.993974686362378, -50.176415504508533 ], [ 75.988418187579228, -49.46198109970247 ], [ 74.326534220189288, -49.72625471546047 ], [ 73.944137463600697, -50.140379370946327 ], [ 75.626869425913142, -50.398483721889235 ] ] ] } },
{ "type": "Feature", "properties": { }, "geometry": { "type": "Polygon", "coordinates": [ [ [ 71.444374845822196, -52.448552977994794 ], [ 72.26165546105851, -51.409030616343941 ], [ 71.744527699111217, -51.012657684471606 ], [ 69.95009753149246, -52.108528289505692 ], [ 70.235735810751549, -52.239284783815606 ], [ 70.330626059088871, -53.047634098781437 ], [ 71.444374845822196, -52.448552977994794 ] ] ] } },
{ "type": "Feature", "properties": { }, "geometry": { "type": "Polygon", "coordinates": [ [ [ 17.314505692037596, 24.095278514677425 ], [ 14.945461967599838, 26.346557767999851 ], [ 14.206183289407365, 26.129025694108211 ], [ 12.51024025970931, 26.877753163414493 ], [ 11.39896178272506, 26.416179024180593 ], [ 11.988795376829119, 26.560606770022414 ], [ 13.522424873955607, 25.464458798855713 ], [ 15.463710282833881, 25.31171115009618 ], [ 17.314505692037596, 24.095278514677425 ] ] ] } },
{ "type": "Feature", "properties": { }, "geometry": { "type": "Polygon", "coordinates": [ [ [ -171.041677563667804, -65.359901148220999 ], [ -173.104490842999382, -65.292859464628137 ], [ -175.867178094328096, -65.929576812230636 ], [ -171.672423185041964, -68.715554821589635 ], [ -169.260861584080828, -69.742818928889193 ], [ -166.327489458763353, -70.17289837398522 ], [ -165.749566679311073, -69.519250166954791 ], [ -165.710108746864307, -68.979034966031662 ], [ -165.755645670827903, -68.240907220808054 ], [ -166.365243215706101, -67.408600965777055 ], [ -171.041677563667804, -65.359901148220999 ] ] ] } },
{ "type": "Feature", "properties": { }, "geometry": { "type": "MultiPolygon", "coordinates": [ [ [ [ 179.99999999, -70.842307648818306 ], [ 178.923561229141683, -71.571734304941501 ], [ 179.368786040302382, -72.504798607163863 ], [ 179.99999999, -72.407652056014712 ], [ 179.99999999, -70.842307648818306 ] ] ], [ [ [ -179.99999999, -72.407652056014712 ], [ -176.068993623651409, -71.730490227400821 ], [ -176.414464117151255, -71.052721631516249 ], [ -175.942783084029287, -70.621357476240405 ], [ -176.39960782484772, -69.573617655030702 ], [ -178.697723386742695, -70.156243201976281 ], [ -179.99999999, -70.842307648818306 ], [ -179.99999999, -72.407652056014712 ] ] ] ] } },
{ "type": "Feature", "properties": { }, "geometry": { "type": "MultiPolygon", "coordinates": [ [ [ [ 179.99999999, -69.436333581965528 ], [ 178.798033980910532, -69.481455921805832 ], [ 179.320677909873382, -70.475273850237485 ], [ 179.262957450081529, -71.535434692954055 ], [ 178.737277960433033, -72.239040886836122 ], [ 174.981483545946816, -74.096624278436138 ], [ 174.669727070005564, -74.73437760717772 ], [ 179.99999999, -72.572621242580794 ], [ 179.99999999, -69.436333581965528 ] ] ], [ [ [ -179.99999999, -72.572621242580794 ], [ -177.348341491373276, -71.303673198502736 ], [ -177.048207563289509, -70.780850462607219 ], [ -177.374391812065426, -70.454622661402027 ], [ -176.859355711665359, -69.891238029198576 ], [ -177.417044647619804, -69.50060935112279 ], [ -179.99999999, -69.436333581965528 ], [ -179.99999999, -72.572621242580794 ] ] ] ] } },
{ "type": "Feature", "properties": { }, "geometry": { "type": "Polygon", "coordinates": [ [ [ -173.270613753845282, -68.055240775360232 ], [ -174.30423551368844, -67.779122456325865 ], [ -175.735513129363341, -68.179477850670992 ], [ -174.72048205468738, -68.400994280215315 ], [ -174.258371161492477, -68.966413711047863 ], [ -172.864432697517117, -69.658176318011073 ], [ -172.515804880203603, -69.273490606469352 ], [ -173.388448340246299, -68.32691586178575 ], [ -173.270613753845282, -68.055240775360232 ] ] ] } },
{ "type": "Feature", "properties": { }, "geometry": { "type": "Polygon", "coordinates": [ [ [ 16.547899596718985, 16.599001865909894 ], [ 16.535896343002879, 16.624124806608297 ], [ 16.548255549282398, 16.5954081957215 ], [ 16.547899596718985, 16.599001865909894 ] ] ] } },
{ "type": "Feature", "properties": { }, "geometry": { "type": "Polygon", "coordinates": [ [ [ 16.548255549282398, 16.5954081957215 ], [ 16.54909723989239, 16.586915034725763 ], [ 16.590682768412186, 16.504522634897761 ], [ 16.548255549282398, 16.5954081957215 ] ] ] } },
{ "type": "Feature", "properties": { }, "geometry": { "type": "Polygon", "coordinates": [ [ [ 24.720945122723847, 13.179944140404491 ], [ 22.921909378854778, 13.613179924866817 ], [ 22.261668746734394, 12.458061014589095 ], [ 20.872520201856098, 12.161423456889969 ], [ 23.391584665306812, 11.884009717423025 ], [ 24.432612841687899, 11.096125502106284 ], [ 23.842783470234654, 10.522150180775485 ], [ 23.320134032464551, 9.064107267820287 ], [ 22.800690178904176, 8.719949719927762 ], [ 25.17565598137945, 8.273994663450392 ], [ 24.573687651081308, 7.354060427310187 ], [ 25.168174856830252, 7.391837043283344 ], [ 25.699978211245714, 7.673432556716874 ], [ 27.156616095799198, 9.568085137729041 ], [ 28.109829446066733, 12.387373083958673 ], [ 26.868391245069283, 11.867988733663349 ], [ 25.430317408294766, 11.880896964139668 ], [ 24.720945122723847, 13.179944140404491 ] ] ] } },
{ "type": "Feature", "properties": { }, "geometry": { "type": "Polygon", "coordinates": [ [ [ 22.783520725929051, 15.002193266724394 ], [ 21.189741772858167, 16.322748522186345 ], [ 21.750292126187659, 15.658358116485532 ], [ 22.783520725929051, 15.002193266724394 ] ] ] } },
{ "type": "Feature", "properties": { }, "geometry": { "type": "Polygon", "coordinates": [ [ [ 20.767504171367641, 16.905222702898453 ], [ 19.735514589535722, 16.939355189273442 ], [ 21.417757570922692, 15.484163670099974 ], [ 23.542291248797124, 14.739312378203413 ], [ 21.736619596538961, 15.686792682642887 ], [ 20.767504171367641, 16.905222702898453 ] ] ] } },
{ "type": "Feature", "properties": { }, "geometry": { "type": "Polygon", "coordinates": [ [ [ 15.377687380520177, 18.201271363273012 ], [ 14.769832682945703, 18.843898870069321 ], [ 13.953536870843873, 18.225561205270523 ], [ 13.816593354561244, 18.40235533756271 ], [ 14.905786337717821, 16.78212043512427 ], [ 14.942048068118053, 17.268178924886719 ], [ 15.68802390497809, 16.837718011542485 ], [ 15.377687380520177, 18.201271363273012 ] ] ] } },
{ "type": "Feature", "properties": { }, "geometry": { "type": "Polygon", "coordinates": [ [ [ -37.414479858304105, 4.700531870382016 ], [ -40.36603710071266, 5.589643410214258 ], [ -42.101053575151759, 4.456397859290535 ], [ -38.143898576711337, 4.481246307347639 ], [ -38.601934212212868, 3.944276637519522 ], [ -37.627142054539988, 3.796053647450743 ], [ -37.414479858304105, 4.700531870382016 ] ] ] } },
{ "type": "Feature", "properties": { }, "geometry": { "type": "Polygon", "coordinates": [ [ [ -84.845990366024068, -6.797724928331441 ], [ -85.064879581301369, -6.740103262253957 ], [ -85.077820648160539, -6.969857428982507 ], [ -84.845990366024068, -6.797724928331441 ] ] ] } },
{ "type": "Feature", "properties": { }, "geometry": { "type": "Polygon", "coordinates": [ [ [ 121.855965134792015, 26.632376299062884 ], [ 121.077342596602065, 26.361808541853627 ], [ 121.646571855999014, 26.024027159521221 ], [ 121.855965134792015, 26.632376299062884 ] ] ] } },
{ "type": "Feature", "properties": { }, "geometry": { "type": "Polygon", "coordinates": [ [ [ 120.410551652260622, 29.400618358613162 ], [ 119.932567685317338, 29.864219983297865 ], [ 118.725905057999967, 30.287689881864022 ], [ 119.073812074985099, 29.885715499705725 ], [ 120.410551652260622, 29.400618358613162 ] ] ] } },
{ "type": "Feature", "properties": { }, "geometry": { "type": "Polygon", "coordinates": [ [ [ -55.558802402181591, 24.363955956464849 ], [ -55.467130174107901, 24.367769019361528 ], [ -55.983294354898376, 24.531768214889027 ], [ -55.558802402181591, 24.363955956464849 ] ] ] } },
{ "type": "Feature", "properties": { }, "geometry": { "type": "Polygon", "coordinates": [ [ [ -68.32674525327478, 9.241494641146287 ], [ -68.465264374866933, 9.522185485950432 ], [ -68.541286180262759, 9.584580113592281 ], [ -68.32674525327478, 9.241494641146287 ] ] ] } },
{ "type": "Feature", "properties": { }, "geometry": { "type": "Polygon", "coordinates": [ [ [ 148.85908227160229, -42.358468096753015 ], [ 148.837916294956386, -42.461791323420393 ], [ 148.856361430765844, -42.464263962932328 ], [ 148.85908227160229, -42.358468096753015 ] ] ] } },
{ "type": "Feature", "properties": { }, "geometry": { "type": "Polygon", "coordinates": [ [ [ 118.606647643598905, -33.5550084593755 ], [ 118.555339229854411, -33.459594278394974 ], [ 118.542146111741147, -33.459725892975122 ], [ 118.606647643598905, -33.5550084593755 ] ] ] } },
{ "type": "Feature", "properties": { }, "geometry": { "type": "Polygon", "coordinates": [ [ [ 119.665577369683049, 29.241213485014207 ], [ 119.729434399583596, 29.334655915445222 ], [ 119.594686340552116, 29.310951928877994 ], [ 119.665577369683049, 29.241213485014207 ] ] ] } },
{ "type": "Feature", "properties": { }, "geometry": { "type": "Polygon", "coordinates": [ [ [ -73.9740415862356, 29.381702810223601 ], [ -74.236866636106996, 29.818913507026469 ], [ -74.33626009810348, 29.945104905390892 ], [ -74.24435750746062, 29.733010838665955 ], [ -73.9740415862356, 29.381702810223601 ] ] ] } },
{ "type": "Feature", "properties": { }, "geometry": { "type": "Polygon", "coordinates": [ [ [ -50.174995523908471, 6.132002621412542 ], [ -52.375790191831406, 5.901637885110341 ], [ -52.992569864754422, 5.57689887094452 ], [ -53.788823023087943, 4.350346644327379 ], [ -51.900365247110848, -0.208524231810607 ], [ -50.440630396632393, 0.339037421856548 ], [ -49.419832513232983, 1.366195209100298 ], [ -48.039419048620715, 2.960750426682263 ], [ -47.341889843013142, 4.421678533618223 ], [ -47.515226357442792, 5.520079465816377 ], [ -50.174995523908471, 6.132002621412542 ] ] ] } },
{ "type": "Feature", "properties": { }, "geometry": { "type": "Polygon", "coordinates": [ [ [ -67.686263699940184, 14.942353987863266 ], [ -67.732042431536144, 15.397320141716596 ], [ -69.555251979191553, 16.077846020565964 ], [ -73.228499994957929, 19.527228823957319 ], [ -71.91749668416702, 18.01271317542113 ], [ -71.880360172810683, 17.053138282597885 ], [ -70.164093321423607, 12.484532721051174 ], [ -65.197087488903122, 12.766592928350811 ], [ -67.686263699940184, 14.942353987863266 ] ] ] } },
{ "type": "Feature", "properties": { }, "geometry": { "type": "Polygon", "coordinates": [ [ [ -64.883935795164419, 12.986686493973362 ], [ -63.241126867855144, 13.30984795701451 ], [ -64.905842549514745, 14.233712379647246 ], [ -65.76619748585469, 14.2097471605433 ], [ -67.570655511915348, 14.834132491980531 ], [ -64.883935795164419, 12.986686493973362 ] ] ] } },
{ "type": "Feature", "properties": { }, "geometry": { "type": "Polygon", "coordinates": [ [ [ -56.066780226012902, -2.249449952198373 ], [ -59.326801909953751, 0.420780984547348 ], [ -60.19761591749576, 0.456207791949583 ], [ -58.106086782040045, -1.698512741932608 ], [ -58.251035254734475, -2.085578891147682 ], [ -56.672135063382974, -3.401610553676084 ], [ -55.707010760643335, -3.654821417406731 ], [ -55.379207111594731, -2.091679802875186 ], [ -56.066780226012902, -2.249449952198373 ] ] ] } },
{ "type": "Feature", "properties": { }, "geometry": { "type": "Polygon", "coordinates": [ [ [ 134.54131027049084, 66.880863781242823 ], [ 135.72367905005899, 67.277302826523112 ], [ 134.790636312616698, 68.010217228329367 ], [ 134.044479834827257, 69.862514764219526 ], [ 132.151849479832748, 68.832057743324185 ], [ 130.124320047604158, 66.762855756622173 ], [ 131.325077194431685, 66.673128785697429 ], [ 131.771642821982596, 66.111504471008345 ], [ 134.731772114923501, 66.240148803437108 ], [ 134.54131027049084, 66.880863781242823 ] ] ] } },
{ "type": "Feature", "properties": { }, "geometry": { "type": "Polygon", "coordinates": [ [ [ 113.72541898813158, 70.777257595270797 ], [ 114.066513206359474, 70.898431795259427 ], [ 116.645872680353065, 74.272119644188678 ], [ 115.171056248024428, 73.500602582048458 ], [ 114.446891548989342, 72.73654932379948 ], [ 113.72541898813158, 70.777257595270797 ] ] ] } }
]
}
