{
"type": "FeatureCollection",
"name": "land_200Ma",
"crs": { "type": "name", "properties": { "name": "urn:ogc:def:crs:OGC:1.3:CRS84" } },
"features": [
{ "type": "Feature", "properties": { }, "geometry": { "type": "Polygon", "coordinates": [ [ [ 15.611915435523935, 8.249056154509116 ], [ 15.431690274461333, 10.109210541595013 ], [ 13.96619649706666, 9.354194234863488 ], [ 11.263107695400636, 8.77445396355021 ], [ 9.884955641317674, 8.141170352565412 ], [ 10.363596204935172, 7.757804774130778 ], [ 11.055703126435345, 8.013281712585234 ], [ 11.449607613883998, 7.4338205971212 ], [ 12.685218382252579, 7.915928238560702 ], [ 12.873246535794538, 7.645266673055606 ], [ 15.611915435523935, 8.249056154509116 ] ] ] } },
{ "type": "Feature", "properties": { }, "geometry": { "type": "Polygon", "coordinates": [ [ [ 38.171039273924734, -7.140631276220709 ], [ 36.360443735053273, -5.250524172972341 ], [ 31.886483906520219, -5.667946690025205 ], [ 28.835497789439994, -10.273240259175497 ], [ 26.056668231297973, -13.127247974343749 ], [ 25.990194984640013, -17.491088746894 ], [ 26.719333263387981, -18.165461690223477 ], [ 26.813488697437901, -19.28436978415257 ], [ 26.413707746317144, -20.399378419822519 ], [ 27.452488948849403, -23.279656577536187 ], [ 27.199686992243112, -24.742545690651358 ], [ 27.634011319266754, -26.530183320190755 ], [ 27.221012733146704, -27.403604152098342 ], [ 26.330366911669234, -27.827564481558682 ], [ 26.448160236918419, -30.533245093478616 ], [ 27.960635194812742, -31.019563113417696 ], [ 29.072631651832189, -30.580212169706694 ], [ 30.964226479061221, -31.04936742301766 ], [ 34.79900070529542, -31.045042128264139 ], [ 36.38485017417608, -31.548162456059178 ], [ 38.278988407478934, -30.231444391048097 ], [ 40.293387877132226, -30.683395349330901 ], [ 41.990666031795506, -30.454078608485034 ], [ 43.059140998337305, -31.035891005104634 ], [ 45.107089567539155, -28.35412960384399 ], [ 46.108807018281276, -27.677874192094318 ], [ 46.945995508290501, -26.294944836088913 ], [ 47.922795221197752, -25.981422098355971 ], [ 45.449753807178951, -25.183646270978375 ], [ 44.193361325307229, -24.258680344059727 ], [ 44.182170854429891, -22.968680237552739 ], [ 45.280643167526506, -21.446502160782476 ], [ 45.52940618976158, -20.032744881098207 ], [ 42.689737103544637, -17.269720517882121 ], [ 41.07987580682223, -14.027672097362782 ], [ 39.354499361055112, -12.633305207262275 ], [ 38.212061218966596, -9.118184619965986 ], [ 37.930658885045482, -7.437491813558469 ], [ 38.171039273924734, -7.140631276220709 ] ] ] } },
{ "type": "Feature", "properties": { }, "geometry": { "type": "Polygon", "coordinates": [ [ [ 63.275450369480744, 32.049331176589405 ], [ 61.503993382645262, 31.774877684909278 ], [ 62.542893950122931, 31.442663618341303 ], [ 61.099889665470656, 30.363543446391226 ], [ 61.847329662498858, 30.212346910510682 ], [ 60.613703498674113, 28.526636101789343 ], [ 60.775757840864948, 27.936062530149474 ], [ 60.136197800494827, 26.940608386385271 ], [ 61.842656813218774, 25.427600983707602 ], [ 63.04787719216344, 24.889992400317961 ], [ 64.841771982294318, 24.63279654455944 ], [ 67.469243451979281, 25.063991542705566 ], [ 68.433868284556098, 23.762766642276606 ], [ 68.895903734228881, 23.743673832980722 ], [ 70.804233831401433, 24.552624561120084 ], [ 71.656729989638464, 25.359186466444648 ], [ 72.549438721154075, 26.891455415712489 ], [ 69.08880494910386, 27.767812211350513 ], [ 65.612512408000441, 31.085400810571407 ], [ 63.275450369480744, 32.049331176589405 ] ] ] } },
{ "type": "Feature", "properties": { }, "geometry": { "type": "Polygon", "coordinates": [ [ [ 79.057115032840827, 22.203858757129975 ], [ 80.14688420459062, 23.497772147484309 ], [ 82.137130747777604, 26.904487651112547 ], [ 84.343196565360913, 28.82509276452495 ], [ 80.953743293349916, 27.611038454833032 ], [ 79.723826346783483, 26.534257966137829 ], [ 78.362178573406496, 26.288948509932698 ], [ 73.118212365404759, 23.896403968970105 ], [ 73.246308039690447, 22.267751828975875 ], [ 75.026762290563624, 20.010195428579244 ], [ 75.767971837700401, 19.581565803596163 ], [ 78.240283690650315, 20.208890102539055 ], [ 78.812620680895137, 19.580282492591323 ], [ 79.057115032840827, 22.203858757129975 ] ] ] } },
{ "type": "Feature", "properties": { }, "geometry": { "type": "Polygon", "coordinates": [ [ [ 14.240468165304179, 4.946417725886191 ], [ 14.370927647770673, 6.211318922868936 ], [ 12.161272911896727, 6.510715301831095 ], [ 9.674888327833912, 7.499860102759058 ], [ 11.375880251302473, 3.691569469906965 ], [ 10.802833594161102, 3.034065536263308 ], [ 13.323611320207425, 2.847175917435623 ], [ 14.249345806434288, 3.331416063595567 ], [ 14.610060129204623, 3.962508274888777 ], [ 14.240468165304179, 4.946417725886191 ] ] ] } },
{ "type": "Feature", "properties": { }, "geometry": { "type": "Polygon", "coordinates": [ [ [ 49.97878086694319, -33.989816593982297 ], [ 49.639328105666607, -33.43339725784957 ], [ 45.544993098789071, -33.389449844227748 ], [ 43.636414861547912, -33.025226858041222 ], [ 38.745607846692756, -34.329678745435459 ], [ 38.410887746483318, -34.70792978138833 ], [ 37.314076827913709, -34.398663810606713 ], [ 36.663833904164555, -34.561355566455028 ], [ 33.848260364704835, -38.732832185056701 ], [ 31.831468942677592, -40.512357755025874 ], [ 30.322837043353047, -42.803609531832983 ], [ 22.692546028000017, -47.398379509994626 ], [ 18.722143875339732, -47.681105667993876 ], [ 17.468269454618635, -48.316137686143215 ], [ 17.550693223846402, -48.811552830611269 ], [ 18.397917041392716, -49.250522830099598 ], [ 18.473290132252206, -50.347029805052209 ], [ 19.166759394316781, -50.666702959097144 ], [ 21.67732462196868, -50.79213040003571 ], [ 24.384133190334047, -51.624508298440858 ], [ 25.722019847074424, -52.432386676909793 ], [ 26.799142375326369, -51.618814758514517 ], [ 29.097811957485579, -51.735630518857235 ], [ 32.251363938255828, -50.764459268107402 ], [ 37.571472256130498, -52.332375596483402 ], [ 43.028576529802237, -53.235591451619079 ], [ 45.978782909997399, -54.495136683344789 ], [ 49.227907312192336, -54.710419740009847 ], [ 50.226208471274482, -55.18891477196177 ], [ 53.589919419658145, -54.331670082178292 ], [ 55.959100141225257, -54.507550342595003 ], [ 62.12617600647858, -54.188808163423722 ], [ 63.872565321335685, -54.495428700680165 ], [ 64.136382140086667, -53.974648979301016 ], [ 63.807858094328552, -53.4913876855178 ], [ 59.695495209171099, -53.350354875298407 ], [ 55.581061803606481, -51.415192058975386 ], [ 53.303982795906222, -49.723171673728331 ], [ 50.305252675532948, -46.024347350585771 ], [ 50.212445716333349, -43.771519804825658 ], [ 49.654791996756494, -42.241025568091388 ], [ 49.545589624087569, -40.237526490978865 ], [ 50.581022550969848, -38.068973648267082 ], [ 50.260683140127249, -36.823961573012959 ], [ 50.785789275701568, -34.775918624325122 ], [ 49.734682052063533, -34.169433614816064 ], [ 49.97878086694319, -33.989816593982297 ] ] ] } },
{ "type": "Feature", "properties": { }, "geometry": { "type": "Polygon", "coordinates": [ [ [ 95.765910307920024, 24.648307154139282 ], [ 89.903444406574948, 23.057468981006707 ], [ 91.053401622715427, 22.797911216410768 ], [ 91.723488785121958, 22.29015347567135 ], [ 91.483630480503123, 22.091327753070068 ], [ 92.262223848955955, 21.922200054242598 ], [ 95.278905922928502, 22.529046817067407 ], [ 96.441078469444747, 22.442830081979139 ], [ 97.294537396510393, 21.739331381473097 ], [ 98.213217913813963, 22.160175994844725 ], [ 100.105758432621002, 22.310557534445351 ], [ 102.421198661982743, 21.986526960842546 ], [ 104.560861023766279, 20.411844422358012 ], [ 105.437686684249769, 19.346463468698126 ], [ 104.296310860597615, 22.133234535200007 ], [ 102.482565723636654, 23.893409543199681 ], [ 101.28163451851357, 24.502754985729684 ], [ 95.765910307920024, 24.648307154139282 ] ] ] } },
{ "type": "Feature", "properties": { }, "geometry": { "type": "Polygon", "coordinates": [ [ [ 130.45859673648323, 41.239681997396382 ], [ 129.181001699620907, 41.310714990648023 ], [ 128.859650306728156, 40.54761234990908 ], [ 126.787305090965731, 39.699554930219776 ], [ 124.674652902883125, 37.555696120546628 ], [ 124.119096151509851, 37.73180057389564 ], [ 122.85251101015217, 35.626942947080849 ], [ 123.650421181380267, 33.460690724749469 ], [ 127.177183147444083, 33.639448975897658 ], [ 128.376461564668944, 33.31777894162034 ], [ 128.939215840555136, 33.948223260619969 ], [ 131.127085651461158, 37.06433124275506 ], [ 132.283076587031815, 39.404228748449185 ], [ 132.247435125895834, 40.370157020223004 ], [ 132.446060389355949, 40.856904035296225 ], [ 132.461067642606508, 41.6614525314112 ], [ 130.45859673648323, 41.239681997396382 ] ] ] } },
{ "type": "Feature", "properties": { }, "geometry": { "type": "Polygon", "coordinates": [ [ [ 132.379190211816905, 37.116601559813176 ], [ 131.180307029714726, 36.972091695721403 ], [ 130.387620428478073, 36.397965182108635 ], [ 129.8436161743914, 36.76007130767681 ], [ 126.46530634880358, 32.694936604690191 ], [ 126.801757732484674, 30.241916018951688 ], [ 126.511502217650118, 28.258648538471494 ], [ 128.261756162673038, 30.124723781870397 ], [ 127.916858335078658, 31.474109915068905 ], [ 129.877645922540609, 32.851868120481456 ], [ 130.349659179438646, 34.170341006291316 ], [ 131.489858808331405, 35.2782692344258 ], [ 132.379190211816905, 37.116601559813176 ] ] ] } },
{ "type": "Feature", "properties": { }, "geometry": { "type": "Polygon", "coordinates": [ [ [ 18.797604685246938, 61.05182004729059 ], [ 18.517380303078724, 60.261053697406673 ], [ 16.876803031298856, 59.464384119161018 ], [ 26.699856529645523, 58.197387774619337 ], [ 28.954443508795226, 56.990555544632798 ], [ 29.828943071997958, 57.196462921429152 ], [ 32.321139254384576, 56.447480239151538 ], [ 36.628743796278016, 56.058683987679601 ], [ 38.10899691117563, 56.284658873569839 ], [ 43.097635785307787, 54.595033269082926 ], [ 46.325099480705987, 54.343912675774803 ], [ 53.265868689501879, 54.787361446251403 ], [ 61.199509262238642, 53.784293523055531 ], [ 63.679123209852158, 54.419762839662894 ], [ 67.78877540880282, 54.708106079341341 ], [ 70.279503275587331, 55.432458616194992 ], [ 68.513562062723523, 57.579473761207417 ], [ 66.297917659877271, 56.532771090446822 ], [ 62.462881183587051, 55.678001497547854 ], [ 57.654817100192183, 56.020814611511192 ], [ 55.291683337505276, 57.248611119402 ], [ 53.156460718176689, 59.290758584959775 ], [ 27.30714819225156, 59.438574341022381 ], [ 25.818127736066529, 59.890303666883035 ], [ 24.304806942305191, 62.006000269145581 ], [ 18.797604685246938, 61.05182004729059 ] ] ] } },
{ "type": "Feature", "properties": { }, "geometry": { "type": "Polygon", "coordinates": [ [ [ 14.155491160843386, 58.858996346468054 ], [ 12.332379465005939, 58.594241113318297 ], [ 13.707417665375591, 57.435317478069969 ], [ 13.903734235085697, 56.60959317383557 ], [ 15.361693789867525, 55.274687601373941 ], [ 20.504323222167478, 52.740991218282581 ], [ 22.75760018840846, 53.100797770070898 ], [ 23.707546463451084, 53.787704228618189 ], [ 23.630198346757879, 54.35221932887066 ], [ 21.798876735233645, 54.173996475289954 ], [ 19.677750143086595, 54.730815990998764 ], [ 16.84621236775023, 56.366884098102808 ], [ 15.099787734934768, 58.314327852899986 ], [ 14.155491160843386, 58.858996346468054 ] ] ] } },
{ "type": "Feature", "properties": { }, "geometry": { "type": "Polygon", "coordinates": [ [ [ 16.876803031298856, 59.464384119161018 ], [ 13.598497507521477, 58.637102084936238 ], [ 14.522232169784383, 58.085643355578391 ], [ 16.209839200786323, 56.125877107096834 ], [ 20.194912605525296, 54.031059341608916 ], [ 21.468283572676604, 53.895881318157187 ], [ 22.744355627556171, 54.201920683745406 ], [ 27.526149140308721, 56.646442260080605 ], [ 29.396723677794647, 56.354665605137967 ], [ 29.056395776466307, 57.027279317903563 ], [ 29.263336507906558, 57.105041202400535 ], [ 28.954443508795226, 56.990555544632798 ], [ 26.699856529645523, 58.197387774619337 ], [ 16.876803031298856, 59.464384119161018 ] ] ] } },
{ "type": "Feature", "properties": { }, "geometry": { "type": "Polygon", "coordinates": [ [ [ 11.77959380828802, 58.385753790797516 ], [ 3.066816044705518, 57.807342642194122 ], [ 6.359329563313768, 57.712682021327012 ], [ 9.254782982221954, 56.637750182583439 ], [ 8.715274331368597, 54.832575460526805 ], [ 6.074702434717837, 53.683084432155063 ], [ 9.354366164544818, 52.214416185273521 ], [ 11.300221479729556, 50.950705300772306 ], [ 12.122124555862461, 49.679275051373935 ], [ 10.134029320346153, 45.692286154848802 ], [ 10.354058518232929, 44.827559376657113 ], [ 17.698412460802203, 46.274752926987411 ], [ 18.642000227139352, 46.813801919103653 ], [ 22.058940549603555, 47.555483193074664 ], [ 25.460298920137294, 48.628310672020802 ], [ 34.083960519212589, 52.122214514613759 ], [ 33.08349355443282, 52.793064726673165 ], [ 30.365719980604084, 55.758612142506379 ], [ 29.09623501265397, 56.479101569611068 ], [ 27.949405343774298, 56.716408522776398 ], [ 22.503491114968984, 54.11833206662191 ], [ 23.059212510630225, 53.73949286939127 ], [ 22.59195269782208, 53.053604676642138 ], [ 19.770367492808905, 52.474799645063008 ], [ 14.709778425180444, 55.044379127913231 ], [ 13.291048357322008, 56.389743849357345 ], [ 13.116142316359749, 57.216827913455077 ], [ 11.77959380828802, 58.385753790797516 ] ] ] } },
{ "type": "Feature", "properties": { }, "geometry": { "type": "Polygon", "coordinates": [ [ [ 2.479913111379884, 53.664009406025578 ], [ 6.170149379786307, 51.683310617312067 ], [ 8.398835416031892, 48.994769590197052 ], [ 6.819476450501489, 47.538773831463224 ], [ 10.154905937719221, 45.744603786736334 ], [ 12.122124555862461, 49.679275051373935 ], [ 11.300221479729556, 50.950705300772306 ], [ 7.69510034838256, 52.994443164213443 ], [ 3.063526389220269, 54.68045593979658 ], [ 2.615332903715818, 55.437037260492716 ], [ 2.479913111379884, 53.664009406025578 ] ] ] } },
{ "type": "Feature", "properties": { }, "geometry": { "type": "Polygon", "coordinates": [ [ [ 135.427289798645603, -74.98785277938353 ], [ 135.394032196100198, -74.732106455075836 ], [ 131.572445429539869, -75.327673982302969 ], [ 132.496047167797343, -76.112654528511072 ], [ 135.399550275430755, -76.770561546819806 ], [ 137.603629655779031, -76.342199506088491 ], [ 138.492627473524834, -75.774144140256908 ], [ 135.427289798645603, -74.98785277938353 ] ] ] } },
{ "type": "Feature", "properties": { }, "geometry": { "type": "Polygon", "coordinates": [ [ [ -48.070294971657745, -46.983572934518676 ], [ -54.631588135843977, -46.583556618019102 ], [ -56.542674215550228, -53.207707913412435 ], [ -56.42353483714146, -54.595372866231237 ], [ -49.345959554386376, -54.802112647860739 ], [ -45.802492645080399, -55.538359425217728 ], [ -39.089389361666029, -53.243064630596685 ], [ -39.922915430048583, -50.905402179901188 ], [ -39.458308776438578, -49.55614289841111 ], [ -39.938245600092166, -48.703870444244785 ], [ -42.304039128171667, -48.308584724910517 ], [ -44.107697234412882, -48.378856820694132 ], [ -48.070294971657745, -46.983572934518676 ] ] ] } },
{ "type": "Feature", "properties": { }, "geometry": { "type": "Polygon", "coordinates": [ [ [ -98.708357818193818, -83.617891929600916 ], [ -91.153892519146439, -82.074005161707774 ], [ -87.895678929380438, -80.811716658416486 ], [ -86.93086563947557, -80.114360580055688 ], [ -87.007190703555196, -79.110405924483501 ], [ -82.486940080665249, -75.715535379120837 ], [ -83.403890194100143, -75.246686039292342 ], [ -84.286489950696478, -75.222611690681759 ], [ -95.491330547708827, -77.475654672042751 ], [ -101.909823434045236, -78.397321826138224 ], [ -119.298332562237547, -79.861011281501305 ], [ -98.708357818193818, -83.617891929600916 ] ] ] } },
{ "type": "Feature", "properties": { }, "geometry": { "type": "Polygon", "coordinates": [ [ [ 179.99999999, -84.045491508674175 ], [ 170.92786482024556, -84.081306917353473 ], [ 171.163661066487606, -84.193071805014668 ], [ 164.112836819084379, -85.021282786723773 ], [ 152.491858391014887, -85.600839930751945 ], [ 137.809187879450974, -84.595321786925865 ], [ 114.494869541544631, -85.633729185336364 ], [ 86.721456514788997, -84.727393723516371 ], [ 75.92314392613973, -83.730920337487206 ], [ 66.886676240508166, -82.293014577665403 ], [ 60.254978058077867, -82.148895489155038 ], [ 40.3491058948972, -84.423440611168459 ], [ 28.418517529886017, -85.432970487579425 ], [ 15.889554612531319, -85.909864497275237 ], [ 12.87208854264979, -86.405552698341921 ], [ -15.792790579746054, -87.294223359370505 ], [ -15.063258247466415, -87.353141632672305 ], [ -33.760577452578417, -87.149742175249443 ], [ -50.537837753454383, -86.392178027636078 ], [ -58.751240152054201, -85.206508917306707 ], [ -88.58078508084489, -84.395090967230118 ], [ -95.77685834851016, -84.955094323292428 ], [ -100.039776419234144, -84.873399795655359 ], [ -101.632446798970847, -84.726978141910564 ], [ -102.20595186044342, -84.274977809899923 ], [ -98.708357818193903, -83.617891929600916 ], [ -112.93129270949764, -81.543364358357337 ], [ -129.776434004981667, -82.703564712989277 ], [ -148.559549254907836, -82.995721089961805 ], [ -179.99999999, -84.045491508674175 ], [ -179.99999999, -90.0 ], [ 179.99999999, -90.0 ], [ 179.99999999, -84.045491508674175 ] ] ] } },
{ "type": "Feature", "properties": { }, "geometry": { "type": "Polygon", "coordinates": [ [ [ -49.737752582827213, 0.230786927630292 ], [ -51.723813079949878, 0.657759123663989 ], [ -54.272504394408763, 1.667642067830321 ], [ -54.434917683541798, -0.00906235192353 ], [ -51.182930688138541, -1.328903147465621 ], [ -50.674483805539097, -1.945807713963549 ], [ -49.653185209314778, -1.291910446134921 ], [ -49.746598097686487, -0.763087036646572 ], [ -49.489522962439821, -0.544559862732371 ], [ -49.737752582827213, 0.230786927630292 ] ] ] } },
{ "type": "Feature", "properties": { }, "geometry": { "type": "Polygon", "coordinates": [ [ [ 122.269559902858163, 37.967030597622895 ], [ 119.21831966149928, 37.679659100380036 ], [ 122.670928669208564, 34.471031267667335 ], [ 122.260249443019021, 33.420978807207092 ], [ 122.651190365814045, 32.307794918328099 ], [ 123.24355071888175, 31.475562525132748 ], [ 124.56235728045192, 30.636649093293279 ], [ 124.462249541235252, 31.455669474302045 ], [ 124.816583033604417, 31.811473639886124 ], [ 124.485640340496929, 33.377060893971866 ], [ 123.547470196454739, 35.966855617717258 ], [ 122.269559902858163, 37.967030597622895 ] ] ] } },
{ "type": "Feature", "properties": { }, "geometry": { "type": "Polygon", "coordinates": [ [ [ 123.200534532691051, 31.529791354052069 ], [ 122.260249443019021, 33.420978807207092 ], [ 122.670928669208564, 34.471031267667335 ], [ 119.947282411438906, 37.242029444667246 ], [ 117.828386700628798, 38.090732115530564 ], [ 112.215689165502937, 38.593639463461876 ], [ 111.338459722768704, 39.591347262334139 ], [ 111.648543426067789, 36.815869182391332 ], [ 114.122940351426749, 33.313416850260879 ], [ 117.538832556023806, 33.016530395425065 ], [ 123.200534532691051, 31.529791354052069 ] ] ] } },
{ "type": "Feature", "properties": { }, "geometry": { "type": "Polygon", "coordinates": [ [ [ 114.974205014919306, 32.066155693522468 ], [ 112.304869825271524, 33.473414868212203 ], [ 113.791827492900552, 31.015435132316895 ], [ 117.022050202926678, 28.740322901406888 ], [ 114.974205014919306, 32.066155693522468 ] ] ] } },
{ "type": "Feature", "properties": { }, "geometry": { "type": "Polygon", "coordinates": [ [ [ -32.665701525336942, 56.474899159077552 ], [ -33.631896129605451, 57.079611569391673 ], [ -33.779884943063152, 55.437295024426959 ], [ -33.079329372345384, 55.874250459793707 ], [ -32.869454152837662, 55.613064022304208 ], [ -33.071275484810108, 55.133815533472799 ], [ -31.997678952090371, 53.909521769483405 ], [ -31.308249303760753, 53.861190818774794 ], [ -31.297006883551749, 53.382210153996482 ], [ -30.788088583521983, 53.930570043203687 ], [ -30.822384725707074, 54.396682514739908 ], [ -31.09400707783978, 54.94744953175082 ], [ -32.003908889264565, 55.19673422931028 ], [ -32.665701525336942, 56.474899159077552 ] ] ] } },
{ "type": "Feature", "properties": { }, "geometry": { "type": "Polygon", "coordinates": [ [ [ 136.44545103621553, 43.235105247316014 ], [ 136.621511723293111, 44.006410447330218 ], [ 137.385014895430487, 44.942940581847715 ], [ 142.102784378918244, 45.71882899413658 ], [ 143.859140965943766, 46.912012694693843 ], [ 148.236438101405923, 51.235183988656701 ], [ 148.13419869521897, 52.509792465343736 ], [ 146.367180380967767, 51.96256279254564 ], [ 137.258418504644595, 51.833311248892855 ], [ 135.666525310749108, 51.459127751220947 ], [ 132.932345650113888, 48.369260010703975 ], [ 129.09545558045312, 45.750014593270528 ], [ 127.135701842805844, 42.52662948823297 ], [ 123.671379226345266, 39.32971545172397 ], [ 125.960182562466343, 38.981599477028517 ], [ 129.715733146852415, 39.175190399180551 ], [ 131.255909436576388, 39.714520979448807 ], [ 133.12102075945208, 41.40786394925977 ], [ 135.88886157377766, 42.638238474604798 ], [ 136.44545103621553, 43.235105247316014 ] ] ] } },
{ "type": "Feature", "properties": { }, "geometry": { "type": "Polygon", "coordinates": [ [ [ 122.169822851849304, 38.237514865496252 ], [ 127.135701842805844, 42.52662948823297 ], [ 129.09545558045312, 45.750014593270528 ], [ 127.332151571869844, 44.868801054687346 ], [ 121.591179158793949, 39.996067763679179 ], [ 119.723868704361408, 39.364457550822429 ], [ 122.169822851849304, 38.237514865496252 ] ] ] } },
{ "type": "Feature", "properties": { }, "geometry": { "type": "Polygon", "coordinates": [ [ [ 138.658220664319202, 44.039831372992971 ], [ 138.895430995861773, 45.323629930280383 ], [ 137.385014895430487, 44.942940581847715 ], [ 136.621511723293111, 44.006410447330218 ], [ 136.629139403670052, 41.458127893461381 ], [ 137.520592699612251, 41.666462545024679 ], [ 138.658220664319202, 44.039831372992971 ] ] ] } },
{ "type": "Feature", "properties": { }, "geometry": { "type": "Polygon", "coordinates": [ [ [ 136.629139403670052, 41.458127893461381 ], [ 136.740813319847177, 42.442256681742016 ], [ 136.44545103621553, 43.235105247316014 ], [ 135.88886157377766, 42.638238474604798 ], [ 133.12102075945208, 41.40786394925977 ], [ 131.255909436576388, 39.714520979448807 ], [ 129.715733146852415, 39.175190399180551 ], [ 127.455406132985132, 38.996493906531988 ], [ 127.0920310554406, 37.68481898029323 ], [ 133.053257326133092, 38.78425249655411 ], [ 134.280955092461767, 40.494588706151454 ], [ 136.629139403670052, 41.458127893461381 ] ] ] } },
{ "type": "Feature", "properties": { }, "geometry": { "type": "Polygon", "coordinates": [ [ [ 124.243969633766952, 38.768827492008995 ], [ 126.191125584941233, 39.406285155758525 ], [ 122.586309100276324, 39.70996996514036 ], [ 121.190861171241835, 38.691918741379531 ], [ 124.243969633766952, 38.768827492008995 ] ] ] } },
{ "type": "Feature", "properties": { }, "geometry": { "type": "Polygon", "coordinates": [ [ [ 120.046790969307139, -41.076512973969884 ], [ 115.090852330062972, -40.240928905836803 ], [ 114.119049839539855, -40.657230796751165 ], [ 113.47081451328151, -41.5635135253698 ], [ 113.907910634152373, -41.787102021606735 ], [ 114.076809994457506, -42.343312139051825 ], [ 115.392334841335, -42.856872617523152 ], [ 116.120720176693965, -44.32730823133528 ], [ 115.337194740278761, -44.822238729304239 ], [ 115.462243792756041, -45.177260270767313 ], [ 116.806153687070335, -45.655238651953184 ], [ 117.059847444452728, -46.133604722833333 ], [ 122.999063975499823, -47.943313690018591 ], [ 126.90097630577452, -48.066396998669802 ], [ 130.052121589318659, -47.632956512290789 ], [ 130.120214013076776, -47.008246970707198 ], [ 129.740635718661082, -46.317601873558694 ], [ 128.86814456442977, -45.628750853342403 ], [ 128.857765605015402, -45.013216245364319 ], [ 127.69014210450905, -44.0837634669697 ], [ 123.04185423647165, -42.534270813526 ], [ 120.046790969307139, -41.076512973969884 ] ] ] } },
{ "type": "Feature", "properties": { }, "geometry": { "type": "Polygon", "coordinates": [ [ [ 17.735195799722714, 10.486700959020244 ], [ 17.54534545228174, 11.295810032467557 ], [ 15.460332498755195, 11.238026104964447 ], [ 14.19184373027502, 10.041192944593407 ], [ 15.050457632055387, 9.09251133076698 ], [ 16.036465610273201, 8.698951261473846 ], [ 16.55772482962044, 9.749719239779679 ], [ 17.735195799722714, 10.486700959020244 ] ] ] } },
{ "type": "Feature", "properties": { }, "geometry": { "type": "Polygon", "coordinates": [ [ [ 16.501015806736945, 9.434431127646393 ], [ 17.779740691121848, 8.895691597188199 ], [ 18.129886904720674, 11.47582655565617 ], [ 17.376349619087986, 12.174886891405841 ], [ 17.193838161226061, 11.617912154841685 ], [ 16.677011555661203, 11.571549966830959 ], [ 16.666200285996165, 12.231603982463859 ], [ 16.974895817796462, 12.505729989122294 ], [ 16.483648579438022, 12.917301291369371 ], [ 16.183771988804374, 12.01466009532634 ], [ 16.342996554431604, 11.08774266373614 ], [ 15.751022964674142, 10.843483987290655 ], [ 16.501015806736945, 9.434431127646393 ] ] ] } },
{ "type": "Feature", "properties": { }, "geometry": { "type": "Polygon", "coordinates": [ [ [ 22.884515745416721, 5.349457583470961 ], [ 23.482506006578188, 3.389194840817924 ], [ 24.973973404905433, 1.549867687455719 ], [ 26.069485094262721, 2.070698349297756 ], [ 24.282128657132613, 4.094229385626258 ], [ 24.094859859992038, 5.066805205844715 ], [ 22.884515745416721, 5.349457583470961 ] ] ] } },
{ "type": "Feature", "properties": { }, "geometry": { "type": "Polygon", "coordinates": [ [ [ 26.449661195346899, 1.882289832261127 ], [ 26.299608688257493, 2.266145528502415 ], [ 25.034758760736242, 1.727026416125712 ], [ 26.248134672496274, -0.284900658709289 ], [ 27.224697293221233, -0.857375677030649 ], [ 27.536296966247569, -0.164334619125235 ], [ 29.501518973678014, -0.281636968632513 ], [ 29.257708612442762, 1.283986853852418 ], [ 28.743336576730378, 0.69837170166761 ], [ 26.449661195346899, 1.882289832261127 ] ] ] } },
{ "type": "Feature", "properties": { }, "geometry": { "type": "Polygon", "coordinates": [ [ [ 25.371452911913114, 1.116200171469395 ], [ 26.874214732039562, -0.742675374837688 ], [ 27.321130521076, -0.193000179863455 ], [ 26.095379380305435, 1.347640842874975 ], [ 25.541857986057224, 1.293709877765007 ], [ 25.371452911913114, 1.116200171469395 ] ] ] } },
{ "type": "Feature", "properties": { }, "geometry": { "type": "Polygon", "coordinates": [ [ [ 32.791814910312176, 0.204712717477795 ], [ 29.55086941559918, 1.548172250006778 ], [ 28.186994092619333, 1.095007518968328 ], [ 26.901883657659582, 1.186637890449358 ], [ 25.374251846148091, -1.58637219966936 ], [ 26.245700371246681, -2.063084904864098 ], [ 27.631805679558333, -2.169573650456258 ], [ 28.576417728029952, -1.244077921244001 ], [ 29.252973009096692, -1.941320316782027 ], [ 30.137735741952504, -2.146810360099118 ], [ 30.450099643750562, -3.585455627429031 ], [ 31.805384661740156, -3.975135872282254 ], [ 34.8941916574381, -3.149730374617988 ], [ 37.946502360670429, -2.783799205193821 ], [ 37.063301814391508, -1.874418653117688 ], [ 34.459859615996336, -1.889933241501637 ], [ 33.666699528372398, -1.531152287546263 ], [ 32.872522125578598, -0.659359630697196 ], [ 32.791814910312176, 0.204712717477795 ] ] ] } },
{ "type": "Feature", "properties": { }, "geometry": { "type": "Polygon", "coordinates": [ [ [ 37.184028923924529, -0.975037743975673 ], [ 35.377077533282062, 0.782068901097717 ], [ 32.826581351703226, 0.91622876341015 ], [ 32.945252169941689, 0.056546864410726 ], [ 33.776827166133032, -0.779527522881176 ], [ 34.584679385592047, -1.103281719721947 ], [ 37.184028923924529, -0.975037743975673 ] ] ] } },
{ "type": "Feature", "properties": { }, "geometry": { "type": "Polygon", "coordinates": [ [ [ 49.494789990497374, 31.197227721785641 ], [ 47.747603565362567, 30.412515893378302 ], [ 46.872785910668703, 29.393092283372891 ], [ 45.130943771427248, 28.289257226114003 ], [ 40.845396414213447, 26.224101893520121 ], [ 45.03590981069339, 26.380449213825251 ], [ 46.404945852108668, 26.951409075614539 ], [ 51.177176575668184, 27.951321940424311 ], [ 53.956491293594773, 30.585950715068723 ], [ 49.494789990497374, 31.197227721785641 ] ] ] } },
{ "type": "Feature", "properties": { }, "geometry": { "type": "Polygon", "coordinates": [ [ [ 49.537330110009641, 31.696385856312446 ], [ 41.99819738439458, 30.062028456614843 ], [ 40.389057621812277, 27.804809394754315 ], [ 36.62406770421051, 26.286860088952672 ], [ 40.845396414213447, 26.224101893520121 ], [ 45.130943771427248, 28.289257226114003 ], [ 46.872785910668703, 29.393092283372891 ], [ 47.747603565362567, 30.412515893378302 ], [ 49.493005757381766, 31.177356138357251 ], [ 49.537330110009641, 31.696385856312446 ] ] ] } },
{ "type": "Feature", "properties": { }, "geometry": { "type": "Polygon", "coordinates": [ [ [ 44.222056622144713, 26.389037231383487 ], [ 42.760887841523598, 25.804865380386474 ], [ 40.605816670971294, 23.767020834394366 ], [ 38.300249398703876, 22.822372878269906 ], [ 36.507021366901931, 20.673829289262901 ], [ 38.873240647348815, 19.08585728809873 ], [ 38.756698664053658, 19.510521271020846 ], [ 39.465477466051404, 20.613253065987486 ], [ 39.701324633544125, 22.033200089718346 ], [ 42.777323083352563, 24.417637805477462 ], [ 44.222056622144713, 26.389037231383487 ] ] ] } },
{ "type": "Feature", "properties": { }, "geometry": { "type": "Polygon", "coordinates": [ [ [ 40.821647324529366, 26.223391818794624 ], [ 37.024061253639985, 24.457972954761232 ], [ 37.065830353510634, 23.865684291848861 ], [ 39.232917537922575, 23.29590695635568 ], [ 40.605816670971294, 23.767020834394366 ], [ 42.760887841523598, 25.804865380386474 ], [ 43.896586795082882, 26.320805124200778 ], [ 40.821647324529366, 26.223391818794624 ] ] ] } },
{ "type": "Feature", "properties": { }, "geometry": { "type": "Polygon", "coordinates": [ [ [ 6.871750664556318, 47.582668717720907 ], [ 0.541626304499883, 50.215969362655905 ], [ 0.391784472167243, 49.91168701541504 ], [ 1.36057459571047, 48.240287406199535 ], [ 7.082465924414069, 46.809254232837105 ], [ 8.790464473057167, 45.477118755339056 ], [ 9.152661387868648, 44.625876342279518 ], [ 10.602219338742616, 43.826563771178471 ], [ 10.154905937719221, 45.744603786736334 ], [ 6.871750664556318, 47.582668717720907 ] ] ] } },
{ "type": "Feature", "properties": { }, "geometry": { "type": "Polygon", "coordinates": [ [ [ 68.477023558319161, 23.842490505458869 ], [ 67.469243451979281, 25.063991542705566 ], [ 64.841771982294318, 24.63279654455944 ], [ 63.04787719216344, 24.889992400317961 ], [ 61.842656813218774, 25.427600983707602 ], [ 60.136197800494827, 26.940608386385271 ], [ 55.013192913803927, 26.637206701843361 ], [ 53.102429864550899, 27.464210056119981 ], [ 51.314166295406572, 25.901265080231092 ], [ 53.217834820481201, 24.96559294374762 ], [ 57.102988830512537, 23.914322610330991 ], [ 59.419657993173516, 24.459180904433193 ], [ 63.270610978413302, 23.714548301466724 ], [ 67.834664354859044, 24.055027450129437 ], [ 68.477023558319161, 23.842490505458869 ] ] ] } },
{ "type": "Feature", "properties": { }, "geometry": { "type": "Polygon", "coordinates": [ [ [ 57.582993486218925, 28.235605952870056 ], [ 55.455507154777777, 27.906673985170627 ], [ 54.26894521695629, 28.477892824065634 ], [ 53.102429864550899, 27.464210056119981 ], [ 55.013192913803927, 26.637206701843361 ], [ 60.136197800494827, 26.940608386385271 ], [ 60.775757840864948, 27.936062530149474 ], [ 60.613703498674113, 28.526636101789343 ], [ 61.847329662498858, 30.212346910510682 ], [ 61.099889665470656, 30.363543446391226 ], [ 62.542893950122931, 31.442663618341303 ], [ 61.503993382645262, 31.774877684909278 ], [ 61.035590581200175, 31.55380812263742 ], [ 57.582993486218925, 28.235605952870056 ] ] ] } },
{ "type": "Feature", "properties": { }, "geometry": { "type": "Polygon", "coordinates": [ [ [ 8.568724001461455, 29.931144752644766 ], [ 9.161062985715352, 30.975048443145177 ], [ 5.083197900877474, 30.315970838401043 ], [ 4.182058629454364, 29.447497472104242 ], [ 3.804226171874342, 28.566358044859783 ], [ 2.028770169914684, 27.512830084810485 ], [ 1.518513619354367, 26.856420165265462 ], [ -0.425665639718476, 22.642804779266299 ], [ 0.912832437221739, 20.471762228006622 ], [ 1.84551209345775, 19.954988185777353 ], [ 2.620494255739528, 20.291752439478632 ], [ 3.487821855927353, 20.068681489580833 ], [ 5.698266127035229, 17.911540606730963 ], [ 7.144112041709507, 20.097458629655364 ], [ 6.417185469437623, 22.410180145496003 ], [ 6.464058105054695, 23.080340979245644 ], [ 7.083656062485784, 24.045279463405056 ], [ 6.059946522440663, 27.111883792888882 ], [ 7.245689746078629, 28.954485164821989 ], [ 8.568724001461455, 29.931144752644766 ] ] ] } },
{ "type": "Feature", "properties": { }, "geometry": { "type": "Polygon", "coordinates": [ [ [ 64.250797722694855, -53.549328327696522 ], [ 63.872565321335685, -54.495428700680165 ], [ 64.384469777592145, -55.054928722853312 ], [ 65.244722803124105, -53.819794282095728 ], [ 64.854693195300598, -52.178896537065299 ], [ 62.280775304686941, -51.781222652541956 ], [ 56.499210895785879, -48.631754203477925 ], [ 53.757025812402794, -45.734495028279319 ], [ 52.695905931410671, -42.847503234733509 ], [ 53.289996425170301, -40.310846440049509 ], [ 53.418692667172188, -38.086730376200052 ], [ 52.510536982768969, -36.530061641677271 ], [ 53.301398391133269, -35.887331420341908 ], [ 51.982289564760997, -35.349864405763448 ], [ 52.228556153449709, -34.806007475318914 ], [ 52.021519397229397, -34.607188041014616 ], [ 51.382326286499229, -34.638996696276806 ], [ 49.996120291586223, -33.724565477213055 ], [ 49.979277749523717, -33.990128323681503 ], [ 50.858239884924885, -34.55935742928348 ], [ 50.893979209818454, -35.475832728819704 ], [ 51.572364106356837, -35.241923609181875 ], [ 51.746633132277495, -35.442296223488832 ], [ 51.012975143852358, -36.951653190733026 ], [ 51.189427815397195, -37.955527289537905 ], [ 50.428206957003589, -39.947988652031299 ], [ 50.542557863145817, -40.600249085282854 ], [ 49.846397390394124, -41.384552235714047 ], [ 49.810172813006901, -42.32882437408793 ], [ 51.59291510104039, -46.420319969206709 ], [ 52.09700364270185, -46.905951471880108 ], [ 52.03367941573233, -47.623321084323344 ], [ 52.581916035594197, -48.83056393402056 ], [ 55.542134290458904, -51.190629527950982 ], [ 57.268775856874598, -51.989284939755265 ], [ 61.068622794316511, -53.192665633143655 ], [ 63.24386581425388, -52.556706351292178 ], [ 64.250797722694855, -53.549328327696522 ] ] ] } },
{ "type": "Feature", "properties": { }, "geometry": { "type": "Polygon", "coordinates": [ [ [ 24.469092568478228, 23.920011216939493 ], [ 22.70548734817822, 24.248980741488609 ], [ 19.798028539849778, 21.666870993583281 ], [ 18.07595986198033, 21.050295193323599 ], [ 21.0105174909433, 19.922884509786179 ], [ 22.831349917636864, 22.151849659528033 ], [ 24.223121796232459, 22.901339393935199 ], [ 25.799725855111692, 24.213924063003901 ], [ 24.469092568478228, 23.920011216939493 ] ] ] } },
{ "type": "Feature", "properties": { }, "geometry": { "type": "Polygon", "coordinates": [ [ [ 17.181002356426806, 21.435114219920589 ], [ 15.911744184249141, 21.314784652845983 ], [ 15.110274405099579, 21.603681567389739 ], [ 13.911736131575219, 21.161558441147296 ], [ 9.468573547140203, 18.430515814882391 ], [ 8.582271825420134, 17.487204983157916 ], [ 8.188765288003616, 16.454536214090513 ], [ 8.888194379903144, 16.162447672804877 ], [ 12.595726118504505, 15.927963951861173 ], [ 13.13559528384179, 15.408873226889106 ], [ 12.992991938846068, 14.899393518137055 ], [ 13.585601609374407, 15.199948023101044 ], [ 17.519567261585777, 14.849786597298651 ], [ 20.131749303111498, 15.613088394743929 ], [ 21.636573524038852, 15.095061535250025 ], [ 21.897958557981262, 15.419717886160031 ], [ 21.555274818496834, 16.034797401185667 ], [ 21.726842018940154, 16.570674900650577 ], [ 22.292974422312565, 16.482424850407973 ], [ 22.859414129923241, 17.444141181894082 ], [ 21.818497596811842, 17.271125977765891 ], [ 21.873834924532588, 17.759094986037418 ], [ 21.344002284863588, 17.160740552928889 ], [ 20.763429415480775, 18.21723860233319 ], [ 21.0105174909433, 19.922884509786179 ], [ 17.181002356426806, 21.435114219920589 ] ] ] } },
{ "type": "Feature", "properties": { }, "geometry": { "type": "Polygon", "coordinates": [ [ [ 26.00183025100991, 25.791005682735502 ], [ 25.225577519404101, 26.355246890777167 ], [ 23.924141997951395, 26.339395915574357 ], [ 22.70548734817822, 24.248980741488609 ], [ 23.459853154540813, 23.911078240844663 ], [ 25.663772349598787, 24.115482250652644 ], [ 26.00183025100991, 25.791005682735502 ] ] ] } },
{ "type": "Feature", "properties": { }, "geometry": { "type": "Polygon", "coordinates": [ [ [ -22.701916685504049, -40.359335278734079 ], [ -24.30091614563532, -39.197805337971786 ], [ -33.751986178032311, -35.821171892763189 ], [ -40.774002616897448, -32.393624164586051 ], [ -44.467386980861988, -42.591478028215008 ], [ -43.081919490257079, -43.337411677803622 ], [ -42.82298967492094, -42.696016570141168 ], [ -39.022274053911701, -43.773698029154026 ], [ -32.216265267415856, -47.776924251695313 ], [ -31.893001758685632, -48.312250780338196 ], [ -30.85992481726236, -47.400889770727339 ], [ -30.722261742975011, -46.418083227944336 ], [ -29.410267773192462, -45.847515086018944 ], [ -28.786604498565339, -44.952174791478718 ], [ -27.568506458964467, -44.232992687024712 ], [ -26.020231916899323, -42.316866437634964 ], [ -24.375549015994736, -41.415556764436445 ], [ -23.449845304856829, -41.315800268890619 ], [ -22.701916685504049, -40.359335278734079 ] ] ] } },
{ "type": "Feature", "properties": { }, "geometry": { "type": "Polygon", "coordinates": [ [ [ 7.125170678958664, 9.399505633129275 ], [ 7.128661394853019, 9.706995141791765 ], [ 6.3941851570689, 10.104548878528451 ], [ 4.342392521915338, 10.542145834510805 ], [ 3.602295488643251, 10.37040094649617 ], [ 7.467644640430716, 8.244681048844319 ], [ 8.154510486996879, 8.156264104922057 ], [ 9.211382793284265, 7.02250586245248 ], [ 9.626096144231466, 6.990076125880223 ], [ 9.223019564755653, 7.822333015529115 ], [ 7.125170678958664, 9.399505633129275 ] ] ] } },
{ "type": "Feature", "properties": { }, "geometry": { "type": "Polygon", "coordinates": [ [ [ 1.478005471483625, 13.514793251350985 ], [ 0.376996424891053, 14.140138809150878 ], [ 0.934208071452252, 13.233872526538397 ], [ 0.376436929413196, 12.733309641241499 ], [ -1.044966174208045, 13.896977163306143 ], [ -1.8225269986601, 13.819174482512974 ], [ 1.335573191309687, 10.893073056798647 ], [ 2.738368471424395, 10.792217103404663 ], [ 3.600975362202186, 10.368428708431043 ], [ 3.733917939615436, 10.566797810447317 ], [ 3.118270247456665, 11.264993640854197 ], [ 2.101979925085262, 11.398130385436643 ], [ 1.416725697147781, 11.95203966128471 ], [ 1.478005471483625, 13.514793251350985 ] ] ] } },
{ "type": "Feature", "properties": { }, "geometry": { "type": "Polygon", "coordinates": [ [ [ 44.558151690907636, 34.664615617288469 ], [ 47.216850402807424, 34.985946159816692 ], [ 49.088350509395937, 35.856560502534613 ], [ 49.119800202079709, 36.562258995032387 ], [ 44.558151690907636, 34.664615617288469 ] ] ] } },
{ "type": "Feature", "properties": { }, "geometry": { "type": "Polygon", "coordinates": [ [ [ 25.103843809794032, 27.7388682829387 ], [ 23.423205885381741, 27.29179861840213 ], [ 22.490079109937174, 26.628836127419724 ], [ 19.698394951083042, 22.507075679837463 ], [ 17.181002356426806, 21.435114219920589 ], [ 18.07595986198033, 21.050295193323599 ], [ 19.169591344031179, 21.288974548988865 ], [ 20.960736871503908, 22.501817590345595 ], [ 22.492329109529045, 23.923339345678897 ], [ 23.924141997951395, 26.339395915574357 ], [ 25.225577519404101, 26.355246890777167 ], [ 26.00183025100991, 25.791005682735502 ], [ 25.748280922353697, 26.849263710010703 ], [ 25.103843809794032, 27.7388682829387 ] ] ] } },
{ "type": "Feature", "properties": { }, "geometry": { "type": "Polygon", "coordinates": [ [ [ -18.738156128351871, 55.325190330983411 ], [ -17.999081846952933, 55.285042300574695 ], [ -18.487321422223875, 57.052330497661565 ], [ -21.077909604323693, 57.961764146773014 ], [ -21.474597226940272, 58.458074279592708 ], [ -19.89540798206723, 59.25643357408935 ], [ -23.59290080653021, 59.240948196200769 ], [ -24.759171214187774, 56.790040635083884 ], [ -27.607130240828134, 54.058022759035126 ], [ -27.124034166282524, 52.468820263960005 ], [ -28.964973454171165, 49.500227999300556 ], [ -26.355527952559569, 49.122583408937864 ], [ -24.992392681960236, 52.153795499501506 ], [ -24.035219731576088, 53.518794567047074 ], [ -18.738156128351871, 55.325190330983411 ] ] ] } },
{ "type": "Feature", "properties": { }, "geometry": { "type": "Polygon", "coordinates": [ [ [ -36.469881378178897, 47.677010665039994 ], [ -35.260728842638422, 49.662937223780396 ], [ -33.466616508822774, 50.69145949203719 ], [ -33.210841850249246, 51.461359691695684 ], [ -34.519592829463001, 51.180545825115111 ], [ -35.279130519667412, 51.359927874082572 ], [ -36.922068088553218, 52.212722912221381 ], [ -38.956649590673962, 54.128636862534854 ], [ -38.905206196795753, 53.762222053681299 ], [ -39.690343928436924, 53.511761766929688 ], [ -41.594981739836335, 54.336168729412272 ], [ -40.786355257397517, 53.451681446097503 ], [ -39.887823173817857, 51.614167558943791 ], [ -39.900944407133906, 50.390142297245575 ], [ -37.078160539024779, 48.483530518606756 ], [ -36.469881378178897, 47.677010665039994 ] ] ] } },
{ "type": "Feature", "properties": { }, "geometry": { "type": "Polygon", "coordinates": [ [ [ -43.623281893303137, 19.829803425089253 ], [ -40.403107053655923, 23.03671628409997 ], [ -40.821626460675674, 23.933511934293108 ], [ -43.632547349624325, 23.772831489500742 ], [ -45.325250592236536, 24.167512793538069 ], [ -48.05860728530628, 25.465230058421145 ], [ -49.396357948160102, 26.667742461986553 ], [ -50.903113069446242, 25.995499694722358 ], [ -50.990745660696291, 25.352354397605545 ], [ -50.004629640916804, 24.069718845864401 ], [ -49.991758817271226, 20.399614323001948 ], [ -50.677015821931406, 18.932239065615377 ], [ -49.573738342250948, 18.955102873446886 ], [ -48.18435232831375, 18.168923867152849 ], [ -47.577076981847462, 16.365915903808606 ], [ -46.980390069561103, 15.767151629661903 ], [ -46.902203246997573, 16.82395735776819 ], [ -45.376534493224675, 19.12736465838983 ], [ -43.623281893303137, 19.829803425089253 ] ] ] } },
{ "type": "Feature", "properties": { }, "geometry": { "type": "Polygon", "coordinates": [ [ [ -41.380407842639173, 24.802494199121174 ], [ -40.21321497948346, 22.160271527673729 ], [ -39.342676027314432, 21.650249234155503 ], [ -39.857260349565408, 24.29456047006606 ], [ -39.590032501689301, 26.27838049917942 ], [ -41.257329128803399, 25.463742911938596 ], [ -41.380407842639173, 24.802494199121174 ] ] ] } },
{ "type": "Feature", "properties": { }, "geometry": { "type": "Polygon", "coordinates": [ [ [ -46.209091956638275, 14.818253152888278 ], [ -47.577076981847462, 16.365915903808606 ], [ -48.18435232831375, 18.168923867152849 ], [ -49.900229628718066, 19.043339591647825 ], [ -50.926830587757458, 18.862132287551038 ], [ -49.644365713953697, 16.669313529726761 ], [ -49.676590972476426, 13.992460365356212 ], [ -48.454014612554666, 13.301166852079783 ], [ -47.636849606425905, 10.898445440865391 ], [ -43.336024471053165, 4.592954049826051 ], [ -43.381788720153153, 5.875215812614898 ], [ -42.404234248652102, 8.833148515172191 ], [ -42.390119000229198, 9.808640096676594 ], [ -43.676543140644831, 11.973805517753775 ], [ -45.718138414657126, 13.216675830840977 ], [ -46.209091956638275, 14.818253152888278 ] ] ] } },
{ "type": "Feature", "properties": { }, "geometry": { "type": "Polygon", "coordinates": [ [ [ -40.21321497948346, 22.160271527673729 ], [ -40.403107053655923, 23.03671628409997 ], [ -43.406056749967789, 19.993919788804213 ], [ -45.376534493224675, 19.12736465838983 ], [ -46.902203246997573, 16.82395735776819 ], [ -47.051447305890626, 15.970541121465651 ], [ -46.209091956638275, 14.818253152888278 ], [ -45.718138414657126, 13.216675830840977 ], [ -43.676543140644831, 11.973805517753775 ], [ -43.072610371834415, 13.463965959160571 ], [ -39.877954956413518, 16.053038835344847 ], [ -39.290733440656972, 21.129762785797812 ], [ -39.342676027314432, 21.650249234155503 ], [ -40.21321497948346, 22.160271527673729 ] ] ] } },
{ "type": "Feature", "properties": { }, "geometry": { "type": "Polygon", "coordinates": [ [ [ -50.111973075054053, 19.869440345552505 ], [ -50.004629640916804, 24.069718845864401 ], [ -51.046113693825319, 25.594930071872913 ], [ -50.903113069446242, 25.995499694722358 ], [ -49.396357948160102, 26.667742461986553 ], [ -51.089929494583295, 28.192948839728047 ], [ -52.224139285788198, 26.306296490857015 ], [ -52.385710771616878, 23.800448858433231 ], [ -51.802292619125211, 20.52229949136073 ], [ -50.926830587757458, 18.862132287551038 ], [ -50.111973075054053, 19.869440345552505 ] ] ] } },
{ "type": "Feature", "properties": { }, "geometry": { "type": "Polygon", "coordinates": [ [ [ -38.938890508159936, 58.079225914948644 ], [ -36.901535107184991, 56.581643556758117 ], [ -34.86831183746456, 55.787183307356592 ], [ -36.334757920914711, 57.161925776344717 ], [ -38.938890508159936, 58.079225914948644 ] ] ] } },
{ "type": "Feature", "properties": { }, "geometry": { "type": "Polygon", "coordinates": [ [ [ -151.897672084169272, -82.750782462957446 ], [ -154.567703776403931, -82.681856436132534 ], [ -162.013791419130655, -83.060582112587383 ], [ -152.906897327048142, -83.281364723567606 ], [ -151.897672084169272, -82.750782462957446 ] ] ] } },
{ "type": "Feature", "properties": { }, "geometry": { "type": "Polygon", "coordinates": [ [ [ -53.745411127200811, -11.845194455843513 ], [ -52.74134880381645, -10.578732112402637 ], [ -51.263235805461804, -8.272877002854242 ], [ -53.580898933733813, -9.874670280972104 ], [ -53.745411127200811, -11.845194455843513 ] ] ] } },
{ "type": "Feature", "properties": { }, "geometry": { "type": "Polygon", "coordinates": [ [ [ -33.079329372345384, 55.874250459793707 ], [ -33.79258154231723, 55.390890596834659 ], [ -33.355280943398874, 53.693734259559989 ], [ -32.670458027790666, 54.611450002846361 ], [ -33.071275484810108, 55.133815533472799 ], [ -32.869454152837662, 55.613064022304208 ], [ -33.079329372345384, 55.874250459793707 ] ] ] } },
{ "type": "Feature", "properties": { }, "geometry": { "type": "Polygon", "coordinates": [ [ [ 105.215494784778329, 42.390744204435791 ], [ 104.6858755654481, 42.586756912516535 ], [ 106.487428391241707, 40.154783195152142 ], [ 108.11758984787221, 38.568644464294863 ], [ 108.973778105948227, 35.456336313101197 ], [ 109.535437597421137, 34.804285856223409 ], [ 112.317514436075712, 33.450918304218469 ], [ 110.867932825410804, 35.182040410939386 ], [ 110.797164486816285, 36.588150138695369 ], [ 109.823979324584883, 38.60809399394752 ], [ 108.949826427767462, 39.56164966485855 ], [ 107.137685437329665, 40.388656711469324 ], [ 105.215494784778329, 42.390744204435791 ] ] ] } },
{ "type": "Feature", "properties": { }, "geometry": { "type": "Polygon", "coordinates": [ [ [ 118.581995797190544, 17.006185614144471 ], [ 114.136037219244244, 14.928691475877358 ], [ 112.64231149163227, 14.829034478359976 ], [ 119.290573835889219, 12.787367697371117 ], [ 123.235010897120972, 11.917287056177575 ], [ 123.991414401321279, 10.37141565934912 ], [ 124.550643822714164, 11.210975338215201 ], [ 124.9058323286161, 12.029952623513422 ], [ 123.450265845008346, 12.719662311916379 ], [ 122.93544937308495, 13.628164165417914 ], [ 121.098933123678009, 15.337200878452411 ], [ 119.075709487873354, 16.776574487496724 ], [ 118.581995797190544, 17.006185614144471 ] ] ] } },
{ "type": "Feature", "properties": { }, "geometry": { "type": "Polygon", "coordinates": [ [ [ 118.98396131800007, 39.930410211157501 ], [ 111.926379882998944, 41.50397321753735 ], [ 112.58000555535989, 40.472790021427897 ], [ 113.176650592880108, 40.131609960859983 ], [ 121.068440132897351, 38.780359921807559 ], [ 122.219814806850607, 38.338920359576257 ], [ 118.98396131800007, 39.930410211157501 ] ] ] } },
{ "type": "Feature", "properties": { }, "geometry": { "type": "Polygon", "coordinates": [ [ [ -28.580200600490812, 58.251747988951841 ], [ -30.09986922332191, 56.279986047002829 ], [ -30.326828320741928, 53.488945031533824 ], [ -31.008259654297461, 53.307753314300612 ], [ -30.0354552229456, 52.576477987117862 ], [ -29.58499367729792, 52.624899926617466 ], [ -29.397799254057666, 53.007994062082879 ], [ -29.774879975945009, 54.679968832696709 ], [ -29.196278139706912, 56.254931965307371 ], [ -27.828724607120975, 57.427264433261151 ], [ -28.161758062092119, 58.100821990428798 ], [ -28.580200600490812, 58.251747988951841 ] ] ] } },
{ "type": "Feature", "properties": { }, "geometry": { "type": "Polygon", "coordinates": [ [ [ 5.865538350938586, 19.509126694829995 ], [ 3.972837785200884, 19.975405104282107 ], [ -2.101392331208847, 16.858475874090637 ], [ -7.39582864804686, 16.254037289586652 ], [ -13.054479851685777, 12.740431297194917 ], [ -13.993890933322461, 11.024473512419478 ], [ -14.284578286564733, 9.630863158264352 ], [ -11.349121967639379, 9.766626183630038 ], [ -10.310410976988335, 9.374699932005932 ], [ -7.843527742622237, 11.283820415580127 ], [ -4.920256555061482, 10.671495039718971 ], [ -3.185190943917883, 12.245610185478045 ], [ -0.903173844086399, 12.85773662132096 ], [ 0.753745046580458, 12.237927823701138 ], [ 3.251908054640009, 10.65636307950486 ], [ 3.998334844721287, 10.782850562838075 ], [ 4.91879852785341, 10.196366404119397 ], [ 6.111590269453841, 11.912294351103752 ], [ 6.15583851692364, 12.835340748185347 ], [ 8.145389940237454, 14.612536479572565 ], [ 8.531314090821221, 15.877449929283419 ], [ 7.987476201775618, 17.794207408803544 ], [ 5.865538350938586, 19.509126694829995 ] ] ] } },
{ "type": "Feature", "properties": { }, "geometry": { "type": "Polygon", "coordinates": [ [ [ 128.361315329768445, -51.90321064225288 ], [ 128.533772064195773, -49.577453024729557 ], [ 125.076305941818731, -49.457484926102829 ], [ 124.870759748167359, -49.976994064436923 ], [ 124.067026776137794, -50.265280331053056 ], [ 124.138275573825865, -50.665884193529486 ], [ 122.774219557488777, -51.338976086186044 ], [ 122.383585025647179, -52.515303386752073 ], [ 123.206916690892442, -52.984032936364393 ], [ 125.97210096928562, -52.796384593784637 ], [ 127.088576242157586, -51.70383110213848 ], [ 128.361315329768445, -51.90321064225288 ] ] ] } },
{ "type": "Feature", "properties": { }, "geometry": { "type": "Polygon", "coordinates": [ [ [ 147.279035887299329, -57.238696617383297 ], [ 147.411864072670795, -56.811914114753698 ], [ 145.701725747579616, -57.361918825865608 ], [ 142.682726733632762, -57.649274450313143 ], [ 142.411575997797115, -58.300299020584283 ], [ 142.566384530955446, -59.198339829886656 ], [ 143.166830544886636, -59.72196524498586 ], [ 143.089067829104948, -61.61754892699178 ], [ 144.978398580895799, -61.484423549400518 ], [ 148.067246557141431, -60.599383324624789 ], [ 147.601781844791816, -59.882333570614314 ], [ 146.343751341685419, -59.167709426939588 ], [ 145.704696409482892, -58.379018132619393 ], [ 147.279035887299329, -57.238696617383297 ] ] ] } },
{ "type": "Feature", "properties": { }, "geometry": { "type": "Polygon", "coordinates": [ [ [ 130.969920984691669, -77.948790710009206 ], [ 100.22979150360581, -75.991722755079024 ], [ 100.223135609301679, -76.053347821932661 ], [ 102.864543411485712, -78.707563029278205 ], [ 104.732782131181793, -79.925601125716369 ], [ 106.715193685618999, -80.73424047424777 ], [ 107.851248891870952, -81.711626384636972 ], [ 111.958407693684478, -82.248940751537376 ], [ 118.258190783658279, -82.575765972124131 ], [ 122.114136120022991, -82.275222393041361 ], [ 128.507137708895755, -80.525790673690267 ], [ 130.093780189334694, -78.568550924405912 ], [ 130.969920984691669, -77.948790710009206 ] ] ] } },
{ "type": "Feature", "properties": { }, "geometry": { "type": "Polygon", "coordinates": [ [ [ 101.407431698807926, -72.172580987861551 ], [ 101.263055736700565, -73.298722601187961 ], [ 98.808481455619884, -75.593378791766298 ], [ 97.062228486346129, -77.763244729203478 ], [ 97.366456246609587, -78.422821085483477 ], [ 99.975420395544063, -77.937799176828548 ], [ 102.869230221763019, -76.405843573742047 ], [ 103.884119697146602, -75.283242159544642 ], [ 103.843473761049822, -74.206854772451251 ], [ 101.407431698807926, -72.172580987861551 ] ] ] } },
{ "type": "Feature", "properties": { }, "geometry": { "type": "Polygon", "coordinates": [ [ [ 110.999178125848104, -77.912488506859987 ], [ 105.245405376090929, -77.161336354484348 ], [ 105.223454759781774, -78.315923821965569 ], [ 103.70125244708953, -79.427517482636873 ], [ 99.280262812008075, -80.939537289095583 ], [ 106.009104289804668, -81.798838349432017 ], [ 106.952526263069615, -82.133086297576881 ], [ 107.29589170112871, -82.650435900146533 ], [ 108.341241085917645, -82.894918985918906 ], [ 111.24778642360522, -83.046930947206945 ], [ 115.223198339452978, -82.781385419623788 ], [ 117.906963720138307, -81.735903850983505 ], [ 112.610534724882172, -80.006606859496074 ], [ 110.989003411943514, -78.557628802705793 ], [ 110.999178125848104, -77.912488506859987 ] ] ] } },
{ "type": "Feature", "properties": { }, "geometry": { "type": "Polygon", "coordinates": [ [ [ 124.108575828337152, -83.064802400399799 ], [ 126.696484620297852, -82.775099268442503 ], [ 128.718305266377683, -81.49527179272296 ], [ 128.112493237044077, -81.13311854828514 ], [ 120.791281676414712, -80.624624545870688 ], [ 120.381764675884838, -80.382680030264467 ], [ 120.474392347905351, -80.152190711950155 ], [ 121.549784707799319, -79.772222248841729 ], [ 120.960563074678547, -78.925857994943073 ], [ 118.503554563381201, -80.502065548779399 ], [ 110.521247353394045, -82.08921180172068 ], [ 106.706155392507029, -82.249318880028198 ], [ 106.050848387656131, -82.944444763843293 ], [ 106.373204798252857, -83.251926817854226 ], [ 110.520003932375261, -82.743286442710115 ], [ 124.108575828337152, -83.064802400399799 ] ] ] } },
{ "type": "Feature", "properties": { }, "geometry": { "type": "Polygon", "coordinates": [ [ [ 74.862756954686006, 53.6786247041263 ], [ 73.051581337971868, 53.084044772838041 ], [ 71.029593727601934, 52.874331738953259 ], [ 69.765175473937546, 51.69462744994523 ], [ 65.618475116389234, 50.142724589688981 ], [ 61.775745404860622, 50.342741972577549 ], [ 60.856175471932609, 50.847064191203948 ], [ 60.316988135991984, 51.664005220593744 ], [ 60.877521637349581, 52.48368249122958 ], [ 58.810652159026461, 52.872933218735163 ], [ 58.9907142711684, 51.525162067651664 ], [ 58.285246914553937, 50.47479092264156 ], [ 58.497151753723443, 50.042569297308091 ], [ 60.436262206224896, 49.034395623952697 ], [ 64.615357350937742, 48.672597672081451 ], [ 68.780484258199024, 49.906115776076156 ], [ 72.373868603519611, 51.462372663926189 ], [ 71.62347923015183, 50.681702078732862 ], [ 74.862756954686006, 53.6786247041263 ] ] ] } },
{ "type": "Feature", "properties": { }, "geometry": { "type": "Polygon", "coordinates": [ [ [ 60.877521637349581, 52.48368249122958 ], [ 60.316988135991984, 51.664005220593744 ], [ 60.856175471932609, 50.847064191203948 ], [ 61.775745404860622, 50.342741972577549 ], [ 65.618475116389234, 50.142724589688981 ], [ 69.765175473937546, 51.69462744994523 ], [ 65.980577635017085, 51.736394543408281 ], [ 65.631939403398093, 51.912182072558878 ], [ 65.396090831237274, 52.887210496099364 ], [ 64.551050157181947, 52.445158199563444 ], [ 60.877521637349581, 52.48368249122958 ] ] ] } },
{ "type": "Feature", "properties": { }, "geometry": { "type": "Polygon", "coordinates": [ [ [ 70.936752001628577, 54.924914959115284 ], [ 65.942397243447132, 53.285033802672572 ], [ 65.396090831237274, 52.887210496099364 ], [ 65.631939403398093, 51.912182072558878 ], [ 67.49299577926358, 51.563229766764429 ], [ 69.765175473937546, 51.69462744994523 ], [ 71.029593727601934, 52.874331738953259 ], [ 70.936752001628577, 54.924914959115284 ] ] ] } },
{ "type": "Feature", "properties": { }, "geometry": { "type": "Polygon", "coordinates": [ [ [ 59.861448948805609, 54.007891061983244 ], [ 57.92048065530917, 53.687494236184683 ], [ 56.239071437320561, 52.972558175765968 ], [ 58.358782054781265, 51.295353160020213 ], [ 58.285246914553937, 50.47479092264156 ], [ 58.9907142711684, 51.525162067651664 ], [ 58.810652159026461, 52.872933218735163 ], [ 60.877521637349581, 52.48368249122958 ], [ 64.551050157181947, 52.445158199563444 ], [ 65.942397243447132, 53.285033802672572 ], [ 70.936752001628577, 54.924914959115284 ], [ 70.442452225829612, 55.538527948077537 ], [ 69.252024011945338, 54.986530405329603 ], [ 63.679123209852158, 54.419762839662894 ], [ 62.138032854014995, 53.846921067951868 ], [ 59.861448948805609, 54.007891061983244 ] ] ] } },
{ "type": "Feature", "properties": { }, "geometry": { "type": "Polygon", "coordinates": [ [ [ 80.569445782268048, 59.203596638382528 ], [ 78.422121156695368, 58.2337403041643 ], [ 76.122762215964897, 58.098190853591852 ], [ 71.759597527031659, 57.243318504730169 ], [ 71.823108732199131, 56.79841486369039 ], [ 70.441329009036423, 55.539879656528605 ], [ 70.936752001628577, 54.924914959115284 ], [ 71.029593727601934, 52.874331738953259 ], [ 73.833977753237676, 53.308004125158043 ], [ 77.039538722719115, 54.788741428000861 ], [ 77.435397275675442, 55.61748251095942 ], [ 78.927192596988647, 56.394092026864861 ], [ 80.569445782268048, 59.203596638382528 ] ] ] } },
{ "type": "Feature", "properties": { }, "geometry": { "type": "Polygon", "coordinates": [ [ [ 80.213561107932605, 60.523391242756126 ], [ 76.177841870271337, 58.575322858271427 ], [ 73.65895491786155, 58.235319497432947 ], [ 71.718515905556274, 57.298962669408965 ], [ 78.88757973175845, 58.358850589432649 ], [ 84.778282248540151, 60.997001544440003 ], [ 80.213561107932605, 60.523391242756126 ] ] ] } },
{ "type": "Feature", "properties": { }, "geometry": { "type": "Polygon", "coordinates": [ [ [ 71.468239922611744, 59.256044343889648 ], [ 68.513562062723523, 57.579473761207417 ], [ 70.279503275587331, 55.432458616194992 ], [ 71.823108732199131, 56.79841486369039 ], [ 71.906981947850497, 57.428245385003727 ], [ 73.65895491786155, 58.235319497432947 ], [ 76.177841870271337, 58.575322858271427 ], [ 77.189793679990501, 59.171642536362505 ], [ 71.468239922611744, 59.256044343889648 ] ] ] } },
{ "type": "Feature", "properties": { }, "geometry": { "type": "Polygon", "coordinates": [ [ [ 151.584541792865707, 64.876454013717193 ], [ 151.021882321687059, 65.561881630407399 ], [ 150.428840652383826, 65.536858331450574 ], [ 150.247602556231584, 66.088555900837733 ], [ 151.017705930901514, 67.715733253522615 ], [ 152.927146118016168, 70.080006814354206 ], [ 139.534617791632144, 67.716997594787557 ], [ 132.458321933601979, 66.928956641378676 ], [ 126.447372329018876, 64.773304015721962 ], [ 119.429806316681592, 63.38548039660138 ], [ 115.958256562697443, 63.049499383655288 ], [ 112.365766858450016, 61.726189282642956 ], [ 110.044966045138651, 61.452664440265117 ], [ 112.506734247701843, 61.143114268609224 ], [ 131.771637068143065, 64.701114219895388 ], [ 143.132956240872034, 65.126925536871369 ], [ 151.584541792865707, 64.876454013717193 ] ] ] } },
{ "type": "Feature", "properties": { }, "geometry": { "type": "Polygon", "coordinates": [ [ [ 54.977169848472428, 60.476054365886036 ], [ 53.156460718176689, 59.290758584959775 ], [ 55.466199001161385, 57.122281064672485 ], [ 57.681335903578166, 56.046121201020512 ], [ 57.207355415073529, 58.225405432664189 ], [ 56.186794095703952, 59.769746473085661 ], [ 54.977169848472428, 60.476054365886036 ] ] ] } },
{ "type": "Feature", "properties": { }, "geometry": { "type": "Polygon", "coordinates": [ [ [ 61.09923322122858, 77.804160131670969 ], [ 53.870416258507888, 77.741875283057041 ], [ 51.392402916560215, 77.306508676318899 ], [ 52.928789292628217, 76.799997051804212 ], [ 53.118176414086214, 76.337785542797079 ], [ 53.761951188534702, 76.015948945959821 ], [ 60.912264329525847, 73.808189530129241 ], [ 71.776217098876089, 71.683643344180467 ], [ 74.388011524768345, 70.351504734441619 ], [ 75.880262430830214, 69.155015266562401 ], [ 75.987413196331502, 69.597349922594375 ], [ 75.343003595153718, 70.251574750408167 ], [ 73.072152943969172, 71.609138582271541 ], [ 70.746766594401748, 72.438459595218816 ], [ 67.078963445621284, 72.981699397818034 ], [ 61.995787331235121, 75.527844283328378 ], [ 60.839888435631167, 76.897573427490897 ], [ 61.09923322122858, 77.804160131670969 ] ] ] } },
{ "type": "Feature", "properties": { }, "geometry": { "type": "Polygon", "coordinates": [ [ [ 0.868742431490684, 61.272165650940238 ], [ 1.246947162135342, 60.085604723403705 ], [ 1.705163338698388, 59.713239182511167 ], [ 1.19424808994138, 60.984820834332176 ], [ 0.868742431490684, 61.272165650940238 ] ] ] } },
{ "type": "Feature", "properties": { }, "geometry": { "type": "Polygon", "coordinates": [ [ [ 9.667423420036645, 6.90605964363634 ], [ 2.467749088740829, 7.898639195737863 ], [ -0.443481557135694, 9.756644990562622 ], [ -4.560976904582627, 10.768983521613629 ], [ -6.253616810088126, 11.733099901830858 ], [ -8.243644236376738, 11.81956486308891 ], [ -9.822397805744792, 10.874849768384443 ], [ -13.190633552642716, 10.357680826980888 ], [ -14.971386094988825, 9.722165899351104 ], [ -15.679758356803086, 9.21181969401154 ], [ -19.061930553431608, 4.609576534303998 ], [ -20.851848814483127, 3.438423655079226 ], [ -24.260784082851846, -0.190690941816489 ], [ -23.714376822551781, -1.465299198939898 ], [ -22.557307043579648, -2.740096005386647 ], [ -22.98860036330202, -3.76348028396273 ], [ -22.664021585455451, -4.010442934438547 ], [ -22.756927049224579, -4.53464332490291 ], [ -21.63282085230896, -5.748163085307074 ], [ -22.120054598571897, -6.312239265475144 ], [ -21.089571847504086, -8.873880854957749 ], [ -21.258374910419224, -9.339297976171892 ], [ -19.972796206586718, -10.612964278586219 ], [ -17.395848251386134, -11.699285750987933 ], [ -16.388469171096748, -12.533523964060086 ], [ -16.16492613976077, -13.371936935572634 ], [ -16.971483209246848, -13.925612986323294 ], [ -16.866167005871205, -14.108066149624614 ], [ -14.351112978876435, -14.666864784369409 ], [ -12.610018343240185, -14.473775189773367 ], [ -9.474282384504233, -16.562830829967133 ], [ -8.666522701964054, -16.61125579709358 ], [ -8.365912092850229, -17.339728547970591 ], [ 0.454519131285406, -17.528686363040539 ], [ 1.432400506570036, -17.185682529327394 ], [ 4.13961355516949, -15.422397139548464 ], [ 5.429480365384536, -13.911126108972377 ], [ 5.809181548274342, -10.835075513063783 ], [ 5.680721766610228, -9.453561015889376 ], [ 6.171147101468989, -7.56260529114916 ], [ 6.219971851191648, -2.947420667485322 ], [ 9.507093886154976, 2.152661208233063 ], [ 11.114103707344393, 4.103256033086047 ], [ 9.667423420036645, 6.90605964363634 ] ] ] } },
{ "type": "Feature", "properties": { }, "geometry": { "type": "Polygon", "coordinates": [ [ [ -46.962448727362371, -3.862979408155636 ], [ -45.669907106635762, -2.806291841411647 ], [ -45.94763698626776, -1.43984013853134 ], [ -47.663529177625414, 0.070282530027799 ], [ -49.30560883066476, 0.299974896147463 ], [ -48.957334320992281, -0.435882353083893 ], [ -49.183351062665942, -0.686390793461433 ], [ -49.021023014262141, -1.198283560932409 ], [ -49.94711586511859, -1.981108000349271 ], [ -48.233871229933349, -3.489007875144475 ], [ -46.962448727362371, -3.862979408155636 ] ] ] } },
{ "type": "Feature", "properties": { }, "geometry": { "type": "Polygon", "coordinates": [ [ [ 122.49544052903866, 38.764280782530101 ], [ 121.010428844336673, 39.351011480715655 ], [ 112.958336027810034, 40.140225649185837 ], [ 112.322970946768052, 40.437827193497114 ], [ 112.935416749185663, 39.036967954588093 ], [ 114.254572005589026, 38.750511099552689 ], [ 122.49544052903866, 38.764280782530101 ] ] ] } },
{ "type": "Feature", "properties": { }, "geometry": { "type": "Polygon", "coordinates": [ [ [ 121.508038879688726, 39.168860661965233 ], [ 117.798212452468235, 38.907830853919684 ], [ 111.956829619515347, 39.239584958382387 ], [ 112.616607643778948, 38.461585584218248 ], [ 117.486858116849874, 37.967986406004378 ], [ 122.17446244592287, 38.515531892044606 ], [ 121.508038879688726, 39.168860661965233 ] ] ] } },
{ "type": "Feature", "properties": { }, "geometry": { "type": "Polygon", "coordinates": [ [ [ 121.885970791274133, 38.544652802872918 ], [ 119.321185524417444, 38.314460330247705 ], [ 117.92944263228452, 38.099268767741243 ], [ 118.766995746730643, 37.684795595110558 ], [ 122.370850161133106, 37.971830745697034 ], [ 121.885970791274133, 38.544652802872918 ] ] ] } },
{ "type": "Feature", "properties": { }, "geometry": { "type": "Polygon", "coordinates": [ [ [ -31.542460602457613, 54.065254668301606 ], [ -32.465940998084385, 53.760432927398874 ], [ -32.16570011071196, 53.490024741108101 ], [ -31.402641440078821, 53.512546732047653 ], [ -31.542460602457613, 54.065254668301606 ] ] ] } },
{ "type": "Feature", "properties": { }, "geometry": { "type": "Polygon", "coordinates": [ [ [ 139.116697335009491, 62.787922436618061 ], [ 136.911737158530087, 63.048127571116311 ], [ 132.801673320955672, 62.796638113630841 ], [ 119.556157306716187, 60.931897306170264 ], [ 116.358371365313715, 61.208571781167301 ], [ 114.084628417494017, 59.731160145788643 ], [ 113.687013885344143, 57.659314909195444 ], [ 113.980590235593809, 56.943017849774868 ], [ 115.683066426729894, 55.156570137820395 ], [ 118.084591006543334, 53.744882570876136 ], [ 119.941162863834009, 53.173597913590882 ], [ 124.821078435778219, 52.508722389748037 ], [ 130.390833423714156, 51.055694921640551 ], [ 131.5162174696666, 51.121767472725551 ], [ 132.247562014411784, 51.85292452100245 ], [ 133.940485007030787, 56.298676782830363 ], [ 133.782878953350064, 58.135819032483276 ], [ 136.270636123599701, 60.982092556476616 ], [ 139.116697335009491, 62.787922436618061 ] ] ] } },
{ "type": "Feature", "properties": { }, "geometry": { "type": "Polygon", "coordinates": [ [ [ 9.173900219797501, 6.963701813149836 ], [ 8.154510486996879, 8.156264104922057 ], [ 4.391609618088895, 9.775057204201126 ], [ 3.311787266282413, 10.619275653186934 ], [ 1.335573191309687, 10.893073056798647 ], [ -1.8225269986601, 13.819174482512974 ], [ -5.933576641313067, 11.51479872127879 ], [ -3.588245787888843, 10.453203226177983 ], [ -0.443481557135694, 9.756644990562622 ], [ 2.467749088740829, 7.898639195737863 ], [ 9.173900219797501, 6.963701813149836 ] ] ] } },
{ "type": "Feature", "properties": { }, "geometry": { "type": "Polygon", "coordinates": [ [ [ 117.530304606532638, 22.302722169439246 ], [ 114.158397310108867, 24.151753367325366 ], [ 114.913500059664784, 21.963154226566328 ], [ 115.376077149520754, 19.535135963210035 ], [ 115.243839276243591, 18.505082592894791 ], [ 115.582485575561151, 17.791722273349112 ], [ 122.57218941743497, 16.477185173862633 ], [ 117.857887870955395, 21.494907225602255 ], [ 117.530304606532638, 22.302722169439246 ] ] ] } },
{ "type": "Feature", "properties": { }, "geometry": { "type": "Polygon", "coordinates": [ [ [ -46.048031001299748, -1.999668216616947 ], [ -43.880330423887294, -1.417675648665534 ], [ -45.165496681072511, 3.346020383132732 ], [ -47.076450734110409, 1.910709092257912 ], [ -46.336485711282648, 0.44119288215061 ], [ -46.048031001299748, -1.999668216616947 ] ] ] } },
{ "type": "Feature", "properties": { }, "geometry": { "type": "Polygon", "coordinates": [ [ [ 90.962637642353926, -44.448117817321005 ], [ 100.459265421994914, -42.089284895273515 ], [ 102.370998505724558, -41.485696740739726 ], [ 101.021209551510495, -41.857364715132725 ], [ 97.782421008837929, -40.867819277028822 ], [ 96.974740240253112, -40.966521520894169 ], [ 90.554376384841333, -38.833195054094602 ], [ 91.355779090426168, -43.154643325879803 ], [ 90.962637642353926, -44.448117817321005 ] ] ] } },
{ "type": "Feature", "properties": { }, "geometry": { "type": "Polygon", "coordinates": [ [ [ 109.888494695997807, -33.504722230445388 ], [ 107.883377265524388, -31.957847247134133 ], [ 108.12054195903103, -31.254550201368065 ], [ 105.408678160766215, -29.730842203229802 ], [ 104.621804967696221, -28.726575987375568 ], [ 104.720375713466098, -35.025780737579602 ], [ 108.926669519347541, -35.64965477991673 ], [ 109.53665640751413, -35.686846939551884 ], [ 110.089159028088019, -35.287417042989091 ], [ 112.96779232544614, -35.695470138866831 ], [ 111.467753621586965, -34.089633803842048 ], [ 109.888494695997807, -33.504722230445388 ] ] ] } },
{ "type": "Feature", "properties": { }, "geometry": { "type": "Polygon", "coordinates": [ [ [ 117.174150131724389, -39.000935228115324 ], [ 113.953989323285995, -38.566684767714754 ], [ 110.797071209046806, -37.596639570153698 ], [ 111.760175333867423, -39.05600458113161 ], [ 112.645417768811669, -41.682178639179689 ], [ 113.280247154683352, -41.596478181845654 ], [ 114.24571999309363, -40.866613276021972 ], [ 115.337623213956235, -40.675826604353794 ], [ 117.174150131724389, -39.000935228115324 ] ] ] } },
{ "type": "Feature", "properties": { }, "geometry": { "type": "Polygon", "coordinates": [ [ [ 116.780579476290512, -38.847502593261694 ], [ 112.545305025909556, -37.553399675353454 ], [ 111.375644126758459, -37.524908788485796 ], [ 111.026010767742179, -37.988891876289877 ], [ 110.124450204276727, -37.408332034043781 ], [ 107.348099753264037, -37.96514160711164 ], [ 107.839676360134519, -38.401226472095146 ], [ 110.403477723856071, -39.236916584279797 ], [ 113.847210236191358, -39.348620134160441 ], [ 116.780579476290512, -38.847502593261694 ] ] ] } },
{ "type": "Feature", "properties": { }, "geometry": { "type": "Polygon", "coordinates": [ [ [ -1.901031490744099, 61.272107294912303 ], [ -0.365223967605762, 58.813888876426638 ], [ 0.933826526573554, 58.113711836164448 ], [ 1.428468138244722, 58.292740582086601 ], [ 1.781059698364772, 59.394894047554629 ], [ 2.799648932925063, 60.045168919016795 ], [ -0.167651693037453, 61.644493668504239 ], [ -1.901031490744099, 61.272107294912303 ] ] ] } },
{ "type": "Feature", "properties": { }, "geometry": { "type": "Polygon", "coordinates": [ [ [ -11.627601517590191, 59.562809201611934 ], [ -10.254285482527317, 59.721550648905044 ], [ -9.547706157467198, 60.600027628738033 ], [ -7.522347849826275, 61.892378580114482 ], [ -6.861652352768185, 62.923305371235685 ], [ -6.926238075812482, 63.569406310896838 ], [ -13.685055711013893, 61.182958531833123 ], [ -11.627601517590191, 59.562809201611934 ] ] ] } },
{ "type": "Feature", "properties": { }, "geometry": { "type": "Polygon", "coordinates": [ [ [ -13.685055711013893, 61.182958531833123 ], [ -10.773772212894372, 62.022760454130776 ], [ -8.374492824339407, 63.019804532457968 ], [ -15.480664338888728, 62.449464098299849 ], [ -13.685055711013893, 61.182958531833123 ] ] ] } },
{ "type": "Feature", "properties": { }, "geometry": { "type": "Polygon", "coordinates": [ [ [ -26.406655653431741, 59.234961219489648 ], [ -20.876057141521475, 61.246457530553599 ], [ -20.525254595931941, 61.858002137981288 ], [ -19.291337031650418, 62.728883318323831 ], [ -16.964196156065825, 63.478725126356281 ], [ -16.522484231999577, 64.082713453784933 ], [ -19.585097509138937, 64.419950959614994 ], [ -25.801907761933485, 63.948080053616579 ], [ -26.593299111767024, 63.081189396684948 ], [ -25.924744201855791, 62.322823712268779 ], [ -26.449075423104354, 61.853640416493455 ], [ -28.097236166784914, 61.29620985791599 ], [ -30.015239906005192, 61.1317216927456 ], [ -30.445728810273486, 60.324813461136458 ], [ -26.406655653431741, 59.234961219489648 ] ] ] } },
{ "type": "Feature", "properties": { }, "geometry": { "type": "Polygon", "coordinates": [ [ [ 93.60714918320258, 15.162477203714031 ], [ 89.514833496673305, 15.48179623355232 ], [ 86.113661330382641, 17.011912524098033 ], [ 84.44258225083334, 17.284886651364715 ], [ 84.933109005832151, 16.715883396315743 ], [ 88.53037205869137, 14.894852980387393 ], [ 90.5654077377975, 13.240865477596401 ], [ 93.508041056043652, 12.416712959353752 ], [ 97.034935247743547, 12.411444485843521 ], [ 101.897637384111093, 13.4735734710521 ], [ 103.153639226979124, 14.675445880963929 ], [ 105.044232792710332, 14.16465343051026 ], [ 106.788398367645257, 12.78737922280351 ], [ 105.947856489277086, 14.237950146277928 ], [ 102.982062357608271, 15.912943294000884 ], [ 101.211048392019933, 16.128481311283721 ], [ 99.689994154523646, 15.671805462950749 ], [ 96.071738957870124, 15.703635199509426 ], [ 93.60714918320258, 15.162477203714031 ] ] ] } },
{ "type": "Feature", "properties": { }, "geometry": { "type": "Polygon", "coordinates": [ [ [ 121.243137895873843, 52.389634545083915 ], [ 115.902612269316052, 51.999177942022861 ], [ 111.631913546341977, 50.44999766866033 ], [ 108.70488815711019, 49.903579327282444 ], [ 103.649854548794963, 49.691870241557986 ], [ 105.808156548624368, 48.904221931356638 ], [ 107.210968804672831, 47.982377752457793 ], [ 108.730923817559685, 46.177044675723643 ], [ 109.422054071728155, 44.202615104129578 ], [ 112.072382978211692, 42.378965570532785 ], [ 114.762910897456521, 41.121813679948993 ], [ 117.330299693710288, 40.571195894363342 ], [ 119.723868704361408, 39.364457550822429 ], [ 121.591179158793949, 39.996067763679179 ], [ 127.332151571869844, 44.868801054687346 ], [ 129.693593741441589, 46.057541129917468 ], [ 132.932345650113888, 48.369260010703975 ], [ 135.666525310749108, 51.459127751220947 ], [ 131.887556657203532, 51.319138943075416 ], [ 131.121994836468389, 50.531813175335948 ], [ 130.011526343195584, 50.460871548922505 ], [ 124.501442860875713, 51.893144454917262 ], [ 121.243137895873843, 52.389634545083915 ] ] ] } },
{ "type": "Feature", "properties": { }, "geometry": { "type": "Polygon", "coordinates": [ [ [ 27.557685569686239, -9.874037453004494 ], [ 26.086060696209149, -9.876379663716202 ], [ 27.007533399227718, -9.262943961106481 ], [ 26.336117409498495, -8.920951590378628 ], [ 25.755691297123903, -9.682968800609459 ], [ 25.08905638550776, -11.548159642828551 ], [ 25.463727288692464, -13.460388543295876 ], [ 27.001110875895485, -12.023206897495808 ], [ 27.557685569686239, -9.874037453004494 ] ] ] } },
{ "type": "Feature", "properties": { }, "geometry": { "type": "Polygon", "coordinates": [ [ [ -32.886663018588351, -63.299379438408195 ], [ -28.948151006650193, -62.573256482424497 ], [ -25.961049127474517, -59.032236610701212 ], [ -33.655280055451456, -58.51096899742074 ], [ -37.302161533445165, -57.806161470839562 ], [ -43.869981753824192, -57.291604962095597 ], [ -42.725873183292428, -60.161001652184595 ], [ -43.691348630029609, -61.604145446148927 ], [ -43.699414028001087, -62.324678850197614 ], [ -43.188159195412695, -62.725333109189471 ], [ -40.193953551552305, -63.477751897757301 ], [ -32.886663018588351, -63.299379438408195 ] ] ] } },
{ "type": "Feature", "properties": { }, "geometry": { "type": "Polygon", "coordinates": [ [ [ 48.194509696268568, -57.124541752436485 ], [ 45.90077404378065, -55.840375059932732 ], [ 42.848832693051982, -55.900231881572331 ], [ 42.067506726039078, -56.116533501979589 ], [ 41.658784043776578, -56.58228354200935 ], [ 42.912752804943892, -57.319303883093454 ], [ 44.185178772778251, -58.782306361732452 ], [ 45.91006986515908, -58.602813022468055 ], [ 46.785540661069682, -59.221648842657245 ], [ 49.288941704502975, -58.638602667932766 ], [ 48.194509696268568, -57.124541752436485 ] ] ] } },
{ "type": "Feature", "properties": { }, "geometry": { "type": "Polygon", "coordinates": [ [ [ 52.528282589738552, -60.339590760896215 ], [ 51.481835046785015, -58.815008747611692 ], [ 49.900166409567653, -58.579495852344451 ], [ 47.233885202197015, -59.465192631436167 ], [ 47.448938062967073, -60.489932640620495 ], [ 47.132081629584235, -61.498640731567342 ], [ 47.902343634951038, -62.141876736445312 ], [ 51.317626022466762, -62.513260385279729 ], [ 51.454422244731504, -62.11536227712066 ], [ 51.128480491277848, -61.46867445561459 ], [ 52.181034329195022, -61.001174593641188 ], [ 52.528282589738552, -60.339590760896215 ] ] ] } },
{ "type": "Feature", "properties": { }, "geometry": { "type": "Polygon", "coordinates": [ [ [ 41.369688656853128, -53.248149842403237 ], [ 40.141785435830599, -52.648898273255455 ], [ 39.684975477361967, -52.160685347518687 ], [ 39.638493116742758, -51.486199234176944 ], [ 39.209652349286081, -51.256048531823915 ], [ 37.101157296117954, -52.730851295359983 ], [ 37.52236528165826, -53.176034064449979 ], [ 39.690526302231952, -53.747216493045237 ], [ 40.690634970594076, -54.471862074017963 ], [ 42.829927509219949, -55.122529826926971 ], [ 44.470167252734178, -55.172765246080317 ], [ 46.038480388239073, -54.635451858364291 ], [ 45.36935968984281, -53.854377782613128 ], [ 41.369688656853128, -53.248149842403237 ] ] ] } },
{ "type": "Feature", "properties": { }, "geometry": { "type": "Polygon", "coordinates": [ [ [ -54.653021832126697, 73.434510069266722 ], [ -61.630224183622559, 70.631164974735597 ], [ -62.36707364329088, 68.821149711003827 ], [ -60.705165921991934, 68.993733754657526 ], [ -58.179946550187076, 70.448590197999224 ], [ -51.049683290679376, 72.138929001020344 ], [ -53.600427148286656, 72.711226954037414 ], [ -54.653021832126697, 73.434510069266722 ] ] ] } },
{ "type": "Feature", "properties": { }, "geometry": { "type": "Polygon", "coordinates": [ [ [ -67.37245059181798, 69.988121069786004 ], [ -62.36707364329088, 68.821149711003827 ], [ -61.630224183622559, 70.631164974735597 ], [ -54.653021832126697, 73.434510069266722 ], [ -54.130350397260884, 74.330326273334776 ], [ -55.242504132019235, 74.497065277668668 ], [ -58.950219951420948, 73.033106788559451 ], [ -64.765927320658918, 71.349670297561005 ], [ -67.37245059181798, 69.988121069786004 ] ] ] } },
{ "type": "Feature", "properties": { }, "geometry": { "type": "Polygon", "coordinates": [ [ [ -33.094597173332879, 76.605622251489905 ], [ -33.04522211429672, 77.010618298909264 ], [ -38.671106530032453, 77.617015071903808 ], [ -42.594322975388387, 77.069775246310556 ], [ -41.993463527128959, 76.408511590772505 ], [ -41.201781063000517, 76.322611461762477 ], [ -41.209134156942291, 75.966995809896829 ], [ -37.910092428802955, 76.362558420871366 ], [ -38.099235419777798, 75.759195833317463 ], [ -35.297817588788298, 76.360880538934978 ], [ -32.769668158644045, 76.372598293972615 ], [ -33.094597173332879, 76.605622251489905 ] ] ] } },
{ "type": "Feature", "properties": { }, "geometry": { "type": "Polygon", "coordinates": [ [ [ -28.594626964544574, 78.277614674982473 ], [ -28.302021833936823, 77.98886759968093 ], [ -30.801527237028694, 77.300960183748927 ], [ -26.387548161981076, 77.400374103781672 ], [ -24.60929160400018, 78.359841070288311 ], [ -25.415078111053354, 78.756743646901171 ], [ -27.052973082378863, 78.724262653328566 ], [ -28.594626964544574, 78.277614674982473 ] ] ] } },
{ "type": "Feature", "properties": { }, "geometry": { "type": "Polygon", "coordinates": [ [ [ -29.743153523375057, 52.608082954411408 ], [ -30.0354552229456, 52.576477987117862 ], [ -31.029452650991118, 53.14725198554428 ], [ -31.125214607106507, 52.574655921048212 ], [ -30.474329875730319, 52.139242283949109 ], [ -29.754934902432986, 52.034454525796114 ], [ -29.743153523375057, 52.608082954411408 ] ] ] } },
{ "type": "Feature", "properties": { }, "geometry": { "type": "Polygon", "coordinates": [ [ [ -30.326828320741928, 53.488945031533824 ], [ -30.09986922332191, 56.279986047002829 ], [ -28.914841197070128, 57.552025445539215 ], [ -28.627843695975493, 58.166814573943057 ], [ -29.890439080516209, 56.909532778704872 ], [ -30.837553482356565, 55.215691345221792 ], [ -30.978244929389092, 53.378941542153427 ], [ -30.326828320741928, 53.488945031533824 ] ] ] } },
{ "type": "Feature", "properties": { }, "geometry": { "type": "Polygon", "coordinates": [ [ [ -56.07635207071359, -54.614814427416619 ], [ -57.063912576577536, -56.238440757632588 ], [ -56.848150160857578, -57.10169910518205 ], [ -57.07796348789924, -58.063757686299439 ], [ -56.684807624049327, -60.494707057654594 ], [ -56.130070455855268, -61.62232968225203 ], [ -54.819430785146906, -62.92319298108491 ], [ -51.363272655942069, -64.305616326172157 ], [ -45.117951297455619, -65.629333366804488 ], [ -43.419667724246771, -64.260630731463237 ], [ -44.892410835222925, -63.512617031334266 ], [ -48.430460039661163, -62.997202322049368 ], [ -51.943992109006018, -61.84210538034602 ], [ -53.59601022383189, -60.408244075241157 ], [ -54.324973154135748, -58.478358150060586 ], [ -54.427435369996374, -57.198391227659208 ], [ -53.987904946728364, -54.67589507779477 ], [ -56.07635207071359, -54.614814427416619 ] ] ] } },
{ "type": "Feature", "properties": { }, "geometry": { "type": "Polygon", "coordinates": [ [ [ 85.670697774833869, 14.743050468451244 ], [ 86.654029171183154, 15.717500884506897 ], [ 86.204675139005005, 16.131946263051809 ], [ 85.007769570257295, 16.195507371951628 ], [ 84.910800297339776, 14.971952284426457 ], [ 85.275355484444503, 15.17953572794044 ], [ 85.670697774833869, 14.743050468451244 ] ] ] } },
{ "type": "Feature", "properties": { }, "geometry": { "type": "Polygon", "coordinates": [ [ [ 82.546133054333509, 15.318463311851659 ], [ 84.493608078864781, 15.218939299618242 ], [ 85.405633497141665, 16.515132979569142 ], [ 82.546133054333509, 15.318463311851659 ] ] ] } },
{ "type": "Feature", "properties": { }, "geometry": { "type": "Polygon", "coordinates": [ [ [ 101.593239068092785, 18.525914448112982 ], [ 99.937236905239828, 16.964194388545181 ], [ 100.204595632657913, 16.090397784925674 ], [ 100.241217212412906, 16.955085812104958 ], [ 100.995701110169151, 17.464572040071872 ], [ 104.588727347103401, 18.087112119759297 ], [ 103.780007164126573, 18.716176392189762 ], [ 101.593239068092785, 18.525914448112982 ] ] ] } },
{ "type": "Feature", "properties": { }, "geometry": { "type": "Polygon", "coordinates": [ [ [ 105.069177718220047, 18.972652128856211 ], [ 103.324946422799542, 19.218492725882925 ], [ 101.604014344851308, 18.483074444481062 ], [ 105.069177718220047, 18.972652128856211 ] ] ] } },
{ "type": "Feature", "properties": { }, "geometry": { "type": "Polygon", "coordinates": [ [ [ 106.653649669539362, 18.740416347649631 ], [ 103.722873252771421, 18.842575956375423 ], [ 102.842448196806984, 18.507950109779731 ], [ 103.780007164126573, 18.716176392189762 ], [ 104.280074646865373, 18.491108284417791 ], [ 107.301358679110194, 16.180384624514492 ], [ 107.534468405509244, 17.275218819121399 ], [ 106.653649669539362, 18.740416347649631 ] ] ] } },
{ "type": "Feature", "properties": { }, "geometry": { "type": "Polygon", "coordinates": [ [ [ 116.033987772312457, 17.115425300096913 ], [ 113.520996747698987, 16.009043515806738 ], [ 114.107828909323899, 15.879779064418754 ], [ 112.718766258452632, 15.092552645958033 ], [ 115.383784812321167, 14.564309317066357 ], [ 117.612189236863102, 14.544757538317382 ], [ 119.358682467300795, 13.671995402331151 ], [ 120.262774673905781, 13.993545004917905 ], [ 123.455976900825547, 13.232729872290777 ], [ 118.496298835722214, 15.324338115096216 ], [ 116.033987772312457, 17.115425300096913 ] ] ] } },
{ "type": "Feature", "properties": { }, "geometry": { "type": "Polygon", "coordinates": [ [ [ 124.528296720719638, 13.01246074247338 ], [ 122.558960298312584, 16.478792386047868 ], [ 115.600556595888904, 17.788345716291179 ], [ 116.078958980596568, 17.045274742255131 ], [ 118.496298835722214, 15.324338115096216 ], [ 124.528296720719638, 13.01246074247338 ] ] ] } },
{ "type": "Feature", "properties": { }, "geometry": { "type": "Polygon", "coordinates": [ [ [ -69.848784199896158, 50.932987219871357 ], [ -72.302568481292511, 47.658899134858089 ], [ -72.289115341026019, 47.114071537083682 ], [ -70.547629962340778, 45.775577242034572 ], [ -70.019059647094622, 43.828613927553832 ], [ -69.342647860453781, 43.342040545322092 ], [ -69.051445746207719, 44.079379223684086 ], [ -69.695209791882007, 45.083156241278616 ], [ -69.848784199896158, 50.932987219871357 ] ] ] } },
{ "type": "Feature", "properties": { }, "geometry": { "type": "Polygon", "coordinates": [ [ [ 117.10440530532621, 64.674966765798587 ], [ 114.778564064090375, 64.140070834333741 ], [ 112.02623024898935, 62.776007108327619 ], [ 108.553198595281515, 61.992157836198274 ], [ 106.594933431063836, 62.089920515258605 ], [ 102.127255027842295, 61.610876812596992 ], [ 97.63353642492207, 61.979733671096312 ], [ 93.329013146269034, 61.392120135297041 ], [ 98.796355361185761, 60.699624081962874 ], [ 102.753299783222943, 60.888716776104722 ], [ 106.542102175009333, 61.468680182840565 ], [ 112.01828086979296, 61.655915629687662 ], [ 115.958256562697443, 63.049499383655288 ], [ 116.603137844539489, 63.503065187958683 ], [ 116.656973390241703, 64.543288884888597 ], [ 117.10440530532621, 64.674966765798587 ] ] ] } },
{ "type": "Feature", "properties": { }, "geometry": { "type": "Polygon", "coordinates": [ [ [ 152.927146118016168, 70.080006814354206 ], [ 156.367429757936549, 71.438289731569654 ], [ 161.324520142921472, 72.517267659493882 ], [ 165.81602702773128, 74.742765288193766 ], [ 155.83698057196338, 74.285752414454706 ], [ 154.292898877692807, 73.9003030179164 ], [ 150.452921358158761, 72.023211469837619 ], [ 146.674397496501598, 70.842917042596824 ], [ 131.295425448319634, 68.842074221338521 ], [ 124.697187058060777, 67.594066063316035 ], [ 120.611322428523835, 66.371857609202422 ], [ 116.656973390241703, 64.543288884888597 ], [ 116.603137844539489, 63.503065187958683 ], [ 115.958256562697443, 63.049499383655288 ], [ 119.429806316681592, 63.38548039660138 ], [ 126.447372329018876, 64.773304015721962 ], [ 132.458321933601979, 66.928956641378676 ], [ 139.534617791632144, 67.716997594787557 ], [ 152.927146118016168, 70.080006814354206 ] ] ] } },
{ "type": "Feature", "properties": { }, "geometry": { "type": "Polygon", "coordinates": [ [ [ 118.437094764217875, 65.456630261636363 ], [ 105.852947062924557, 62.919061129061156 ], [ 94.055475959150783, 62.28300967109837 ], [ 93.128024972889364, 61.429570015970086 ], [ 97.63353642492207, 61.979733671096312 ], [ 102.127255027842295, 61.610876812596992 ], [ 108.893891054475063, 62.042823257260196 ], [ 112.02623024898935, 62.776007108327619 ], [ 114.778564064090375, 64.140070834333741 ], [ 117.10440530532621, 64.674966765798587 ], [ 118.437094764217875, 65.456630261636363 ] ] ] } },
{ "type": "Feature", "properties": { }, "geometry": { "type": "Polygon", "coordinates": [ [ [ 108.798278637701955, 68.904777440528505 ], [ 101.022055064374086, 66.619521794003461 ], [ 88.108045797534672, 63.915965953619263 ], [ 91.864034990351172, 62.668786286086203 ], [ 94.055475959150783, 62.28300967109837 ], [ 106.754782924454105, 63.0379584272561 ], [ 116.435550937302864, 64.910426001847597 ], [ 122.172366136017445, 66.928390177749407 ], [ 126.960614276477941, 68.097071766993778 ], [ 146.674397496501598, 70.842917042596824 ], [ 150.452921358158761, 72.023211469837619 ], [ 155.046249001474621, 74.123388373855576 ], [ 160.638767381229144, 74.615727683497212 ], [ 138.790997205998821, 75.412715420891857 ], [ 130.789743292869105, 74.603268465567055 ], [ 125.805315240719708, 73.42444506781969 ], [ 124.464599449460351, 72.613526512879702 ], [ 117.580846555530897, 71.325018557951779 ], [ 113.50884132638997, 70.963545433477222 ], [ 108.798278637701955, 68.904777440528505 ] ] ] } },
{ "type": "Feature", "properties": { }, "geometry": { "type": "Polygon", "coordinates": [ [ [ 77.898518380544999, 69.469012032527417 ], [ 74.645739130302672, 67.881892668901244 ], [ 71.500131649517726, 67.256705905789048 ], [ 70.830405668565746, 66.683056215150685 ], [ 68.951004389790228, 63.586223509093301 ], [ 68.239626795600685, 61.117634850919252 ], [ 73.521604333655603, 59.776096215353796 ], [ 79.109521272666896, 60.399719645355987 ], [ 78.876364830368146, 60.726538278321776 ], [ 79.099285577129351, 61.358711666376593 ], [ 72.525275825215985, 61.531379026459639 ], [ 79.968361051362265, 66.614067455221019 ], [ 81.177477383436425, 67.724800581122096 ], [ 81.93068346149947, 69.32746978929066 ], [ 82.855447466060141, 70.181685377963646 ], [ 77.898518380544999, 69.469012032527417 ] ] ] } },
{ "type": "Feature", "properties": { }, "geometry": { "type": "Polygon", "coordinates": [ [ [ 61.09923322122858, 77.804160131670969 ], [ 60.839888435631167, 76.897573427490897 ], [ 61.995787331235121, 75.527844283328378 ], [ 67.078963445621284, 72.981699397818034 ], [ 70.746766594401748, 72.438459595218816 ], [ 73.413765264688635, 71.447850412751166 ], [ 75.896566443456535, 69.723975181855309 ], [ 75.821060446123894, 68.553425763123968 ], [ 76.912879796447896, 69.20965057641061 ], [ 82.814861023924692, 70.145576063514852 ], [ 83.082650748821862, 70.559621816172992 ], [ 82.886624076875776, 72.369857409889363 ], [ 80.629116567214055, 74.620108115339377 ], [ 80.258208995697686, 75.606437612381328 ], [ 79.315818039232227, 76.330775577660205 ], [ 79.052925995028758, 77.011582773499185 ], [ 61.09923322122858, 77.804160131670969 ] ] ] } },
{ "type": "Feature", "properties": { }, "geometry": { "type": "Polygon", "coordinates": [ [ [ 131.88097362760459, 86.719889245328332 ], [ 150.399310981273942, 87.498478582840704 ], [ 141.865158093762858, 88.322023192378197 ], [ 129.464113906715255, 88.759084386764798 ], [ 110.167598712567582, 88.573506395189639 ], [ 76.039244790945617, 89.338074849474353 ], [ 88.152466899913719, 88.736827436747205 ], [ 50.864570100571811, 88.166789596974127 ], [ 70.455768841175896, 87.872328793242573 ], [ 87.414314397055364, 87.076049516185009 ], [ 91.61023358304233, 86.549040798406764 ], [ 94.070289580325152, 86.025256618521254 ], [ 94.952353981658234, 85.514240779057204 ], [ 93.47783391581973, 84.307919826283424 ], [ 91.583202108116865, 83.481236988975184 ], [ 86.88555069010404, 82.062294163359041 ], [ 81.768587795077522, 80.981788741517377 ], [ 81.573119074024248, 80.4572432595225 ], [ 78.737637579836559, 79.021532361915206 ], [ 78.666157697596773, 78.512906991220149 ], [ 80.182139281238435, 77.584931345283593 ], [ 80.187844853798723, 77.299375294828977 ], [ 79.052925995028758, 77.011582773499185 ], [ 79.204671708682085, 76.507410869173611 ], [ 80.258208995697686, 75.606437612381328 ], [ 80.629116567214055, 74.620108115339377 ], [ 82.556426441044607, 72.795827503731005 ], [ 85.036434063484577, 73.961671553935574 ], [ 87.150157128153893, 76.390481656582736 ], [ 85.532391200605559, 77.211767311474333 ], [ 85.683060515093871, 78.113748644834189 ], [ 84.714277365652208, 78.840531205104583 ], [ 86.313602021429006, 80.037761865918966 ], [ 86.330466105942378, 80.966836288112447 ], [ 86.784950006793011, 81.208038522405602 ], [ 95.671091341586219, 83.188741020466651 ], [ 103.16548702783416, 84.288277733402552 ], [ 131.88097362760459, 86.719889245328332 ] ] ] } },
{ "type": "Feature", "properties": { }, "geometry": { "type": "Polygon", "coordinates": [ [ [ 71.500131649517726, 67.256705905789048 ], [ 69.354250642308642, 66.994447259961206 ], [ 68.430106040591426, 66.134948162871638 ], [ 66.020365476817446, 65.218893359421813 ], [ 65.550245188461645, 63.898907778588999 ], [ 64.689409489315068, 62.851010652427775 ], [ 65.090123219994567, 61.679596197535638 ], [ 64.838423816234283, 59.736689763385996 ], [ 65.264904683014066, 59.041806025461504 ], [ 67.971530108947363, 59.060801465970322 ], [ 70.209065925940735, 60.463939321818124 ], [ 68.254022917806651, 61.281573874347004 ], [ 68.752705893542782, 63.129193571039629 ], [ 70.057969796117661, 65.62670645831632 ], [ 71.500131649517726, 67.256705905789048 ] ] ] } },
{ "type": "Feature", "properties": { }, "geometry": { "type": "MultiPolygon", "coordinates": [ [ [ [ 70.128740860730488, 60.479962764319353 ], [ 69.718960368530233, 60.566272140388996 ], [ 69.82174663344226, 60.541202731399203 ], [ 70.128740860730488, 60.479962764319353 ] ] ], [ [ [ 70.208035718437245, 60.463261408777868 ], [ 67.509324164207371, 58.707686750866365 ], [ 70.248710479851482, 59.255269739152688 ], [ 76.569798325424316, 59.031792842874218 ], [ 80.213561107932605, 60.523391242756126 ], [ 73.774100512249163, 59.772626680007015 ], [ 70.208035718437245, 60.463261408777868 ] ] ] ] } },
{ "type": "Feature", "properties": { }, "geometry": { "type": "Polygon", "coordinates": [ [ [ 64.954415600162037, 61.035895229767767 ], [ 63.331153623174686, 61.369965463498332 ], [ 61.252487863628538, 61.063736447364334 ], [ 62.275645031260403, 60.85197571949427 ], [ 63.175948432913096, 59.129143882613228 ], [ 63.15235483285413, 58.596376661859615 ], [ 66.395471986322065, 58.410361941491061 ], [ 68.00354709047302, 59.107923896308442 ], [ 65.264904683014066, 59.041806025461504 ], [ 64.838423816234283, 59.736689763385996 ], [ 65.016883259227583, 61.242956907110852 ], [ 64.954415600162037, 61.035895229767767 ] ] ] } },
{ "type": "Feature", "properties": { }, "geometry": { "type": "Polygon", "coordinates": [ [ [ 64.845589330237075, 62.358589473843431 ], [ 58.550037087068567, 62.042708055336199 ], [ 56.90395526337992, 61.041089348210818 ], [ 63.331153623174686, 61.369965463498332 ], [ 64.954415600162037, 61.035895229767767 ], [ 64.845589330237075, 62.358589473843431 ] ] ] } },
{ "type": "Feature", "properties": { }, "geometry": { "type": "Polygon", "coordinates": [ [ [ 66.071168152184967, 65.277965320131869 ], [ 60.507294157807621, 63.210542723490626 ], [ 58.339688799131508, 61.921150837084276 ], [ 64.845589330237075, 62.358589473843431 ], [ 64.708626489439467, 62.972023880003071 ], [ 65.550245188461645, 63.898907778588999 ], [ 66.071168152184967, 65.277965320131869 ] ] ] } },
{ "type": "Feature", "properties": { }, "geometry": { "type": "Polygon", "coordinates": [ [ [ 56.977163826798517, 61.080054554381753 ], [ 54.977169848472428, 60.476054365886036 ], [ 56.186794095703952, 59.769746473085661 ], [ 57.585661459010872, 57.268353537542396 ], [ 58.195194550046395, 57.600934090332942 ], [ 58.768189716739407, 58.700951150944931 ], [ 59.681451737013973, 59.197755503238859 ], [ 60.921243433207785, 59.218388357309891 ], [ 63.15235483285413, 58.596376661859615 ], [ 63.214116574361398, 58.851607100225316 ], [ 62.275645031260403, 60.85197571949427 ], [ 61.777160409543008, 60.970809880839525 ], [ 56.977163826798517, 61.080054554381753 ] ] ] } },
{ "type": "Feature", "properties": { }, "geometry": { "type": "Polygon", "coordinates": [ [ [ 80.364823231622694, 54.158826048504096 ], [ 76.905410595889691, 52.736229002432083 ], [ 75.140060426181932, 51.393890167229756 ], [ 74.273491527525209, 50.320341922397731 ], [ 72.366349323548391, 46.212008238146382 ], [ 72.93094279144772, 45.310193981369267 ], [ 75.806659514929493, 44.445244330208304 ], [ 81.768948570971276, 47.124400499829761 ], [ 82.454201667041715, 48.782576472013133 ], [ 85.481949035295699, 52.790383374805586 ], [ 85.990628939641255, 53.899654146526089 ], [ 85.404139137150594, 55.753804880230049 ], [ 81.052434355265447, 54.73429054070175 ], [ 80.364823231622694, 54.158826048504096 ] ] ] } },
{ "type": "Feature", "properties": { }, "geometry": { "type": "Polygon", "coordinates": [ [ [ 84.097973080377798, 50.988656741912564 ], [ 82.454201667041715, 48.782576472013133 ], [ 81.768948570971276, 47.124400499829761 ], [ 75.806659514929493, 44.445244330208304 ], [ 76.871483278215379, 44.119381534192947 ], [ 78.123513819012132, 44.736992753089773 ], [ 80.704535358873031, 45.174868280079075 ], [ 89.737191818000383, 50.802409136195926 ], [ 100.996939427363699, 53.728668347296249 ], [ 104.783255452888241, 55.337596997337968 ], [ 108.256872188654995, 57.76416726486584 ], [ 113.815224327328892, 59.333441375305078 ], [ 109.412071764389452, 58.449187644 ], [ 107.004160617106848, 57.454366988160544 ], [ 104.613630918542171, 57.352510863654686 ], [ 98.403291853557917, 56.030247753937232 ], [ 94.937872558615894, 54.056029201303005 ], [ 86.566609062282339, 52.140952248065091 ], [ 84.938712196999859, 51.13971366896493 ], [ 84.097973080377798, 50.988656741912564 ] ] ] } },
{ "type": "Feature", "properties": { }, "geometry": { "type": "Polygon", "coordinates": [ [ [ 105.925043465795326, 59.992369757846653 ], [ 92.422566603346525, 58.169089466905966 ], [ 89.956826325576387, 57.277541235161983 ], [ 85.013445890722679, 52.125086525024628 ], [ 85.481949035295699, 52.790383374805586 ], [ 84.097973080377798, 50.988656741912564 ], [ 84.938712196999859, 51.13971366896493 ], [ 86.566609062282339, 52.140952248065091 ], [ 94.937872558615894, 54.056029201303005 ], [ 98.403291853557917, 56.030247753937232 ], [ 104.613630918542171, 57.352510863654686 ], [ 107.004160617106848, 57.454366988160544 ], [ 111.978231142494437, 59.129556138390832 ], [ 109.558943699392117, 59.240896651627551 ], [ 105.925043465795326, 59.992369757846653 ] ] ] } },
{ "type": "Feature", "properties": { }, "geometry": { "type": "Polygon", "coordinates": [ [ [ 151.324343226061359, 64.503397396174464 ], [ 142.989735314894176, 64.782567659205384 ], [ 131.752645108502804, 64.406905309551505 ], [ 112.550443006454614, 60.959232286401814 ], [ 115.134325566781342, 60.888208382759707 ], [ 116.922708966304526, 61.277099711412717 ], [ 117.254307278481875, 61.027709871009222 ], [ 119.556157306716187, 60.931897306170264 ], [ 126.426664038914737, 62.100591889475574 ], [ 133.723431732581503, 62.879386234836318 ], [ 136.911737158530087, 63.048127571116311 ], [ 139.91817158549776, 62.617725847785181 ], [ 145.451196825746592, 63.673862845864953 ], [ 146.942419664615642, 63.479942208700145 ], [ 149.927570240811264, 62.395991805363934 ], [ 150.905230159839732, 63.097445870450038 ], [ 152.436618858308464, 63.401429129524502 ], [ 151.324343226061359, 64.503397396174464 ] ] ] } },
{ "type": "Feature", "properties": { }, "geometry": { "type": "Polygon", "coordinates": [ [ [ 103.617291612881587, 17.318950391119664 ], [ 107.97521134016138, 15.731263107547782 ], [ 105.657904699844266, 17.577405396054814 ], [ 104.588727347103401, 18.087112119759297 ], [ 103.86445893663722, 18.053670459125009 ], [ 103.617291612881587, 17.318950391119664 ] ] ] } },
{ "type": "Feature", "properties": { }, "geometry": { "type": "Polygon", "coordinates": [ [ [ 104.002377509378121, 16.87095555620682 ], [ 103.391193656799061, 16.321746820681955 ], [ 103.876093761819689, 15.807508529149617 ], [ 103.838286555671317, 16.240335300627084 ], [ 104.002377509378121, 16.87095555620682 ] ] ] } },
{ "type": "Feature", "properties": { }, "geometry": { "type": "Polygon", "coordinates": [ [ [ 104.002377509378121, 16.87095555620682 ], [ 103.876093761819689, 15.807508529149617 ], [ 104.396067225409908, 15.455889327913139 ], [ 104.21272122404396, 16.00160783573094 ], [ 104.449992416699274, 17.054359326288179 ], [ 104.002377509378121, 16.87095555620682 ] ] ] } },
{ "type": "Feature", "properties": { }, "geometry": { "type": "Polygon", "coordinates": [ [ [ 106.468721419933843, 15.449194929135006 ], [ 104.816554371750797, 16.176157552654168 ], [ 104.239893494862713, 16.309535726581416 ], [ 104.396067225409908, 15.455889327913139 ], [ 106.468721419933843, 15.449194929135006 ] ] ] } },
{ "type": "Feature", "properties": { }, "geometry": { "type": "Polygon", "coordinates": [ [ [ -39.900944407133906, 50.390142297245575 ], [ -40.583816886658404, 51.059274793408385 ], [ -41.857692677422065, 50.715328248373474 ], [ -41.066777151245219, 49.41478594379609 ], [ -42.059372602695568, 49.550412099804923 ], [ -41.875921934845422, 48.321206216709029 ], [ -43.25937217120439, 48.309394206872774 ], [ -43.328096145648757, 47.781763001078886 ], [ -42.787595145162122, 47.301951584531203 ], [ -42.708528450807307, 46.793854878440314 ], [ -43.382290794352762, 44.144364366766027 ], [ -42.253583011269235, 47.022780770701772 ], [ -41.070694489681152, 47.715034222196188 ], [ -40.995902995147212, 48.104719867358362 ], [ -40.558231829119308, 46.652261439320178 ], [ -39.781779471574055, 47.503565252106235 ], [ -39.900944407133906, 50.390142297245575 ] ] ] } },
{ "type": "Feature", "properties": { }, "geometry": { "type": "Polygon", "coordinates": [ [ [ 16.972225178488152, 29.727406887733643 ], [ 12.413662990762871, 28.693378195895136 ], [ 12.774598650501503, 27.849213706099842 ], [ 14.596737610021755, 27.647787833183077 ], [ 21.596739302669462, 28.299614100313679 ], [ 22.15004728382754, 28.759520260403178 ], [ 23.162230725333558, 28.767277283283832 ], [ 22.838369855709217, 29.848188106639359 ], [ 16.972225178488152, 29.727406887733643 ] ] ] } },
{ "type": "Feature", "properties": { }, "geometry": { "type": "Polygon", "coordinates": [ [ [ 19.275586989835016, 8.265638614928351 ], [ 18.683631925309907, 8.217843505556948 ], [ 18.693805582762021, 6.725530699585621 ], [ 19.113051476008586, 5.141406246346214 ], [ 20.1145136308151, 4.691956316242173 ], [ 20.726603815786696, 6.648267001777473 ], [ 20.189885639836191, 7.174476264023616 ], [ 19.481682458276708, 7.298150996759541 ], [ 19.275586989835016, 8.265638614928351 ] ] ] } },
{ "type": "Feature", "properties": { }, "geometry": { "type": "Polygon", "coordinates": [ [ [ -32.823888913898124, -56.602658870298377 ], [ -35.979629200194893, -56.71227540600718 ], [ -36.270939168164311, -58.256985384605791 ], [ -34.104810199982367, -58.793125639422207 ], [ -26.434638851063681, -59.685618811224771 ], [ -24.808708406148526, -58.114599161764403 ], [ -28.885093012540057, -57.706221549355689 ], [ -32.823888913898124, -56.602658870298377 ] ] ] } },
{ "type": "Feature", "properties": { }, "geometry": { "type": "Polygon", "coordinates": [ [ [ -35.893051841469472, -58.082466788926922 ], [ -35.863709320822714, -56.529925411523365 ], [ -36.753121150085931, -55.592816863630581 ], [ -37.291163734732727, -54.05905893500109 ], [ -38.93111210793505, -52.86780136898453 ], [ -43.592612717210613, -54.721621644131325 ], [ -43.392838074711115, -56.021460550865683 ], [ -43.869981753824192, -57.291604962095597 ], [ -35.893051841469472, -58.082466788926922 ] ] ] } },
{ "type": "Feature", "properties": { }, "geometry": { "type": "Polygon", "coordinates": [ [ [ 2.861402911900471, 73.181822640377263 ], [ 3.643643843672038, 74.176553374824664 ], [ 6.476559108461289, 75.14391203204552 ], [ 13.936070676464784, 77.304613516952756 ], [ 16.814040960092424, 77.792117428876082 ], [ 19.244030051842785, 78.842491561534146 ], [ 22.32805085764706, 79.309740134211964 ], [ 22.525751187188121, 79.746735270547461 ], [ 19.333531214965028, 80.705552771785122 ], [ 12.098303123252443, 81.346583538952331 ], [ 14.431235312537066, 79.860922012397282 ], [ 13.935403537984691, 78.94644014418337 ], [ 13.025766671613125, 78.34295312809958 ], [ 5.437358278417553, 76.191932250707978 ], [ 2.473516319044762, 74.758633267407248 ], [ 2.067990807963281, 74.227600625933349 ], [ 2.27942244180482, 73.53472620959451 ], [ 2.861402911900471, 73.181822640377263 ] ] ] } },
{ "type": "Feature", "properties": { }, "geometry": { "type": "Polygon", "coordinates": [ [ [ -11.471146333421517, 59.34463172903601 ], [ -6.978440480163642, 60.739479512031735 ], [ -0.981236774005099, 61.452823842709549 ], [ -3.765455127431798, 62.561708824466756 ], [ -12.632770591471033, 63.134334445285916 ], [ -16.522484231999577, 64.082713453784933 ], [ -16.964196156065825, 63.478725126356281 ], [ -19.291337031650418, 62.728883318323831 ], [ -20.360969752572625, 61.976798857402265 ], [ -19.29533123151683, 60.80633721982386 ], [ -19.89288230600399, 58.547162005602225 ], [ -19.098478727640792, 58.825776953951177 ], [ -15.79237153849796, 58.546844744117728 ], [ -11.471146333421517, 59.34463172903601 ] ] ] } },
{ "type": "Feature", "properties": { }, "geometry": { "type": "Polygon", "coordinates": [ [ [ -13.525216825852723, 59.375673617753037 ], [ -13.024479565043164, 59.669985078197811 ], [ -13.641999332860683, 60.244735605053677 ], [ -14.915961081840887, 60.626481325796824 ], [ -16.00903656920427, 60.162445087739556 ], [ -13.525216825852723, 59.375673617753037 ] ] ] } },
{ "type": "Feature", "properties": { }, "geometry": { "type": "Polygon", "coordinates": [ [ [ -13.456424148513383, 58.679335707985011 ], [ -12.446296999095853, 59.06351342623018 ], [ -10.733755795818205, 59.291059362839945 ], [ -13.506584999928366, 59.370323206437462 ], [ -15.230365421240702, 59.041721550726876 ], [ -13.456424148513383, 58.679335707985011 ] ] ] } },
{ "type": "Feature", "properties": { }, "geometry": { "type": "Polygon", "coordinates": [ [ [ -29.658749691470689, 1.524316424245089 ], [ -33.579606166914722, 1.978096611603042 ], [ -33.689595806419227, 1.744601863152535 ], [ -36.941649169215786, 2.35680759702389 ], [ -40.686183619659523, 0.280966551730644 ], [ -44.482850926647281, -0.057565252434206 ], [ -46.207310221423604, -3.170186619326953 ], [ -50.551233201545458, -7.153116672533361 ], [ -53.745411127200811, -11.845194455843513 ], [ -52.598761205856555, -16.606438598291977 ], [ -50.382745478197727, -21.25337505110803 ], [ -46.911591899766883, -25.507548323803974 ], [ -46.430855194195203, -27.038415650182582 ], [ -46.80209003228525, -28.805283600385216 ], [ -44.286995402230502, -30.359907035195238 ], [ -36.520642545099911, -34.559091609631011 ], [ -30.8682435556881, -36.94614990657518 ], [ -24.30091614563532, -39.197805337971786 ], [ -22.701916685504049, -40.359335278734079 ], [ -21.457970650753271, -39.804863277954126 ], [ -19.361199203495005, -37.671272779944807 ], [ -18.93879426767117, -37.854069860244408 ], [ -19.271124959907915, -38.682566421631243 ], [ -18.130819281439695, -39.225908385844114 ], [ -15.728941655772438, -39.250217510309575 ], [ -14.227370358302196, -39.893758682847867 ], [ -13.722376306011995, -38.326831715190288 ], [ -13.991836970432225, -37.836433969322641 ], [ -11.529671595683768, -35.118503154557004 ], [ -11.843080146771639, -34.256041320770969 ], [ -11.26691974782565, -32.666022380876008 ], [ -11.423877246887551, -31.016769058634953 ], [ -10.465266429599055, -29.724498421416481 ], [ -10.306664435338107, -25.525543760595667 ], [ -9.009170898369776, -24.68208155189717 ], [ -8.476861256376189, -23.384586435945465 ], [ -4.924716909088075, -21.43897523009872 ], [ -4.805070347071756, -21.088519692846599 ], [ -5.403606456915875, -20.259543397883149 ], [ -5.742207625063155, -17.205692123996005 ], [ -7.621613757258101, -17.181732947345804 ], [ -9.40135322426328, -15.168813161952494 ], [ -10.653298565467344, -14.388167085355912 ], [ -13.634046417099491, -14.105693826773978 ], [ -15.226728442249502, -11.757040377197626 ], [ -16.724566379949415, -10.81678409707272 ], [ -18.302978070425578, -8.766422826054136 ], [ -19.959461157427537, -7.62916532675862 ], [ -20.252708041669905, -5.614110544535077 ], [ -21.736511124956532, -4.129165797820177 ], [ -21.220123270854479, -2.905239938915571 ], [ -21.796187954277258, -2.310438928260462 ], [ -23.856055734665201, -0.859990642282357 ], [ -24.568307651465421, -2.724652190468718 ], [ -25.983340330636445, -2.505329208777241 ], [ -28.104219796969765, -0.862886628155345 ], [ -29.237547634851012, 0.793776876510994 ], [ -30.176709764356684, 1.045930354159243 ], [ -29.658749691470689, 1.524316424245089 ] ] ] } },
{ "type": "Feature", "properties": { }, "geometry": { "type": "Polygon", "coordinates": [ [ [ 132.223026739980611, 16.703517316873587 ], [ 131.430095933915396, 17.935638913726489 ], [ 131.95947279329539, 19.249885734638873 ], [ 130.718659656580883, 17.802108936909637 ], [ 129.048760552517138, 14.872277287562532 ], [ 127.748987850395451, 13.874505825159302 ], [ 128.031321308386907, 9.640330169552708 ], [ 128.574341719195019, 8.931070559235652 ], [ 131.42640293744978, 8.982636186723372 ], [ 133.689088106305888, 9.893498125201493 ], [ 134.071981260457875, 10.566297198825295 ], [ 133.674715496003898, 12.429670145825169 ], [ 132.541971975689307, 13.373518417587837 ], [ 131.673474922792906, 14.841145704935265 ], [ 131.653643818818693, 15.555069689413338 ], [ 132.223026739980611, 16.703517316873587 ] ] ] } },
{ "type": "Feature", "properties": { }, "geometry": { "type": "Polygon", "coordinates": [ [ [ -41.708545857846651, -55.482738515569345 ], [ -43.805605960332223, -54.63664903831809 ], [ -46.160469388649553, -54.536988120102045 ], [ -48.318515874030176, -54.852636604595425 ], [ -52.198710577180577, -59.071513178007407 ], [ -53.702584533498985, -65.221645809811875 ], [ -56.721243259261968, -67.571447587769981 ], [ -49.412003088591554, -69.610727655991184 ], [ -44.831444500057572, -72.027914138809919 ], [ -39.861514150012965, -71.202439614895525 ], [ -39.658058702007928, -70.837196662946994 ], [ -36.300526411310337, -70.179090849622838 ], [ -34.080161299652531, -69.190077495918729 ], [ -33.722207165760075, -67.98033937277836 ], [ -33.862747783499266, -67.040764471223923 ], [ -35.097634016062266, -64.544110022300913 ], [ -38.133416527581943, -60.998896198924228 ], [ -39.402077083311895, -60.124189997215197 ], [ -39.786882941108601, -58.664026911180784 ], [ -41.083103921897909, -57.270437009884297 ], [ -40.864633348812767, -56.711973515699071 ], [ -41.708545857846651, -55.482738515569345 ] ] ] } },
{ "type": "Feature", "properties": { }, "geometry": { "type": "Polygon", "coordinates": [ [ [ 6.833937032208502, -74.625018644385918 ], [ 104.327779466739102, -83.686518712414127 ], [ 110.446817367551333, -82.977067950740675 ], [ 103.484742213827616, -82.501710328835387 ], [ 101.763151608442399, -81.760219104071084 ], [ 105.231481261912691, -80.671500500899725 ], [ 104.394021503978934, -80.342477544470597 ], [ 104.893288293222213, -79.055749079486176 ], [ 104.675349746846152, -78.536086251874252 ], [ 103.07295654723525, -78.082931153988611 ], [ 101.670079353162961, -76.693495331592757 ], [ 101.413083873395436, -75.598906099652879 ], [ 102.484499662923099, -74.153306952643533 ], [ 101.524160916660307, -73.685155796610033 ], [ 101.710165453310282, -72.716402004148634 ], [ 100.797312036013537, -72.156902172698651 ], [ 100.396488859788903, -71.285630624451287 ], [ 97.657916872646339, -68.965367748922233 ], [ 95.810905609925356, -66.0092127827415 ], [ 94.716738933945123, -65.382657649846436 ], [ 82.17394214629708, -64.150304015691546 ], [ 78.100435867402126, -62.60528515937839 ], [ 72.298171994642743, -61.035550968494348 ], [ 67.05290915013687, -58.939256962501197 ], [ 63.624769995844673, -56.662392653317518 ], [ 58.99043559248819, -55.586915764532016 ], [ 58.238823408473515, -56.694587164301069 ], [ 53.557976521134009, -56.587292364748706 ], [ 50.039658606719406, -56.050970865859661 ], [ 44.297996601635766, -54.20640348581918 ], [ 44.001538014489704, -54.018954779615541 ], [ 44.217958137481624, -53.352994431902687 ], [ 42.811075411923703, -52.724194892192529 ], [ 41.249889845838723, -52.999173198284751 ], [ 40.457513558105816, -52.28913867467331 ], [ 38.027611900389005, -52.010316180894236 ], [ 32.011137472607757, -50.414117951008926 ], [ 31.269469419718781, -51.029119639084747 ], [ 26.61874864292588, -49.57086779802318 ], [ 21.820118176365877, -50.861144731576175 ], [ 19.916087407558667, -52.183328504682471 ], [ 18.931056177326109, -51.934922967284649 ], [ 18.245383081493312, -52.536096997807668 ], [ 15.957116752246847, -51.722335516973715 ], [ 15.837066994905966, -51.262048761403534 ], [ 16.327602464997085, -50.016851049520298 ], [ 16.168964236852769, -49.635494780818121 ], [ 15.650101666466336, -49.52714264504263 ], [ 14.814645537250016, -50.38374825605252 ], [ 14.644084325130933, -51.188720298157207 ], [ 13.229601950436658, -53.259421218530065 ], [ 10.10901836135486, -54.50265288948119 ], [ 6.693732070932113, -54.420995266750147 ], [ 4.212969850165833, -53.865340561400345 ], [ -2.2405079306765, -54.951309386097279 ], [ -5.087930398492943, -54.896094939230977 ], [ 6.833937032208502, -74.625018644385918 ] ] ] } },
{ "type": "Feature", "properties": { }, "geometry": { "type": "Polygon", "coordinates": [ [ [ -50.545141632575387, -80.848552977076693 ], [ -49.502079321838501, -82.366634261958438 ], [ -46.455453916131447, -83.913662287708078 ], [ -38.144567918755619, -86.008592872914249 ], [ -38.038409566400198, -86.247438716675731 ], [ -62.765339707549558, -87.373280424514405 ], [ -33.067365425641995, -87.939409600632047 ], [ 0.380886145249325, -88.040961938090419 ], [ 16.343810518617552, -87.713859821819923 ], [ 50.790298707901968, -86.219582789090552 ], [ 60.772029407097776, -85.446783761360592 ], [ 52.465750967174401, -84.944037410409592 ], [ 18.952070336166329, -78.628098997272488 ], [ 14.753892082074398, -78.222891021461919 ], [ 8.161823952693856, -77.912216142827504 ], [ -15.076795793431565, -78.509524349016132 ], [ -12.261744652766064, -77.749992839486097 ], [ -11.917437765014578, -76.685350707889583 ], [ -8.334956240517412, -75.627857763480591 ], [ -8.902877000956599, -75.113953418433098 ], [ -10.02454887253062, -74.783214838248796 ], [ -12.817891074840098, -74.393637403421735 ], [ -14.038676883219383, -74.57103320164083 ], [ -13.743442309283338, -75.34408140689267 ], [ -14.970519324389448, -75.63982817209282 ], [ -18.454703279687195, -75.67279298732781 ], [ -19.396124300022269, -75.205400830953323 ], [ -19.322881087017702, -74.661217148558308 ], [ -21.676798115397286, -74.807583973122249 ], [ -27.032248775119967, -72.715632604871814 ], [ -28.949119018436413, -73.025418274172424 ], [ -29.397427536874208, -73.485202461644121 ], [ -28.411742662111472, -73.652273204942475 ], [ -31.625696034012989, -73.893484181146903 ], [ -33.188301086468464, -73.904114956509261 ], [ -33.187519285975789, -73.666794744190369 ], [ -30.821404427559386, -73.318207662316397 ], [ -30.383810376104332, -72.853181814590187 ], [ -35.142256396548483, -73.07582799594924 ], [ -31.499082771606329, -71.944056251419838 ], [ -31.984773139330393, -71.674055923723756 ], [ -35.470926574726022, -72.190146361064308 ], [ -38.602855196540908, -72.102744481456156 ], [ -43.357651954376706, -73.161149547721308 ], [ -51.664688746311022, -79.147318918102101 ], [ -50.70236352475343, -80.044949733446956 ], [ -50.545141632575387, -80.848552977076693 ] ] ] } },
{ "type": "Feature", "properties": { }, "geometry": { "type": "Polygon", "coordinates": [ [ [ 15.165381812958543, -40.488177864816954 ], [ 16.544791195591266, -39.036241321808731 ], [ 16.87685478537669, -37.649720658395111 ], [ 20.376114479599146, -33.228381346974004 ], [ 14.589985981601707, -32.856061605749431 ], [ 13.554972452624536, -33.184969689921047 ], [ 13.170504635073403, -33.838373636523372 ], [ 10.57330463857253, -34.327596590600557 ], [ 7.863881086750117, -36.444662117539167 ], [ 5.847213335484306, -40.069776535749831 ], [ 6.572696780565888, -41.142090542827724 ], [ 8.079743977222071, -44.959871901852047 ], [ 8.663867745011332, -44.558313625033726 ], [ 11.467478184889726, -44.169977370735417 ], [ 12.478884617517668, -42.432288686221746 ], [ 15.165381812958543, -40.488177864816954 ] ] ] } },
{ "type": "Feature", "properties": { }, "geometry": { "type": "Polygon", "coordinates": [ [ [ -41.98364695120322, 33.843419668877097 ], [ -43.1025547390838, 32.082942863930668 ], [ -43.04867038248107, 31.634336218278598 ], [ -42.618102240531471, 31.727542758265049 ], [ -42.461482193949969, 31.388075499658218 ], [ -43.037600344220657, 31.249979797034399 ], [ -42.87640653083708, 30.403030083050805 ], [ -41.900927158144889, 30.644043892066389 ], [ -41.810511078428554, 31.285155670241483 ], [ -41.198872930756863, 30.89012717374295 ], [ -40.937024683292734, 32.328138542466498 ], [ -41.210035941032928, 32.674514197339633 ], [ -41.745471558582388, 31.630112214991019 ], [ -41.07556114954015, 33.112813938456746 ], [ -41.892800498557364, 36.013185527600044 ], [ -42.146987966940692, 35.695073096612795 ], [ -41.98364695120322, 33.843419668877097 ] ] ] } },
{ "type": "Feature", "properties": { }, "geometry": { "type": "Polygon", "coordinates": [ [ [ -33.704588218789326, 58.699639971934609 ], [ -34.613816236244993, 58.740807695900372 ], [ -34.668090139069591, 58.56450164909598 ], [ -33.759080613686159, 57.944120121931753 ], [ -33.704588218789326, 58.699639971934609 ] ] ] } },
{ "type": "Feature", "properties": { }, "geometry": { "type": "Polygon", "coordinates": [ [ [ -39.890923623490245, 50.512035750570284 ], [ -39.887823173817857, 51.614167558943791 ], [ -40.634524335976863, 53.091210588419969 ], [ -43.025016008199628, 54.346620873088071 ], [ -48.521696573651653, 54.181682146814296 ], [ -45.735163845053243, 53.160473160296156 ], [ -43.884782274118535, 51.885385737817103 ], [ -43.340808843278445, 50.490764328867385 ], [ -43.25937217120439, 48.309394206872774 ], [ -41.875921934845422, 48.321206216709029 ], [ -42.059372602695568, 49.550412099804923 ], [ -41.066777151245219, 49.41478594379609 ], [ -41.857692677422065, 50.715328248373474 ], [ -40.583816886658404, 51.059274793408385 ], [ -39.890923623490245, 50.512035750570284 ] ] ] } },
{ "type": "Feature", "properties": { }, "geometry": { "type": "Polygon", "coordinates": [ [ [ -30.581417435806387, -47.51840989757482 ], [ -31.023857511536683, -47.025297423889469 ], [ -38.599617660001229, -43.818179333165439 ], [ -42.597668968147801, -43.172514923453924 ], [ -42.912826766304001, -44.631613940750306 ], [ -40.876981055329452, -48.504376939958881 ], [ -32.210438076106506, -49.400209016343453 ], [ -30.581417435806387, -47.51840989757482 ] ] ] } },
{ "type": "Feature", "properties": { }, "geometry": { "type": "Polygon", "coordinates": [ [ [ -42.722174056843741, -43.835140373603366 ], [ -45.979923227548092, -42.586581320788063 ], [ -51.310395679568693, -37.748816498672781 ], [ -52.23803011462487, -41.329853327738206 ], [ -53.380151438980882, -42.459667234003874 ], [ -55.03837715153859, -45.473701687380071 ], [ -48.663124505197018, -46.276539403728229 ], [ -44.953261074654186, -47.915325364056578 ], [ -43.161982343412788, -47.959953358361325 ], [ -40.876981055329452, -48.504376939958881 ], [ -42.912826766304001, -44.631613940750306 ], [ -42.722174056843741, -43.835140373603366 ] ] ] } },
{ "type": "Feature", "properties": { }, "geometry": { "type": "Polygon", "coordinates": [ [ [ -31.194213743715537, -49.04043249279858 ], [ -39.938245600092166, -48.703870444244785 ], [ -39.458308776438578, -49.55614289841111 ], [ -39.922915430048583, -50.905402179901188 ], [ -39.540056622577154, -52.476959513378674 ], [ -39.089389361666029, -53.243064630596685 ], [ -37.882636809909741, -53.970202927089247 ], [ -37.094353371037847, -56.020231663790618 ], [ -36.271421993790355, -56.97858026573018 ], [ -34.756933980268677, -57.04806028573536 ], [ -33.668286101357687, -56.643079966713699 ], [ -34.588379978612537, -56.437993969758161 ], [ -34.282966130643018, -54.73317854840581 ], [ -34.703424931504657, -53.032803574419987 ], [ -35.066146072713387, -52.714340238051719 ], [ -33.642472661494324, -51.731681058107725 ], [ -31.194213743715537, -49.04043249279858 ] ] ] } },
{ "type": "Feature", "properties": { }, "geometry": { "type": "Polygon", "coordinates": [ [ [ -4.812108728879138, 74.690160522231125 ], [ -2.833948081138695, 74.150393609503382 ], [ -0.53611342347177, 74.900266945708793 ], [ 2.067990807963281, 74.227600625933349 ], [ 2.473516319044762, 74.758633267407248 ], [ 5.437358278417553, 76.191932250707978 ], [ 13.025766671613125, 78.34295312809958 ], [ 13.935403537984691, 78.94644014418337 ], [ 14.431235312537066, 79.860922012397282 ], [ 12.098303123252443, 81.346583538952331 ], [ -1.747627755754875, 82.983757659409903 ], [ 1.613326784038119, 83.799505259983746 ], [ 6.267473519259157, 84.237309922256884 ], [ 9.344688199033421, 84.855958473771366 ], [ 11.359399350774815, 85.631486270020673 ], [ 20.04582444440279, 86.588343405591047 ], [ 56.738028336281751, 88.363303249450055 ], [ 34.404537651166208, 88.448782493011606 ], [ 16.090777130381984, 87.912923618474508 ], [ -11.770902972217364, 85.889318157871756 ], [ -23.086916493007063, 84.036179252992099 ], [ -29.491393396198749, 83.781045223640888 ], [ -29.836375216870834, 83.281259196687515 ], [ -34.645445878483415, 82.727743924701329 ], [ -40.270155541337672, 82.585245958596389 ], [ -22.334166820392365, 81.19643746032223 ], [ -15.782250309078901, 81.401438481814537 ], [ -5.155442660634581, 80.04299805936401 ], [ -2.567283624832582, 79.054646541438842 ], [ -0.953935819763731, 77.466155550298438 ], [ -0.95275216294403, 76.826231259792365 ], [ -6.699406538285174, 75.641120035925297 ], [ -4.812108728879138, 74.690160522231125 ] ] ] } },
{ "type": "Feature", "properties": { }, "geometry": { "type": "MultiPolygon", "coordinates": [ [ [ [ 179.99999999, 89.823601070080827 ], [ 148.542177147158327, 89.566742904401977 ], [ 154.059679055076259, 88.139798526461988 ], [ 155.082180002696504, 87.35657833188354 ], [ 149.951097654025403, 86.790740610557989 ], [ 157.532687513278375, 86.066142620778919 ], [ 179.99999999, 87.290255742916685 ], [ 179.99999999, 89.823601070080827 ] ] ], [ [ [ -179.99999999, 87.290255742916685 ], [ -132.833579720280227, 87.650832861320353 ], [ -114.027187707774303, 86.786424383569837 ], [ -110.289389529881419, 85.086966251717911 ], [ -71.132076829678297, 86.543451304226906 ], [ -58.580439959990791, 86.68290613946111 ], [ -49.476599615227045, 87.225727348243012 ], [ -51.818077255922205, 88.394731737196892 ], [ -60.573213997823288, 89.302404913302766 ], [ -179.99999999, 89.823601070080827 ], [ -179.99999999, 87.290255742916685 ] ] ] ] } },
{ "type": "Feature", "properties": { }, "geometry": { "type": "Polygon", "coordinates": [ [ [ 7.080598702881655, 47.058224712999476 ], [ 4.283218992728348, 47.420872775135493 ], [ 2.799150208563719, 47.017242105310935 ], [ 2.707197940415409, 47.286116070702001 ], [ -1.156775562915762, 46.009967556102481 ], [ -6.368942282754148, 43.00113538559539 ], [ -7.754306464809368, 41.565493663092859 ], [ -7.231637476350179, 40.466947581998227 ], [ -6.083024147838658, 39.531210109832543 ], [ -5.784503984495467, 38.874701326774407 ], [ -4.298034922603918, 33.209198173443568 ], [ -6.718254374635882, 28.336541787785976 ], [ -6.609819884264319, 27.578465347735609 ], [ -5.2264199564105, 26.943627931552008 ], [ -1.785886847561412, 23.185292196294029 ], [ 0.131561907525555, 23.126670552341924 ], [ 1.11642353283156, 22.729633046237275 ], [ 2.018690059600086, 23.011775079873907 ], [ 3.641030671887584, 26.795756732764403 ], [ 5.058199797957869, 28.123720922598519 ], [ 7.301867737680952, 31.22185775011409 ], [ 9.289242489469322, 32.613910324492615 ], [ 10.045482510595496, 33.518758075036189 ], [ 10.612234832259023, 35.498475280703872 ], [ 9.945951303837395, 37.590523181715 ], [ 10.540137960665568, 38.434634170334313 ], [ 11.510977564236317, 39.015826097374472 ], [ 14.01691502943943, 42.148134192327483 ], [ 12.505106291844539, 43.412343060081234 ], [ 11.579350086007343, 44.977100397188799 ], [ 10.350613360268129, 45.829328893034848 ], [ 7.549131201186957, 46.624517329560774 ], [ 7.080598702881655, 47.058224712999476 ] ] ] } },
{ "type": "Feature", "properties": { }, "geometry": { "type": "Polygon", "coordinates": [ [ [ 2.615332903715818, 55.437037260492716 ], [ 3.063526389220269, 54.68045593979658 ], [ 6.074702434717837, 53.683084432155063 ], [ 8.715274331368597, 54.832575460526805 ], [ 9.254782982221954, 56.637750182583439 ], [ 6.359329563313768, 57.712682021327012 ], [ 2.553146657893267, 57.781876474455295 ], [ 2.924770744735881, 57.30187000869622 ], [ 2.615332903715818, 55.437037260492716 ] ] ] } },
{ "type": "Feature", "properties": { }, "geometry": { "type": "Polygon", "coordinates": [ [ [ -11.487277968781656, 48.148891720787795 ], [ -9.029932856621254, 47.823210592195217 ], [ -8.234278320724853, 48.367659636014771 ], [ -6.98863019137548, 51.112512269611997 ], [ -5.78402781663759, 52.587077787756932 ], [ -10.031424606503753, 52.307287222646032 ], [ -18.890459970778871, 53.114111691741641 ], [ -20.543437373910681, 52.231371387279658 ], [ -20.285135044135732, 51.149411189306456 ], [ -19.285432250704719, 50.800116565965226 ], [ -18.322683401511703, 49.511372389011591 ], [ -15.866898865253601, 48.835986491073093 ], [ -14.193656947472132, 49.040889177935384 ], [ -12.392356723891643, 48.83446783485762 ], [ -11.487277968781656, 48.148891720787795 ] ] ] } },
{ "type": "Feature", "properties": { }, "geometry": { "type": "Polygon", "coordinates": [ [ [ 0.541626304499883, 50.215969362655905 ], [ 6.871750664556318, 47.582668717720907 ], [ 8.398835416031892, 48.994769590197052 ], [ 5.645546379192579, 52.133307290035972 ], [ 2.479913111379884, 53.664009406025578 ], [ 2.590139030819401, 52.600947007553835 ], [ 1.507848508582762, 51.857164102345024 ], [ 0.541626304499883, 50.215969362655905 ] ] ] } },
{ "type": "Feature", "properties": { }, "geometry": { "type": "Polygon", "coordinates": [ [ [ -19.958390623248832, 50.363943507072058 ], [ -20.694481420518724, 52.569741575387212 ], [ -19.316917799569762, 53.44402673507745 ], [ -22.575159060777054, 52.950227795339323 ], [ -25.693173730329452, 51.886854108796051 ], [ -28.284174123856207, 51.823438019390487 ], [ -30.457976456256372, 52.365138203140766 ], [ -33.029680762298206, 51.637008030500297 ], [ -33.466616508822774, 50.69145949203719 ], [ -34.810583007655282, 50.13086701006165 ], [ -36.381447325384919, 48.069458080087919 ], [ -36.45123779049117, 47.437372070946452 ], [ -35.564385674305939, 46.423088496031383 ], [ -35.504740495252669, 44.557987945274085 ], [ -36.652125378785065, 43.157383308855948 ], [ -38.955126320215847, 41.781263150771629 ], [ -40.2542989799108, 37.099353350791539 ], [ -38.993825023251809, 32.65322044730361 ], [ -39.871978976232626, 24.855712646292943 ], [ -39.290733440656972, 21.129762785797812 ], [ -39.877954956413518, 16.053038835344847 ], [ -43.072610371834415, 13.463965959160571 ], [ -43.676543140644831, 11.973805517753775 ], [ -42.341532699955145, 9.382061558408132 ], [ -43.381788720153153, 5.875215812614898 ], [ -43.336024471053165, 4.592954049826051 ], [ -42.479118249448831, 4.026139413373336 ], [ -40.904733987277069, 3.660987718245589 ], [ -39.42648660060204, 2.218771942158397 ], [ -39.418294212193842, 1.713703243037857 ], [ -38.613069359601703, 0.705948242531953 ], [ -36.272594927670411, 2.438268003547056 ], [ -35.0706787834336, 2.630878764199448 ], [ -31.297470521512817, 1.953543424350741 ], [ -29.23253569022874, 0.946631503119616 ], [ -27.509967837152498, 0.912241862806998 ], [ -30.040200868038674, 4.39366602996669 ], [ -32.278236358325046, 6.171884739537663 ], [ -29.91334210070854, 5.573582153143454 ], [ -27.643342312071788, 5.419458520726489 ], [ -24.073819104531704, 6.128231250553116 ], [ -16.883655698153696, 10.193407219582824 ], [ -14.052637041875609, 11.147198410299854 ], [ -13.054479851685777, 12.740431297194917 ], [ -7.39582864804686, 16.254037289586652 ], [ -2.101392331208847, 16.858475874090637 ], [ 3.972837785200884, 19.975405104282107 ], [ 3.13319525396181, 20.385520575976447 ], [ 2.454536112002584, 21.324809999177177 ], [ 1.93874353953924, 22.846430289613384 ], [ -0.870960961683843, 25.293185436163089 ], [ -3.331895701368961, 28.155202706824642 ], [ -3.851500026536618, 29.514929278615739 ], [ -6.603885236806348, 30.204336496775188 ], [ -8.157831095809657, 31.204760035716202 ], [ -11.86870445737479, 34.542036498240336 ], [ -12.000663709710299, 35.652704124786794 ], [ -10.870707400604571, 39.402827903566653 ], [ -11.27990519735506, 40.187067874419498 ], [ -12.269351329186495, 40.724854428120885 ], [ -13.337892885608207, 40.84184983298119 ], [ -13.925308715303645, 41.842501222941557 ], [ -13.752751576266038, 43.258809533868956 ], [ -11.61642888213928, 45.185691383509429 ], [ -20.054813863284071, 48.966594709001718 ], [ -19.958390623248832, 50.363943507072058 ] ] ] } },
{ "type": "Feature", "properties": { }, "geometry": { "type": "Polygon", "coordinates": [ [ [ -9.41403137065844, 59.827938558886885 ], [ -7.559037779558518, 59.34907088446942 ], [ -4.145263874627129, 59.212845507345122 ], [ -3.068402565717086, 58.789813562973336 ], [ -1.419040028656292, 57.69021758184703 ], [ -0.740656388920893, 55.948733455041747 ], [ -0.135079915483867, 56.395820470307505 ], [ 2.205706755124424, 56.528567474508463 ], [ 5.563706201984665, 57.896118903350391 ], [ 7.054234518855415, 57.941065907109945 ], [ 2.641131230200812, 57.928049061924021 ], [ 1.762595728507876, 58.411791554311193 ], [ 0.933826526573554, 58.113711836164448 ], [ -0.365223967605762, 58.813888876426638 ], [ -1.901031490744099, 61.272107294912303 ], [ -6.978440480163642, 60.739479512031735 ], [ -9.41403137065844, 59.827938558886885 ] ] ] } },
{ "type": "Feature", "properties": { }, "geometry": { "type": "Polygon", "coordinates": [ [ [ 21.674501507401949, 28.60896290248186 ], [ 14.701268085855778, 28.013822726251338 ], [ 12.874872911459683, 28.229201047640096 ], [ 12.811511810192675, 26.636511851742384 ], [ 10.535073098493424, 24.243198086739952 ], [ 9.160102747564597, 22.144034613143329 ], [ 7.9287094298867, 21.369688950993485 ], [ 5.698266127035229, 17.911540606730963 ], [ 7.298932931358784, 16.363136631064599 ], [ 7.849231693729502, 16.195815073536586 ], [ 9.468573547140203, 18.430515814882391 ], [ 13.911736131575219, 21.161558441147296 ], [ 15.110274405099579, 21.603681567389739 ], [ 15.911744184249141, 21.314784652845983 ], [ 17.181002356426806, 21.435114219920589 ], [ 19.698394951083042, 22.507075679837463 ], [ 22.490079109937174, 26.628836127419724 ], [ 23.423205885381741, 27.29179861840213 ], [ 26.895617438098984, 28.607914753500467 ], [ 23.536302540924968, 29.069970682929096 ], [ 22.289897360278918, 29.063850334952662 ], [ 21.674501507401949, 28.60896290248186 ] ] ] } },
{ "type": "Feature", "properties": { }, "geometry": { "type": "Polygon", "coordinates": [ [ [ 12.580034829140544, 13.675556723168432 ], [ 9.91639711354061, 16.898951687148834 ], [ 7.827332209366349, 17.585618931396741 ], [ 4.425565845282177, 17.783277821179002 ], [ 3.774539970114142, 17.167021759810769 ], [ 1.682396969530709, 13.400674726194362 ], [ 0.506195340441381, 12.271185906979888 ], [ 1.599367050851411, 11.387384042458216 ], [ 2.478749324495777, 11.43601233903175 ], [ 4.218734778389112, 9.865611479004855 ], [ 5.552225478558599, 9.423242093910899 ], [ 6.930757851349584, 9.581197924351279 ], [ 10.790708371954834, 9.25465011333257 ], [ 13.015656338823966, 10.242572413455003 ], [ 15.886753590799083, 10.60427473568434 ], [ 15.956272871190935, 10.982903282718391 ], [ 15.54972654193444, 10.943933550824969 ], [ 14.918823475447294, 12.355411701180644 ], [ 12.580034829140544, 13.675556723168432 ] ] ] } },
{ "type": "Feature", "properties": { }, "geometry": { "type": "Polygon", "coordinates": [ [ [ -43.52794893211675, 6.030022773266381 ], [ -47.809843904520982, 12.358854595300945 ], [ -48.620844183058374, 14.765083029030508 ], [ -49.848611400651386, 15.461097211200862 ], [ -49.914825253533429, 13.194108114262251 ], [ -48.946930990809498, 10.416682010001438 ], [ -49.312384566653776, 9.884624664555298 ], [ -48.6849123280237, 8.200296863407063 ], [ -48.758245790101469, 6.83290639735428 ], [ -48.197226680509289, 5.69543574233632 ], [ -48.453444776502849, 5.293032365356442 ], [ -48.145316061921008, 4.218234980931689 ], [ -48.44245057961507, 3.761527424803401 ], [ -47.934598962326092, 3.20416408364755 ], [ -47.800960575335274, 2.12718000533348 ], [ -47.545050912194647, 2.56792767656616 ], [ -42.090134747638217, -1.132534860072459 ], [ -39.659821071928953, -2.390655211135136 ], [ -38.990288840263162, -3.219138957541008 ], [ -38.636974690782402, -2.250105160734749 ], [ -39.702944992802223, -1.00736038681301 ], [ -39.777509372710163, 0.481780910396871 ], [ -39.481355978248409, 1.596071363543598 ], [ -38.827148750444529, 2.108115492951181 ], [ -39.624677388987649, 3.122482537788439 ], [ -39.628787242191763, 3.627600934179426 ], [ -41.09807195854885, 5.08125233742755 ], [ -42.672930246087738, 5.457583825736347 ], [ -43.52794893211675, 6.030022773266381 ] ] ] } },
{ "type": "Feature", "properties": { }, "geometry": { "type": "Polygon", "coordinates": [ [ [ 116.473584624649774, 11.595538198088015 ], [ 115.796558929940758, 11.791890349897697 ], [ 115.082398377842608, 13.658435468634654 ], [ 113.34074644410677, 14.230837691172557 ], [ 114.568361082647215, 14.370790859160238 ], [ 110.795241631849962, 14.521883248209724 ], [ 106.50784787349933, 15.443739334390179 ], [ 104.396067225409908, 15.455889327913139 ], [ 105.602706919594269, 14.135273196458019 ], [ 107.224439745715387, 13.194984092278636 ], [ 109.462646093707633, 12.838958049613899 ], [ 112.446434621830406, 12.904912480491721 ], [ 116.147519202336923, 11.155208598835751 ], [ 116.473584624649774, 11.595538198088015 ] ] ] } },
{ "type": "Feature", "properties": { }, "geometry": { "type": "Polygon", "coordinates": [ [ [ 118.581995797190544, 17.006185614144471 ], [ 116.450727254398402, 17.550574779384018 ], [ 113.734181506719281, 16.91599803075713 ], [ 112.9157149550486, 17.069279226940345 ], [ 110.129856599443102, 18.838703580181409 ], [ 105.188690022292036, 19.93732222308989 ], [ 103.360066904342219, 19.299018497045235 ], [ 106.653649669539362, 18.740416347649631 ], [ 107.534468405509244, 17.275218819121399 ], [ 107.301358679110194, 16.180384624514492 ], [ 107.97521134016138, 15.731263107547782 ], [ 110.106405885365376, 15.237319860426529 ], [ 114.136037219244244, 14.928691475877358 ], [ 118.581995797190544, 17.006185614144471 ] ] ] } },
{ "type": "Feature", "properties": { }, "geometry": { "type": "Polygon", "coordinates": [ [ [ -29.663193257150365, -1.388885313902475 ], [ -29.123390435685366, 1.900471735863464 ], [ -29.256247357743582, 2.503983469581384 ], [ -30.097151770380481, 3.262091245823942 ], [ -31.301352439890078, 5.192263567742527 ], [ -33.595112092748288, 6.196855029527614 ], [ -35.729975426128469, 6.552229763924418 ], [ -37.563305750630171, 6.098763274015882 ], [ -37.653650767538281, 5.64718356622747 ], [ -38.58781890227425, 5.581344142960192 ], [ -39.290907761887638, 3.762441846160714 ], [ -39.388654841474064, 1.385753274036206 ], [ -39.111459563704955, 0.389414220629474 ], [ -38.192798204639644, -0.470144007479204 ], [ -37.469012123411048, -0.676121267030685 ], [ -34.56543536866986, -0.444530875602662 ], [ -31.865657051754937, -0.952964601504772 ], [ -30.344892940533093, -1.789675128188057 ], [ -28.38739260252876, -3.471813184134326 ], [ -28.920890858236451, -1.97439264242316 ], [ -28.839907568336066, -0.694225412704393 ], [ -29.663193257150365, -1.388885313902475 ] ] ] } },
{ "type": "Feature", "properties": { }, "geometry": { "type": "Polygon", "coordinates": [ [ [ 126.443540869664005, 25.750779121898773 ], [ 128.020303105423523, 26.03188388252115 ], [ 126.284977650954673, 27.309235480960357 ], [ 124.56235728045192, 30.636649093293279 ], [ 123.200534532691051, 31.529791354052069 ], [ 117.538832556023806, 33.016530395425065 ], [ 112.849144358829122, 33.377558359770759 ], [ 114.974205014919306, 32.066155693522468 ], [ 117.043267055253835, 28.697127996741994 ], [ 125.201648350986829, 26.745534030454792 ], [ 126.443540869664005, 25.750779121898773 ] ] ] } },
{ "type": "Feature", "properties": { }, "geometry": { "type": "Polygon", "coordinates": [ [ [ -45.355712145522723, 1.034959860508873 ], [ -50.70097784016766, 4.901511179880432 ], [ -50.825858884719018, 4.73966293940957 ], [ -51.29646033856168, 3.269558861362519 ], [ -50.737880724424123, 1.940967672962255 ], [ -46.856841310613795, -2.845613626674232 ], [ -44.420584985264554, -4.386733799303943 ], [ -42.903856544132545, -4.653924365945069 ], [ -39.808681792785087, -6.0602778253361 ], [ -39.08957550942479, -6.119113551877637 ], [ -41.324788789725893, -4.504502094504925 ], [ -42.135711220398221, -3.388037714905604 ], [ -42.619181497766029, -2.260338415698978 ], [ -42.051262009245342, -1.521098600415142 ], [ -42.969831920676157, -0.303523471433265 ], [ -45.355712145522723, 1.034959860508873 ] ] ] } },
{ "type": "Feature", "properties": { }, "geometry": { "type": "Polygon", "coordinates": [ [ [ 29.400605099994632, -26.566403513064824 ], [ 28.021926109614274, -24.817336533934917 ], [ 28.278687236382403, -22.998737356179642 ], [ 27.480857125788237, -24.467780868849772 ], [ 26.785014801574484, -27.078793369334662 ], [ 25.975849209310923, -27.509408554331969 ], [ 25.451522678612662, -29.194166816798038 ], [ 24.287226222242893, -30.830619316054229 ], [ 26.207484814273776, -30.798243983789249 ], [ 29.663860821250605, -31.303328213001848 ], [ 29.057561879397458, -30.381810807545612 ], [ 29.000543401184785, -29.686378809959084 ], [ 29.547138738574528, -29.270928527607715 ], [ 29.5552776423688, -28.601032710231838 ], [ 29.260354457948036, -27.435600540828013 ], [ 29.400605099994632, -26.566403513064824 ] ] ] } },
{ "type": "Feature", "properties": { }, "geometry": { "type": "Polygon", "coordinates": [ [ [ 118.210886761783883, -40.289259547894275 ], [ 117.010120680964107, -39.531368918360542 ], [ 112.347127304677741, -38.700823392552088 ], [ 111.849754459511558, -39.635598178830335 ], [ 113.996879679573027, -40.201215930857323 ], [ 118.210886761783883, -40.289259547894275 ] ] ] } },
{ "type": "Feature", "properties": { }, "geometry": { "type": "Polygon", "coordinates": [ [ [ 108.620662666074281, -35.998596911459039 ], [ 107.631993498630649, -35.749548174774226 ], [ 106.548265975910141, -36.54490612991021 ], [ 104.599209480741209, -36.776618717826665 ], [ 102.694980937318888, -36.147659661913231 ], [ 103.837849967360739, -37.995548571944603 ], [ 107.790046355257445, -37.814788317605043 ], [ 110.415723114516069, -39.405044120007446 ], [ 111.760175333867423, -39.05600458113161 ], [ 110.791188266965264, -37.589425311213574 ], [ 108.620662666074281, -35.998596911459039 ] ] ] } },
{ "type": "Feature", "properties": { }, "geometry": { "type": "Polygon", "coordinates": [ [ [ 16.381058799939513, -43.565773979341294 ], [ 16.323032271697809, -41.338936421335376 ], [ 15.165381812958543, -40.488177864816954 ], [ 12.478884617517668, -42.432288686221746 ], [ 11.467478184889726, -44.169977370735417 ], [ 8.663867745011332, -44.558313625033726 ], [ 8.079743977222071, -44.959871901852047 ], [ 8.004898739239277, -46.232138054794582 ], [ 5.698525102471184, -49.162611052700065 ], [ 5.130625051425343, -50.452141286528807 ], [ 3.513575525752242, -51.088944837407347 ], [ 3.560039816261261, -52.218987830145146 ], [ 2.79316246437383, -52.728692027249032 ], [ 0.524848709948006, -53.214887422302269 ], [ -0.519918170982223, -53.999445926476113 ], [ -0.091370872584839, -55.73792199803929 ], [ 5.057606316243759, -54.515517613490523 ], [ 9.230939900296638, -54.799997879075903 ], [ 12.156290208266043, -54.41302816001977 ], [ 15.795457853429216, -49.571257984710442 ], [ 15.506918954011443, -48.350129687970714 ], [ 15.825971130393235, -47.466375125144879 ], [ 16.688031304479122, -46.856851855918052 ], [ 17.491374632264908, -44.301459920134604 ], [ 16.809528533854522, -44.093657679543789 ], [ 16.381058799939513, -43.565773979341294 ] ] ] } },
{ "type": "Feature", "properties": { }, "geometry": { "type": "Polygon", "coordinates": [ [ [ 92.637422343645241, -43.860886485446891 ], [ 93.817121232654671, -44.705237074234653 ], [ 103.16148338833159, -44.437325373954643 ], [ 107.82701278733424, -44.831005845686718 ], [ 109.624334763329074, -44.527850369520749 ], [ 113.630555269902032, -42.416588702109181 ], [ 113.006019543447337, -42.357446592598286 ], [ 111.513696061226099, -40.187470247626635 ], [ 110.325583627711126, -40.81211062616098 ], [ 108.599925091166156, -40.210307022240379 ], [ 108.243577093280578, -42.062273303959877 ], [ 106.073113585553443, -43.03481665850024 ], [ 103.190028772483601, -43.104937402663467 ], [ 100.772918746489921, -42.646890136975557 ], [ 98.080864429380142, -42.896412219968816 ], [ 95.297687725300165, -41.961453649208728 ], [ 92.637422343645241, -43.860886485446891 ] ] ] } },
{ "type": "Feature", "properties": { }, "geometry": { "type": "Polygon", "coordinates": [ [ [ 96.31065327648011, -43.515305402560685 ], [ 93.601040739403132, -43.546754883758403 ], [ 93.158464439386321, -44.122931457837943 ], [ 95.643712685316103, -46.14190889188113 ], [ 96.31065327648011, -43.515305402560685 ] ] ] } },
{ "type": "Feature", "properties": { }, "geometry": { "type": "Polygon", "coordinates": [ [ [ 150.716839069972366, -60.81672411991741 ], [ 145.44724564544731, -61.444871888243753 ], [ 144.450771845639849, -61.902779575108497 ], [ 144.271369570738671, -62.367257693769275 ], [ 141.240708647906672, -63.050508840843847 ], [ 142.002348814119898, -63.347361820464307 ], [ 141.105862637905176, -65.003129603354537 ], [ 142.521002294578608, -65.559444947557779 ], [ 142.176422179491567, -66.301713929840744 ], [ 142.500762139650817, -66.76659110981376 ], [ 140.139075390018945, -67.664076160039954 ], [ 140.075893501012445, -68.053112640490141 ], [ 139.268078834654062, -68.421508066130698 ], [ 139.592120697940089, -70.698297959802602 ], [ 137.653372861185431, -72.610690852800332 ], [ 135.735078048621801, -72.980406874211411 ], [ 135.936724051895766, -73.646772283669961 ], [ 135.053262711892131, -74.00729590034878 ], [ 134.962634611041409, -74.301707050412475 ], [ 136.035247478309913, -74.43937545349948 ], [ 135.250181024289418, -74.559776628903379 ], [ 135.366895637271313, -74.904454530961644 ], [ 138.274927544875084, -75.454036427969697 ], [ 137.560792614248953, -76.097007045613495 ], [ 136.607639118189468, -76.318016974576693 ], [ 154.098326403931537, -72.697697464309542 ], [ 161.522755578384249, -70.067515613496781 ], [ 160.994315996808723, -68.299171403396599 ], [ 161.365993379177297, -68.364606711142358 ], [ 161.241591065633969, -67.242744680819314 ], [ 160.903512198936937, -66.754571335898291 ], [ 159.038131252827696, -65.789206977559601 ], [ 158.58466452121732, -65.219683386412981 ], [ 154.41475484146153, -64.019127107387135 ], [ 153.234692573644054, -63.3952931328419 ], [ 151.094823629549154, -61.76725457161988 ], [ 150.716839069972366, -60.81672411991741 ] ] ] } },
{ "type": "Feature", "properties": { }, "geometry": { "type": "Polygon", "coordinates": [ [ [ 145.591802062412455, -63.842185294608676 ], [ 145.613471099247732, -62.141058399185567 ], [ 144.761437581163591, -61.925642825316039 ], [ 142.577899251973406, -62.628274144225998 ], [ 140.572508197761692, -62.819296698237821 ], [ 139.992351002138918, -63.069133162695337 ], [ 139.901331089124568, -63.653094816731489 ], [ 143.580819835265402, -67.195877296575262 ], [ 144.182635706952198, -67.117608474568101 ], [ 146.235872615298035, -66.517609270676871 ], [ 147.860447116996511, -65.420279775456009 ], [ 147.2932990359472, -65.000463297498598 ], [ 147.201843610308572, -64.246027859474125 ], [ 145.591802062412455, -63.842185294608676 ] ] ] } },
{ "type": "Feature", "properties": { }, "geometry": { "type": "Polygon", "coordinates": [ [ [ 145.307510902783491, -70.293626016908547 ], [ 145.573389042043402, -69.971760418622026 ], [ 145.474561962646391, -69.405487564495772 ], [ 144.563072511627524, -67.903079080714278 ], [ 145.322397741859362, -67.322683781435842 ], [ 145.29137756441142, -66.933105756291326 ], [ 142.344410210736868, -67.4256439303023 ], [ 141.275163654689294, -68.089294823181604 ], [ 140.50993550365277, -69.337697625283681 ], [ 140.939204686630262, -69.964422275787484 ], [ 142.040225098685511, -70.32059616550076 ], [ 145.307510902783491, -70.293626016908547 ] ] ] } },
{ "type": "Feature", "properties": { }, "geometry": { "type": "MultiPolygon", "coordinates": [ [ [ [ 179.99999999, -81.228765064329551 ], [ 175.924920811806203, -80.207574582170935 ], [ 174.653909609344879, -79.364303702437169 ], [ 174.826539631785863, -78.96806988596056 ], [ 176.394548495144903, -78.58496669247161 ], [ 175.721765545372506, -78.541254552897897 ], [ 170.474456900213596, -78.663109412749648 ], [ 170.733258647989771, -79.645990691220121 ], [ 173.196102232830356, -81.637731464637483 ], [ 171.062014324775731, -81.242093710625596 ], [ 163.271390145675326, -81.127354151500541 ], [ 162.646776848965402, -80.755938521711712 ], [ 156.184484148111153, -80.327255190726362 ], [ 153.153303832861837, -79.693118794777575 ], [ 149.695722089336471, -77.536573612335388 ], [ 150.341019228851223, -77.422454011280465 ], [ 150.382495403442817, -76.968334933874189 ], [ 151.96719617677357, -76.790971944538512 ], [ 152.439159431757247, -76.408653514193986 ], [ 156.522862246269113, -76.648874098834312 ], [ 155.317032211219782, -75.878214870325237 ], [ 156.393062113043669, -75.21170925264947 ], [ 156.914384518702889, -74.479033272013623 ], [ 155.486856523473648, -74.205462320168678 ], [ 155.873577571429166, -73.151370412812113 ], [ 155.017670334310253, -72.723372308826072 ], [ 144.689663557664517, -74.794089534909276 ], [ 121.92755203147766, -76.880238826224073 ], [ 122.120495966248853, -77.8129492798397 ], [ 121.476838437281202, -78.898768289694658 ], [ 120.580825892695472, -79.280513164520727 ], [ 122.019735265664522, -80.086759136481888 ], [ 121.459640532393692, -81.178339080636505 ], [ 124.809973098038711, -82.153799315445596 ], [ 117.278926884774137, -83.236396792804086 ], [ 115.082195042995778, -84.005573315709483 ], [ 114.995937261032338, -84.327798022569908 ], [ 117.684229952511643, -84.736923129801781 ], [ 122.601650660393631, -84.90303081898567 ], [ 132.157648346760965, -84.605321132750845 ], [ 136.559862197101495, -83.788476852544377 ], [ 142.13261225599021, -83.435854331372767 ], [ 149.486477215825147, -81.211797451408088 ], [ 156.468648836636532, -82.046873802015241 ], [ 169.508623153978249, -82.840129054176757 ], [ 178.712753363059164, -82.821886821914305 ], [ 179.99999999, -82.757209671656796 ], [ 179.99999999, -81.228765064329551 ] ] ], [ [ [ -179.99999999, -82.757209671656796 ], [ -178.354242324955948, -82.667421133865517 ], [ -176.706689982026745, -82.399332123622884 ], [ -179.99999999, -81.228765064329551 ], [ -179.99999999, -82.757209671656796 ] ] ] ] } },
{ "type": "Feature", "properties": { }, "geometry": { "type": "Polygon", "coordinates": [ [ [ 138.984160155169093, -72.804436093943053 ], [ 143.738942836871331, -72.07093057776234 ], [ 144.783673359739311, -70.430663106392686 ], [ 141.495059912424608, -70.438078185088699 ], [ 141.654558894636637, -70.710640665577131 ], [ 139.782809901166104, -71.841516193518743 ], [ 138.984160155169093, -72.804436093943053 ] ] ] } },
{ "type": "Feature", "properties": { }, "geometry": { "type": "Polygon", "coordinates": [ [ [ 135.494206164055839, 40.415720510503235 ], [ 133.070473091554788, 40.238679452382009 ], [ 132.16706103240503, 38.046176809863795 ], [ 130.978544851186797, 36.703983706674713 ], [ 130.974714757447686, 36.041367967515264 ], [ 132.997906423883649, 37.830616013352305 ], [ 134.324309243634247, 38.067210980095872 ], [ 136.686486755317873, 40.08587824017917 ], [ 135.912664315264891, 39.913553118188375 ], [ 135.494206164055839, 40.415720510503235 ] ] ] } },
{ "type": "Feature", "properties": { }, "geometry": { "type": "Polygon", "coordinates": [ [ [ -27.509981717708019, 2.118532099267492 ], [ -28.944709515101142, 4.072852082057969 ], [ -32.847011127925448, 4.129541071283658 ], [ -31.775144890356078, 3.573099862287747 ], [ -31.369216753984627, 2.146858427268838 ], [ -31.626491387355408, 1.151096487955527 ], [ -30.67801852784768, 0.287417938485491 ], [ -29.074570764600455, -0.213267972783969 ], [ -27.730476490858425, -1.559040011049923 ], [ -25.872194701842364, 0.447904972126704 ], [ -24.834145683253386, 0.220272515067283 ], [ -25.245435395569263, 1.152194796973335 ], [ -25.919188017310685, 1.188946477009505 ], [ -26.040951528652759, 1.787928669422022 ], [ -27.509981717708019, 2.118532099267492 ] ] ] } },
{ "type": "Feature", "properties": { }, "geometry": { "type": "Polygon", "coordinates": [ [ [ -6.071612931405515, 44.379821561497081 ], [ -6.275244831643728, 44.864753292285798 ], [ -7.505542954228407, 43.934628310956526 ], [ -10.819921526783464, 45.311951369595846 ], [ -13.252139094935755, 43.568035262492138 ], [ -13.634384290593896, 42.173897654315653 ], [ -13.190165156826026, 41.131963118084762 ], [ -12.140001465022708, 40.930141743726182 ], [ -11.228088180541693, 40.316168700282596 ], [ -10.926905869889719, 39.503452493043902 ], [ -12.531958893872835, 35.86289042949678 ], [ -12.533382962645694, 34.746988571908553 ], [ -9.215594740263573, 31.128037319519066 ], [ -7.778524450752083, 30.007786905175923 ], [ -5.118899425413361, 29.101964103014261 ], [ -5.085098222221922, 30.083692460534266 ], [ -3.098143359433416, 34.229298113923257 ], [ -2.93651202349986, 35.174833052205983 ], [ -4.138174027051955, 39.435105630626438 ], [ -6.442836089514306, 42.282644076132094 ], [ -6.592208601521426, 42.84311020614858 ], [ -6.071612931405515, 44.379821561497081 ] ] ] } },
{ "type": "Feature", "properties": { }, "geometry": { "type": "Polygon", "coordinates": [ [ [ 3.858482163781523, 51.996418896139446 ], [ -5.53588688674206, 52.505911158041343 ], [ -6.809249473514836, 51.054213172969185 ], [ -7.37695844031914, 49.831619272279475 ], [ -6.918118015225988, 49.752491715911077 ], [ -5.836263897346393, 50.327693446414479 ], [ -0.218681697584669, 50.767534794470592 ], [ 3.858482163781523, 51.996418896139446 ] ] ] } },
{ "type": "Feature", "properties": { }, "geometry": { "type": "Polygon", "coordinates": [ [ [ -4.501036661969995, 45.087271585486761 ], [ -1.952289049397148, 46.955322052255276 ], [ -3.334542233243983, 47.09890825501104 ], [ -5.374687138836347, 46.802203408559713 ], [ -7.928076681714513, 45.684856666380789 ], [ -14.806122644561158, 46.551984579167538 ], [ -16.237661436597673, 46.287234094044514 ], [ -11.01295517928868, 43.492364465583464 ], [ -7.712374912082859, 42.224354200148433 ], [ -6.577222884504399, 43.19495021493875 ], [ -6.347676883961544, 42.717517918928593 ], [ -4.501036661969995, 45.087271585486761 ] ] ] } },
{ "type": "Feature", "properties": { }, "geometry": { "type": "Polygon", "coordinates": [ [ [ -2.442191534370173, 47.645646340618207 ], [ -0.376632195198312, 48.995000351333829 ], [ -2.04934503237376, 48.541615618721181 ], [ -4.717184877359577, 48.373509084655183 ], [ -5.521875472968, 48.751415333145708 ], [ -7.980606034498591, 46.9007888350082 ], [ -8.290637949982862, 47.094668412784216 ], [ -8.88553266706244, 46.256053017536097 ], [ -7.717760379656875, 46.346124051659011 ], [ -5.896145019569659, 47.407704732822808 ], [ -3.848991535579393, 47.75511183577899 ], [ -2.442191534370173, 47.645646340618207 ] ] ] } },
{ "type": "Feature", "properties": { }, "geometry": { "type": "Polygon", "coordinates": [ [ [ 3.897455730213342, 51.607176600385181 ], [ -0.147161876001287, 50.380475235607321 ], [ -5.720635648923283, 49.94682149578184 ], [ -6.796072460552323, 49.373232245250833 ], [ -7.251062447518946, 49.453083407915315 ], [ -7.773183131367793, 48.291769678806411 ], [ -8.747805366226412, 47.548885687440468 ], [ -8.166833603480267, 47.321067514258338 ], [ -5.651545449597212, 49.14945257349941 ], [ -4.848574078264704, 48.764194852751011 ], [ -0.969391882277614, 49.176387899397476 ], [ 4.052534801735626, 51.313610399631287 ], [ 3.897455730213342, 51.607176600385181 ] ] ] } },
{ "type": "Feature", "properties": { }, "geometry": { "type": "Polygon", "coordinates": [ [ [ -28.964973454171165, 49.500227999300556 ], [ -27.124034166282524, 52.468820263960005 ], [ -27.607130240828134, 54.058022759035126 ], [ -24.759171214187774, 56.790040635083884 ], [ -23.59290080653021, 59.240948196200769 ], [ -24.758042460448465, 59.569192302337534 ], [ -27.00600800196462, 59.38103280755444 ], [ -28.530884704100419, 58.26909161284086 ], [ -27.795409407850265, 57.600963498891446 ], [ -29.196278139706912, 56.254931965307371 ], [ -29.774879975945009, 54.679968832696709 ], [ -29.397799254057666, 53.007994062082879 ], [ -29.743153523375057, 52.608082954411408 ], [ -29.654763528691618, 52.117029575400529 ], [ -30.474329875730319, 52.139242283949109 ], [ -31.125214607106507, 52.574655921048212 ], [ -31.388641883797199, 51.427110502769288 ], [ -30.532815519958202, 49.698852127068818 ], [ -28.964973454171165, 49.500227999300556 ] ] ] } },
{ "type": "Feature", "properties": { }, "geometry": { "type": "Polygon", "coordinates": [ [ [ -24.206226919299976, 0.093222433397682 ], [ -25.872194701842364, 0.447904972126704 ], [ -27.730476490858425, -1.559040011049923 ], [ -23.965841688109794, -4.873453042571224 ], [ -22.514019572808227, -2.604008196841284 ], [ -24.206226919299976, 0.093222433397682 ] ] ] } },
{ "type": "Feature", "properties": { }, "geometry": { "type": "Polygon", "coordinates": [ [ [ -71.042555654085092, -77.444240259488225 ], [ -72.649979351293453, -78.84717838040936 ], [ -74.964211212026484, -79.881808624425119 ], [ -75.70751460588086, -81.496640155238183 ], [ -80.303026245926091, -82.541342843940939 ], [ -78.743043252985686, -83.580858458132127 ], [ -79.442874880895275, -84.744322664205455 ], [ -76.681123888743173, -85.949228885581988 ], [ -62.765339707549558, -87.373280424514405 ], [ -38.038409566400198, -86.247438716675731 ], [ -38.144567918755619, -86.008592872914249 ], [ -46.455453916131447, -83.913662287708078 ], [ -48.838714905385018, -82.843241281204655 ], [ -49.502079321838501, -82.366634261958438 ], [ -50.545141632575387, -80.848552977076693 ], [ -50.70236352475343, -80.044949733446956 ], [ -51.556253950923029, -79.153001560531109 ], [ -71.042555654085092, -77.444240259488225 ] ] ] } },
{ "type": "Feature", "properties": { }, "geometry": { "type": "Polygon", "coordinates": [ [ [ -49.33905565630814, -70.987647244436587 ], [ -57.871144217284268, -69.290739208524343 ], [ -58.214945019595618, -69.938672565507432 ], [ -59.270751424550333, -70.602696584730779 ], [ -59.209782019431913, -71.703298860754828 ], [ -64.215998167707369, -73.71875764810504 ], [ -66.102546675332889, -75.412612471372796 ], [ -71.285695779391858, -77.410053365845371 ], [ -51.664688746311022, -79.147318918102101 ], [ -43.357651954376706, -73.161149547721308 ], [ -49.33905565630814, -70.987647244436587 ] ] ] } },
{ "type": "Feature", "properties": { }, "geometry": { "type": "MultiPolygon", "coordinates": [ [ [ [ 179.99999999, -78.674683011956944 ], [ 177.684881826341268, -78.337072473360152 ], [ 166.203877271767624, -78.050054621812009 ], [ 164.789997890042457, -78.171247961873561 ], [ 163.500144251080656, -78.859829163308476 ], [ 164.291378602246652, -79.720195112552858 ], [ 168.410812483571931, -81.121475946597258 ], [ 172.564280643183395, -84.623037739522815 ], [ 175.197147153272795, -84.645438245677127 ], [ 179.99999999, -84.57817315832061 ], [ 179.99999999, -78.674683011956944 ] ] ], [ [ [ -179.99999999, -84.57817315832061 ], [ -166.08766905441604, -84.591138652640709 ], [ -162.30708924001442, -84.980923213314 ], [ -165.14046579755933, -84.484221322979863 ], [ -165.936859931640356, -83.651939658193797 ], [ -167.03091244086724, -83.163143316829718 ], [ -167.705024998797967, -81.053769529156185 ], [ -167.409528726665741, -79.949811320792108 ], [ -171.609462344281155, -79.960497042109793 ], [ -176.613457107100146, -79.488913055576631 ], [ -179.99999999, -78.674683011956944 ], [ -179.99999999, -84.57817315832061 ] ] ] ] } },
{ "type": "Feature", "properties": { }, "geometry": { "type": "Polygon", "coordinates": [ [ [ 146.73268881004546, -53.062402285013739 ], [ 146.22368252953234, -53.076721663474395 ], [ 145.424514647880585, -54.599386134352677 ], [ 144.092683840923343, -55.757268376560717 ], [ 142.178235392636566, -56.416981310461175 ], [ 141.612471942716468, -57.395004853427352 ], [ 141.652526981531224, -57.899422747039836 ], [ 143.914785361701405, -57.922578551248243 ], [ 145.655821692911672, -57.376627566570079 ], [ 146.4706313055853, -56.558929191537921 ], [ 147.303620889899548, -54.180735220238844 ], [ 147.280805557049547, -53.622705866860322 ], [ 146.73268881004546, -53.062402285013739 ] ] ] } },
{ "type": "Feature", "properties": { }, "geometry": { "type": "Polygon", "coordinates": [ [ [ 135.393671971510315, -51.840404370161544 ], [ 133.650516686484025, -51.853739240534175 ], [ 132.239308179928202, -51.487957013381859 ], [ 131.650419494006087, -52.387197124312841 ], [ 137.369591390327798, -53.722451888084869 ], [ 138.402531268097761, -54.442474921394457 ], [ 139.398417541366541, -53.793133322402639 ], [ 137.911013504988574, -52.793979237914037 ], [ 135.393671971510315, -51.840404370161544 ] ] ] } },
{ "type": "Feature", "properties": { }, "geometry": { "type": "Polygon", "coordinates": [ [ [ 143.645027798432068, -52.163184222585741 ], [ 140.764623263969042, -53.475148218399333 ], [ 138.989354639331737, -53.874312070304399 ], [ 138.268594555625015, -54.786190575793334 ], [ 139.214348668317598, -55.680581604268504 ], [ 140.576715910710277, -56.079007845369453 ], [ 141.947327442447119, -55.987813782583771 ], [ 142.68365514300487, -55.402890422462157 ], [ 143.627684157258983, -55.241920989704951 ], [ 143.602690994835797, -54.985473684673003 ], [ 144.659900710875604, -55.022467750822557 ], [ 145.486362305067274, -53.968855668877325 ], [ 143.975285804853939, -53.297238339946745 ], [ 144.134654336428184, -52.603186868715788 ], [ 143.645027798432068, -52.163184222585741 ] ] ] } },
{ "type": "Feature", "properties": { }, "geometry": { "type": "Polygon", "coordinates": [ [ [ 129.889363301318525, -50.644221105235694 ], [ 127.914059650593202, -49.819182795527134 ], [ 127.574626221322561, -51.608281666789182 ], [ 129.101869885427021, -52.039000784817198 ], [ 132.059147715525285, -52.129505181564333 ], [ 132.605581524989901, -51.220867601964834 ], [ 130.670334379901448, -50.496518803772915 ], [ 129.889363301318525, -50.644221105235694 ] ] ] } },
{ "type": "Feature", "properties": { }, "geometry": { "type": "Polygon", "coordinates": [ [ [ 127.317947012183012, -43.490250616347851 ], [ 120.303212855157142, -40.071353959562735 ], [ 118.880416430341569, -39.823194071189747 ], [ 116.783981977563641, -40.408580407608163 ], [ 120.046790969307139, -41.076512973969884 ], [ 123.04185423647165, -42.534270813526 ], [ 127.69014210450905, -44.0837634669697 ], [ 128.390920646537353, -44.684321136717024 ], [ 127.317947012183012, -43.490250616347851 ] ] ] } },
{ "type": "Feature", "properties": { }, "geometry": { "type": "Polygon", "coordinates": [ [ [ 166.998917128819471, 59.228675295587493 ], [ 165.877094269958604, 59.384735157548732 ], [ 162.522052706823615, 60.306964396710939 ], [ 163.271270580364899, 58.598856922518152 ], [ 163.039842618262327, 57.508861643088473 ], [ 164.329340338288432, 58.401996120390507 ], [ 166.512111557690332, 57.641360693148812 ], [ 167.531841589973055, 57.91901734536804 ], [ 166.998917128819471, 59.228675295587493 ] ] ] } },
{ "type": "Feature", "properties": { }, "geometry": { "type": "Polygon", "coordinates": [ [ [ -29.552640509929116, -62.199627122302417 ], [ -34.07841588113412, -62.447698201598179 ], [ -35.685631703997913, -62.094744867264453 ], [ -38.133416527581943, -60.998896198924228 ], [ -35.097634016062266, -64.544110022300913 ], [ -34.323842152529764, -65.814092329135377 ], [ -33.722207165760075, -67.98033937277836 ], [ -34.080161299652531, -69.190077495918729 ], [ -34.974253407724433, -69.719470932408896 ], [ -39.658058702007928, -70.837196662946994 ], [ -39.861514150012965, -71.202439614895525 ], [ -36.94258673621809, -71.438345275766977 ], [ -33.365281432128889, -71.0984148805031 ], [ -33.031950061294232, -71.388935104000325 ], [ -37.091289905316472, -72.328240565719483 ], [ -32.43949367685758, -72.340873805379672 ], [ -33.121037233143277, -72.77760556915679 ], [ -35.576202857215925, -73.005265437417421 ], [ -35.719131523042357, -73.238929762059442 ], [ -35.222677120609404, -73.285184600841475 ], [ -31.01251777565551, -73.225735618948576 ], [ -31.856944604397828, -73.012373465364675 ], [ -31.159212639587405, -72.581672156640195 ], [ -29.13704718942202, -72.371900006494783 ], [ -28.224535602203712, -72.899370527841896 ], [ -22.352711644649286, -73.33599341825294 ], [ -24.019974417565983, -72.667832693376383 ], [ -23.830361390141341, -72.378696848201102 ], [ -21.504176045805693, -72.083746542225512 ], [ -14.399827976191846, -72.633604502289145 ], [ -29.552640509929116, -62.199627122302417 ] ] ] } },
{ "type": "Feature", "properties": { }, "geometry": { "type": "Polygon", "coordinates": [ [ [ -58.058414626240761, -85.207669149277095 ], [ -73.281780247985822, -84.020441791831047 ], [ -81.978699346672386, -84.002439005298598 ], [ -88.520321473087719, -84.398662908343198 ], [ -58.058414626240761, -85.207669149277095 ] ] ] } },
{ "type": "Feature", "properties": { }, "geometry": { "type": "Polygon", "coordinates": [ [ [ 38.545349101091617, -31.575172227507366 ], [ 38.190831162933314, -30.379729803411323 ], [ 36.864369897243733, -31.240926536871093 ], [ 26.690941253645864, -30.808397153445114 ], [ 24.793802175730029, -31.079155858462013 ], [ 24.907990500191904, -30.581159563494523 ], [ 22.526519884826985, -31.367101482035672 ], [ 20.630107667683259, -33.497407111870352 ], [ 19.592764694848178, -32.694269774050291 ], [ 16.130191440531569, -37.122916722476724 ], [ 15.805878173167027, -38.510227095576077 ], [ 14.443022343115926, -39.965649375536664 ], [ 15.59537797759241, -40.813451656814387 ], [ 15.662874421058754, -43.040134630732084 ], [ 16.720734743122257, -43.959719521550305 ], [ 17.799968002995261, -43.037574113669336 ], [ 19.594478519275363, -42.167660541160103 ], [ 20.325527846074884, -42.174440193440986 ], [ 24.526795383300964, -40.366738682212734 ], [ 28.245196127267445, -39.486205266430026 ], [ 32.444909877512465, -37.849943672646312 ], [ 38.110515681116851, -32.921238272529884 ], [ 38.011759636646602, -32.272218403111488 ], [ 38.545349101091617, -31.575172227507366 ] ] ] } },
{ "type": "Feature", "properties": { }, "geometry": { "type": "Polygon", "coordinates": [ [ [ 140.195936770965687, -74.029142884272048 ], [ 140.204253948759487, -73.733702736024568 ], [ 140.975961327029523, -73.355887138786727 ], [ 140.613688184781267, -72.695423544721464 ], [ 140.919325976766174, -72.547467613364304 ], [ 137.531255398737358, -72.977037085297482 ], [ 136.885875745118994, -74.857378098761657 ], [ 141.285338365580031, -74.144216066765949 ], [ 140.195936770965687, -74.029142884272048 ] ] ] } },
{ "type": "Feature", "properties": { }, "geometry": { "type": "Polygon", "coordinates": [ [ [ 15.064237958272408, -30.125286618339722 ], [ 12.390131909485456, -24.255028513419553 ], [ 11.660507991821158, -23.504480076429708 ], [ 7.189543946925458, -22.62378250026374 ], [ 2.503459673374552, -21.001369595512418 ], [ 0.248021008429287, -19.024462641893042 ], [ -0.964855453282638, -16.924923547532707 ], [ -8.626820654794191, -16.176262174827684 ], [ -8.05729022121327, -17.256574722947153 ], [ -6.658599495965055, -17.763749462719026 ], [ -6.169372941913577, -20.639402605855324 ], [ -8.167913260041274, -22.084792773816122 ], [ -9.597679955597538, -22.241454875601587 ], [ -10.835862159835241, -23.350565105913276 ], [ -11.057383987809132, -23.935024370337153 ], [ -12.140358326971612, -24.038116346437686 ], [ -12.685929252187858, -24.560683432042442 ], [ -12.400440119006857, -27.892545433092472 ], [ -13.007359257914555, -28.191273224854719 ], [ -13.912519954126473, -30.269018824072614 ], [ -14.87647407662862, -31.075649257252412 ], [ -15.526680699910717, -33.615601216264373 ], [ -16.313363529788113, -33.758081060510925 ], [ -16.925668416366975, -34.873081532685561 ], [ -19.373687862787431, -35.721354567657237 ], [ -19.955474007856914, -36.242028315693062 ], [ -20.988133316142171, -36.281098628936348 ], [ -21.707276021108356, -36.862578993427427 ], [ -25.618530788905122, -41.551200448794752 ], [ -29.696799658413099, -45.238685765884917 ], [ -32.418579036726037, -46.935577389025227 ], [ -33.996810418585191, -48.535359612753396 ], [ -34.024559761225582, -49.025936822796886 ], [ -34.922170634975487, -49.413002691620235 ], [ -34.748085253365218, -49.619993169155677 ], [ -35.731770986698642, -50.517310443205716 ], [ -35.72397985252676, -50.918147212953066 ], [ -36.827462839185948, -51.436034217657507 ], [ -36.727151365931952, -51.874802926304952 ], [ -38.480385255547844, -53.521652005313697 ], [ -38.193930119382742, -54.426198047984876 ], [ -38.551084385362472, -55.030120821143285 ], [ -36.430738077689618, -56.492207589159719 ], [ -32.496356406837315, -57.76391547174461 ], [ -23.898353637624385, -59.241745930888825 ], [ -15.126476472745814, -59.335961087292354 ], [ -12.899332257169505, -59.090433812234657 ], [ -8.64058853102793, -57.583858352362284 ], [ -6.100753237106226, -58.433337510462827 ], [ -2.825150025645509, -57.68815410168871 ], [ -0.091370872584839, -55.73792199803929 ], [ -0.519918170982223, -53.999445926476113 ], [ 0.524848709948006, -53.214887422302269 ], [ 2.79316246437383, -52.728692027249032 ], [ 3.560039816261261, -52.218987830145146 ], [ 3.513575525752242, -51.088944837407347 ], [ 5.130625051425343, -50.452141286528807 ], [ 5.698525102471184, -49.162611052700065 ], [ 8.004898739239277, -46.232138054794582 ], [ 8.079743977222071, -44.959871901852047 ], [ 6.572696780565888, -41.142090542827724 ], [ 5.847213335484306, -40.069776535749831 ], [ 7.361330770717283, -37.076287756757274 ], [ 10.57330463857253, -34.327596590600557 ], [ 13.170504635073403, -33.838373636523372 ], [ 13.554972452624536, -33.184969689921047 ], [ 14.589985981601707, -32.856061605749431 ], [ 15.52895463662664, -32.950736316746223 ], [ 15.064237958272408, -30.125286618339722 ] ] ] } },
{ "type": "Feature", "properties": { }, "geometry": { "type": "Polygon", "coordinates": [ [ [ 6.833937032208502, -74.625018644385918 ], [ -5.087930398492943, -54.896094939230977 ], [ -5.950977048965436, -54.826481710051127 ], [ -6.417448446501851, -55.209774025651264 ], [ -9.344276514794009, -55.695787765783031 ], [ -12.255823017040081, -56.922706114051834 ], [ -13.781128058954403, -58.970910227942305 ], [ -26.344753993884812, -60.761060017480077 ], [ -29.552640509929116, -62.199627122302417 ], [ -14.399827976191846, -72.633604502289145 ], [ -21.504176045805693, -72.083746542225512 ], [ -23.830361390141341, -72.378696848201102 ], [ -24.019974417565983, -72.667832693376383 ], [ -22.352711644649286, -73.33599341825294 ], [ -28.133486657869987, -72.858908165264609 ], [ -28.051899165518822, -73.167624234779993 ], [ -25.27388256196334, -74.699096184387997 ], [ -22.864282062375651, -74.674860728158336 ], [ -23.345648103852106, -75.204822385087908 ], [ -22.798823110272973, -75.710402456369096 ], [ -19.331710434536244, -75.855621244198815 ], [ -17.865133034547966, -75.628684056344966 ], [ -17.562970814572662, -74.855670245566387 ], [ -16.211142400099973, -74.743818084960523 ], [ -13.683842440134379, -75.268521613605287 ], [ -12.804223903810675, -75.649910354274496 ], [ -12.652025067478343, -76.182163609052139 ], [ -17.241155943363637, -77.032822086838564 ], [ -18.724941822510978, -78.051140876981407 ], [ -22.434638421567104, -78.643513546283842 ], [ 2.339459257596162, -79.231074932586552 ], [ 13.533882855268107, -80.423947269005751 ], [ 43.472974515428817, -87.708232521926007 ], [ 60.301672716891183, -88.349067325150017 ], [ 77.292160128214888, -87.5518795664115 ], [ 83.757124290110653, -86.938712300622498 ], [ 86.735969377261796, -86.077551089697394 ], [ 79.394303558591986, -85.400651109715781 ], [ 88.102132993264703, -84.632156085045921 ], [ 6.833937032208502, -74.625018644385918 ] ] ] } },
{ "type": "Feature", "properties": { }, "geometry": { "type": "Polygon", "coordinates": [ [ [ 16.465804019227349, 2.821054446619702 ], [ 14.618961601035307, 4.011201570251496 ], [ 14.249345806434288, 3.331416063595567 ], [ 13.323611320207425, 2.847175917435623 ], [ 10.802833594161102, 3.034065536263308 ], [ 9.674329770782011, 1.823135737852618 ], [ 6.136734302846643, -3.106677940386847 ], [ 5.855111859726509, -7.71359979738509 ], [ 5.268416087165995, -9.57761188164026 ], [ 5.325417823818886, -10.963766897523058 ], [ 4.784644892631762, -14.016785351776734 ], [ 3.415235580815205, -15.461480076349345 ], [ 0.616350812014734, -17.086889725823244 ], [ -1.461351424429228, -17.33654203327109 ], [ -0.193973493366654, -19.408348924453804 ], [ 2.116698683322792, -21.333739837280095 ], [ 6.85375025011476, -22.848261505924281 ], [ 11.353232318544329, -23.624829585009977 ], [ 12.104220898637644, -24.358102982437707 ], [ 14.952958963046436, -30.163794594337993 ], [ 15.508787782123617, -32.977299011797378 ], [ 20.422491855455043, -33.142277937008402 ], [ 21.42883436986094, -33.921748153078546 ], [ 23.267324960506194, -31.750587779893429 ], [ 25.633213404205744, -30.912135457071972 ], [ 26.188223480142963, -30.104889779344035 ], [ 26.565182643230354, -27.891096920332707 ], [ 27.285557198392894, -27.34787178548866 ], [ 27.500926547932679, -24.669724902024406 ], [ 28.032396721019897, -23.102772959585202 ], [ 28.049184819252154, -23.813422443313524 ], [ 28.010269499723069, -21.864817305910158 ], [ 27.034721244301689, -20.784145644186307 ], [ 27.771692902233696, -17.699882429982821 ], [ 27.411718861811259, -14.893959255361686 ], [ 26.930158695959271, -12.002371696202008 ], [ 26.155595963655298, -10.20995168447557 ], [ 26.297874931911089, -8.592380098520547 ], [ 26.789944463665773, -7.437992892374032 ], [ 25.306276560186713, -6.686126540517874 ], [ 24.020030265865387, -7.019994500942485 ], [ 21.631038494523128, -4.756864503543675 ], [ 21.742962458243124, -4.462118267079373 ], [ 20.225310783388309, -3.506431771570193 ], [ 18.465576189817742, -0.944094776897917 ], [ 18.137730884553509, 0.411835013802984 ], [ 16.798028041334916, 1.049060560035269 ], [ 16.211028030236488, 1.796291665697013 ], [ 16.465804019227349, 2.821054446619702 ] ] ] } },
{ "type": "Feature", "properties": { }, "geometry": { "type": "Polygon", "coordinates": [ [ [ 114.779110078382274, -34.001000658501241 ], [ 114.382611105782786, -32.704804085844792 ], [ 110.379721437462265, -32.022010095748939 ], [ 108.565662693396803, -32.442031379138335 ], [ 109.159391985117864, -33.479369106970168 ], [ 110.375151151283362, -34.344442190376569 ], [ 111.432412086753004, -34.275613897717705 ], [ 111.905819352287011, -33.344069895199553 ], [ 114.779110078382274, -34.001000658501241 ] ] ] } },
{ "type": "Feature", "properties": { }, "geometry": { "type": "Polygon", "coordinates": [ [ [ 108.618246797259374, -35.977409371340904 ], [ 108.480447512305474, -35.631644468754317 ], [ 105.631900568752329, -35.134895613520513 ], [ 105.020976816343122, -34.088735567247021 ], [ 103.038643038205592, -32.585810271779373 ], [ 102.052051836838231, -32.313324669588795 ], [ 103.016411316359225, -33.718922224980268 ], [ 102.107128070313593, -35.02069010798089 ], [ 102.694980937318888, -36.147659661913231 ], [ 104.599209480741209, -36.776618717826665 ], [ 106.548265975910141, -36.54490612991021 ], [ 107.631993498630649, -35.749548174774226 ], [ 108.618246797259374, -35.977409371340904 ] ] ] } },
{ "type": "Feature", "properties": { }, "geometry": { "type": "Polygon", "coordinates": [ [ [ 111.244327145674077, -34.417672212057603 ], [ 107.890596721968777, -33.438174034838568 ], [ 106.819372515033834, -32.733758007213602 ], [ 107.170589813176647, -33.691131482516063 ], [ 108.16364651796566, -34.364744791846803 ], [ 111.615058253140091, -35.151272493618727 ], [ 111.244327145674077, -34.417672212057603 ] ] ] } },
{ "type": "Feature", "properties": { }, "geometry": { "type": "Polygon", "coordinates": [ [ [ -40.901522905675385, 58.599631357914596 ], [ -39.879077411458226, 57.394948650846828 ], [ -37.450236871309968, 55.82869923932757 ], [ -39.568374373170791, 59.105090486071425 ], [ -40.751266353875842, 59.012259577647626 ], [ -40.901522905675385, 58.599631357914596 ] ] ] } },
{ "type": "Feature", "properties": { }, "geometry": { "type": "Polygon", "coordinates": [ [ [ -44.262478501686942, 34.700031243633191 ], [ -44.800597758274741, 34.32302227124142 ], [ -45.21367028462128, 34.633641821324261 ], [ -45.562191602557881, 32.51730206718026 ], [ -45.991680293475945, 32.101647585768603 ], [ -46.637356897561034, 32.091247704606168 ], [ -47.567030749064671, 34.039630564623465 ], [ -47.548130342480817, 35.139188436420461 ], [ -48.164765263607393, 36.361451536576268 ], [ -47.716018782734807, 33.860590229081339 ], [ -48.150611034062123, 34.546173183483724 ], [ -48.378125038091547, 34.10187574512436 ], [ -48.169186517395318, 33.249320292472184 ], [ -49.132827920903829, 31.036684322946215 ], [ -51.089929494583295, 28.192948839728047 ], [ -48.05860728530628, 25.465230058421145 ], [ -46.156121102602214, 24.451701405463357 ], [ -43.210536263682201, 23.760666237201463 ], [ -44.114484090099296, 25.063467000150624 ], [ -43.60653120717047, 26.572662928270535 ], [ -42.738394012252819, 27.805735254784935 ], [ -43.873821440448438, 28.513448972311831 ], [ -44.303094579343835, 29.542712366009809 ], [ -44.161657372590405, 30.117077184277289 ], [ -43.373945702862812, 30.911932987544823 ], [ -44.141460831737774, 31.436738922492196 ], [ -43.86752605858144, 32.671781891193007 ], [ -43.426074914100077, 33.09279419269361 ], [ -44.262478501686942, 34.700031243633191 ] ] ] } },
{ "type": "Feature", "properties": { }, "geometry": { "type": "Polygon", "coordinates": [ [ [ -41.545107023244604, 36.5747507987207 ], [ -41.752835242627164, 36.105998823083169 ], [ -41.774238206735433, 35.749568953967859 ], [ -41.458646479837356, 36.15253796960193 ], [ -41.545107023244604, 36.5747507987207 ] ] ] } },
{ "type": "Feature", "properties": { }, "geometry": { "type": "Polygon", "coordinates": [ [ [ -33.603115652172065, 56.287667773520397 ], [ -33.672674142265706, 57.303926103582533 ], [ -34.815352501310528, 57.819434736931882 ], [ -35.434566125940883, 58.763127769009721 ], [ -37.963258063645448, 59.471105632535213 ], [ -37.508624230956563, 58.761250678143455 ], [ -36.07464025822253, 58.332815775674369 ], [ -34.257177483988499, 56.521196530400992 ], [ -33.603115652172065, 56.287667773520397 ] ] ] } },
{ "type": "Feature", "properties": { }, "geometry": { "type": "Polygon", "coordinates": [ [ [ -35.49994128696472, 56.507350527383515 ], [ -35.524567726790536, 56.915297913928441 ], [ -36.225904153165992, 57.002366698268105 ], [ -35.49994128696472, 56.507350527383515 ] ] ] } },
{ "type": "Feature", "properties": { }, "geometry": { "type": "Polygon", "coordinates": [ [ [ 148.764537993245995, 52.998372255676109 ], [ 148.600890726439872, 54.471667349393073 ], [ 149.742977436329596, 58.035814034235848 ], [ 148.42902681065064, 59.011021261790184 ], [ 140.909736835110209, 52.381131421955708 ], [ 146.967025317806417, 52.463899005127331 ], [ 148.764537993245995, 52.998372255676109 ] ] ] } },
{ "type": "Feature", "properties": { }, "geometry": { "type": "Polygon", "coordinates": [ [ [ 146.942419664615642, 63.479942208700145 ], [ 145.451196825746592, 63.673862845864953 ], [ 139.91817158549776, 62.617725847785181 ], [ 139.116697335009491, 62.787922436618061 ], [ 136.270636123599701, 60.982092556476616 ], [ 133.782878953350064, 58.135819032483276 ], [ 133.940485007030787, 56.298676782830363 ], [ 132.247562014411784, 51.85292452100245 ], [ 135.241562189126597, 51.86637529351281 ], [ 137.747174239187245, 52.392331131153846 ], [ 140.909736835110209, 52.381131421955708 ], [ 148.42902681065064, 59.011021261790184 ], [ 147.38966964722519, 59.975618702373417 ], [ 147.285795947212421, 60.625955699519615 ], [ 149.916857948726658, 61.862472012775704 ], [ 149.927570240811264, 62.395991805363934 ], [ 146.942419664615642, 63.479942208700145 ] ] ] } },
{ "type": "Feature", "properties": { }, "geometry": { "type": "Polygon", "coordinates": [ [ [ 88.076538667878467, 22.643233972817285 ], [ 83.672478741736938, 23.050534802813747 ], [ 82.211708459170552, 22.15639708511511 ], [ 83.920673793764678, 21.929227445525971 ], [ 87.545940296358367, 20.666234133338012 ], [ 89.822892682326497, 20.538099473215411 ], [ 91.956923870625161, 20.649979669048967 ], [ 94.276928622595563, 21.339285101555149 ], [ 97.298609787555421, 21.659528350920542 ], [ 96.441078469444747, 22.442830081979139 ], [ 95.278905922928502, 22.529046817067407 ], [ 92.262223848955955, 21.922200054242598 ], [ 91.483630480503123, 22.091327753070068 ], [ 91.723488785121958, 22.29015347567135 ], [ 91.256029407826745, 22.667900345238102 ], [ 90.135459587937262, 23.044793308761754 ], [ 88.076538667878467, 22.643233972817285 ] ] ] } },
{ "type": "Feature", "properties": { }, "geometry": { "type": "Polygon", "coordinates": [ [ [ 99.171626153469134, 21.979336933418367 ], [ 101.404471865188825, 21.942898983726103 ], [ 103.710000139725437, 20.877606965020966 ], [ 102.421198661982743, 21.986526960842546 ], [ 100.254789744640107, 22.312355062972141 ], [ 99.171626153469134, 21.979336933418367 ] ] ] } },
{ "type": "Feature", "properties": { }, "geometry": { "type": "Polygon", "coordinates": [ [ [ 100.744211257369955, 16.117464691012898 ], [ 99.920903124455506, 16.294987609151246 ], [ 98.973029257823342, 15.73859492478396 ], [ 99.945329505723507, 15.71776261492645 ], [ 100.744211257369955, 16.117464691012898 ] ] ] } },
{ "type": "Feature", "properties": { }, "geometry": { "type": "Polygon", "coordinates": [ [ [ 88.71910196189971, 14.40926010541161 ], [ 86.746517128229044, 15.372143025500344 ], [ 86.656696462745856, 15.251111997640455 ], [ 86.952684830253773, 14.549775716022147 ], [ 88.71910196189971, 14.40926010541161 ] ] ] } },
{ "type": "Feature", "properties": { }, "geometry": { "type": "Polygon", "coordinates": [ [ [ -67.501490010323721, 38.657372481883677 ], [ -67.607452677984071, 41.113027304828719 ], [ -68.754341202687812, 41.925836048028202 ], [ -69.16702002693745, 43.162119538322095 ], [ -70.019059647094622, 43.828613927553832 ], [ -70.547629962340778, 45.775577242034572 ], [ -72.287767884720793, 47.113711914931713 ], [ -72.239961490976455, 45.126764569741887 ], [ -71.262399317758167, 42.256582976792139 ], [ -70.236048605754235, 41.180703887557179 ], [ -69.931988839943273, 40.105508421641552 ], [ -68.883502748955777, 38.734816459453896 ], [ -68.402015366465079, 38.373671449340428 ], [ -67.501490010323721, 38.657372481883677 ] ] ] } },
{ "type": "Feature", "properties": { }, "geometry": { "type": "Polygon", "coordinates": [ [ [ 126.396461959748407, 39.409412279497182 ], [ 124.704720248982341, 38.830475386487549 ], [ 121.093059829034104, 38.604420768972084 ], [ 124.294935076175861, 36.366611492745051 ], [ 126.049071795947285, 38.094754748005705 ], [ 126.396461959748407, 39.409412279497182 ] ] ] } },
{ "type": "Feature", "properties": { }, "geometry": { "type": "Polygon", "coordinates": [ [ [ 126.020092905790534, 34.718720061463642 ], [ 126.28573290468232, 35.164605351495211 ], [ 126.136888528350212, 36.097049923724455 ], [ 127.101015431120217, 37.248870286359448 ], [ 127.093795850898786, 37.686004437615814 ], [ 125.324215470761928, 35.971684641318554 ], [ 126.020092905790534, 34.718720061463642 ] ] ] } },
{ "type": "Feature", "properties": { }, "geometry": { "type": "Polygon", "coordinates": [ [ [ -83.000194940902446, 80.067214166302321 ], [ -81.247611101313055, 79.226632195763628 ], [ -76.832901523675488, 79.949085941792504 ], [ -74.264490350442387, 80.658455627997455 ], [ -72.800403929566826, 82.329937024454949 ], [ -73.262982991499101, 82.97139569951581 ], [ -76.869292674350433, 83.019317400376025 ], [ -79.781157078744855, 83.470869275069631 ], [ -79.949049975933463, 83.852739133372197 ], [ -77.916765854699833, 84.500610813820487 ], [ -59.498772741536982, 85.47062124271514 ], [ -55.434400391536279, 86.220784655373805 ], [ -58.220600190532181, 86.684473448573129 ], [ -71.132076829678297, 86.543451304226906 ], [ -110.289389529881419, 85.086966251717911 ], [ -108.413267718771763, 84.078824723467278 ], [ -104.660704593857332, 84.136984759598775 ], [ -97.561609538224857, 83.048414326744648 ], [ -96.981098697336066, 81.945077526033316 ], [ -86.813431841376101, 81.038987271593783 ], [ -83.000194940902446, 80.067214166302321 ] ] ] } },
{ "type": "Feature", "properties": { }, "geometry": { "type": "Polygon", "coordinates": [ [ [ -53.976624987216212, 77.953798762741116 ], [ -49.238857568702294, 78.04789569256701 ], [ -48.767593816201227, 78.314076867240871 ], [ -50.443748044904424, 78.975147084116031 ], [ -57.769677948393316, 78.636921003549162 ], [ -56.808758219439021, 77.87887901793961 ], [ -53.626923835665714, 77.826238088643564 ], [ -53.976624987216212, 77.953798762741116 ] ] ] } },
{ "type": "Feature", "properties": { }, "geometry": { "type": "Polygon", "coordinates": [ [ [ -55.242504132019235, 74.497065277668668 ], [ -59.687277750869065, 75.095053458907444 ], [ -63.264705445125408, 75.145097409316847 ], [ -69.834102961876667, 74.263547291239547 ], [ -70.984816550193386, 73.487449450827512 ], [ -73.40648074917668, 72.674354440937478 ], [ -72.635462321662942, 71.855830682998075 ], [ -71.224787282050855, 71.166368702459849 ], [ -67.37245059181798, 69.988121069786004 ], [ -64.765927320658918, 71.349670297561005 ], [ -58.950219951420948, 73.033106788559451 ], [ -55.242504132019235, 74.497065277668668 ] ] ] } },
{ "type": "Feature", "properties": { }, "geometry": { "type": "Polygon", "coordinates": [ [ [ -66.681597874643273, 76.420447734919165 ], [ -64.296090480681059, 75.715606933987857 ], [ -63.264705445125408, 75.145097409316847 ], [ -59.687277750869065, 75.095053458907444 ], [ -54.130350397260884, 74.330326273334776 ], [ -53.504873933964255, 75.089970198542474 ], [ -55.324073693814832, 75.939296668053075 ], [ -59.776138684861124, 76.636384022214656 ], [ -60.737760654454583, 76.499055633611079 ], [ -63.179748011705968, 76.905682776824605 ], [ -65.85561684659119, 76.647927827348468 ], [ -66.681597874643273, 76.420447734919165 ] ] ] } },
{ "type": "Feature", "properties": { }, "geometry": { "type": "Polygon", "coordinates": [ [ [ -72.124922047185294, 54.369065651718792 ], [ -70.559058851394852, 50.532972022190208 ], [ -70.236805887820836, 50.200823898454047 ], [ -69.733976703484444, 51.277065959214447 ], [ -70.112728374467324, 53.501718575169456 ], [ -71.49923350436228, 54.621077030475547 ], [ -72.124922047185294, 54.369065651718792 ] ] ] } },
{ "type": "Feature", "properties": { }, "geometry": { "type": "Polygon", "coordinates": [ [ [ -30.450570448058265, 60.326005291504231 ], [ -32.580385831159795, 57.345985712966787 ], [ -26.421697828212917, 59.239389673099545 ], [ -30.450570448058265, 60.326005291504231 ] ] ] } },
{ "type": "Feature", "properties": { }, "geometry": { "type": "Polygon", "coordinates": [ [ [ -15.491565820658069, 62.456770827928636 ], [ -23.862161273656135, 62.063498024063769 ], [ -27.452894345236967, 59.275247448342498 ], [ -26.252148265393309, 59.346554082446133 ], [ -22.904616853845294, 60.483138970591583 ], [ -13.685055711013902, 61.182958531833123 ], [ -15.491565820658069, 62.456770827928636 ] ] ] } },
{ "type": "Feature", "properties": { }, "geometry": { "type": "Polygon", "coordinates": [ [ [ -12.797523571785106, -59.474144773104463 ], [ -13.465475876283397, -59.226823848322454 ], [ -21.568931930586153, -59.052103130937127 ], [ -26.140163167008016, -58.61404384264177 ], [ -33.232071685716342, -63.045472160837058 ], [ -29.16706087791718, -63.021450059287368 ], [ -25.662514143496583, -62.383415116789898 ], [ -19.826631900813037, -62.173324172338027 ], [ -17.08074996871434, -61.718052478958363 ], [ -13.433165025957379, -60.079622849592432 ], [ -12.797523571785106, -59.474144773104463 ] ] ] } },
{ "type": "Feature", "properties": { }, "geometry": { "type": "Polygon", "coordinates": [ [ [ -17.39330675251647, 56.058165095428436 ], [ -13.199896260240189, 56.73747500551049 ], [ -12.181230984240447, 58.450480646338384 ], [ -13.282679219288131, 59.283799953115881 ], [ -18.417706669610887, 57.76470189079695 ], [ -20.202516046569915, 56.492985104581365 ], [ -18.272416911633943, 54.821057825579814 ], [ -17.109396982160707, 55.207926940701292 ], [ -17.39330675251647, 56.058165095428436 ] ] ] } },
{ "type": "Feature", "properties": { }, "geometry": { "type": "Polygon", "coordinates": [ [ [ -15.971322543489018, 60.151117389552049 ], [ -17.605548872681553, 59.679779144240783 ], [ -18.846140132792822, 58.852227374834101 ], [ -23.021049926623011, 57.96980868711313 ], [ -23.727867532564918, 56.892992301862819 ], [ -22.992853506591619, 56.536227295306617 ], [ -20.039591300500895, 56.308358960340961 ], [ -20.202516046569915, 56.492985104581365 ], [ -18.417706669610887, 57.76470189079695 ], [ -13.282679219288131, 59.283799953115881 ], [ -15.971322543489018, 60.151117389552049 ] ] ] } },
{ "type": "Feature", "properties": { }, "geometry": { "type": "Polygon", "coordinates": [ [ [ -15.262080843619717, 59.047912390455544 ], [ -15.906021774968741, 58.764028318787197 ], [ -15.932895420314326, 57.19245530531385 ], [ -13.456424148513387, 58.679335707985011 ], [ -15.262080843619717, 59.047912390455544 ] ] ] } },
{ "type": "Feature", "properties": { }, "geometry": { "type": "Polygon", "coordinates": [ [ [ 122.57218941743497, 16.477185173862633 ], [ 124.528296720719638, 13.01246074247338 ], [ 126.526169602233921, 12.669726142131173 ], [ 128.267225520824468, 12.944743573300988 ], [ 129.323614266596053, 11.470066108366355 ], [ 130.2676179891277, 13.018902203150912 ], [ 130.770811944308321, 15.217759750198255 ], [ 130.33823847703411, 16.335191952202713 ], [ 129.590587413605761, 16.447716642073029 ], [ 125.285029796238518, 15.642435594326731 ], [ 124.644493640612993, 16.536465582091513 ], [ 122.57218941743497, 16.477185173862633 ] ] ] } },
{ "type": "Feature", "properties": { }, "geometry": { "type": "Polygon", "coordinates": [ [ [ 132.946302497215413, 6.266770408773763 ], [ 132.43252303411478, 6.994639141563244 ], [ 132.307779015635219, 11.232498410764482 ], [ 131.271716847489188, 10.610361160160354 ], [ 130.26027777146885, 10.534931552050647 ], [ 127.567062692471751, 11.20002893021263 ], [ 126.848118393921354, 11.107514021281579 ], [ 126.862241372444657, 10.566474534506321 ], [ 129.14729645422301, 8.164536714601853 ], [ 132.946302497215413, 6.266770408773763 ] ] ] } },
{ "type": "Feature", "properties": { }, "geometry": { "type": "Polygon", "coordinates": [ [ [ 117.557016294403994, 22.262708549560315 ], [ 117.857887870955395, 21.494907225602255 ], [ 122.57218941743497, 16.477185173862633 ], [ 124.644493640612993, 16.536465582091513 ], [ 125.285029796238518, 15.642435594326731 ], [ 129.590587413605761, 16.447716642073029 ], [ 130.334605662593134, 16.335781909697911 ], [ 129.605499197633236, 17.783188631478236 ], [ 125.567465989011211, 21.441864535153393 ], [ 117.557016294403994, 22.262708549560315 ] ] ] } },
{ "type": "Feature", "properties": { }, "geometry": { "type": "Polygon", "coordinates": [ [ [ 132.855510194862404, 34.372170031267054 ], [ 132.125602163283531, 32.163164067888772 ], [ 130.262496679311624, 29.905844626728321 ], [ 132.128815205626637, 30.51622618945893 ], [ 132.696384588130911, 31.038020569428475 ], [ 133.260142968971252, 33.40372105217552 ], [ 132.855510194862404, 34.372170031267054 ] ] ] } },
{ "type": "Feature", "properties": { }, "geometry": { "type": "Polygon", "coordinates": [ [ [ 103.238064743835736, -42.219319181165744 ], [ 104.576537754596913, -39.710382986607435 ], [ 104.913851638982493, -39.653891601013321 ], [ 104.453834971302086, -39.410716058268058 ], [ 93.639545265447609, -39.726001843208635 ], [ 90.67768003115782, -38.877889560917666 ], [ 92.594850700146097, -43.082953788431141 ], [ 96.547212705805663, -43.146841384611214 ], [ 97.281057136895669, -42.837283524423462 ], [ 96.806886265600212, -42.895007486328161 ], [ 97.369139961307198, -41.556062546694427 ], [ 100.759375265557225, -40.911497414260133 ], [ 102.312921421934632, -41.789290020614629 ], [ 101.673264326504835, -42.182942728566772 ], [ 103.238064743835736, -42.219319181165744 ] ] ] } },
{ "type": "Feature", "properties": { }, "geometry": { "type": "Polygon", "coordinates": [ [ [ 73.362130342517744, 27.249446223764451 ], [ 72.287436229858173, 27.922042921739489 ], [ 73.009433119183612, 25.570111261327387 ], [ 73.118212365404759, 23.896403968970105 ], [ 78.362178573406496, 26.288948509932698 ], [ 79.723826346783483, 26.534257966137829 ], [ 80.953743293349916, 27.611038454833032 ], [ 75.80572590896692, 27.141590927252274 ], [ 73.362130342517744, 27.249446223764451 ] ] ] } },
{ "type": "Feature", "properties": { }, "geometry": { "type": "Polygon", "coordinates": [ [ [ 78.812620680895137, 19.580282492591323 ], [ 78.240283690650315, 20.208890102539055 ], [ 75.767971837700401, 19.581565803596163 ], [ 75.391668171493947, 19.775883045830305 ], [ 72.609850770735122, 18.753233801219668 ], [ 70.61029524201227, 19.082808774613607 ], [ 69.644068774036228, 20.047889989388199 ], [ 69.76152314037823, 18.619413211647888 ], [ 69.11557767431357, 16.895232766020651 ], [ 69.45938714585688, 15.648121756376376 ], [ 70.838210966274659, 15.023773213473744 ], [ 72.391020022563168, 14.7884759366104 ], [ 75.891153795182532, 14.965765888337078 ], [ 77.808988940371293, 16.150485476148265 ], [ 77.63731683449808, 16.312651557762003 ], [ 78.849154795265747, 17.29656597320303 ], [ 78.812620680895137, 19.580282492591323 ] ] ] } },
{ "type": "Feature", "properties": { }, "geometry": { "type": "Polygon", "coordinates": [ [ [ -41.073651451636337, 40.320141039800085 ], [ -41.368308131838525, 41.222363797160554 ], [ -41.410979701456711, 40.345694737521384 ], [ -41.86060777338929, 39.569250076766487 ], [ -42.472146044089754, 34.648332502163733 ], [ -43.86752605858144, 32.671781891193007 ], [ -44.141460831737774, 31.436738922492196 ], [ -43.373945702862812, 30.911932987544823 ], [ -42.912523433376663, 31.694273831596703 ], [ -43.1025547390838, 32.082942863930668 ], [ -42.789014356452235, 32.840208102419048 ], [ -41.848691132775556, 34.19131812253385 ], [ -42.146987966940692, 35.695073096612795 ], [ -41.329400068258593, 36.768081275227061 ], [ -41.315760574528426, 37.148178772937982 ], [ -41.686613274400585, 37.105325632836362 ], [ -41.376648349426993, 37.584178651395526 ], [ -41.497997482927822, 39.140950986146194 ], [ -41.073651451636337, 40.320141039800085 ] ] ] } },
{ "type": "Feature", "properties": { }, "geometry": { "type": "Polygon", "coordinates": [ [ [ -41.86060777338929, 39.569250076766487 ], [ -42.955441817471083, 37.965185889731615 ], [ -42.858956353807756, 36.071489972343485 ], [ -43.661122865320579, 33.617462657047511 ], [ -43.426074914100077, 33.09279419269361 ], [ -42.472146044089754, 34.648332502163733 ], [ -41.86060777338929, 39.569250076766487 ] ] ] } },
{ "type": "Feature", "properties": { }, "geometry": { "type": "Polygon", "coordinates": [ [ [ -40.558231829119308, 46.652261439320178 ], [ -40.995902995147212, 48.104719867358362 ], [ -41.070694489681152, 47.715034222196188 ], [ -42.253583011269235, 47.022780770701772 ], [ -44.427758746672673, 41.275451773923812 ], [ -44.81337376478546, 39.143482857653204 ], [ -45.245182863104965, 38.71378849824854 ], [ -44.88648923966096, 37.761585142829801 ], [ -45.329898570461182, 37.322394763242094 ], [ -45.516480395774934, 36.363982516608068 ], [ -45.066323541079676, 34.428152824591578 ], [ -44.800597758274741, 34.32302227124142 ], [ -44.341355658273365, 34.830930289577353 ], [ -43.661122865320579, 33.617462657047511 ], [ -42.858956353807756, 36.071489972343485 ], [ -42.955441817471083, 37.965185889731615 ], [ -41.709335408495868, 39.718585894390976 ], [ -41.272260271356188, 40.969716742539518 ], [ -42.864344518153267, 43.414614704681831 ], [ -42.640902461360696, 45.135046487074661 ], [ -42.230087899581086, 45.46922785627622 ], [ -41.499533876326311, 45.18778045536768 ], [ -40.558231829119308, 46.652261439320178 ] ] ] } },
{ "type": "Feature", "properties": { }, "geometry": { "type": "Polygon", "coordinates": [ [ [ -40.837007986924348, 41.211699797728585 ], [ -41.350528549453799, 43.063287016857139 ], [ -40.593271510583897, 44.429511161551829 ], [ -40.782608876055654, 45.732575422835133 ], [ -40.404560070077594, 46.069027529743366 ], [ -40.116202840661678, 47.265395620369844 ], [ -41.404587329002865, 45.641169058056178 ], [ -42.006169362441732, 43.208135424993706 ], [ -41.073651451636337, 40.320141039800085 ], [ -40.837007986924348, 41.211699797728585 ] ] ] } },
{ "type": "Feature", "properties": { }, "geometry": { "type": "Polygon", "coordinates": [ [ [ -35.614168199647473, 46.573485910705685 ], [ -37.078160539024779, 48.483530518606756 ], [ -39.900944407133906, 50.390142297245575 ], [ -39.709803665639257, 46.279625234807241 ], [ -38.772750221143845, 45.101581573833563 ], [ -39.065982442045488, 44.044052205336136 ], [ -39.899888382907427, 42.983824060231036 ], [ -40.903299186386491, 38.024245348969906 ], [ -41.496412843503123, 38.366352454219786 ], [ -41.497997482927822, 39.140950986146194 ], [ -41.547296391864968, 38.038117795985364 ], [ -41.376648349426993, 37.584178651395526 ], [ -41.686613274400585, 37.105325632836362 ], [ -41.315760574528426, 37.148178772937982 ], [ -41.329400068258593, 36.768081275227061 ], [ -41.787450332039164, 35.305696800474578 ], [ -41.07556114954015, 33.112813938456746 ], [ -41.800206014498329, 31.764194137990639 ], [ -41.129956921369256, 32.66003575652509 ], [ -40.937024683292734, 32.328138542466498 ], [ -41.198872930756863, 30.89012717374295 ], [ -41.810511078428554, 31.285155670241483 ], [ -41.900927158144889, 30.644043892066389 ], [ -42.87640653083708, 30.403030083050805 ], [ -43.037600344220657, 31.249979797034399 ], [ -42.461482193949969, 31.388075499658218 ], [ -42.754420869600942, 31.763431539262346 ], [ -44.161657372590405, 30.117077184277289 ], [ -44.303094579343835, 29.542712366009809 ], [ -43.873821440448438, 28.513448972311831 ], [ -42.738394012252819, 27.805735254784935 ], [ -43.60653120717047, 26.572662928270535 ], [ -44.114484090099296, 25.063467000150624 ], [ -43.210536263682201, 23.760666237201463 ], [ -40.821626460675674, 23.933511934293108 ], [ -41.380407842639173, 24.802494199121174 ], [ -41.257329128803399, 25.463742911938596 ], [ -39.590032501689301, 26.27838049917942 ], [ -39.527889628736389, 29.566380753527866 ], [ -38.993825023251809, 32.65322044730361 ], [ -40.20093959040387, 36.652389550186776 ], [ -40.161732337690921, 37.83617096013689 ], [ -38.955126320215847, 41.781263150771629 ], [ -36.652125378785065, 43.157383308855948 ], [ -35.374539272853781, 44.854065497011923 ], [ -35.614168199647473, 46.573485910705685 ] ] ] } },
{ "type": "Feature", "properties": { }, "geometry": { "type": "Polygon", "coordinates": [ [ [ -38.772750221143845, 45.101581573833563 ], [ -39.709803665639257, 46.279625234807241 ], [ -39.552083278153439, 44.475680283513277 ], [ -39.899888382907427, 42.983824060231036 ], [ -39.065982442045488, 44.044052205336136 ], [ -38.772750221143845, 45.101581573833563 ] ] ] } },
{ "type": "Feature", "properties": { }, "geometry": { "type": "Polygon", "coordinates": [ [ [ -41.17078426037159, 41.100249868659034 ], [ -42.006169362441732, 43.208135424993706 ], [ -41.499533876326311, 45.18778045536768 ], [ -42.230087899581086, 45.46922785627622 ], [ -42.640902461360696, 45.135046487074661 ], [ -42.864344518153267, 43.414614704681831 ], [ -41.17078426037159, 41.100249868659034 ] ] ] } },
{ "type": "Feature", "properties": { }, "geometry": { "type": "Polygon", "coordinates": [ [ [ 94.815806394404419, -43.707466322375694 ], [ 91.094943935140847, -42.891767431636474 ], [ 87.497174232391984, -43.476125332038215 ], [ 85.340467532973847, -43.488995970421435 ], [ 81.001851714884054, -42.594553696511021 ], [ 82.087299853121181, -43.438216834830243 ], [ 85.043249208187191, -44.627075695842365 ], [ 88.246213770267033, -44.420149765621254 ], [ 92.264243916133381, -44.855550407900189 ], [ 94.815806394404419, -43.707466322375694 ] ] ] } },
{ "type": "Feature", "properties": { }, "geometry": { "type": "Polygon", "coordinates": [ [ [ 127.177183147444083, 33.639448975897658 ], [ 123.421772747008646, 33.433886477355699 ], [ 124.935349408610861, 30.988615791023516 ], [ 127.600033283902093, 32.395157437322162 ], [ 128.376461564668944, 33.31777894162034 ], [ 127.177183147444083, 33.639448975897658 ] ] ] } },
{ "type": "Feature", "properties": { }, "geometry": { "type": "Polygon", "coordinates": [ [ [ 110.08430644670085, 41.781352161765518 ], [ 108.780745282271084, 41.691293398598191 ], [ 105.215494784778329, 42.390744204435791 ], [ 107.137685437329665, 40.388656711469324 ], [ 108.949826427767462, 39.56164966485855 ], [ 109.823979324584883, 38.60809399394752 ], [ 110.797164486816285, 36.588150138695369 ], [ 110.867932825410804, 35.182040410939386 ], [ 112.304869825271524, 33.473414868212203 ], [ 114.122940351426749, 33.313416850260879 ], [ 111.648543426067789, 36.815869182391332 ], [ 111.195917744732881, 40.201098497316714 ], [ 110.08430644670085, 41.781352161765518 ] ] ] } },
{ "type": "Feature", "properties": { }, "geometry": { "type": "Polygon", "coordinates": [ [ [ 116.147519202336923, 11.155208598835751 ], [ 113.020072786841865, 12.793167882979743 ], [ 108.915194806611709, 12.891360339259062 ], [ 106.597103719994294, 13.425644893829212 ], [ 103.391193656799061, 16.321746820681955 ], [ 103.310537013029133, 16.117412603696234 ], [ 103.510414671581231, 15.16720611492129 ], [ 106.112215082128643, 10.874341422818542 ], [ 107.910355522737746, 9.740374448059972 ], [ 111.419526133056991, 11.658400544673237 ], [ 114.523844070985277, 11.412162224681074 ], [ 115.565415161433222, 10.626967154458962 ], [ 116.147519202336923, 11.155208598835751 ] ] ] } },
{ "type": "Feature", "properties": { }, "geometry": { "type": "Polygon", "coordinates": [ [ [ 83.976002190557821, 23.047457884086036 ], [ 81.398410297330301, 24.482360001744961 ], [ 79.782621172614697, 24.291169381283801 ], [ 78.992383773928495, 23.616300186692406 ], [ 78.169422009535694, 21.274153088303802 ], [ 80.558128395412353, 22.601095201817792 ], [ 81.702982547999824, 22.526636791692802 ], [ 82.211708459170552, 22.15639708511511 ], [ 82.834821003347898, 22.730328624357888 ], [ 83.976002190557821, 23.047457884086036 ] ] ] } },
{ "type": "Feature", "properties": { }, "geometry": { "type": "Polygon", "coordinates": [ [ [ 63.378412573884255, 38.567652746711396 ], [ 59.471669860022224, 39.201816290423174 ], [ 60.011626244554655, 36.581354843436429 ], [ 59.731425411195708, 35.42385770332664 ], [ 57.886648703209971, 34.460697818867608 ], [ 59.685621410680895, 34.564094877826363 ], [ 61.109188288847847, 34.272037722737707 ], [ 62.611135698862178, 34.659292698694259 ], [ 63.556500919151453, 34.389085037195002 ], [ 65.488582008453804, 34.545389610784895 ], [ 67.59273840704914, 35.879718462178516 ], [ 71.989435841742804, 39.772359006261475 ], [ 71.698080558246929, 40.552659945725289 ], [ 70.731285253241353, 40.367388985665194 ], [ 70.811722557358024, 39.237465235535346 ], [ 70.3736758045888, 38.487955501216739 ], [ 63.378412573884255, 38.567652746711396 ] ] ] } },
{ "type": "Feature", "properties": { }, "geometry": { "type": "Polygon", "coordinates": [ [ [ 55.654923061186416, 33.664257319714885 ], [ 51.508716257303419, 33.544427327587556 ], [ 51.346635766942448, 32.065264123146079 ], [ 53.092458317095044, 32.706542376049512 ], [ 52.616263644515769, 30.827483185587543 ], [ 55.208229850799782, 30.083162732418433 ], [ 57.754904275163895, 30.755340472110301 ], [ 59.762233880995083, 33.228930761299893 ], [ 61.109188288847847, 34.272037722737707 ], [ 59.685621410680895, 34.564094877826363 ], [ 57.886648703209971, 34.460697818867608 ], [ 55.654923061186416, 33.664257319714885 ] ] ] } },
{ "type": "Feature", "properties": { }, "geometry": { "type": "Polygon", "coordinates": [ [ [ 53.092458317095044, 32.706542376049512 ], [ 49.537212155544026, 31.694928107892032 ], [ 49.494789990497374, 31.197227721785641 ], [ 52.616263644515769, 30.827483185587543 ], [ 53.092458317095044, 32.706542376049512 ] ] ] } },
{ "type": "Feature", "properties": { }, "geometry": { "type": "Polygon", "coordinates": [ [ [ 42.324479627215887, 30.688775761560965 ], [ 41.49598097589832, 30.018966657883105 ], [ 44.538659141789722, 30.368363037543983 ], [ 48.141682122791856, 31.533658449511709 ], [ 51.346635766942448, 32.065264123146079 ], [ 51.508716257303419, 33.544427327587556 ], [ 49.422874478024696, 33.727259875893957 ], [ 46.314273620674108, 32.025656198922306 ], [ 44.77494133614676, 31.744249163108226 ], [ 42.324479627215887, 30.688775761560965 ] ] ] } },
{ "type": "Feature", "properties": { }, "geometry": { "type": "Polygon", "coordinates": [ [ [ 45.842071787015634, 33.808777540086282 ], [ 43.365248889049887, 33.366915036828047 ], [ 42.60478369539198, 33.940206232849796 ], [ 41.689740641835186, 30.422047201238097 ], [ 44.77494133614676, 31.744249163108226 ], [ 46.314273620674108, 32.025656198922306 ], [ 49.422874478024696, 33.727259875893957 ], [ 51.508716257303419, 33.544427327587556 ], [ 51.594602511423915, 34.237139751366627 ], [ 49.674542077569981, 35.045169815768709 ], [ 45.842071787015634, 33.808777540086282 ] ] ] } },
{ "type": "Feature", "properties": { }, "geometry": { "type": "Polygon", "coordinates": [ [ [ 44.558151690907636, 34.664615617288469 ], [ 42.60478369539198, 33.940206232849796 ], [ 42.913036286691053, 33.494888253024627 ], [ 44.123949296097869, 33.392940534876715 ], [ 49.674542077569981, 35.045169815768709 ], [ 49.21797852963595, 35.218951587661692 ], [ 49.088350509395937, 35.856560502534613 ], [ 47.216850402807424, 34.985946159816692 ], [ 44.558151690907636, 34.664615617288469 ] ] ] } },
{ "type": "Feature", "properties": { }, "geometry": { "type": "Polygon", "coordinates": [ [ [ 49.674542077569981, 35.045169815768709 ], [ 50.946011945564436, 35.489382340661706 ], [ 55.897663428063474, 35.833043502825255 ], [ 57.058538068811892, 36.375733592966256 ], [ 57.659049502226921, 37.171839398896637 ], [ 57.796424469356971, 38.798394315535496 ], [ 55.894941325269706, 37.714641222373295 ], [ 49.088350509395937, 35.856560502534613 ], [ 49.21797852963595, 35.218951587661692 ], [ 49.674542077569981, 35.045169815768709 ] ] ] } },
{ "type": "Feature", "properties": { }, "geometry": { "type": "Polygon", "coordinates": [ [ [ 57.796424469356971, 38.798394315535496 ], [ 57.659049502226921, 37.171839398896637 ], [ 57.058538068811892, 36.375733592966256 ], [ 55.897663428063474, 35.833043502825255 ], [ 50.946011945564436, 35.489382340661706 ], [ 49.674542077569981, 35.045169815768709 ], [ 51.594602511423915, 34.237139751366627 ], [ 51.508716257303419, 33.544427327587556 ], [ 52.578253699954637, 33.40647926384149 ], [ 55.654923061186416, 33.664257319714885 ], [ 57.886648703209971, 34.460697818867608 ], [ 59.731425411195708, 35.42385770332664 ], [ 60.011626244554655, 36.581354843436429 ], [ 59.471669860022224, 39.201816290423174 ], [ 57.796424469356971, 38.798394315535496 ] ] ] } },
{ "type": "Feature", "properties": { }, "geometry": { "type": "Polygon", "coordinates": [ [ [ 82.078488340193033, 25.550768066004373 ], [ 80.374008038110716, 25.502667759320605 ], [ 78.341526497679197, 24.400945235845484 ], [ 78.067488986765198, 23.00742102453659 ], [ 77.038501490033411, 21.312665845983169 ], [ 77.643321330867394, 22.295120926216825 ], [ 78.419144702163862, 22.051701698782662 ], [ 79.358653494554673, 24.05180501789631 ], [ 80.502378344427228, 24.52071678450169 ], [ 81.763729465658798, 24.374326832344284 ], [ 83.824509462693229, 23.243899602147703 ], [ 82.078488340193033, 25.550768066004373 ] ] ] } },
{ "type": "Feature", "properties": { }, "geometry": { "type": "Polygon", "coordinates": [ [ [ 56.483896684236662, 39.973699029313238 ], [ 49.119800202079709, 36.562258995032387 ], [ 49.088350509395937, 35.856560502534613 ], [ 55.894941325269706, 37.714641222373295 ], [ 57.796424469356971, 38.798394315535496 ], [ 59.471669860022224, 39.201816290423174 ], [ 61.65413253859775, 38.668038487357457 ], [ 70.3736758045888, 38.487955501216739 ], [ 70.811722557358024, 39.237465235535346 ], [ 70.650122790312949, 41.177835532933983 ], [ 70.150101195079245, 42.053051428340396 ], [ 66.036175633289034, 40.074503302758764 ], [ 63.857933963505673, 39.431093654506334 ], [ 60.038858442420064, 39.417061737799223 ], [ 56.483896684236662, 39.973699029313238 ] ] ] } },
{ "type": "Feature", "properties": { }, "geometry": { "type": "Polygon", "coordinates": [ [ [ 30.880413112091123, 57.016048954393185 ], [ 29.056395776466307, 57.027279317903563 ], [ 29.429617968806294, 56.289923148749402 ], [ 31.378189945139688, 54.909654875883028 ], [ 31.588374718494997, 54.301621231867898 ], [ 33.605550068081882, 52.302113414968893 ], [ 46.886208457006262, 46.968081050838592 ], [ 48.10959840700901, 45.617651635705194 ], [ 53.018269635992425, 42.995764551306692 ], [ 56.483896684236662, 39.973699029313238 ], [ 60.038858442420064, 39.417061737799223 ], [ 63.857933963505673, 39.431093654506334 ], [ 60.958911881777397, 39.745899937613167 ], [ 53.954293533167714, 43.692357675817355 ], [ 50.592678239603913, 46.98974577941128 ], [ 44.568369220553286, 50.80751822880012 ], [ 41.012629873239106, 52.460860321263944 ], [ 32.802924286409073, 55.117071666076576 ], [ 30.880413112091123, 57.016048954393185 ] ] ] } },
{ "type": "Feature", "properties": { }, "geometry": { "type": "Polygon", "coordinates": [ [ [ 59.861448948805609, 54.007891061983244 ], [ 53.265868689501879, 54.787361446251403 ], [ 46.325099480705987, 54.343912675774803 ], [ 43.097635785307787, 54.595033269082926 ], [ 38.10899691117563, 56.284658873569839 ], [ 36.628743796278016, 56.058683987679601 ], [ 33.219587595973323, 56.350741891527193 ], [ 30.880413112091123, 57.016048954393185 ], [ 32.802924286409073, 55.117071666076576 ], [ 41.012629873239106, 52.460860321263944 ], [ 44.568369220553286, 50.80751822880012 ], [ 48.435123927965506, 48.391093098473149 ], [ 51.018679098766647, 49.265530440325769 ], [ 51.454345652148199, 49.747589118042562 ], [ 50.957689762442349, 50.414942903148663 ], [ 51.178358485144102, 50.808263644686022 ], [ 52.26722283260851, 51.368978137025977 ], [ 52.225627067112029, 51.757008002704829 ], [ 53.108931394641104, 52.439492566148239 ], [ 59.861448948805609, 54.007891061983244 ] ] ] } },
{ "type": "Feature", "properties": { }, "geometry": { "type": "Polygon", "coordinates": [ [ [ 51.454345652148199, 49.747589118042562 ], [ 51.018679098766647, 49.265530440325769 ], [ 48.435123927965506, 48.391093098473149 ], [ 50.592678239603913, 46.98974577941128 ], [ 52.229822790156028, 45.478249800160597 ], [ 51.968798527866952, 45.730842900732632 ], [ 53.568871655276133, 45.063712353779685 ], [ 52.844829555444505, 45.894970361121132 ], [ 54.133062583354935, 45.389009943038921 ], [ 54.530477577656406, 45.668730245976597 ], [ 54.444352397101731, 45.996144663730313 ], [ 51.454345652148199, 49.747589118042562 ] ] ] } },
{ "type": "Feature", "properties": { }, "geometry": { "type": "Polygon", "coordinates": [ [ [ 52.008166373688191, 51.289857742949188 ], [ 50.957689762442349, 50.414942903148663 ], [ 54.080914465054065, 46.757246350337269 ], [ 54.530477577656406, 45.668730245976597 ], [ 54.133062583354935, 45.389009943038921 ], [ 58.238827513230326, 44.750395875604852 ], [ 63.666635753068967, 45.662783035430671 ], [ 59.619913525886552, 45.947988880945559 ], [ 56.580702131745049, 47.833820372911582 ], [ 54.841961352021904, 50.1108813771326 ], [ 52.008166373688191, 51.289857742949188 ] ] ] } },
{ "type": "Feature", "properties": { }, "geometry": { "type": "Polygon", "coordinates": [ [ [ 34.70453426408649, 25.404625863281854 ], [ 40.389057621812277, 27.804809394754315 ], [ 41.919987910910727, 30.00042329374255 ], [ 41.49598097589832, 30.018966657883105 ], [ 42.836032836635496, 34.21470216341573 ], [ 51.54902272617592, 37.397727028744519 ], [ 56.483896684236662, 39.973699029313238 ], [ 53.018269635992425, 42.995764551306692 ], [ 48.10959840700901, 45.617651635705194 ], [ 46.886208457006262, 46.968081050838592 ], [ 34.083960519212589, 52.122214514613759 ], [ 25.460298920137294, 48.628310672020802 ], [ 22.058940549603555, 47.555483193074664 ], [ 18.642000227139352, 46.813801919103653 ], [ 17.698412460802203, 46.274752926987411 ], [ 10.354058518232929, 44.827559376657113 ], [ 10.60196023323174, 43.827121809664803 ], [ 12.418686372783526, 42.874374893645346 ], [ 11.569277974362359, 41.423600261894904 ], [ 11.897191684316319, 37.565297562355227 ], [ 11.317617097465345, 33.305159817881972 ], [ 12.520878033728813, 29.076054877148991 ], [ 17.106239458195258, 30.074601557728556 ], [ 22.992540357872432, 30.146566699998107 ], [ 23.305050464388803, 29.062918231503406 ], [ 26.895617438098984, 28.607914753500467 ], [ 25.103843809794032, 27.7388682829387 ], [ 26.023292870551387, 26.031616592013524 ], [ 25.776416656113923, 24.047388332496809 ], [ 27.032625929814078, 26.779041949542101 ], [ 29.12495816409049, 28.214934448428298 ], [ 30.735472181583045, 28.119686766846755 ], [ 33.720388610889309, 27.212611263189142 ], [ 34.788954902374826, 25.89054060207766 ], [ 34.70453426408649, 25.404625863281854 ] ] ] } },
{ "type": "Feature", "properties": { }, "geometry": { "type": "Polygon", "coordinates": [ [ [ 81.052434355265447, 54.73429054070175 ], [ 78.69660879493145, 54.294307918841966 ], [ 74.827652316413193, 52.426829034114341 ], [ 73.571720909676671, 50.694853319888281 ], [ 72.898825674163916, 48.861163990696319 ], [ 71.092857422009715, 46.007909964477825 ], [ 68.272990876837483, 45.579222804973448 ], [ 68.543132443339886, 44.080209158368795 ], [ 68.35529366071232, 43.553609443000497 ], [ 66.447815481380943, 42.591056532104069 ], [ 61.675780540559671, 42.163184633729266 ], [ 58.510555032038901, 42.31056295105067 ], [ 55.892757816885258, 43.691728062279431 ], [ 54.501511437538859, 44.060473895523991 ], [ 53.568871655276133, 45.063712353779685 ], [ 51.968798527866952, 45.730842900732632 ], [ 53.954293533167714, 43.692357675817355 ], [ 60.958911881777397, 39.745899937613167 ], [ 63.857933963505673, 39.431093654506334 ], [ 66.036175633289034, 40.074503302758764 ], [ 70.150101195079245, 42.053051428340396 ], [ 69.897445370345025, 42.477970215529751 ], [ 71.160557792342175, 44.419306743214101 ], [ 72.93094279144772, 45.310193981369267 ], [ 72.366349323548391, 46.212008238146382 ], [ 74.023266706012194, 49.937842413196684 ], [ 75.140060426181932, 51.393890167229756 ], [ 77.465725080323821, 53.05771327758778 ], [ 80.364823231622694, 54.158826048504096 ], [ 81.052434355265447, 54.73429054070175 ] ] ] } },
{ "type": "Feature", "properties": { }, "geometry": { "type": "Polygon", "coordinates": [ [ [ 73.571720909676671, 50.694853319888281 ], [ 70.771527282842172, 47.638797061911539 ], [ 69.62767427680393, 47.375343668563296 ], [ 68.666398062811837, 46.52571376527181 ], [ 65.746504295282577, 45.733958422374471 ], [ 58.238827513230326, 44.750395875604852 ], [ 54.782810707542716, 45.209975499715796 ], [ 52.844829555444505, 45.894970361121132 ], [ 54.102780829640459, 44.306926019027728 ], [ 58.510555032038901, 42.31056295105067 ], [ 61.675780540559671, 42.163184633729266 ], [ 66.447815481380943, 42.591056532104069 ], [ 68.35529366071232, 43.553609443000497 ], [ 68.543132443339886, 44.080209158368795 ], [ 68.272990876837483, 45.579222804973448 ], [ 71.092857422009715, 46.007909964477825 ], [ 72.898825674163916, 48.861163990696319 ], [ 73.571720909676671, 50.694853319888281 ] ] ] } },
{ "type": "Feature", "properties": { }, "geometry": { "type": "Polygon", "coordinates": [ [ [ 91.129803617899768, 63.415860047008145 ], [ 80.569445782268048, 59.203596638382528 ], [ 78.927192596988647, 56.394092026864861 ], [ 77.435397275675442, 55.61748251095942 ], [ 75.562313813932903, 52.813830153297609 ], [ 78.69660879493145, 54.294307918841966 ], [ 85.404139137150594, 55.753804880230049 ], [ 85.990628939641255, 53.899654146526089 ], [ 85.013445890722679, 52.125086525024628 ], [ 89.956826325576387, 57.277541235161983 ], [ 90.879805276383465, 57.73735826833105 ], [ 93.487944986197434, 58.376449815322225 ], [ 106.017361827921334, 59.941198074481839 ], [ 102.657321899762692, 61.227138878485832 ], [ 100.889128142709865, 62.576231655262859 ], [ 99.976667505939645, 64.182388801004677 ], [ 100.770502410866797, 65.582882462657935 ], [ 98.751825429278824, 64.726179841213181 ], [ 91.129803617899768, 63.415860047008145 ] ] ] } },
{ "type": "Feature", "properties": { }, "geometry": { "type": "Polygon", "coordinates": [ [ [ 54.849602014735495, 52.851026334171401 ], [ 53.108931394641104, 52.439492566148239 ], [ 52.008166373688191, 51.289857742949188 ], [ 54.841961352021904, 50.1108813771326 ], [ 56.580702131745049, 47.833820372911582 ], [ 59.619913525886552, 45.947988880945559 ], [ 64.670461967331704, 45.619580619162811 ], [ 67.948259891271391, 46.276344037694116 ], [ 69.62767427680393, 47.375343668563296 ], [ 70.771527282842172, 47.638797061911539 ], [ 72.661993780409162, 49.44562024745764 ], [ 74.827652316413193, 52.426829034114341 ], [ 75.562313813932903, 52.813830153297609 ], [ 77.039538722719115, 54.788741428000861 ], [ 74.927635820304957, 53.734620432687613 ], [ 72.862284655378247, 51.968173785436825 ], [ 71.62347923015183, 50.681702078732862 ], [ 70.557576663016079, 48.806198494849262 ], [ 68.786996055065373, 48.00015436768463 ], [ 65.631883573720074, 47.534295078962735 ], [ 62.311830755878042, 47.420012883582011 ], [ 58.965764046865168, 48.16056524012 ], [ 57.132317113803339, 49.615762060314069 ], [ 57.267055401206868, 50.912232378480297 ], [ 56.87792717004335, 51.36635127097874 ], [ 54.849602014735495, 52.851026334171401 ] ] ] } },
{ "type": "Feature", "properties": { }, "geometry": { "type": "Polygon", "coordinates": [ [ [ 56.239071437320561, 52.972558175765968 ], [ 54.849602014735495, 52.851026334171401 ], [ 57.267055401206868, 50.912232378480297 ], [ 57.132317113803339, 49.615762060314069 ], [ 57.578509808619437, 49.082169672544993 ], [ 59.734277707706717, 47.808429215294716 ], [ 62.311830755878042, 47.420012883582011 ], [ 65.631883573720074, 47.534295078962735 ], [ 69.292762374907468, 48.173132910653926 ], [ 70.905344522207116, 49.168433612879248 ], [ 71.62347923015183, 50.681702078732862 ], [ 72.373868603519611, 51.462372663926189 ], [ 68.780484258199024, 49.906115776076156 ], [ 64.615357350937742, 48.672597672081451 ], [ 62.824966156160649, 48.643564459220208 ], [ 60.436262206224896, 49.034395623952697 ], [ 58.497151753723443, 50.042569297308091 ], [ 58.358782054781265, 51.295353160020213 ], [ 56.239071437320561, 52.972558175765968 ] ] ] } },
{ "type": "Feature", "properties": { }, "geometry": { "type": "Polygon", "coordinates": [ [ [ 165.604063146475738, 74.740743900771037 ], [ 165.81602702773128, 74.742765288193766 ], [ 161.324520142921472, 72.517267659493882 ], [ 156.367429757936549, 71.438289731569654 ], [ 153.184802274636127, 70.328592915295573 ], [ 151.017705930901514, 67.715733253522615 ], [ 150.247602556231584, 66.088555900837733 ], [ 150.428840652383826, 65.536858331450574 ], [ 151.021882321687059, 65.561881630407399 ], [ 152.728766653060148, 63.777745733868407 ], [ 155.979039566619832, 63.853027296252101 ], [ 157.592339147051035, 65.59260832046219 ], [ 166.838988547572001, 71.42045460412325 ], [ 170.191838502387355, 74.801328620503384 ], [ 165.604063146475738, 74.740743900771037 ] ] ] } },
{ "type": "Feature", "properties": { }, "geometry": { "type": "Polygon", "coordinates": [ [ [ -0.047184549989526, 68.234764960203734 ], [ 1.232166492521221, 65.911793796468942 ], [ 0.884478324572252, 64.84667223317021 ], [ 1.100813220354618, 64.792616367098745 ], [ 6.998598378592831, 66.02291408594877 ], [ 9.932046948401199, 65.949554466399306 ], [ 13.244144881107319, 65.288393540415584 ], [ 17.87212101850541, 63.181322501403059 ], [ 18.771375339052469, 61.632587258443635 ], [ 18.797604685246938, 61.05182004729059 ], [ 24.304806942305191, 62.006000269145581 ], [ 25.818127736066529, 59.890303666883035 ], [ 27.30714819225156, 59.438574341022381 ], [ 53.156460718176689, 59.290758584959775 ], [ 54.977169848472428, 60.476054365886036 ], [ 57.118431899895072, 61.15517523043858 ], [ 60.507294157807621, 63.210542723490626 ], [ 67.549802185263374, 65.746465262377242 ], [ 69.354250642308642, 66.994447259961206 ], [ 74.645739130302672, 67.881892668901244 ], [ 75.821060446123894, 68.553425763123968 ], [ 75.880262430830214, 69.155015266562401 ], [ 74.388011524768345, 70.351504734441619 ], [ 71.776217098876089, 71.683643344180467 ], [ 60.912264329525847, 73.808189530129241 ], [ 53.761951188534702, 76.015948945959821 ], [ 53.118176414086214, 76.337785542797079 ], [ 52.928789292628217, 76.799997051804212 ], [ 51.48581851977066, 77.367380637383818 ], [ 54.58808848542305, 77.772118938398506 ], [ 62.753703625367841, 77.792474775170618 ], [ 79.052925995028758, 77.011582773499185 ], [ 80.187844853798723, 77.299375294828977 ], [ 80.182139281238435, 77.584931345283593 ], [ 78.666157697596773, 78.512906991220149 ], [ 78.737637579836559, 79.021532361915206 ], [ 81.573119074024248, 80.4572432595225 ], [ 81.768587795077522, 80.981788741517377 ], [ 86.88555069010404, 82.062294163359041 ], [ 91.583202108116865, 83.481236988975184 ], [ 93.47783391581973, 84.307919826283424 ], [ 94.952353981658234, 85.514240779057204 ], [ 94.070289580325152, 86.025256618521254 ], [ 91.61023358304233, 86.549040798406764 ], [ 87.414314397055364, 87.076049516185009 ], [ 70.455768841175896, 87.872328793242573 ], [ 50.864570100571811, 88.166789596974127 ], [ 20.04582444440279, 86.588343405591047 ], [ 11.359399350774815, 85.631486270020673 ], [ 9.344688199033421, 84.855958473771366 ], [ 6.267473519259157, 84.237309922256884 ], [ 1.613326784038119, 83.799505259983746 ], [ -1.747627755754875, 82.983757659409903 ], [ 19.333531214965028, 80.705552771785122 ], [ 22.525751187188121, 79.746735270547461 ], [ 22.32805085764706, 79.309740134211964 ], [ 19.244030051842785, 78.842491561534146 ], [ 16.814040960092424, 77.792117428876082 ], [ 13.936070676464784, 77.304613516952756 ], [ 3.643643843672038, 74.176553374824664 ], [ 2.861402911900471, 73.181822640377263 ], [ 5.829305991448853, 71.920245604565011 ], [ 7.470701046472307, 71.579805302541629 ], [ 9.74752059969685, 69.332763035314841 ], [ -1.484117861788942, 68.56455284768785 ], [ -0.047184549989526, 68.234764960203734 ] ] ] } },
{ "type": "Feature", "properties": { }, "geometry": { "type": "Polygon", "coordinates": [ [ [ 0.812646413506253, 61.711842458336861 ], [ 2.317786092478166, 58.995153426084968 ], [ 2.03299185622053, 58.620392387926046 ], [ 2.421522651872321, 57.748150903326938 ], [ 11.641027927065856, 58.334274416186062 ], [ 15.074444094809529, 58.960334548106076 ], [ 17.94797472969405, 59.889599185859332 ], [ 18.651235447482772, 60.593072147549783 ], [ 18.643897617899121, 61.568502875722011 ], [ 17.759121799795491, 63.118795689846991 ], [ 13.160948297236766, 65.23415510918791 ], [ 9.862604610810301, 65.901473886374305 ], [ 6.935226305392318, 65.98042751052175 ], [ 1.883149008228372, 65.0083110571329 ], [ 0.812646413506253, 61.711842458336861 ] ] ] } },
{ "type": "Feature", "properties": { }, "geometry": { "type": "Polygon", "coordinates": [ [ [ -40.774002616897448, -32.393624164586051 ], [ -46.80209003228525, -28.805283600385216 ], [ -48.243732946223602, -32.858419231240724 ], [ -50.328476979723789, -36.383970207355773 ], [ -46.0147181781496, -41.747623255098482 ], [ -44.467386980861988, -42.591478028215008 ], [ -40.774002616897448, -32.393624164586051 ] ] ] } },
{ "type": "Feature", "properties": { }, "geometry": { "type": "Polygon", "coordinates": [ [ [ 11.52817109763838, 40.966668704160206 ], [ 11.904604816218606, 42.364947962318404 ], [ 10.623173340499925, 40.046677179907881 ], [ 8.2862079593322, 37.210482060888836 ], [ 8.583983870626559, 36.485519040686263 ], [ 9.877506908958233, 35.913813913894678 ], [ 9.450360338633329, 34.798219862729411 ], [ 10.02477371788874, 34.145299011960589 ], [ 7.913775659018178, 32.388055665572274 ], [ 6.179514747764973, 31.510245343082339 ], [ 5.079969352204884, 30.315703461404375 ], [ 10.425643749764035, 31.291446044841521 ], [ 12.013767636288849, 28.975690646301839 ], [ 12.874872911459683, 28.229201047640096 ], [ 11.328960260114346, 32.88107325062218 ], [ 11.897191684316319, 37.565297562355227 ], [ 11.52817109763838, 40.966668704160206 ] ] ] } },
{ "type": "Feature", "properties": { }, "geometry": { "type": "Polygon", "coordinates": [ [ [ 12.874872911459683, 28.229201047640096 ], [ 12.013767636288849, 28.975690646301839 ], [ 10.425643749764035, 31.291446044841521 ], [ 9.161062985715352, 30.975048443145177 ], [ 8.241090296987981, 29.485023419612887 ], [ 6.961830452358858, 28.61639213535571 ], [ 6.059946522440663, 27.111883792888882 ], [ 7.083656062485784, 24.045279463405056 ], [ 6.464058105054695, 23.080340979245644 ], [ 6.417185469437623, 22.410180145496003 ], [ 7.139202336677571, 20.107788191904699 ], [ 7.9287094298867, 21.369688950993485 ], [ 9.160102747564597, 22.144034613143329 ], [ 10.535073098493424, 24.243198086739952 ], [ 12.811511810192675, 26.636511851742384 ], [ 12.874872911459683, 28.229201047640096 ] ] ] } },
{ "type": "Feature", "properties": { }, "geometry": { "type": "Polygon", "coordinates": [ [ [ 27.001110875895485, -12.023206897495808 ], [ 28.397377316481219, -10.754461208206262 ], [ 30.216914438691759, -7.98417353769438 ], [ 27.557685569686239, -9.874037453004494 ], [ 27.001110875895485, -12.023206897495808 ] ] ] } },
{ "type": "Feature", "properties": { }, "geometry": { "type": "Polygon", "coordinates": [ [ [ 51.746633132277495, -35.442296223488832 ], [ 51.572364106356837, -35.241923609181875 ], [ 50.893979209818454, -35.475832728819704 ], [ 50.858239884924885, -34.55935742928348 ], [ 50.063891829018594, -33.927904187655308 ], [ 49.734682052063533, -34.169433614816064 ], [ 50.785789275701568, -34.775918624325122 ], [ 50.260683140127249, -36.823961573012959 ], [ 50.581022550969848, -38.068973648267082 ], [ 49.545589624087569, -40.237526490978865 ], [ 49.654791996756494, -42.241025568091388 ], [ 50.212445716333349, -43.771519804825658 ], [ 50.305252675532948, -46.024347350585771 ], [ 53.303982795906222, -49.723171673728331 ], [ 55.581061803606481, -51.415192058975386 ], [ 59.695495209171099, -53.350354875298407 ], [ 63.807858094328552, -53.4913876855178 ], [ 64.136382140086667, -53.974648979301016 ], [ 64.250797722694855, -53.549328327696522 ], [ 63.24386581425388, -52.556706351292178 ], [ 61.852577652420116, -53.104153749508356 ], [ 60.664393524031148, -53.139457301449603 ], [ 55.542134290458904, -51.190629527950982 ], [ 52.3579655966441, -48.500402273648568 ], [ 52.09700364270185, -46.905951471880108 ], [ 51.59291510104039, -46.420319969206709 ], [ 50.749533697788308, -44.152285228177639 ], [ 50.138645169936041, -43.344595705394106 ], [ 49.758936187970136, -41.881095960767077 ], [ 50.542557863145817, -40.600249085282854 ], [ 50.428206957003589, -39.947988652031299 ], [ 51.189427815397195, -37.955527289537905 ], [ 51.012975143852358, -36.951653190733026 ], [ 51.746633132277495, -35.442296223488832 ] ] ] } },
{ "type": "Feature", "properties": { }, "geometry": { "type": "Polygon", "coordinates": [ [ [ 30.605618055736624, 23.259361245678473 ], [ 28.585974033490427, 23.267596624827583 ], [ 29.156870545209078, 21.935709655397265 ], [ 32.305751343480409, 20.568874280973894 ], [ 34.115228977672579, 22.528698187456207 ], [ 35.085301451149675, 23.026793686079042 ], [ 34.914974834440009, 23.309193468133515 ], [ 34.082428041071751, 23.188980258145513 ], [ 33.038390509607531, 23.697445724625794 ], [ 33.025895202985261, 24.290849369755172 ], [ 30.605618055736624, 23.259361245678473 ] ] ] } },
{ "type": "Feature", "properties": { }, "geometry": { "type": "Polygon", "coordinates": [ [ [ 32.304733948653492, 26.433337460042786 ], [ 29.51011001530075, 24.38960871579668 ], [ 28.489913613965214, 24.067560493618295 ], [ 28.599204882202642, 23.303159829323537 ], [ 30.848364045087443, 23.506242380486444 ], [ 36.69203765453171, 26.498297649985702 ], [ 32.304733948653492, 26.433337460042786 ] ] ] } },
{ "type": "Feature", "properties": { }, "geometry": { "type": "Polygon", "coordinates": [ [ [ 27.735815679392779, 23.158638482424131 ], [ 27.281769957921753, 23.154075031450549 ], [ 26.91496334706617, 22.689205422015082 ], [ 26.214788967128076, 22.791065753659232 ], [ 25.859080222426105, 22.428615281711078 ], [ 29.892134314363176, 20.526787646215361 ], [ 30.648726035851858, 21.014936882300219 ], [ 28.601786261795137, 22.132293874659894 ], [ 27.735815679392779, 23.158638482424131 ] ] ] } },
{ "type": "Feature", "properties": { }, "geometry": { "type": "Polygon", "coordinates": [ [ [ 25.881440234401161, 22.295495978126937 ], [ 25.687605809648634, 20.630659147538253 ], [ 26.129944022073367, 20.005727115938747 ], [ 29.737426803995469, 17.505447164561282 ], [ 29.668702820646164, 20.100414242835409 ], [ 29.90010359239503, 20.37457010688501 ], [ 25.881440234401161, 22.295495978126937 ] ] ] } },
{ "type": "Feature", "properties": { }, "geometry": { "type": "Polygon", "coordinates": [ [ [ 27.260713911742776, 20.085188969385996 ], [ 24.54707859728811, 19.487486219986625 ], [ 23.736051802663795, 18.3760684787819 ], [ 23.07195510751016, 16.488888304002433 ], [ 20.612263382545507, 14.197666771298026 ], [ 20.237888976777985, 13.478925299359313 ], [ 20.538293967439017, 13.417620577355789 ], [ 20.740234922198713, 12.705603860861098 ], [ 21.315262494284333, 13.23083866240488 ], [ 21.36888610370108, 13.926765454127938 ], [ 24.357028151520282, 15.063129162270537 ], [ 25.12956315151084, 16.022102677016989 ], [ 26.000777279999436, 18.42868169944591 ], [ 27.260713911742776, 20.085188969385996 ] ] ] } },
{ "type": "Feature", "properties": { }, "geometry": { "type": "Polygon", "coordinates": [ [ [ 19.947927872482065, 5.842145597857523 ], [ 20.691451668225568, 8.626409474945357 ], [ 20.518630717113695, 10.75725366373457 ], [ 19.859441745635813, 11.23344373280081 ], [ 19.822899081878507, 11.886889364083386 ], [ 18.551470875388652, 12.87715889535904 ], [ 18.331489535142108, 12.643393538624204 ], [ 19.059403261590397, 12.075379659005474 ], [ 18.764931706391838, 11.476678865062533 ], [ 18.628900159817523, 11.808973675976464 ], [ 17.964518449484544, 11.804244639198746 ], [ 17.959186827303977, 8.946871290682353 ], [ 18.319243593066954, 8.818232378190288 ], [ 18.156093855489662, 7.254572518177022 ], [ 18.702120714909288, 6.904041063383634 ], [ 18.839818067444352, 5.489958671326947 ], [ 19.4626638381818, 5.01307440435938 ], [ 20.169222930816993, 3.650933596910928 ], [ 19.947927872482065, 5.842145597857523 ] ] ] } },
{ "type": "Feature", "properties": { }, "geometry": { "type": "Polygon", "coordinates": [ [ [ 22.337040994543482, 4.365854940464475 ], [ 21.463463937746088, 7.976347941643755 ], [ 22.069030444873892, 9.963954966636601 ], [ 22.031461512582105, 11.024432519128554 ], [ 20.353110448793366, 11.589891715024608 ], [ 19.263717490252855, 12.992788765532669 ], [ 18.702071071079509, 12.986146478297098 ], [ 19.28876004584847, 12.068628800396587 ], [ 19.822899081878507, 11.886889364083386 ], [ 19.859441745635813, 11.23344373280081 ], [ 20.518630717113695, 10.75725366373457 ], [ 20.691451668225568, 8.626409474945357 ], [ 20.217790483654319, 6.84107675611603 ], [ 20.745241388530566, 6.726299639215454 ], [ 20.819855981508468, 5.740284280967341 ], [ 21.503207925245196, 5.524835535044558 ], [ 22.337040994543482, 4.365854940464475 ] ] ] } },
{ "type": "Feature", "properties": { }, "geometry": { "type": "Polygon", "coordinates": [ [ [ 18.548678485952959, 13.315295073961579 ], [ 19.765801840135651, 14.495020705108059 ], [ 19.358845826533344, 15.179305877193423 ], [ 16.584857867980638, 15.127421076937335 ], [ 16.180850167862026, 13.17610780702641 ], [ 17.96860632609091, 11.614938448883045 ], [ 18.790827633934104, 12.786493173292088 ], [ 18.548678485952959, 13.315295073961579 ] ] ] } },
{ "type": "Feature", "properties": { }, "geometry": { "type": "Polygon", "coordinates": [ [ [ 22.337040994543482, 4.365854940464475 ], [ 22.639559250273685, 4.198810463298047 ], [ 23.309168040125005, 4.745271025360766 ], [ 23.007457215066317, 6.193046751900671 ], [ 23.501035511699992, 6.792154429386496 ], [ 23.025703110205765, 8.669207035362213 ], [ 23.429873216401528, 9.450487574586715 ], [ 22.031461512582105, 11.024432519128554 ], [ 22.069030444873892, 9.963954966636601 ], [ 21.463463937746088, 7.976347941643755 ], [ 22.337040994543482, 4.365854940464475 ] ] ] } },
{ "type": "Feature", "properties": { }, "geometry": { "type": "Polygon", "coordinates": [ [ [ 17.157842170429131, 13.568500296691361 ], [ 18.988782105704107, 12.068694797237962 ], [ 19.812610883441767, 14.156001450148 ], [ 18.208524022798215, 14.314007359644712 ], [ 17.717281272082776, 14.023044613078412 ], [ 17.666104390530471, 13.572205701600277 ], [ 17.157842170429131, 13.568500296691361 ] ] ] } },
{ "type": "Feature", "properties": { }, "geometry": { "type": "Polygon", "coordinates": [ [ [ 15.759695054758307, 11.255646048374995 ], [ 16.887522483277447, 11.471144613249935 ], [ 18.647738792236801, 12.3108341213867 ], [ 17.07391238945544, 13.64868956350983 ], [ 15.59908932766111, 13.58867028452795 ], [ 15.613895704326831, 13.108079368898531 ], [ 15.141223147062911, 13.341964207659222 ], [ 14.691093325191146, 11.852023365951585 ], [ 15.759695054758307, 11.255646048374995 ] ] ] } },
{ "type": "Feature", "properties": { }, "geometry": { "type": "Polygon", "coordinates": [ [ [ 14.974651559726192, 9.211930184188724 ], [ 13.100791383425891, 11.138555869273866 ], [ 12.106988201907221, 10.299191001253051 ], [ 13.241024538465293, 9.147259716783834 ], [ 14.974651559726192, 9.211930184188724 ] ] ] } },
{ "type": "Feature", "properties": { }, "geometry": { "type": "Polygon", "coordinates": [ [ [ 14.936567561428431, 11.000351147168992 ], [ 14.100129317351266, 11.692018056493724 ], [ 13.100791383425891, 11.138555869273866 ], [ 15.042224271534248, 9.340510061239291 ], [ 15.01237789444037, 10.170615810286051 ], [ 14.50194181647373, 10.745405415177283 ], [ 14.936567561428431, 11.000351147168992 ] ] ] } },
{ "type": "Feature", "properties": { }, "geometry": { "type": "Polygon", "coordinates": [ [ [ 13.241024538465293, 9.147259716783834 ], [ 12.106988201907221, 10.299191001253051 ], [ 11.287812377376186, 8.638379658889995 ], [ 11.430933671844276, 8.456807152199838 ], [ 12.018386343824323, 8.9072449996341 ], [ 13.241024538465293, 9.147259716783834 ] ] ] } },
{ "type": "Feature", "properties": { }, "geometry": { "type": "Polygon", "coordinates": [ [ [ 16.067260412110755, 9.46651513650191 ], [ 15.78087288249219, 9.853503820601549 ], [ 14.800175500505787, 9.717219210606181 ], [ 13.646555805947342, 9.523718375041893 ], [ 13.623723205219523, 9.112379475907513 ], [ 14.119124835272384, 8.809268006947285 ], [ 16.067260412110755, 9.46651513650191 ] ] ] } },
{ "type": "Feature", "properties": { }, "geometry": { "type": "Polygon", "coordinates": [ [ [ 11.725334693840155, 8.2733759595662 ], [ 12.165297685172318, 8.200679247512683 ], [ 11.737284725160892, 8.984254144249961 ], [ 11.328520672832958, 9.043976687891451 ], [ 11.725334693840155, 8.2733759595662 ] ] ] } },
{ "type": "Feature", "properties": { }, "geometry": { "type": "Polygon", "coordinates": [ [ [ 12.5951511294904, 8.454047667717036 ], [ 12.004258043246445, 9.145378426626081 ], [ 11.580304022108081, 9.157321405804675 ], [ 12.151859951203855, 8.468780412600548 ], [ 12.5951511294904, 8.454047667717036 ] ] ] } },
{ "type": "Feature", "properties": { }, "geometry": { "type": "Polygon", "coordinates": [ [ [ 13.166402453587251, 8.390857143917206 ], [ 12.440240813140907, 9.110251022063267 ], [ 12.004258043246445, 9.145378426626081 ], [ 12.5951511294904, 8.454047667717036 ], [ 13.166402453587251, 8.390857143917206 ] ] ] } },
{ "type": "Feature", "properties": { }, "geometry": { "type": "Polygon", "coordinates": [ [ [ 12.889075973679267, 9.38089944466158 ], [ 12.334734687694981, 9.076784897437296 ], [ 13.226085857400644, 8.570011920127714 ], [ 14.129670189531129, 8.662839225518796 ], [ 13.584628335438314, 8.865746216475284 ], [ 13.526509286703414, 9.273684294045891 ], [ 12.889075973679267, 9.38089944466158 ] ] ] } },
{ "type": "Feature", "properties": { }, "geometry": { "type": "Polygon", "coordinates": [ [ [ 115.392334841335, -42.856872617523152 ], [ 114.076809994457506, -42.343312139051825 ], [ 112.605108331383477, -43.335290165636522 ], [ 112.222921516312837, -43.02607110799137 ], [ 112.302141084809179, -42.353156828540762 ], [ 109.198478877659099, -43.79168469244312 ], [ 107.423666314479874, -44.095167937160035 ], [ 102.81536355873645, -43.705673041399216 ], [ 93.586157656647089, -43.99630928160154 ], [ 92.066321404935252, -43.130922156376378 ], [ 87.401815599502285, -46.14150941794027 ], [ 86.38476925822448, -46.059586565915694 ], [ 84.071111225073565, -44.920342091897055 ], [ 82.039874421930023, -43.331901762973089 ], [ 81.076342950201507, -43.006213516924412 ], [ 80.267124371982121, -43.299238239222007 ], [ 80.376448341665181, -44.2300694079523 ], [ 79.680714243745228, -44.690867352024412 ], [ 77.939102599087747, -45.089226902848253 ], [ 76.368171478818851, -44.944242484111584 ], [ 75.946991891972075, -45.211346848171658 ], [ 75.158300239171936, -46.13405095413254 ], [ 76.237836747595338, -47.897635158430269 ], [ 71.262571127502, -49.50362483564097 ], [ 70.372337033453135, -49.372947110510914 ], [ 70.093437269433494, -48.942898581648826 ], [ 71.274053341167232, -46.731451023601224 ], [ 67.662554507048299, -46.695134606844071 ], [ 69.637476822835168, -51.802832106591502 ], [ 69.781004202106359, -54.656397391482663 ], [ 69.572549303027515, -54.681159232960873 ], [ 69.599711658797588, -55.837342228358516 ], [ 69.085997423742128, -56.347904517763936 ], [ 68.528403994921561, -56.198659545665848 ], [ 67.898027574793872, -56.715463997789428 ], [ 66.133136043408825, -57.095758229144295 ], [ 66.0148235879456, -56.548980511372896 ], [ 63.663227686999846, -56.609617066872417 ], [ 63.151409921979635, -56.240003512628512 ], [ 63.001992726783385, -55.371833316250473 ], [ 61.562511028820005, -54.974011702245598 ], [ 59.181252274304669, -55.928125976118203 ], [ 58.842616218272504, -56.869034747894958 ], [ 60.396984835205778, -57.252336580251864 ], [ 61.861033188728172, -58.202474566042255 ], [ 63.415898124506683, -58.319878174754699 ], [ 63.424535113069908, -58.617902213840729 ], [ 61.914669164171066, -58.946818066704118 ], [ 61.868889573497079, -59.254364676366386 ], [ 62.398563796127647, -60.258815221574885 ], [ 62.404959155376829, -61.437845025359501 ], [ 63.242532075238231, -62.107405567610371 ], [ 64.592798884112554, -62.513334269047249 ], [ 66.387672498176272, -63.573684628027202 ], [ 71.822555677691241, -64.529993248660503 ], [ 76.276953445308934, -66.168167952364314 ], [ 81.036147338330764, -66.844287228092682 ], [ 88.148311737816172, -69.079714188650101 ], [ 88.554846160412851, -69.577700979862684 ], [ 91.975083092763981, -71.35095733342574 ], [ 98.074241684626088, -73.497489413602864 ], [ 98.237602507317206, -74.614681946599731 ], [ 99.781958109367835, -75.494435017184699 ], [ 99.5494419652332, -76.265614757374479 ], [ 130.957954760849503, -78.268567224350818 ], [ 131.360768821944902, -77.490848892496729 ], [ 135.123683134723791, -76.370561077435141 ], [ 136.001533678624213, -74.921561331869896 ], [ 137.006716983481454, -74.36511042872381 ], [ 137.19870341008388, -73.568090868739162 ], [ 140.881568560696707, -71.505323588752972 ], [ 142.285544081254415, -70.071776211894672 ], [ 142.163130545827727, -68.954287804724217 ], [ 143.116951565648009, -67.852514517365165 ], [ 143.511195675231534, -66.383855022238038 ], [ 143.201146094723725, -65.780762891721494 ], [ 142.013697364663045, -64.912523880683395 ], [ 141.947824938763489, -63.675302600020871 ], [ 141.153718492295781, -62.818544052897906 ], [ 143.433795170400089, -61.699761993954354 ], [ 142.64301952686472, -59.742528819233087 ], [ 141.417323136893316, -58.392016905545468 ], [ 141.159936026758004, -57.438103504426081 ], [ 139.881336181928873, -56.307216072356027 ], [ 139.525607360362329, -55.108621298179095 ], [ 138.19295811516298, -53.938144212157503 ], [ 131.978594385625826, -52.541834618789146 ], [ 129.277740170857243, -51.130926343762127 ], [ 125.406352191323734, -51.669625311701957 ], [ 124.906525361352323, -50.84075549811373 ], [ 125.050253711727976, -50.224352030161135 ], [ 126.095083436819991, -49.367047771944435 ], [ 125.884332273033664, -48.988155097857316 ], [ 126.543690597987975, -48.588212744954781 ], [ 126.558779277051599, -48.052068809639835 ], [ 122.999063975499823, -47.943313690018591 ], [ 117.059847444452728, -46.133604722833333 ], [ 116.806153687070335, -45.655238651953184 ], [ 115.462243792756041, -45.177260270767313 ], [ 115.337194740278761, -44.822238729304239 ], [ 116.120720176693965, -44.32730823133528 ], [ 115.392334841335, -42.856872617523152 ] ] ] } },
{ "type": "Feature", "properties": { }, "geometry": { "type": "Polygon", "coordinates": [ [ [ 59.819168892726317, 59.228788317723925 ], [ 58.768189716739407, 58.700951150944931 ], [ 58.195194550046395, 57.600934090332942 ], [ 57.585661459010872, 57.268353537542396 ], [ 57.685849466508749, 56.054843630328769 ], [ 62.462881183587051, 55.678001497547854 ], [ 63.785520172294348, 55.945236171048968 ], [ 66.297917659877271, 56.532771090446822 ], [ 71.468239922611744, 59.256044343889648 ], [ 69.091090810764626, 59.127192560202538 ], [ 65.702273162856301, 58.378373667315245 ], [ 59.819168892726317, 59.228788317723925 ] ] ] } },
{ "type": "Feature", "properties": { }, "geometry": { "type": "Polygon", "coordinates": [ [ [ -40.903299186386491, 38.024245348969906 ], [ -39.552083278153439, 44.475680283513277 ], [ -39.781779471574055, 47.503565252106235 ], [ -40.782608876055654, 45.732575422835133 ], [ -40.593271510583897, 44.429511161551829 ], [ -41.350528549453799, 43.063287016857139 ], [ -41.229530929666048, 41.874242103391204 ], [ -40.837007986924348, 41.211699797728585 ], [ -41.4600669032626, 39.431650061076347 ], [ -41.496412843503123, 38.366352454219786 ], [ -40.903299186386491, 38.024245348969906 ] ] ] } },
{ "type": "Feature", "properties": { }, "geometry": { "type": "Polygon", "coordinates": [ [ [ -13.685055711013902, 61.182958531833123 ], [ -22.904616853845294, 60.483138970591583 ], [ -26.184329384220504, 59.380190571785157 ], [ -24.758042460448465, 59.569192302337534 ], [ -23.38124000848471, 59.219259655507273 ], [ -18.501008606085385, 59.349972219658966 ], [ -15.311735793152774, 59.059223882629404 ], [ -13.467125743007941, 59.505325941087101 ], [ -11.605179098829508, 59.544062508845066 ], [ -13.685055711013902, 61.182958531833123 ] ] ] } },
{ "type": "Feature", "properties": { }, "geometry": { "type": "Polygon", "coordinates": [ [ [ -8.392151897527681, 45.726447878159007 ], [ -7.758793975801584, 46.549417096307096 ], [ -9.545491949418771, 46.399776579979559 ], [ -11.332878815835249, 47.601329272112494 ], [ -13.071443148054703, 47.876318161922534 ], [ -14.723085685727698, 47.736842017534194 ], [ -16.471406688622707, 48.22490695190664 ], [ -17.455595957357115, 48.904081659941454 ], [ -17.880744904214975, 49.833008714467006 ], [ -18.82371750139307, 50.221943803165672 ], [ -18.539156359626229, 49.075635837147878 ], [ -18.802156979508066, 47.687841439611425 ], [ -16.237661436597673, 46.287234094044514 ], [ -14.806122644561158, 46.551984579167538 ], [ -10.873151408370708, 45.934702684222103 ], [ -8.392151897527681, 45.726447878159007 ] ] ] } },
{ "type": "Feature", "properties": { }, "geometry": { "type": "Polygon", "coordinates": [ [ [ -49.003699428752761, -54.686670611080984 ], [ -53.987904946728364, -54.67589507779477 ], [ -54.427435369996374, -57.198391227659208 ], [ -54.324973154135748, -58.478358150060586 ], [ -53.59601022383189, -60.408244075241157 ], [ -51.943992109006018, -61.84210538034602 ], [ -48.430460039661163, -62.997202322049368 ], [ -44.625396234463302, -63.649480515335917 ], [ -40.193953551552305, -63.477751897757301 ], [ -43.188159195412695, -62.725333109189471 ], [ -43.699414028001087, -62.324678850197614 ], [ -43.691348630029609, -61.604145446148927 ], [ -42.725873183292428, -60.161001652184595 ], [ -43.928670019847026, -57.593254593424774 ], [ -43.392838074711115, -56.021460550865683 ], [ -43.592612717210613, -54.721621644131325 ], [ -45.420265966975741, -55.330989699725109 ], [ -49.003699428752761, -54.686670611080984 ] ] ] } },
{ "type": "Feature", "properties": { }, "geometry": { "type": "Polygon", "coordinates": [ [ [ -14.284578286564733, 9.630863158264352 ], [ -13.898954553593459, 11.242687616839627 ], [ -16.578492917298455, 10.339821416203232 ], [ -22.959343728744674, 6.577041369537858 ], [ -25.5494896629605, 5.660541179894693 ], [ -29.104627587628968, 5.473245008501402 ], [ -32.278236358325046, 6.171884739537663 ], [ -30.483301419562661, 4.865932273772847 ], [ -27.334051062784223, 0.992235557790642 ], [ -25.339297417959521, 0.939293443277564 ], [ -23.877062438953882, -0.992979345103005 ], [ -22.40330272035068, -1.299151834609248 ], [ -22.522573850097064, 1.282182227194786 ], [ -22.220715243647273, 1.892549583797461 ], [ -22.552175067512287, 2.253371758399675 ], [ -21.654482184476901, 2.985944185285249 ], [ -19.397480409879787, 3.599994075956142 ], [ -17.062982123676203, 6.051459494517776 ], [ -16.861320308746961, 7.468759733514402 ], [ -16.07429806674088, 8.876328118947125 ], [ -15.103823270718165, 9.545719180323774 ], [ -14.284578286564733, 9.630863158264352 ] ] ] } },
{ "type": "Feature", "properties": { }, "geometry": { "type": "Polygon", "coordinates": [ [ [ 19.330091907272298, -53.002700156958895 ], [ 24.731692332224782, -52.966136500237425 ], [ 24.723971323954558, -51.92335208634713 ], [ 23.656793053905933, -50.157594916442648 ], [ 23.49423211467516, -50.712955762879766 ], [ 22.866552231384354, -51.12456389344969 ], [ 19.467401924000228, -49.871193795267473 ], [ 18.202798222729381, -50.094769025855875 ], [ 17.878388180769477, -50.660519333958632 ], [ 17.261934911949364, -50.782205702814558 ], [ 17.076180147474314, -51.575175209025396 ], [ 17.585372364842993, -52.318255976231221 ], [ 19.330091907272298, -53.002700156958895 ] ] ] } },
{ "type": "Feature", "properties": { }, "geometry": { "type": "Polygon", "coordinates": [ [ [ 32.251491800146376, -38.851678594022871 ], [ 31.998613643116478, -36.929136488120044 ], [ 31.401861733487873, -36.507394544523841 ], [ 30.421467292461088, -36.248585225594546 ], [ 29.208906860394706, -36.623638790364893 ], [ 31.248851961806263, -38.807789727627245 ], [ 32.251491800146376, -38.851678594022871 ] ] ] } },
{ "type": "Feature", "properties": { }, "geometry": { "type": "Polygon", "coordinates": [ [ [ 126.526169602233921, 12.669726142131173 ], [ 120.262774673905781, 13.993545004917905 ], [ 119.358682467300795, 13.671995402331151 ], [ 125.771859024693356, 11.153811209369431 ], [ 129.926906949426467, 10.677362391954292 ], [ 129.239116195923259, 11.252290085490499 ], [ 128.267225520824468, 12.944743573300988 ], [ 126.526169602233921, 12.669726142131173 ] ] ] } },
{ "type": "Feature", "properties": { }, "geometry": { "type": "Polygon", "coordinates": [ [ [ 29.519345662216843, -42.14592061852143 ], [ 30.385830232827917, -39.22328876117416 ], [ 29.971619231782931, -38.859280781053627 ], [ 30.165064659292273, -38.582628831879497 ], [ 29.352347612409627, -38.165437645381964 ], [ 28.799289609799985, -38.162975410547268 ], [ 27.086774548179662, -39.288122850566175 ], [ 26.94732542126259, -39.66243689954991 ], [ 24.910260228407409, -40.263605468284837 ], [ 23.515557051322013, -40.327521402140697 ], [ 21.86504367506598, -39.795801885915438 ], [ 20.216025563343678, -40.351543145093906 ], [ 19.834726355841962, -41.285613484000734 ], [ 19.790506334019096, -43.147741501554819 ], [ 19.293246614653913, -43.798964288772027 ], [ 16.787756633731199, -45.031744203658263 ], [ 16.681402418506625, -46.067345510565566 ], [ 15.891544731052214, -47.158262330472532 ], [ 16.058031488342287, -48.978225435830588 ], [ 17.31293412499102, -49.721372358960799 ], [ 18.392131400656723, -49.457034833408514 ], [ 20.099010443788455, -49.561306035163511 ], [ 29.519345662216843, -42.14592061852143 ] ] ] } },
{ "type": "Feature", "properties": { }, "geometry": { "type": "Polygon", "coordinates": [ [ [ 23.429873216401528, 9.450487574586715 ], [ 21.839683506620496, 12.137675371528136 ], [ 21.127922272415294, 12.085432166275332 ], [ 19.808133444639658, 13.183388496885254 ], [ 18.702071071079509, 12.986146478297098 ], [ 19.263717490252855, 12.992788765532669 ], [ 20.353110448793366, 11.589891715024608 ], [ 22.052354958074854, 11.021839394768362 ], [ 23.429873216401528, 9.450487574586715 ] ] ] } },
{ "type": "Feature", "properties": { }, "geometry": { "type": "Polygon", "coordinates": [ [ [ -164.225762818542847, -79.75163443821107 ], [ -168.462632412797745, -80.201831655477434 ], [ -172.127746306196514, -81.369491848515764 ], [ -165.380443207043896, -81.890231117537994 ], [ -150.299925168493843, -82.349248160978618 ], [ -140.360259502910623, -82.234306790749997 ], [ -134.19604479319085, -81.56860143137213 ], [ -148.457102679779496, -79.992303569490318 ], [ -164.225762818542847, -79.75163443821107 ] ] ] } },
{ "type": "Feature", "properties": { }, "geometry": { "type": "MultiPolygon", "coordinates": [ [ [ [ 179.99999999, -85.728524175847156 ], [ 174.300444372380838, -86.407541317145501 ], [ 171.956033681850386, -86.641460530911274 ], [ 172.492043428328799, -87.584189636957234 ], [ 179.99999999, -87.44009191942186 ], [ 179.99999999, -85.728524175847156 ] ] ], [ [ [ -179.99999999, -87.44009191942186 ], [ -160.613937337532718, -86.67610864665842 ], [ -164.863250540521818, -86.044186405529643 ], [ -165.069271519909648, -85.946882323782617 ], [ -164.030051501146261, -85.589915167552363 ], [ -168.052878620459296, -84.587621278371614 ], [ -179.99999999, -85.728524175847156 ], [ -179.99999999, -87.44009191942186 ] ] ] ] } },
{ "type": "Feature", "properties": { }, "geometry": { "type": "MultiPolygon", "coordinates": [ [ [ [ 179.99999999, -84.554424708018246 ], [ 172.621807030039719, -84.621413814152803 ], [ 173.535687429858825, -85.628243875225962 ], [ 171.439543843719662, -86.679383510208055 ], [ 165.984901268981588, -87.344186592952582 ], [ 133.833975348335201, -88.197605202267184 ], [ 90.414522597088904, -88.371935051010297 ], [ 134.792929089885547, -88.556924299762997 ], [ 170.89873673069232, -87.877428854110903 ], [ 179.99999999, -87.191588701701534 ], [ 179.99999999, -84.554424708018246 ] ] ], [ [ [ -179.99999999, -87.191588701701534 ], [ -170.459168263060121, -86.448515973867458 ], [ -170.920651868245955, -86.383312602121919 ], [ -170.006747619672296, -85.917529774508225 ], [ -171.967555443230538, -85.605805305157233 ], [ -170.585816500561151, -85.026812506359008 ], [ -173.154311883222931, -84.656960636759621 ], [ -179.99999999, -84.554424708018246 ], [ -179.99999999, -87.191588701701534 ] ] ] ] } },
{ "type": "Feature", "properties": { }, "geometry": { "type": "Polygon", "coordinates": [ [ [ -161.332395944489463, -82.996508532986098 ], [ -164.851176639902548, -82.801299602129632 ], [ -168.729346789660553, -83.278506344595428 ], [ -156.257825541568621, -84.509981556652264 ], [ -156.214507807933785, -84.106351265442783 ], [ -161.193047672535528, -83.271183416425373 ], [ -161.332395944489463, -82.996508532986098 ] ] ] } },
{ "type": "Feature", "properties": { }, "geometry": { "type": "Polygon", "coordinates": [ [ [ 21.021915196563356, 2.310457600054602 ], [ 21.016396897179629, 2.337532744018429 ], [ 21.021433297941691, 2.30688003378295 ], [ 21.021915196563356, 2.310457600054602 ] ] ] } },
{ "type": "Feature", "properties": { }, "geometry": { "type": "Polygon", "coordinates": [ [ [ 21.021433297941691, 2.30688003378295 ], [ 21.020294869210176, 2.298424826087745 ], [ 21.040490380819328, 2.209147813235642 ], [ 21.021433297941691, 2.30688003378295 ] ] ] } },
{ "type": "Feature", "properties": { }, "geometry": { "type": "Polygon", "coordinates": [ [ [ 28.034726349309782, -2.679614558108546 ], [ 26.400841583556709, -1.914627860875806 ], [ 25.538842748593691, -2.917783335555561 ], [ 24.147841099250911, -2.930300546913744 ], [ 26.50861070688406, -3.700202952286372 ], [ 27.358588116420801, -4.671225006403956 ], [ 26.676682427673221, -5.122337702307871 ], [ 25.881465268969436, -6.45095357231521 ], [ 25.306276560186713, -6.686126540517874 ], [ 27.540568444753983, -7.581217970551003 ], [ 26.771979628936954, -8.370263415528482 ], [ 27.364257251282872, -8.445958455376276 ], [ 27.941240209420954, -8.268831123643176 ], [ 29.719546194033061, -6.670421354315852 ], [ 31.145320385104178, -4.060985265544241 ], [ 29.855289379352865, -4.357092288609102 ], [ 28.470540590110918, -4.085942813389091 ], [ 28.034726349309782, -2.679614558108546 ] ] ] } },
{ "type": "Feature", "properties": { }, "geometry": { "type": "Polygon", "coordinates": [ [ [ 26.545390494859763, -0.52665995161502 ], [ 25.310069596943134, 1.077347729497463 ], [ 25.701390102458031, 0.316640963322899 ], [ 26.545390494859763, -0.52665995161502 ] ] ] } },
{ "type": "Feature", "properties": { }, "geometry": { "type": "Polygon", "coordinates": [ [ [ 25.034815992396155, 1.731003332032807 ], [ 24.076301196941081, 1.972133109147473 ], [ 25.352217082976427, 0.21159097875706 ], [ 27.212563827542247, -0.928991721061816 ], [ 25.694292593862546, 0.347160592992853 ], [ 25.034815992396155, 1.731003332032807 ] ] ] } },
{ "type": "Feature", "properties": { }, "geometry": { "type": "Polygon", "coordinates": [ [ [ 20.300833437839511, 4.125896372924099 ], [ 19.888841494436441, 4.885156907078289 ], [ 18.987818223795035, 4.466951263671076 ], [ 18.903333537902682, 4.669597849351937 ], [ 19.531701399848114, 2.850279403358448 ], [ 19.679025077654401, 3.314836883680281 ], [ 20.273897081574056, 2.730858470003255 ], [ 20.300833437839511, 4.125896372924099 ] ] ] } },
{ "type": "Feature", "properties": { }, "geometry": { "type": "Polygon", "coordinates": [ [ [ -28.9104193141225, 1.655318304515307 ], [ -31.724024839184079, 2.891581846761759 ], [ -33.579606166914722, 1.978096611603042 ], [ -29.658749691470689, 1.524316424245089 ], [ -30.176709764356684, 1.045930354159243 ], [ -29.2287117354042, 0.782509806014719 ], [ -28.9104193141225, 1.655318304515307 ] ] ] } },
{ "type": "Feature", "properties": { }, "geometry": { "type": "Polygon", "coordinates": [ [ [ 138.311172428243026, -54.637207364494131 ], [ 138.339978656998596, -54.553810514781887 ], [ 138.289333089998166, -54.631595771943935 ], [ 138.311172428243026, -54.637207364494131 ] ] ] } },
{ "type": "Feature", "properties": { }, "geometry": { "type": "Polygon", "coordinates": [ [ [ 108.403501186294861, -40.237632140385458 ], [ 108.387233601427738, -40.133806832318527 ], [ 108.373438759514215, -40.130656321012914 ], [ 108.403501186294861, -40.237632140385458 ] ] ] } },
{ "type": "Feature", "properties": { }, "geometry": { "type": "Polygon", "coordinates": [ [ [ -41.358365455452528, 4.650181242025923 ], [ -43.565843259539697, 4.702831726078233 ], [ -44.218365838382375, 4.459935250223466 ], [ -45.165496681072511, 3.346020383132732 ], [ -43.880330423887294, -1.417675648665534 ], [ -42.362162822514208, -1.061468030201655 ], [ -41.218816653083344, -0.172783505643536 ], [ -39.648132859420663, 1.233842407205132 ], [ -38.772438743857307, 2.595042809840745 ], [ -38.804935173507118, 3.70646120131162 ], [ -41.358365455452528, 4.650181242025923 ] ] ] } },
{ "type": "Feature", "properties": { }, "geometry": { "type": "Polygon", "coordinates": [ [ [ -51.140919179176542, 3.097682529255728 ], [ -51.020354228851218, 3.538657853827825 ], [ -52.418049454022686, 4.803357535602149 ], [ -54.411109813700506, 9.299378058391106 ], [ -53.818856035351274, 7.430929068379576 ], [ -54.143694461740857, 6.526452495299581 ], [ -54.272504394408763, 1.667642067830321 ], [ -49.639858269088464, 0.21273030182861 ], [ -51.140919179176542, 3.097682529255728 ] ] ] } },
{ "type": "Feature", "properties": { }, "geometry": { "type": "Polygon", "coordinates": [ [ [ -49.277326140398728, 0.313765437261443 ], [ -47.663529177625414, 0.070282530027799 ], [ -48.866894210779741, 1.49152612690713 ], [ -49.65776216089381, 1.758246517961943 ], [ -51.074789923210353, 2.956849474850682 ], [ -49.277326140398728, 0.313765437261443 ] ] ] } },
{ "type": "Feature", "properties": { }, "geometry": { "type": "Polygon", "coordinates": [ [ [ -179.99999999, 88.320600754050943 ], [ -166.302716763116166, 88.826224389358671 ], [ -138.145357732827108, 88.715260416966444 ], [ -99.962376526898709, 89.17008820181934 ], [ -38.490182332330612, 87.879879079229681 ], [ -15.454514424069757, 88.953901379319049 ], [ 76.039244790945617, 89.338074849474353 ], [ 110.167598712567582, 88.573506395189639 ], [ 129.464113906715255, 88.759084386764798 ], [ 142.60654167070814, 88.274077634023229 ], [ 179.99999999, 88.320600754050943 ], [ 179.99999999, 90.0 ], [ -179.99999999, 90.0 ], [ -179.99999999, 88.320600754050943 ] ] ] } },
{ "type": "Feature", "properties": { }, "geometry": { "type": "Polygon", "coordinates": [ [ [ 31.929937827814957, 82.714236431274713 ], [ 30.765863180064258, 82.789399221498329 ], [ 5.971443127281296, 81.753659055622862 ], [ 11.999670611461168, 81.932078381557631 ], [ 31.929937827814957, 82.714236431274713 ] ] ] } }
]
}
