{
"type": "FeatureCollection",
"name": "land_250Ma",
"crs": { "type": "name", "properties": { "name": "urn:ogc:def:crs:OGC:1.3:CRS84" } },
"features": [
{ "type": "Feature", "properties": { }, "geometry": { "type": "Polygon", "coordinates": [ [ [ 20.184584534086561, 5.248811465138871 ], [ 19.800863306929237, 7.078099311641656 ], [ 18.438590021951637, 6.169657731627586 ], [ 15.833680057452662, 5.307240507637614 ], [ 14.539700079033148, 4.53445066919659 ], [ 15.052644332665711, 4.202639448854723 ], [ 15.70950897420353, 4.528666404046634 ], [ 16.160053495247624, 3.993630041960534 ], [ 17.329659009711435, 4.603254279741904 ], [ 17.544531487643798, 4.354104411016076 ], [ 20.184584534086561, 5.248811465138871 ] ] ] } },
{ "type": "Feature", "properties": { }, "geometry": { "type": "Polygon", "coordinates": [ [ [ 44.373491983601525, -7.405543670547868 ], [ 42.343760800275156, -5.748193863740664 ], [ 37.947194493699868, -6.700669626653155 ], [ 35.471171615418811, -11.636455936110449 ], [ 33.050946958277017, -14.798470119679754 ], [ 33.54268077459983, -19.137380312460227 ], [ 34.36184076435346, -19.720313030327315 ], [ 34.605374685036438, -20.819275460504052 ], [ 34.355550752988272, -21.972768589899751 ], [ 35.798418250307179, -24.706058164721849 ], [ 35.755926887713834, -26.186563062052091 ], [ 36.456957110293814, -27.906788952226378 ], [ 36.175153225315995, -28.821591511519184 ], [ 35.345426335830616, -29.347690517269942 ], [ 35.327940012734182, -30.225693032945312 ], [ 35.89262801319866, -32.014128891992932 ], [ 36.567453698205973, -32.200232058627641 ], [ 37.904030503144178, -32.259571340859864 ], [ 38.536047833245135, -31.747030441528707 ], [ 40.507359336597609, -31.984285147787634 ], [ 44.331765409997118, -31.517192788199193 ], [ 45.991599612653403, -31.823455306737589 ], [ 47.653486779941318, -30.290790177780277 ], [ 49.72011766854164, -30.494874091199904 ], [ 51.358492908524134, -30.063132749541893 ], [ 52.505805448449514, -30.510638329219784 ], [ 54.097518094366222, -27.608833752435515 ], [ 54.979683072918313, -26.8189590946719 ], [ 55.596469843681383, -25.348532784456157 ], [ 56.51056650216956, -24.921403964905942 ], [ 53.961245168466867, -24.425984128175728 ], [ 52.588713832397808, -23.659912293277003 ], [ 52.393767473701317, -22.382408636299399 ], [ 53.265645868027121, -20.741141007913935 ], [ 53.318097815056397, -19.30921920148694 ], [ 50.140971196459432, -16.910382274783291 ], [ 48.123846245240799, -13.888399093718999 ], [ 46.233987580387371, -12.713501426632883 ], [ 44.658409108154643, -9.363328811891185 ], [ 44.171252990341252, -7.729252590494236 ], [ 44.373491983601525, -7.405543670547868 ] ] ] } },
{ "type": "Feature", "properties": { }, "geometry": { "type": "Polygon", "coordinates": [ [ [ 58.452879937009918, -0.009691020561471 ], [ 57.088485646409069, 0.679475300274679 ], [ 57.590517514246024, -0.121248570158509 ], [ 55.951439318137538, -0.225418230814851 ], [ 56.37039031567955, -0.739143345294376 ], [ 54.488031120744154, -1.413864255390189 ], [ 54.236508893519257, -1.966995547702407 ], [ 53.17432844343265, -2.398868729098701 ], [ 53.452003954097947, -4.533610599278972 ], [ 53.996422619405458, -5.622173602645832 ], [ 55.158344126348631, -6.799210746991835 ], [ 57.368848958311929, -7.830363063656611 ], [ 57.354405748876772, -9.400225540063873 ], [ 58.082740228258885, -9.790482422930985 ], [ 59.624458307338706, -9.942065792379424 ], [ 62.240091389481194, -8.809873743803136 ], [ 60.109608806464237, -6.409857769169962 ], [ 59.495528388148443, -1.960881077932603 ], [ 58.452879937009918, -0.009691020561471 ] ] ] } },
{ "type": "Feature", "properties": { }, "geometry": { "type": "Polygon", "coordinates": [ [ [ 65.071213085425541, -15.833859956660191 ], [ 66.622674123536825, -15.164873302395716 ], [ 69.864511525335345, -12.938074659899941 ], [ 72.509743792786736, -12.031691329084211 ], [ 69.22068655244118, -11.837883947469956 ], [ 67.721820783457915, -12.296531238566594 ], [ 66.502768336582932, -11.940434185024895 ], [ 61.08078935446958, -11.626404296452442 ], [ 60.304028939381574, -13.072319136752119 ], [ 60.546504986006461, -15.864924510100309 ], [ 60.939136296556235, -16.591546919595981 ], [ 63.370537037950925, -17.212827533025692 ], [ 63.542404113798256, -18.023968321645896 ], [ 65.071213085425541, -15.833859956660191 ] ] ] } },
{ "type": "Feature", "properties": { }, "geometry": { "type": "Polygon", "coordinates": [ [ [ 19.188680711624333, 1.81731571580161 ], [ 19.180680500425034, 3.088838139994315 ], [ 16.961890911730922, 3.150611120433735 ], [ 14.398996858205482, 3.874982060353022 ], [ 16.482147967238191, 0.264520061950152 ], [ 15.982332553341058, -0.449446873353462 ], [ 18.505476166006417, -0.36827986114375 ], [ 19.372298903277482, 0.21275786051208 ], [ 19.661775993477196, 0.87914812966114 ], [ 19.188680711624333, 1.81731571580161 ] ] ] } },
{ "type": "Feature", "properties": { }, "geometry": { "type": "Polygon", "coordinates": [ [ [ 59.896975658949714, -32.535752301452284 ], [ 59.472277866205673, -32.025444609084957 ], [ 55.465695810519108, -32.473330034408953 ], [ 53.531658876277731, -32.344195363137239 ], [ 48.944090026345677, -34.231236623839855 ], [ 48.681547796715854, -34.646266214004086 ], [ 47.540989551321879, -34.474789616808856 ], [ 46.92646721111857, -34.715364429684911 ], [ 44.931404647170801, -39.182966049435358 ], [ 43.294540154944372, -41.186967580596892 ], [ 42.297363127619583, -43.631939275305136 ], [ 35.758681713920382, -49.08631802746617 ], [ 31.77738320532594, -49.840633367117448 ], [ 30.662715135573158, -50.614407138591353 ], [ 30.88817270769162, -51.092061091223677 ], [ 31.888160609310319, -51.423143633655748 ], [ 32.29421905169302, -52.491829273830994 ], [ 33.106412809353898, -52.722990002706069 ], [ 35.716461529755094, -52.544366909833379 ], [ 38.733890003426971, -53.03285487273159 ], [ 40.353569848505479, -53.661664233992255 ], [ 41.168300514981773, -52.732728428426945 ], [ 43.509540267393078, -52.565949951163901 ], [ 46.338170463922474, -51.227043494046931 ], [ 52.065477307492863, -52.11354517223706 ], [ 57.639602819649113, -52.338183600454137 ], [ 60.877109438334543, -53.220106815999678 ], [ 64.021751500833517, -53.0494542719807 ], [ 65.121157794681153, -53.402242907838769 ], [ 67.985053689079464, -52.17663974777178 ], [ 70.24360435687781, -52.082596274479201 ], [ 75.831340200310365, -51.097883479541096 ], [ 77.516073568953217, -51.215828983909923 ], [ 77.609551869351449, -50.675906270538981 ], [ 77.175190780497374, -50.234511005157181 ], [ 73.354342802982799, -50.534365692083867 ], [ 68.983581154327553, -49.086731523727799 ], [ 66.384968765919552, -47.68097204593424 ], [ 62.608652978390602, -44.38607498726207 ], [ 60.623934715727465, -38.765103559423501 ], [ 61.207965717018183, -36.499437108375993 ], [ 60.66842634544917, -35.306227708894333 ], [ 60.816308311492129, -33.21795505023848 ], [ 59.689999945281386, -32.7425385200101 ], [ 59.896975658949714, -32.535752301452284 ] ] ] } },
{ "type": "Feature", "properties": { }, "geometry": { "type": "Polygon", "coordinates": [ [ [ 80.891919132083132, -19.543545280143199 ], [ 74.968603818086649, -19.286312524069068 ], [ 75.920185798969968, -19.907148190639997 ], [ 76.350507684357382, -20.598411189488807 ], [ 76.054305161055893, -20.708117936983516 ], [ 76.71797327577832, -21.114751137630947 ], [ 79.765377091811445, -21.43483178832518 ], [ 80.841909502436721, -21.833735579724706 ], [ 81.446316112201444, -22.732342547530468 ], [ 82.458878881638228, -22.559492563100989 ], [ 83.258582998037454, -22.89487793059925 ], [ 84.337008543081353, -22.859146037917192 ], [ 86.530216458319842, -23.661838440116917 ], [ 88.33558315810518, -25.602459553896757 ], [ 89.024446419870003, -26.799511620697583 ], [ 88.422788668475278, -23.865312704224603 ], [ 87.025264937935589, -21.809554617549392 ], [ 86.017894057538626, -20.978014479191469 ], [ 80.891919132083132, -19.543545280143199 ] ] ] } },
{ "type": "Feature", "properties": { }, "geometry": { "type": "Polygon", "coordinates": [ [ [ 102.90780015781705, 15.901467605729874 ], [ 102.158104083070299, 15.264686701039263 ], [ 102.540900022349149, 14.55444842170939 ], [ 101.986391055159686, 12.839867634059654 ], [ 102.25195095038282, 10.147035477813679 ], [ 101.801128289141715, 9.981228413081269 ], [ 102.45213961245372, 7.734403956684151 ], [ 104.393097815251025, 6.54465732820794 ], [ 106.462466040082532, 8.657294696463733 ], [ 107.42132526745786, 9.111823333645528 ], [ 107.320726612693932, 9.89102150174987 ], [ 106.371562041822727, 13.357444071948988 ], [ 105.284809701433261, 15.636133913358625 ], [ 103.67063291560163, 17.276662875825519 ], [ 102.90780015781705, 15.901467605729874 ] ] ] } },
{ "type": "Feature", "properties": { }, "geometry": { "type": "Polygon", "coordinates": [ [ [ 107.049777364072384, 14.109936364932324 ], [ 106.469792242996419, 13.323115801754081 ], [ 106.42943607588353, 12.467456837603679 ], [ 105.850853795643133, 12.415102888237689 ], [ 106.672702086050549, 7.560090175278098 ], [ 108.561809287424168, 5.95367951687299 ], [ 109.722741541057374, 4.322541937322291 ], [ 109.570284937970115, 6.729496294231005 ], [ 108.419849402075386, 7.507600498358904 ], [ 108.666170371532473, 9.650900583559233 ], [ 108.011924685489831, 10.866958333720353 ], [ 107.887550491398684, 12.312919310484711 ], [ 107.049777364072384, 14.109936364932324 ] ] ] } },
{ "type": "Feature", "properties": { }, "geometry": { "type": "Polygon", "coordinates": [ [ [ 12.881301145552047, 58.326304748744974 ], [ 13.027090783031072, 57.527447061239457 ], [ 11.942163097134818, 56.54530193531383 ], [ 21.454263494866119, 56.633879607214489 ], [ 24.11439169903009, 55.781037060351302 ], [ 24.839454277714179, 56.102317550739016 ], [ 27.535052690402573, 55.729582266923735 ], [ 31.832735134810495, 55.967436576530808 ], [ 33.158840300788682, 56.398079754496663 ], [ 38.812033168194816, 55.482394382466893 ], [ 42.137831505530016, 55.704373341589694 ], [ 48.990422660002558, 57.127414291047387 ], [ 57.733817128225141, 57.259207703863829 ], [ 60.109333524389207, 58.212996012721554 ], [ 64.439689939227534, 59.036703869924459 ], [ 66.861280474164516, 60.06263221346142 ], [ 63.872477347906546, 61.922807350303529 ], [ 61.966656778215253, 60.615856139451566 ], [ 58.232491570330097, 59.27146852786192 ], [ 52.972479906426372, 58.940621186488322 ], [ 50.136810100410131, 59.697931303480779 ], [ 46.559321961876691, 61.457546830952502 ], [ 24.210313164596293, 58.123134882661894 ], [ 21.403647534064564, 57.913967825154707 ], [ 19.805009043211655, 58.14448267838101 ], [ 17.28377009125882, 59.971097350045227 ], [ 12.881301145552047, 58.326304748744974 ] ] ] } },
{ "type": "Feature", "properties": { }, "geometry": { "type": "Polygon", "coordinates": [ [ [ 9.988896100337065, 55.755799177175575 ], [ 8.48728494686948, 55.263100221845356 ], [ 10.20449693834693, 54.317921082502345 ], [ 10.71845221373661, 53.542241452886714 ], [ 11.924671770019748, 52.794206507163956 ], [ 14.682459614694054, 51.723880115430894 ], [ 18.233897529314326, 50.674671362810457 ], [ 20.201638491795222, 51.339556769152132 ], [ 20.827280625293714, 52.140716052795725 ], [ 20.532864757175535, 52.677822201521053 ], [ 18.898786794729116, 52.248164242564101 ], [ 16.719832726286828, 52.495028215598943 ], [ 13.47529074919564, 53.697827039914685 ], [ 11.073372989256704, 55.352527750370335 ], [ 9.988896100337065, 55.755799177175575 ] ] ] } },
{ "type": "Feature", "properties": { }, "geometry": { "type": "Polygon", "coordinates": [ [ [ 11.942163097134818, 56.54530193531383 ], [ 9.39198140207009, 55.326170503004313 ], [ 10.44679036484621, 54.907851924852707 ], [ 12.754438826772788, 53.22058020213359 ], [ 17.190961878741067, 51.708692262641648 ], [ 18.418251583153012, 51.748787442097218 ], [ 19.48672660841051, 52.219841865111583 ], [ 22.933857449215143, 55.249345932956153 ], [ 24.815159700683743, 55.227954220312647 ], [ 24.351318870150887, 55.934839144177786 ], [ 24.11439169903009, 55.781037060351302 ], [ 21.454263494866119, 56.633879607214489 ], [ 11.942163097134818, 56.54530193531383 ] ] ] } },
{ "type": "Feature", "properties": { }, "geometry": { "type": "Polygon", "coordinates": [ [ [ 7.27145434768871, 54.455408407950067 ], [ 0.655142483402818, 53.33322051293154 ], [ -0.153773535234583, 52.96634099409134 ], [ 2.746534742268704, 53.210885437262348 ], [ 5.644574854342344, 52.466513584374766 ], [ 5.727946228406981, 50.636710752076453 ], [ 3.702060106600351, 49.222664600783297 ], [ 9.149847606796596, 47.109914500448191 ], [ 10.231678821602326, 45.953148178460694 ], [ 9.345509765584644, 41.796645776728823 ], [ 9.736284001261804, 40.968530624922508 ], [ 16.239535890866989, 43.264640848029941 ], [ 16.988685322292358, 43.910644488030577 ], [ 19.998743375551278, 45.064670500280755 ], [ 22.905736798616857, 46.549958612528251 ], [ 29.992555326748032, 51.096687090354017 ], [ 25.138910545013218, 54.152304149794908 ], [ 22.509340836680959, 54.772444973165882 ], [ 18.447515347529361, 51.552373906677481 ], [ 19.088644970998615, 51.251369811511708 ], [ 18.884408435251157, 50.522354687101384 ], [ 16.464836924109306, 49.6071500322048 ], [ 11.036136013063643, 51.519987582074016 ], [ 9.315311265990761, 52.673721010634289 ], [ 8.873564013064696, 53.462892709619979 ], [ 7.27145434768871, 54.455408407950067 ] ] ] } },
{ "type": "Feature", "properties": { }, "geometry": { "type": "Polygon", "coordinates": [ [ [ 0.5097796486033, 48.830966565936116 ], [ 4.315979800661709, 47.264256772955328 ], [ 6.9976626010144, 44.8581413040881 ], [ 5.890220693569412, 43.248306080589536 ], [ 9.353341707364562, 41.850641364281863 ], [ 10.231678821602326, 45.953148178460694 ], [ 9.149847606796596, 47.109914500448191 ], [ 5.340522600573235, 48.7192208653032 ], [ 0.755799882790268, 49.891237908773391 ], [ 0.151764886950971, 50.590574085589161 ], [ 0.5097796486033, 48.830966565936116 ] ] ] } },
{ "type": "Feature", "properties": { }, "geometry": { "type": "Polygon", "coordinates": [ [ [ 139.318021153262492, -68.055587026606531 ], [ 139.312555137629147, -67.799701489533049 ], [ 136.643544856563238, -68.380144957744733 ], [ 137.256937606948071, -69.166751513410901 ], [ 139.164346896786697, -69.837455065776581 ], [ 140.678181354564458, -69.427074085537967 ], [ 141.347812561134106, -68.868736759183946 ], [ 139.318021153262492, -68.055587026606531 ] ] ] } },
{ "type": "Feature", "properties": { }, "geometry": { "type": "Polygon", "coordinates": [ [ [ -42.578997967788922, -53.927569231086437 ], [ -50.166065315476025, -53.493086461961965 ], [ -51.34640379003136, -57.148755049318773 ], [ -52.716840942082499, -60.08486576599833 ], [ -52.469393068266015, -60.992897207553774 ], [ -52.66247280744448, -61.474050974254851 ], [ -44.065930451407901, -61.747627960748787 ], [ -39.727821415671208, -62.469031596213163 ], [ -31.737483538566824, -60.059462781370854 ], [ -32.907417804743275, -57.743813931396545 ], [ -32.452284687052035, -56.384549338644753 ], [ -33.067316662559648, -55.544014484530173 ], [ -35.845172230659266, -55.195754568936437 ], [ -37.944856360057429, -55.29254340390078 ], [ -42.578997967788922, -53.927569231086437 ] ] ] } },
{ "type": "Feature", "properties": { }, "geometry": { "type": "Polygon", "coordinates": [ [ [ -163.761815652185533, -84.405552722813411 ], [ -144.939254946210752, -84.610654147018721 ], [ -128.441253545078524, -84.113592508805496 ], [ -107.780970406230281, -81.850689638340185 ], [ -100.646387505797762, -80.525946537780996 ], [ -102.276573479032976, -80.087423681362608 ], [ -122.816892749159933, -80.809320271851306 ], [ -133.001317076785654, -80.791801040050927 ], [ -153.684127518686608, -79.867983390980754 ], [ -163.761815652185533, -84.405552722813411 ] ] ] } },
{ "type": "Feature", "properties": { }, "geometry": { "type": "MultiPolygon", "coordinates": [ [ [ [ 179.99999999, -79.778716663751979 ], [ 154.617384887560831, -77.912503442747607 ], [ 150.020685220977128, -78.561892517413654 ], [ 144.541185809285423, -78.846279723113298 ], [ 139.199244599574769, -77.670594722352135 ], [ 129.798572854846356, -78.794805860066532 ], [ 117.144575188092389, -78.658167430252348 ], [ 102.089935839107625, -77.569149346742719 ], [ 98.136480281618034, -77.917817148445025 ], [ 96.673733725045722, -78.553534713164325 ], [ 96.125284915973438, -79.451928593808987 ], [ 97.027254933988544, -81.133870008451879 ], [ 100.654202840844036, -83.59726873535439 ], [ 137.553507992029239, -86.65821875768988 ], [ 155.802081900126751, -87.642091537296636 ], [ 179.99999999, -86.618053469740559 ], [ 179.99999999, -79.778716663751979 ] ] ], [ [ [ -179.99999999, -86.618053469740559 ], [ -170.142368614954961, -85.593018578310478 ], [ -174.988537790273654, -85.344021530560738 ], [ -177.457691694314917, -84.893150458062436 ], [ -177.101629340875945, -84.623540442891098 ], [ -171.222359710038518, -84.249244229930369 ], [ -163.761815652185675, -84.405552722813539 ], [ -156.538854166447436, -81.784762527344526 ], [ -172.296455481210842, -80.799595939446945 ], [ -179.99999999, -79.778716663751979 ], [ -179.99999999, -86.618053469740559 ] ] ] ] } },
{ "type": "Feature", "properties": { }, "geometry": { "type": "Polygon", "coordinates": [ [ [ 100.536722085846321, 9.185137206863097 ], [ 98.871107640821378, 7.403354775854773 ], [ 103.107224549790473, 6.766964968478081 ], [ 103.541349632876816, 5.750870001819218 ], [ 104.52290323179281, 5.124599807950271 ], [ 105.452408816549266, 4.827827110728824 ], [ 106.859571799539893, 4.947690263041103 ], [ 106.247549326075188, 5.501484077287904 ], [ 106.234756214430888, 5.967797961197703 ], [ 104.973108186795983, 6.946168541467625 ], [ 102.651018513618112, 8.362490750826824 ], [ 100.536722085846321, 9.185137206863097 ] ] ] } },
{ "type": "Feature", "properties": { }, "geometry": { "type": "Polygon", "coordinates": [ [ [ 105.388869285455669, 4.844480590091545 ], [ 103.541349632876816, 5.750870001819218 ], [ 103.107224549790473, 6.766964968478081 ], [ 99.601911813658404, 7.43737611003221 ], [ 97.752729959558494, 7.027443643994544 ], [ 96.021960922244148, 5.745112658804941 ], [ 93.929239124066953, 4.755337350395857 ], [ 92.79072534068527, 5.170576441924112 ], [ 94.601186677818191, 3.048769599492917 ], [ 98.302513954624104, 1.409409340309834 ], [ 100.751102816624154, 2.918408686474184 ], [ 105.388869285455669, 4.844480590091545 ] ] ] } },
{ "type": "Feature", "properties": { }, "geometry": { "type": "Polygon", "coordinates": [ [ [ 99.624680677099889, 0.842444407462676 ], [ 96.98302829862574, 0.6418273496311 ], [ 99.447671818345768, -0.60257360956407 ], [ 103.05436857987462, -0.712182444374577 ], [ 99.624680677099889, 0.842444407462676 ] ] ] } },
{ "type": "Feature", "properties": { }, "geometry": { "type": "Polygon", "coordinates": [ [ [ -30.30014537846791, 49.077911702183322 ], [ -31.177691792549922, 49.642926494325607 ], [ -31.129169377628614, 47.998865492103739 ], [ -30.582868150477008, 48.462224392251819 ], [ -30.497923969779709, 47.723952147478784 ], [ -30.014882903511385, 47.070125018485903 ], [ -29.456562914077349, 46.546963540820741 ], [ -29.08430834774785, 46.721760272201678 ], [ -28.801496737912689, 46.051249036109127 ], [ -28.425217223737942, 46.620603672655541 ], [ -28.506408014305766, 47.083832621242209 ], [ -28.799671732626962, 47.620991530688272 ], [ -29.599736444993706, 47.830499172799996 ], [ -30.30014537846791, 49.077911702183322 ] ] ] } },
{ "type": "Feature", "properties": { }, "geometry": { "type": "Polygon", "coordinates": [ [ [ 104.691954961095547, 19.823430986151724 ], [ 103.555169618546074, 22.136677751532979 ], [ 105.126304522009079, 25.223559797595591 ], [ 104.848731478272128, 26.906661758242123 ], [ 102.50187972220634, 31.671745889079748 ], [ 101.171091559251153, 32.266828011616568 ], [ 101.067648517930508, 31.057441366825419 ], [ 100.154659093892249, 29.478487601279614 ], [ 97.571267660310511, 26.348581907905924 ], [ 97.229010388624587, 25.338227910762207 ], [ 98.603978447764106, 22.012893192202096 ], [ 98.79049489156786, 18.317593942606326 ], [ 100.410759915992585, 13.739265597270895 ], [ 100.446619563155807, 10.930836024792542 ], [ 102.017914936904901, 11.878776860079286 ], [ 104.022785699733703, 14.051106744063381 ], [ 104.4842346343749, 15.278363101326455 ], [ 104.212971039717331, 17.470823455255257 ], [ 104.691954961095547, 19.823430986151724 ] ] ] } },
{ "type": "Feature", "properties": { }, "geometry": { "type": "Polygon", "coordinates": [ [ [ 100.296281436425716, 9.336818000084719 ], [ 100.152101850236633, 15.051766414359474 ], [ 98.79049489156786, 18.317593942606326 ], [ 98.541873102110955, 16.814928010073075 ], [ 98.778331791102843, 10.365096293237359 ], [ 98.087875603125056, 8.950594170635368 ], [ 100.296281436425716, 9.336818000084719 ] ] ] } },
{ "type": "Feature", "properties": { }, "geometry": { "type": "Polygon", "coordinates": [ [ [ 104.93137120511382, 22.266852740106099 ], [ 103.962484607361134, 23.203913771318838 ], [ 103.555169618546074, 22.136677751532979 ], [ 104.493436501479835, 20.521688841627139 ], [ 106.020992749774805, 19.465500561032655 ], [ 106.314970639499975, 20.107209302484929 ], [ 104.93137120511382, 22.266852740106099 ] ] ] } },
{ "type": "Feature", "properties": { }, "geometry": { "type": "Polygon", "coordinates": [ [ [ 106.020992749774805, 19.465500561032655 ], [ 104.493436501479835, 20.521688841627139 ], [ 104.691954961095547, 19.823430986151724 ], [ 104.212971039717331, 17.470823455255257 ], [ 104.4842346343749, 15.278363101326455 ], [ 104.022785699733703, 14.051106744063381 ], [ 102.867996167276203, 12.691773075441059 ], [ 103.587013647304332, 11.548298607631331 ], [ 104.914010867517092, 13.270281515857645 ], [ 104.990521713987292, 14.001618485394321 ], [ 106.179075241935251, 15.644678409865454 ], [ 105.539423766443988, 17.500217171755118 ], [ 106.020992749774805, 19.465500561032655 ] ] ] } },
{ "type": "Feature", "properties": { }, "geometry": { "type": "Polygon", "coordinates": [ [ [ 101.165804573124859, 10.814631349674999 ], [ 101.852791735480565, 12.310429515289329 ], [ 99.55375953132156, 10.655243661689449 ], [ 99.408079212098443, 9.177033964199666 ], [ 101.165804573124859, 10.814631349674999 ] ] ] } },
{ "type": "Feature", "properties": { }, "geometry": { "type": "Polygon", "coordinates": [ [ [ 126.319344904087515, -34.239783651313253 ], [ 121.759826392621093, -33.529994017987235 ], [ 120.891424517974869, -33.975954657986229 ], [ 120.346897346573755, -34.902349304443078 ], [ 120.939893827289978, -35.661863252494939 ], [ 122.160469256505635, -36.134977205827539 ], [ 122.891393369211514, -37.583584156734524 ], [ 122.210153056113512, -38.100346382007139 ], [ 122.341196105578661, -38.451453210379071 ], [ 123.572557150632989, -38.892067394219296 ], [ 123.823048746816937, -39.363502224446556 ], [ 129.190027683154028, -41.052647940360821 ], [ 132.656111427952368, -41.133034975545478 ], [ 135.450372122859449, -40.685905108765276 ], [ 135.168558337309094, -39.371082403329041 ], [ 134.38440534767895, -38.684697069821411 ], [ 134.371007355696406, -38.069208813285293 ], [ 133.312790409383155, -37.145371279586811 ], [ 129.084173433206928, -35.64415711748407 ], [ 126.319344904087515, -34.239783651313253 ] ] ] } },
{ "type": "Feature", "properties": { }, "geometry": { "type": "Polygon", "coordinates": [ [ [ 21.929910318164268, 7.951884773480002 ], [ 21.622310068831855, 8.724404407443638 ], [ 19.585751305775727, 8.365695041660365 ], [ 18.517246202061798, 6.999929018341907 ], [ 19.499213961705486, 6.18427126541207 ], [ 20.526090525080775, 5.937026869266926 ], [ 20.88327209685237, 7.05187758044838 ], [ 21.929910318164268, 7.951884773480002 ] ] ] } },
{ "type": "Feature", "properties": { }, "geometry": { "type": "Polygon", "coordinates": [ [ [ 20.930763594986463, 6.523960066894566 ], [ 22.253403244544558, 6.129301366726693 ], [ 22.30618043756547, 8.731820208772138 ], [ 21.484343885676065, 9.343299648327822 ], [ 21.367991198012135, 8.769790195655156 ], [ 20.864259703729925, 8.667059086266041 ], [ 20.778922831490693, 9.321794841840287 ], [ 21.05155737216797, 9.62798161760724 ], [ 20.521496803896639, 9.983249052277319 ], [ 20.328637374359293, 9.053561944562453 ], [ 20.589765795146239, 8.149764415663622 ], [ 20.107787460626803, 7.636023679626047 ], [ 20.930763594986463, 6.523960066894566 ] ] ] } },
{ "type": "Feature", "properties": { }, "geometry": { "type": "Polygon", "coordinates": [ [ [ 26.792198237826263, 2.543875983663753 ], [ 27.645146615277682, 0.680752056319014 ], [ 29.368718974140375, -0.941835309266018 ], [ 30.383228147312291, -0.277678938869983 ], [ 28.341494827944011, 1.486369507316609 ], [ 28.025686111384353, 2.425055856726896 ], [ 26.792198237826263, 2.543875983663753 ] ] ] } },
{ "type": "Feature", "properties": { }, "geometry": { "type": "Polygon", "coordinates": [ [ [ 30.785250346218568, -0.412748080109168 ], [ 30.584529933074855, -0.052826583868594 ], [ 29.405030867192014, -0.758099660185631 ], [ 30.880199765331323, -2.587215071582195 ], [ 31.926872855113707, -3.021268585136365 ], [ 32.141027712649709, -2.292140191596428 ], [ 34.105187213988984, -2.138380319957023 ], [ 33.647799774747625, -0.62129644751063 ], [ 33.218902718954311, -1.272097285946429 ], [ 30.785250346218568, -0.412748080109168 ] ] ] } },
{ "type": "Feature", "properties": { }, "geometry": { "type": "Polygon", "coordinates": [ [ [ 29.821097305914986, -1.317874354152907 ], [ 31.563552910905265, -2.955484127666753 ], [ 31.931628600684185, -2.349948455882994 ], [ 30.506980061395719, -0.990539095791086 ], [ 29.965925044117046, -1.11895439020394 ], [ 29.821097305914986, -1.317874354152907 ] ] ] } },
{ "type": "Feature", "properties": { }, "geometry": { "type": "Polygon", "coordinates": [ [ [ 37.110048847990754, -1.393431642800865 ], [ 33.721513046040521, -0.484134723739992 ], [ 32.427769922682351, -1.109501793575473 ], [ 31.141512136312588, -1.183348697824283 ], [ 29.978126385596816, -4.128259362604165 ], [ 30.905343879693113, -4.490237090844315 ], [ 32.296933599109899, -4.41835965000238 ], [ 33.115891880606661, -3.378912842712365 ], [ 33.878270560871023, -3.982812220641418 ], [ 34.783907635866186, -4.071703626021998 ], [ 35.282532171409493, -5.457388832107402 ], [ 36.680849834841155, -5.666517864074296 ], [ 39.639240300241255, -4.441278866014003 ], [ 42.619122254188888, -3.672898781010349 ], [ 41.621640532572442, -2.889306607740001 ], [ 39.040974467491708, -3.250035016209202 ], [ 38.206491317476662, -2.9990927915373 ], [ 37.303662201809693, -2.239414305775461 ], [ 37.110048847990754, -1.393431642800865 ] ] ] } },
{ "type": "Feature", "properties": { }, "geometry": { "type": "Polygon", "coordinates": [ [ [ 41.621522010821067, -1.98186419593529 ], [ 39.596842250337119, -0.480188154031715 ], [ 37.051074647577813, -0.683511303262156 ], [ 37.281674246231304, -1.520158711235558 ], [ 38.2165429108572, -2.239512672884093 ], [ 39.060666062298772, -2.453792009260211 ], [ 41.621522010821067, -1.98186419593529 ] ] ] } },
{ "type": "Feature", "properties": { }, "geometry": { "type": "Polygon", "coordinates": [ [ [ 51.319377869484406, 20.39761746957592 ], [ 49.523432703410897, 20.221807835480675 ], [ 48.372025239780506, 19.556963099953645 ], [ 46.435282212897349, 19.102704503048972 ], [ 41.882746393214404, 18.63603440230974 ], [ 45.602747627773375, 17.363314548647939 ], [ 47.015238326590868, 17.441172664671409 ], [ 51.525336636271938, 16.842675030642592 ], [ 54.87875376484925, 18.457208103915587 ], [ 51.319377869484406, 20.39761746957592 ] ] ] } },
{ "type": "Feature", "properties": { }, "geometry": { "type": "Polygon", "coordinates": [ [ [ 50.366046752999203, 33.113033302120549 ], [ 43.151768215680399, 30.477345747557354 ], [ 41.95941502493055, 28.02868912834364 ], [ 38.499227903063762, 26.016844267655095 ], [ 42.683036444451005, 26.528587215467777 ], [ 46.583863352658753, 29.151834157350759 ], [ 48.124444320236186, 30.478413905244434 ], [ 48.813057166711047, 31.603676556991783 ], [ 50.419134989598788, 32.594542061177698 ], [ 50.366046752999203, 33.113033302120549 ] ] ] } },
{ "type": "Feature", "properties": { }, "geometry": { "type": "Polygon", "coordinates": [ [ [ 44.89671200525823, 17.643006267546774 ], [ 43.390539499503468, 17.594207676178467 ], [ 40.690851427890351, 16.446736089545006 ], [ 38.274643161246892, 16.379275463680578 ], [ 35.822442347156787, 15.031087164973245 ], [ 37.323973584736862, 12.718491563488758 ], [ 37.383083219280316, 13.153369926545382 ], [ 38.444246270783708, 13.924679902369494 ], [ 39.207575929873343, 15.15699396146532 ], [ 42.860244457178872, 16.302960010880476 ], [ 44.89671200525823, 17.643006267546774 ] ] ] } },
{ "type": "Feature", "properties": { }, "geometry": { "type": "Polygon", "coordinates": [ [ [ 41.86168930050323, 18.643537067485202 ], [ 37.804884775232274, 18.339073104064042 ], [ 37.600250355126711, 17.778352724956317 ], [ 39.290063450085725, 16.489265033833433 ], [ 40.690851427890351, 16.446736089545006 ], [ 43.390539499503468, 17.594207676178467 ], [ 44.586083666860318, 17.688897592234571 ], [ 41.86168930050323, 18.643537067485202 ] ] ] } },
{ "type": "Feature", "properties": { }, "geometry": { "type": "Polygon", "coordinates": [ [ [ 9.353341707364562, 41.850641364281863 ], [ 3.327724956244528, 44.129735544118596 ], [ -0.393085624795576, 45.234290613092064 ], [ -0.46067522401818, 44.91875644366548 ], [ 0.771234069038181, 43.364783598058466 ], [ 6.291683816714077, 42.557162035882705 ], [ 8.150940399806272, 41.432181542824956 ], [ 8.665961854745385, 40.632706642135311 ], [ 10.177906969899341, 40.00899694713771 ], [ 9.353341707364562, 41.850641364281863 ] ] ] } },
{ "type": "Feature", "properties": { }, "geometry": { "type": "Polygon", "coordinates": [ [ [ 57.433023846337697, -9.356656695344904 ], [ 57.368848958311929, -7.830363063656611 ], [ 55.158344126348631, -6.799210746991835 ], [ 53.996422619405458, -5.622173602645832 ], [ 53.452003954097947, -4.533610599278972 ], [ 53.17432844343265, -2.398868729098701 ], [ 49.453788234441141, 0.278414905355181 ], [ 48.716149181933758, 2.020780380231802 ], [ 46.481772683025817, 1.925877845491567 ], [ 47.136920030612792, 0.081472028990293 ], [ 49.13582104869672, -3.020516655857708 ], [ 51.119947577996662, -3.937345797976339 ], [ 53.448220640505056, -6.683215424304442 ], [ 57.064729397854414, -8.849150295578859 ], [ 57.433023846337697, -9.356656695344904 ] ] ] } },
{ "type": "Feature", "properties": { }, "geometry": { "type": "Polygon", "coordinates": [ [ [ 52.227686934144209, 0.03044457806399 ], [ 50.578725197595318, 0.986078326196963 ], [ 50.160115218163284, 2.101808770459564 ], [ 48.716149181933758, 2.020780380231802 ], [ 49.453788234441141, 0.278414905355181 ], [ 53.17432844343265, -2.398868729098701 ], [ 54.236508893519257, -1.966995547702407 ], [ 54.488031120744154, -1.413864255390189 ], [ 56.37039031567955, -0.739143345294376 ], [ 55.951439318137538, -0.225418230814851 ], [ 57.590517514246024, -0.121248570158509 ], [ 57.088485646409069, 0.679475300274679 ], [ 56.63785031653029, 0.748558762059535 ], [ 54.130751590646462, 0.135415775542243 ], [ 52.227686934144209, 0.03044457806399 ] ] ] } },
{ "type": "Feature", "properties": { }, "geometry": { "type": "Polygon", "coordinates": [ [ [ 10.680920777092766, 26.026238317957397 ], [ 11.089657299301209, 27.129342830261368 ], [ 7.298978316704569, 26.012019171277167 ], [ 6.563162679911636, 25.050831998757868 ], [ 6.324662839333633, 24.135101295547656 ], [ 5.631760096751081, 23.326388739125154 ], [ 4.770416146504787, 22.896366829279078 ], [ 4.36841266504726, 22.189941006388722 ], [ 3.027039538570052, 17.798845959701897 ], [ 4.578052343672201, 15.784329157336485 ], [ 5.542439641662529, 15.371866110434301 ], [ 6.252022206861441, 15.791077690526306 ], [ 7.119165815134788, 15.665348370846573 ], [ 9.530545372731309, 13.772609633878162 ], [ 10.659760256710927, 16.108534292212354 ], [ 9.65700368067411, 18.319929495559496 ], [ 9.614544175079594, 18.990277017405024 ], [ 10.08426733094938, 20.018678820540551 ], [ 8.683098235546694, 22.943896467071763 ], [ 9.558809664499087, 24.905981068443516 ], [ 10.680920777092766, 26.026238317957397 ] ] ] } },
{ "type": "Feature", "properties": { }, "geometry": { "type": "Polygon", "coordinates": [ [ [ 77.596448782534083, -50.245322330006914 ], [ 77.516073568953217, -51.215828983909923 ], [ 78.143985429432959, -51.71301150677867 ], [ 78.578363756216817, -50.408676013979736 ], [ 77.785844440980441, -48.832574233900928 ], [ 75.312626615035228, -48.711757676109734 ], [ 69.120843901109552, -46.243038457728673 ], [ 65.837357606507055, -43.698994185745953 ], [ 64.191561087426578, -40.972806926128854 ], [ 63.953386007089335, -36.18405327312685 ], [ 62.795321286273975, -34.750378421069335 ], [ 63.447459264960692, -34.021910502021051 ], [ 62.076728686654981, -33.644694006121703 ], [ 62.221945572499429, -33.077519984347369 ], [ 61.987194344746669, -32.905100693007583 ], [ 61.372206106445717, -33.011932285635531 ], [ 59.868878603082102, -32.271171976530468 ], [ 60.849496159136265, -32.99507246624831 ], [ 61.042880306464177, -33.8977062851149 ], [ 61.660472494134837, -33.586161151723211 ], [ 61.864280148308588, -33.7638967977432 ], [ 61.420931189588231, -35.343557370916578 ], [ 61.775739591548358, -36.31548177090756 ], [ 61.419904609594575, -38.374665533332383 ], [ 61.65954683586731, -39.005592257945466 ], [ 61.146408122886477, -39.862422769063592 ], [ 61.307965234122676, -40.79901811376287 ], [ 63.933677730290341, -44.625823971782928 ], [ 64.530497856015216, -45.045825695963877 ], [ 65.172609719865179, -46.586239799782533 ], [ 68.885437861107832, -48.870233718858188 ], [ 74.188701975503548, -50.222094875549629 ], [ 75.273523229166102, -50.059944039763941 ], [ 76.404747151358023, -49.373430094793932 ], [ 77.596448782534083, -50.245322330006914 ] ] ] } },
{ "type": "Feature", "properties": { }, "geometry": { "type": "Polygon", "coordinates": [ [ [ 26.96194344393324, 22.048938862604402 ], [ 25.191329913613419, 22.144315385500917 ], [ 22.744898215286163, 19.212523522819595 ], [ 21.155808951807302, 18.382273979774805 ], [ 24.181285066101299, 17.641130621601356 ], [ 25.632318969092239, 20.084672075486981 ], [ 26.878216235172339, 21.008470264347189 ], [ 28.215513385900245, 22.514767410321554 ], [ 26.96194344393324, 22.048938862604402 ] ] ] } },
{ "type": "Feature", "properties": { }, "geometry": { "type": "Polygon", "coordinates": [ [ [ 20.229220498158274, 18.650437119166657 ], [ 19.01122399114821, 18.372022790258285 ], [ 18.191160053028316, 18.558575840846228 ], [ 17.088049915962884, 17.972318316796859 ], [ 13.133010030562975, 14.726890802487242 ], [ 12.390976348428257, 13.686107440500187 ], [ 12.137845428231552, 12.61498743013424 ], [ 12.857009732674292, 12.407586408407202 ], [ 16.508141227145153, 12.621323592495825 ], [ 17.103738308813352, 12.172693532394364 ], [ 17.030533924799062, 11.649831347620079 ], [ 17.571301751511978, 12.020928932370419 ], [ 21.470614157550049, 12.166648270523369 ], [ 23.92767966772557, 13.257694416069461 ], [ 25.475511494774587, 12.939364091524656 ], [ 25.687080195183565, 13.295083803131032 ], [ 25.26531125797079, 13.859921917426709 ], [ 25.358696370362249, 14.413166666172454 ], [ 25.926244092157237, 14.399471823692426 ], [ 26.345800661043729, 15.426149386151696 ], [ 25.35006879216548, 15.119035705978211 ], [ 25.335277760552945, 15.609642651258689 ], [ 24.900671789481638, 14.948044392670152 ], [ 24.183232785165046, 15.919574857704115 ], [ 24.181285066101299, 17.641130621601356 ], [ 20.229220498158274, 18.650437119166657 ] ] ] } },
{ "type": "Feature", "properties": { }, "geometry": { "type": "Polygon", "coordinates": [ [ [ 28.162958118534696, 24.101715107242121 ], [ 27.315280427035837, 24.557718515913585 ], [ 26.05029586379003, 24.371634122193026 ], [ 25.191329913613419, 22.144315385500917 ], [ 25.978663783184878, 21.908090663254622 ], [ 28.098096114260272, 22.399434444611682 ], [ 28.162958118534696, 24.101715107242121 ] ] ] } },
{ "type": "Feature", "properties": { }, "geometry": { "type": "Polygon", "coordinates": [ [ [ -14.294455625521499, -46.493445236324312 ], [ -16.183262254371325, -45.427908191824493 ], [ -26.855972742611861, -42.491016701108954 ], [ -34.692706784551618, -39.257651580929412 ], [ -37.178885263815339, -46.542813064449469 ], [ -38.520181552383761, -49.510282315106465 ], [ -36.926718182259691, -50.238125241547124 ], [ -36.653110074239102, -49.592997606973178 ], [ -32.292533934045892, -50.595171684609575 ], [ -24.194812844503495, -54.372557453175276 ], [ -23.765183648570041, -54.893560739476861 ], [ -22.675901053182208, -53.939962702891961 ], [ -22.524383903610278, -53.558505312411647 ], [ -22.860274542392748, -53.305125699544703 ], [ -22.624116509366914, -52.95314907150324 ], [ -21.958553488394589, -52.844014561188082 ], [ -20.580475440669208, -51.401652741110631 ], [ -19.886968798288745, -51.167486488560357 ], [ -17.758303597611711, -48.632918193211978 ], [ -16.027416868438852, -47.643799082684609 ], [ -15.012071209190685, -47.491157122848705 ], [ -14.294455625521499, -46.493445236324312 ] ] ] } },
{ "type": "Feature", "properties": { }, "geometry": { "type": "Polygon", "coordinates": [ [ [ 11.686516786166557, 5.506198309883821 ], [ 11.658699498392759, 5.812458612020981 ], [ 10.894640620705241, 6.135066899072084 ], [ 8.830347261085132, 6.370369614451341 ], [ 8.118499592176985, 6.128549968021353 ], [ 12.141819847087355, 4.391571117292617 ], [ 12.829139958727536, 4.372793554231737 ], [ 13.990272751811156, 3.352602342656537 ], [ 14.403745561107561, 3.362927335629916 ], [ 13.918998729350067, 4.149344750635706 ], [ 11.686516786166557, 5.506198309883821 ] ] ] } },
{ "type": "Feature", "properties": { }, "geometry": { "type": "Polygon", "coordinates": [ [ [ 5.727476636864589, 9.059331866461877 ], [ 4.589260787225674, 9.581324005801976 ], [ 5.221203490744729, 8.729749276634424 ], [ 4.721435544178969, 8.180568592169768 ], [ 3.219620048121935, 9.21180044393968 ], [ 2.465287951039266, 9.065834861278189 ], [ 5.837278890913224, 6.436173829037555 ], [ 7.227183791781619, 6.466550876414273 ], [ 8.117391936931282, 6.126461170575905 ], [ 8.228920195738542, 6.336576998006858 ], [ 7.555137435541623, 6.972989670719397 ], [ 6.542961479227718, 7.010065365821238 ], [ 5.816626558128171, 7.497925808510908 ], [ 5.727476636864589, 9.059331866461877 ] ] ] } },
{ "type": "Feature", "properties": { }, "geometry": { "type": "Polygon", "coordinates": [ [ [ 44.810570909485655, 35.367904086196177 ], [ 47.395957362022251, 36.045663806071808 ], [ 49.089265057761686, 37.157422445772575 ], [ 48.971832164596748, 37.857405605330477 ], [ 44.810570909485655, 35.367904086196177 ] ] ] } },
{ "type": "Feature", "properties": { }, "geometry": { "type": "Polygon", "coordinates": [ [ [ 26.971338354364136, 25.910261758478832 ], [ 25.409847443648992, 25.248554738513768 ], [ 24.609375722115036, 24.471535567578762 ], [ 22.52459176864356, 20.031917528508664 ], [ 20.229220498158274, 18.650437119166657 ], [ 21.155808951807302, 18.382273979774805 ], [ 22.187242632643642, 18.757851143415966 ], [ 23.755247090902774, 20.188806088750262 ], [ 25.033583082262595, 21.794301468579746 ], [ 26.05029586379003, 24.371634122193026 ], [ 27.315280427035837, 24.557718515913585 ], [ 28.162958118534696, 24.101715107242121 ], [ 27.744642922552551, 25.115084761870332 ], [ 26.971338354364136, 25.910261758478832 ] ] ] } },
{ "type": "Feature", "properties": { }, "geometry": { "type": "Polygon", "coordinates": [ [ [ -18.323112591298877, 48.680590006382921 ], [ -17.683173237148441, 48.69037952998633 ], [ -18.427429010013501, 50.412035874837727 ], [ -20.783636043845505, 51.14962423703065 ], [ -21.208202890379102, 51.618437615648133 ], [ -20.04425114222262, 52.508538072289468 ], [ -23.117870433848744, 52.27253707486058 ], [ -23.68358401344214, 49.77022913460997 ], [ -25.719735222253348, 46.899370901067897 ], [ -25.107449466391163, 45.340860440253863 ], [ -26.37661890100809, 42.28865410392406 ], [ -24.048152104219973, 42.04739938456413 ], [ -22.582332710850793, 46.555741377277123 ], [ -18.323112591298877, 48.680590006382921 ] ] ] } },
{ "type": "Feature", "properties": { }, "geometry": { "type": "Polygon", "coordinates": [ [ [ -33.18307157007532, 40.284526302267302 ], [ -32.258158854543538, 42.309004745653745 ], [ -30.774021562180675, 43.401805144708121 ], [ -30.617366854905441, 44.180124472672794 ], [ -31.729179979626416, 43.85068919349235 ], [ -32.402057277394192, 44.002786813753097 ], [ -33.88637766891798, 44.799956562157547 ], [ -35.765385976407359, 46.653957305688415 ], [ -35.69683596860969, 46.289337461850664 ], [ -36.351940962245045, 46.018257093837896 ], [ -38.025680720523624, 46.796425379697716 ], [ -36.407778252331219, 44.117280505134296 ], [ -36.350019398493188, 42.893944395062185 ], [ -33.769808708826041, 41.070411782631375 ], [ -33.18307157007532, 40.284526302267302 ] ] ] } },
{ "type": "Feature", "properties": { }, "geometry": { "type": "Polygon", "coordinates": [ [ [ -38.723921961602478, 12.260340977781583 ], [ -35.721807826685939, 15.542998925563301 ], [ -36.148173695355837, 16.42820100386345 ], [ -38.821724294140722, 16.202239162678904 ], [ -40.441822733799064, 16.565850487961363 ], [ -43.058611443595829, 17.826769738036688 ], [ -44.337677508630513, 19.017322713013318 ], [ -45.758562748620719, 18.336413563652016 ], [ -45.838601402929974, 17.692922806017403 ], [ -44.894193475016792, 16.415256320717894 ], [ -44.856628672286035, 12.745312461870085 ], [ -45.507657379368858, 11.274227582860307 ], [ -44.443715724300667, 11.303631878869936 ], [ -43.095019615521316, 10.529616826073628 ], [ -42.485793420878771, 8.733410489029986 ], [ -41.898381879918759, 8.14208938936337 ], [ -41.837113839103736, 9.199823608770039 ], [ -40.398692569463655, 11.525650700188693 ], [ -38.723921961602478, 12.260340977781583 ] ] ] } },
{ "type": "Feature", "properties": { }, "geometry": { "type": "Polygon", "coordinates": [ [ [ -36.267774293475647, 17.144993528949392 ], [ -35.071294201081329, 14.536841578475858 ], [ -34.220948312938141, 14.053646589106856 ], [ -34.803788672044561, 16.680622734028475 ], [ -34.620236699244188, 18.671434791184151 ], [ -36.171567378186658, 17.809255955577189 ], [ -36.267774293475647, 17.144993528949392 ] ] ] } },
{ "type": "Feature", "properties": { }, "geometry": { "type": "Polygon", "coordinates": [ [ [ -40.675883552659414, 7.059020608564189 ], [ -42.029756817025707, 8.586241468747646 ], [ -42.641551807238976, 10.381511031657189 ], [ -44.30623202155099, 11.239072621946745 ], [ -45.294515977231988, 11.051039328755161 ], [ -44.038281382968442, 8.867216648072525 ], [ -44.045963468800181, 6.190193948751531 ], [ -42.844691628238529, 5.510994975537129 ], [ -42.013244973148993, 3.118487363209885 ], [ -37.635447859116532, -3.106829303093274 ], [ -37.711285091260009, -1.825996885462545 ], [ -36.81489785504241, 1.15490908380291 ], [ -36.826136805291057, 2.130435417170304 ], [ -38.143749701880914, 4.26421944782377 ], [ -40.168525558885676, 5.466037812561178 ], [ -40.675883552659414, 7.059020608564189 ] ] ] } },
{ "type": "Feature", "properties": { }, "geometry": { "type": "Polygon", "coordinates": [ [ [ -35.071294201081329, 14.536841578475858 ], [ -35.28144210535546, 15.407287005130778 ], [ -38.070657861056063, 12.288213952542698 ], [ -39.948190898587832, 11.381805144507645 ], [ -41.382084341648522, 9.053667441059011 ], [ -41.513754136149032, 8.198172869403873 ], [ -40.675883552659414, 7.059020608564189 ], [ -40.168525558885676, 5.466037812561178 ], [ -38.143749701880914, 4.26421944782377 ], [ -37.587823649441823, 5.767860707233156 ], [ -34.549348044777339, 8.442813574937333 ], [ -34.153008824380173, 13.535098665568697 ], [ -34.220948312938141, 14.053646589106856 ], [ -35.071294201081329, 14.536841578475858 ] ] ] } },
{ "type": "Feature", "properties": { }, "geometry": { "type": "Polygon", "coordinates": [ [ [ -44.516853890478089, 12.063542733070312 ], [ -44.44881218716781, 16.264482226354524 ], [ -45.448353348836179, 17.783094650945849 ], [ -45.315458137925745, 18.184411620987376 ], [ -43.896918802351834, 18.867352922798037 ], [ -45.505267496536007, 20.380850550149852 ], [ -46.566118125369059, 18.489990300818398 ], [ -46.712731093457023, 15.983780624087579 ], [ -46.144857057393942, 12.707273001076617 ], [ -45.294515977231988, 11.051039328755161 ], [ -44.516853890478089, 12.063542733070312 ] ] ] } },
{ "type": "Feature", "properties": { }, "geometry": { "type": "Polygon", "coordinates": [ [ [ -35.696425738855979, 50.4640418810867 ], [ -33.867673630309632, 49.030289220660599 ], [ -32.083380275941892, 48.307181052843859 ], [ -33.446663054418678, 49.628107858485265 ], [ -35.696425738855979, 50.4640418810867 ] ] ] } },
{ "type": "Feature", "properties": { }, "geometry": { "type": "Polygon", "coordinates": [ [ [ 175.992955514205534, -78.924736970150661 ], [ 174.817724714781235, -78.665555353224519 ], [ 169.913178612746833, -78.444099877854725 ], [ 173.740680768930275, -79.263922608292631 ], [ 175.992955514205534, -78.924736970150661 ] ] ] } },
{ "type": "Feature", "properties": { }, "geometry": { "type": "Polygon", "coordinates": [ [ [ -48.5861597873213, -18.768168023267805 ], [ -47.53781751580815, -17.510604352076808 ], [ -46.003284622681441, -15.213794923143714 ], [ -48.396018619424503, -16.799338587753855 ], [ -48.5861597873213, -18.768168023267805 ] ] ] } },
{ "type": "Feature", "properties": { }, "geometry": { "type": "Polygon", "coordinates": [ [ [ -30.582868150477008, 48.462224392251819 ], [ -31.13520050677322, 47.952078616694536 ], [ -30.594848133006888, 46.275929331797293 ], [ -30.103245827034378, 47.219095244157899 ], [ -30.582868150477008, 48.462224392251819 ] ] ] } },
{ "type": "Feature", "properties": { }, "geometry": { "type": "Polygon", "coordinates": [ [ [ 86.712671021853524, 0.202992853199844 ], [ 84.40045783125538, 1.893894874950881 ], [ 86.290996343497142, -0.147775734033763 ], [ 87.915550679983738, -1.35831307610184 ], [ 89.415402296624151, -4.170729274231197 ], [ 90.039725398536874, -4.669432469587085 ], [ 92.649785181363001, -5.280399223714763 ], [ 90.978958217646053, -3.993295775949542 ], [ 90.509409435816764, -2.666378572252726 ], [ 89.187697872933455, -0.954803538613009 ], [ 88.270394319963245, -0.227968204938897 ], [ 86.712671021853524, 0.202992853199844 ] ] ] } },
{ "type": "Feature", "properties": { }, "geometry": { "type": "Polygon", "coordinates": [ [ [ 99.894266772112587, -20.737124932810993 ], [ 97.593728338475415, -24.990743726823855 ], [ 96.366520509111254, -25.921482415890139 ], [ 103.356422646148303, -23.563444281981781 ], [ 107.114603236908565, -21.67386100569804 ], [ 108.834893316464687, -22.303146383960964 ], [ 108.317322974234401, -20.480214844133037 ], [ 106.700844631545493, -20.939394675699283 ], [ 105.651755534420971, -20.601069157769608 ], [ 100.441523616317298, -20.619860388023525 ], [ 99.894266772112587, -20.737124932810993 ] ] ] } },
{ "type": "Feature", "properties": { }, "geometry": { "type": "Polygon", "coordinates": [ [ [ 97.277882827533745, 9.019776175106049 ], [ 92.036843224098021, 6.985993097678955 ], [ 93.621093364551868, 6.435575625971829 ], [ 100.258431094278663, 9.438936721245723 ], [ 97.277882827533745, 9.019776175106049 ] ] ] } },
{ "type": "Feature", "properties": { }, "geometry": { "type": "Polygon", "coordinates": [ [ [ -27.106827322922513, 51.028840097915264 ], [ -28.116533191116272, 48.993714034770903 ], [ -27.981516802334035, 46.201108028225498 ], [ -28.546006434039739, 45.989737609138992 ], [ -27.630945539864246, 45.304746555576166 ], [ -27.248190797335109, 45.374145531267793 ], [ -27.130041613247283, 45.764939002908484 ], [ -27.646608884096931, 47.413873857099325 ], [ -27.351140050349461, 49.010521663708751 ], [ -26.360424982011029, 50.244194605193108 ], [ -27.106827322922513, 51.028840097915264 ] ] ] } },
{ "type": "Feature", "properties": { }, "geometry": { "type": "Polygon", "coordinates": [ [ [ 9.493957597293882, 15.377641135287119 ], [ 7.655586378792009, 15.647519029253967 ], [ 2.07038150307293, 11.875279088237994 ], [ -3.012903072469914, 10.746462523895552 ], [ -8.197027017639753, 6.73353152374915 ], [ -8.966583922652235, 4.943705534813196 ], [ -9.131851055142528, 3.53063583983142 ], [ -6.255651680542363, 3.922015248339652 ], [ -5.197367337464126, 3.626067092103939 ], [ -2.955766274192215, 5.757594819652677 ], [ -0.025239782881033, 5.434871708477289 ], [ 1.512137483126898, 7.17683672462859 ], [ 3.680333647018224, 8.023909785795789 ], [ 5.371703143821204, 7.585768305007442 ], [ 8.002021584942916, 6.29016617653867 ], [ 8.720540694258174, 6.49995559608228 ], [ 9.693231142699386, 6.022191220179683 ], [ 10.661708874739631, 7.863543473568663 ], [ 10.594632970498802, 8.785214691837677 ], [ 12.44967105490581, 11.015247466471065 ], [ 12.544516260283322, 12.082582200531098 ], [ 11.772789063445817, 13.920928077839847 ], [ 9.493957597293882, 15.377641135287119 ] ] ] } },
{ "type": "Feature", "properties": { }, "geometry": { "type": "Polygon", "coordinates": [ [ [ 133.988945054843725, -44.960263472173658 ], [ 134.117980877935935, -42.633811186939532 ], [ 131.067688853222506, -42.539522015646824 ], [ 130.8984318953014, -43.061181549032071 ], [ 130.198746492948942, -43.358846496545361 ], [ 130.272076120551361, -43.758491965716438 ], [ 129.097151609997269, -44.449902264626594 ], [ 128.797095780400468, -45.631771788475781 ], [ 129.528767840183406, -46.088313659233059 ], [ 131.923978376358775, -45.869300713277845 ], [ 132.876052596418873, -44.76809040573734 ], [ 133.988945054843725, -44.960263472173658 ] ] ] } },
{ "type": "Feature", "properties": { }, "geometry": { "type": "Polygon", "coordinates": [ [ [ 150.089141410831616, -50.533541938786257 ], [ 150.238303851399081, -50.111286060759738 ], [ 148.739212058596877, -50.612668720002098 ], [ 146.159968698912763, -50.827896045361769 ], [ 145.89012186274374, -51.472765023109957 ], [ 145.96229457219161, -52.37328997521665 ], [ 146.428658194150245, -52.909189315935691 ], [ 146.22317449317282, -54.801279825660828 ], [ 147.79213550373143, -54.711545367753757 ], [ 150.436785061577552, -53.912014508897357 ], [ 148.661322586841919, -51.628593730391152 ], [ 150.089141410831616, -50.533541938786257 ] ] ] } },
{ "type": "Feature", "properties": { }, "geometry": { "type": "Polygon", "coordinates": [ [ [ 136.22324790107416, -71.001238914842588 ], [ 135.644645005611551, -70.988843050940616 ], [ 115.323658564066889, -69.706003882058511 ], [ 118.580315961161944, -72.272071952813363 ], [ 123.514590194808349, -75.0678302509113 ], [ 127.981049329941413, -75.629245075098609 ], [ 131.006744821719963, -75.539037872791596 ], [ 133.831409397384249, -74.169242985347154 ], [ 134.779077297649337, -73.58144148517566 ], [ 136.22324790107416, -71.001238914842588 ] ] ] } },
{ "type": "Feature", "properties": { }, "geometry": { "type": "Polygon", "coordinates": [ [ [ 114.53560739475185, -65.886315294848657 ], [ 114.8494731023127, -67.005381469753971 ], [ 114.114000943717258, -70.171752153003155 ], [ 114.236359279776522, -71.584604597640222 ], [ 114.89094098335525, -72.215186464192982 ], [ 116.251457840409387, -71.629961096610799 ], [ 117.329908320621541, -70.007358517803269 ], [ 117.520175844893785, -68.859632944274026 ], [ 117.058869068141433, -67.79675019805498 ], [ 114.53560739475185, -65.886315294848657 ] ] ] } },
{ "type": "Feature", "properties": { }, "geometry": { "type": "Polygon", "coordinates": [ [ [ 123.382712571330813, -71.233078717570109 ], [ 119.290187123115928, -70.667139112440211 ], [ 119.859163095137177, -71.80715249665667 ], [ 119.556457322196295, -72.953167756070201 ], [ 118.073932323499591, -74.590087147005093 ], [ 122.574402429146147, -75.20723811016714 ], [ 123.943021029315901, -76.00710893768732 ], [ 126.270219187335144, -76.305387216717236 ], [ 128.123554367954597, -75.968238947457365 ], [ 129.056242747466172, -74.887446795909852 ], [ 125.274962442149288, -73.269754948582417 ], [ 123.640531405613416, -71.873045001086268 ], [ 123.382712571330813, -71.233078717570109 ] ] ] } },
{ "type": "Feature", "properties": { }, "geometry": { "type": "Polygon", "coordinates": [ [ [ 132.746504085390882, -76.140988075738065 ], [ 134.006101384188895, -75.836643471778686 ], [ 134.958522544175167, -74.550231706698654 ], [ 134.87513844721542, -74.284902567199381 ], [ 130.311268168187837, -73.738263324635753 ], [ 130.000364202034206, -73.271144211540545 ], [ 130.550373069900388, -72.878892468223412 ], [ 130.002983418438561, -72.041649704292908 ], [ 128.499104111750995, -73.905788656474471 ], [ 125.224837668070748, -75.373909757086992 ], [ 123.213878916936338, -75.683736483493263 ], [ 123.996460561930803, -76.615629018893188 ], [ 125.673595006865838, -76.018523891962658 ], [ 132.746504085390882, -76.140988075738065 ] ] ] } },
{ "type": "Feature", "properties": { }, "geometry": { "type": "Polygon", "coordinates": [ [ [ 70.932980432208637, 57.997600342790442 ], [ 69.182516619714221, 57.197080112680958 ], [ 67.073941594250087, 56.744007977080443 ], [ 66.145198993650283, 55.431964597466639 ], [ 62.278083718438189, 53.387950291562241 ], [ 58.189142166621345, 53.086356045318844 ], [ 57.059723514586288, 53.459094926040187 ], [ 56.209301773349665, 54.186614423594207 ], [ 56.486409479233316, 55.061156974102971 ], [ 54.199626735299098, 55.167016942444114 ], [ 54.889185360010252, 53.875299163633116 ], [ 54.534124796993702, 52.754867311064736 ], [ 54.899868845896322, 52.360245553104818 ], [ 57.234204193799243, 51.629473243509096 ], [ 61.701273785902465, 51.818079830698132 ], [ 65.70261705194487, 53.555830089058432 ], [ 69.030371289644108, 55.525368787313262 ], [ 68.486642002376115, 54.668071692285878 ], [ 70.932980432208637, 57.997600342790442 ] ] ] } },
{ "type": "Feature", "properties": { }, "geometry": { "type": "Polygon", "coordinates": [ [ [ 56.486409479233316, 55.061156974102971 ], [ 56.209301773349665, 54.186614423594207 ], [ 57.059723514586288, 53.459094926040187 ], [ 58.189142166621345, 53.086356045318844 ], [ 62.278083718438189, 53.387950291562241 ], [ 66.145198993650283, 55.431964597466639 ], [ 62.106516214547263, 54.994735055510233 ], [ 61.674794810069216, 55.121994844615571 ], [ 61.062176186519011, 56.044769028231116 ], [ 60.339276138951931, 55.503728729980381 ], [ 56.486409479233316, 55.061156974102971 ] ] ] } },
{ "type": "Feature", "properties": { }, "geometry": { "type": "Polygon", "coordinates": [ [ [ 66.16429462846726, 58.737083718111315 ], [ 61.485878525604932, 56.503662738064364 ], [ 61.062176186519011, 56.044769028231116 ], [ 61.437640648688948, 55.402917693100683 ], [ 62.106516214547263, 54.994735055510233 ], [ 66.145198993650283, 55.431964597466639 ], [ 67.073941594250087, 56.744007977080443 ], [ 66.16429462846726, 58.737083718111315 ] ] ] } },
{ "type": "Feature", "properties": { }, "geometry": { "type": "Polygon", "coordinates": [ [ [ 54.8340207368771, 56.413063824177215 ], [ 52.962532000534623, 55.842251928377451 ], [ 51.52249417730588, 54.92021832467816 ], [ 54.321138874657791, 53.566759405161562 ], [ 54.534124796993702, 52.754867311064736 ], [ 54.889185360010252, 53.875299163633116 ], [ 54.199626735299098, 55.167016942444114 ], [ 56.486409479233316, 55.061156974102971 ], [ 60.339276138951931, 55.503728729980381 ], [ 61.485878525604932, 56.503662738064364 ], [ 66.16429462846726, 58.737083718111315 ], [ 65.369267969340072, 59.274088093714596 ], [ 64.323244934445327, 58.586042490469346 ], [ 58.643561464801834, 57.31735954341157 ], [ 57.265249731625502, 56.557093047337659 ], [ 54.8340207368771, 56.413063824177215 ] ] ] } },
{ "type": "Feature", "properties": { }, "geometry": { "type": "Polygon", "coordinates": [ [ [ 74.86980969837326, 64.064979129941221 ], [ 72.921707904789287, 62.870594042410858 ], [ 70.414239176318461, 62.465709993963095 ], [ 66.023543908569962, 61.099413210183151 ], [ 66.301850355209226, 60.674206851227723 ], [ 65.367469331898278, 59.275265616490572 ], [ 66.16429462846726, 58.737083718111315 ], [ 67.073941594250087, 56.744007977080443 ], [ 69.949634863110063, 57.511101383332381 ], [ 72.896848187694872, 59.342357875489284 ], [ 72.998073204663953, 60.199819973572055 ], [ 74.333802128224065, 61.132888495473267 ], [ 74.86980969837326, 64.064979129941221 ] ] ] } },
{ "type": "Feature", "properties": { }, "geometry": { "type": "Polygon", "coordinates": [ [ [ 75.63485671421175, 66.224030466896451 ], [ 71.99451115060107, 63.853672111969622 ], [ 69.293152717526169, 63.21498749824454 ], [ 67.58225517421927, 62.061910009544988 ], [ 75.244741507622791, 63.963001028455523 ], [ 80.854713508053649, 67.192396565378928 ], [ 75.63485671421175, 66.224030466896451 ] ] ] } },
{ "type": "Feature", "properties": { }, "geometry": { "type": "Polygon", "coordinates": [ [ [ 66.258737829392615, 63.929190760097171 ], [ 63.872477347906546, 61.922807350303529 ], [ 66.861280474164516, 60.06263221346142 ], [ 67.945057447385082, 61.588157069309744 ], [ 67.729003766607562, 62.211378925169292 ], [ 69.293152717526169, 63.21498749824454 ], [ 71.99451115060107, 63.853672111969622 ], [ 72.846031049992007, 64.555049126799574 ], [ 66.258737829392615, 63.929190760097171 ] ] ] } },
{ "type": "Feature", "properties": { }, "geometry": { "type": "Polygon", "coordinates": [ [ [ 142.672592668410715, 42.44165079186736 ], [ 142.785808025937399, 43.161734314786166 ], [ 142.468134598702505, 43.246940751832611 ], [ 142.714039998797574, 43.774272305857068 ], [ 146.530452091729245, 46.89435692748949 ], [ 138.683557570129551, 47.27977091720215 ], [ 134.697374219473318, 48.213450980973477 ], [ 129.809056527118088, 48.030502222703277 ], [ 124.926535321499955, 48.955131980847064 ], [ 122.803891823632867, 49.760152536320817 ], [ 119.518016506836901, 49.943330691826645 ], [ 117.982130679799198, 50.516625437408592 ], [ 118.973317143578527, 49.473811897469737 ], [ 125.393532019017201, 47.854533042114149 ], [ 132.403376703942172, 46.591002623614102 ], [ 142.672592668410715, 42.44165079186736 ] ] ] } },
{ "type": "Feature", "properties": { }, "geometry": { "type": "Polygon", "coordinates": [ [ [ 47.712772879256434, 62.853649745609623 ], [ 46.559321961876691, 61.457546830952502 ], [ 50.136810100410131, 59.697931303480779 ], [ 52.98802225320577, 58.968829317055103 ], [ 51.364122796785438, 61.007545655840218 ], [ 49.405602512795618, 62.348553828624816 ], [ 47.712772879256434, 62.853649745609623 ] ] ] } },
{ "type": "Feature", "properties": { }, "geometry": { "type": "Polygon", "coordinates": [ [ [ 27.373135842782805, 79.251010213903243 ], [ 21.702462950872601, 78.19342150770666 ], [ 20.959855618079349, 77.860689704056384 ], [ 20.960084004430037, 77.576990832200934 ], [ 26.53964496208544, 76.819275185264999 ], [ 38.332761778871557, 76.000855505333661 ], [ 54.07569534332432, 75.68828922789767 ], [ 59.31441781380537, 74.838500110573619 ], [ 62.799298284762386, 73.93340000776692 ], [ 62.321235067176481, 74.357699227097342 ], [ 60.597013315326009, 74.875177100180252 ], [ 56.377859491590357, 75.702583939963361 ], [ 51.499108065853562, 76.216783343932448 ], [ 46.39752743355406, 76.173729829179564 ], [ 34.224588124696552, 77.745982695964372 ], [ 27.373135842782805, 79.251010213903243 ] ] ] } },
{ "type": "Feature", "properties": { }, "geometry": { "type": "Polygon", "coordinates": [ [ [ -3.345568148989995, 56.072246547879331 ], [ -2.632964456852769, 54.941140891371539 ], [ -2.122289255466864, 54.617530105930655 ], [ -2.973076140151635, 55.819736704293426 ], [ -3.345568148989995, 56.072246547879331 ] ] ] } },
{ "type": "Feature", "properties": { }, "geometry": { "type": "Polygon", "coordinates": [ [ [ 14.453343635227414, 3.283617706239097 ], [ 7.237613390252682, 3.560699453060008 ], [ 4.191457950305248, 5.14247006920237 ], [ 0.047398111392411, 5.792612381535886 ], [ -1.698213554190269, 6.6135136172958 ], [ -3.659836015807552, 6.54111547469485 ], [ -5.136957732957922, 5.477872393146772 ], [ -8.41295725512618, 4.716328379537699 ], [ -10.122712909627035, 3.959991065340098 ], [ -10.786729883643684, 3.403601999086409 ], [ -13.844226280226284, -1.403455022209778 ], [ -15.558445664286623, -2.678137643874261 ], [ -17.347567975608325, -5.115956787603579 ], [ -17.927176467915668, -5.339461324288775 ], [ -18.77377913683177, -6.487282920060327 ], [ -18.157230826760923, -7.731798493794132 ], [ -16.958792059194643, -8.847129827400879 ], [ -17.300320993629608, -9.987999926769112 ], [ -16.958186456687574, -10.216917822438994 ], [ -17.02301068126728, -10.745412303563601 ], [ -15.813675900317079, -11.894307543681293 ], [ -16.275805867091762, -12.484998850130385 ], [ -15.073886156587244, -14.983449122998477 ], [ -15.217907193277293, -15.457876526021401 ], [ -13.822937479725365, -16.652972964959556 ], [ -11.109963765503299, -17.574563538260165 ], [ -10.017379061835799, -18.33993105697574 ], [ -9.726389676653113, -19.161193794473373 ], [ -10.51506077040899, -19.767769304848159 ], [ -10.393353827441739, -19.942772656616995 ], [ -7.762770201230556, -20.326499179392894 ], [ -5.988170644660196, -20.007180565760379 ], [ -2.584742100904955, -21.847796751173622 ], [ -1.749304167296348, -21.831026972247049 ], [ -1.372943720220998, -22.532368801429516 ], [ 7.698784082891748, -21.940323470809052 ], [ 8.661549502581533, -21.505742082971899 ], [ 11.229639306488957, -19.487259558392481 ], [ 12.375000941479049, -17.855196731785814 ], [ 12.429121298394147, -14.75730946776905 ], [ 12.15402564534214, -13.395922459147853 ], [ 12.451329331474769, -11.465466970856159 ], [ 12.028573883526841, -6.86892408554543 ], [ 14.786522147452324, -1.460790649292607 ], [ 16.179096138902381, 0.646438415946684 ], [ 14.453343635227414, 3.283617706239097 ] ] ] } },
{ "type": "Feature", "properties": { }, "geometry": { "type": "Polygon", "coordinates": [ [ [ 100.13746577199224, 9.9006443729194 ], [ 93.940013927579983, 6.579412566330567 ], [ 92.910382880620148, 6.297900364048844 ], [ 94.122792516358601, 5.443707513305097 ], [ 95.122604061173448, 5.826059093563247 ], [ 98.187759302228301, 7.996052962669741 ], [ 100.13746577199224, 9.9006443729194 ] ] ] } },
{ "type": "Feature", "properties": { }, "geometry": { "type": "Polygon", "coordinates": [ [ [ 99.280890410109322, 9.699153804383386 ], [ 97.216577080269374, 7.648281927762866 ], [ 93.386342417834996, 5.161879049987112 ], [ 94.26186977238558, 4.832400408879424 ], [ 97.619034904142779, 6.763205815721341 ], [ 100.113269110818578, 9.548276531117018 ], [ 99.280890410109322, 9.699153804383386 ] ] ] } },
{ "type": "Feature", "properties": { }, "geometry": { "type": "Polygon", "coordinates": [ [ [ 99.921619367138376, 9.42159604790853 ], [ 98.52518579076451, 7.943739938066576 ], [ 97.809665842623303, 7.084057204480684 ], [ 98.589931193576689, 7.180151204657411 ], [ 100.594314158425789, 9.241417008693347 ], [ 99.921619367138376, 9.42159604790853 ] ] ] } },
{ "type": "Feature", "properties": { }, "geometry": { "type": "Polygon", "coordinates": [ [ [ -29.08430834774785, 46.721760272201678 ], [ -29.841326323213401, 46.378616619675213 ], [ -29.556898192938242, 46.121436985216448 ], [ -28.905807162442454, 46.176615180676734 ], [ -29.08430834774785, 46.721760272201678 ] ] ] } },
{ "type": "Feature", "properties": { }, "geometry": { "type": "Polygon", "coordinates": [ [ [ 134.657415808352482, 43.142422474683791 ], [ 133.670528852402356, 43.89285992994381 ], [ 131.850565502259116, 44.546521749763258 ], [ 122.549855587151384, 47.011907836552091 ], [ 122.409804922619003, 47.351563770827021 ], [ 121.386273708697487, 47.809398102630169 ], [ 121.451859850310299, 48.102420938195955 ], [ 120.762602140639984, 48.258204448942244 ], [ 118.93363086211383, 48.068255086287813 ], [ 116.94273305813293, 47.096845028710433 ], [ 115.645559700324171, 45.787509203918468 ], [ 115.114280925947213, 43.799370428011528 ], [ 115.475660744792563, 41.831815847728912 ], [ 116.227474107772622, 40.723245135251112 ], [ 118.913135130094446, 38.521205235610957 ], [ 121.633256118884958, 35.478348601527586 ], [ 122.423844650607606, 35.181673259983242 ], [ 123.354385471246189, 35.589631261063758 ], [ 127.249127204988795, 38.928438801914069 ], [ 128.39236966911173, 40.543874751101598 ], [ 131.817224082414384, 42.302868963252983 ], [ 134.657415808352482, 43.142422474683791 ] ] ] } },
{ "type": "Feature", "properties": { }, "geometry": { "type": "Polygon", "coordinates": [ [ [ 13.959283823799247, 3.290273024834324 ], [ 12.829139958727536, 4.372793554231737 ], [ 8.954303833021148, 5.611703495495014 ], [ 7.808277099128604, 6.34862286087723 ], [ 5.837278890913224, 6.436173829037555 ], [ 2.465287951039266, 9.065834861278189 ], [ -1.365510649515472, 6.42205106787789 ], [ 1.03197122219, 5.560369082905148 ], [ 4.191457950305248, 5.14247006920237 ], [ 7.237613390252682, 3.560699453060008 ], [ 13.959283823799247, 3.290273024834324 ] ] ] } },
{ "type": "Feature", "properties": { }, "geometry": { "type": "Polygon", "coordinates": [ [ [ 96.662990946978624, -18.884728890643395 ], [ 92.944366964638107, -19.722772907377841 ], [ 98.741326224969285, -23.350021679381666 ], [ 104.608015977648577, -19.289333959501082 ], [ 97.499386146659447, -19.231107274482333 ], [ 96.662990946978624, -18.884728890643395 ] ] ] } },
{ "type": "Feature", "properties": { }, "geometry": { "type": "Polygon", "coordinates": [ [ [ 100.091232495797883, -38.96907576055149 ], [ 108.510279298455188, -36.013054297414484 ], [ 110.205555733059754, -35.306724357540531 ], [ 109.003008675734563, -35.750474311497726 ], [ 105.937759154061069, -34.952094799450443 ], [ 105.204752492975501, -35.100221221190012 ], [ 99.041851556330741, -33.409903937119275 ], [ 100.288696431823212, -37.653943720328819 ], [ 100.091232495797883, -38.96907576055149 ] ] ] } },
{ "type": "Feature", "properties": { }, "geometry": { "type": "Polygon", "coordinates": [ [ [ 116.60480848454479, -26.983374578274091 ], [ 114.639681919068067, -25.523352490439319 ], [ 114.822315933463742, -24.810540105913287 ], [ 112.175826356372752, -23.415165163376418 ], [ 111.369130425011207, -22.451767150276233 ], [ 111.874963062316965, -28.735015080319783 ], [ 115.829989435483427, -29.165216266419858 ], [ 116.398961735837048, -29.177126959135006 ], [ 116.889924097145112, -28.755913404588714 ], [ 119.585705791628769, -29.056679765690706 ], [ 118.110117952329503, -27.506228325459603 ], [ 116.60480848454479, -26.983374578274091 ] ] ] } },
{ "type": "Feature", "properties": { }, "geometry": { "type": "Polygon", "coordinates": [ [ [ 123.615517924232051, -32.23231797734568 ], [ 120.636506844587544, -31.892500069770126 ], [ 117.675317571464774, -31.034777646671071 ], [ 118.64432961931027, -32.456586762818098 ], [ 119.601167490410418, -35.048645755377841 ], [ 120.17498694923988, -34.941578104888649 ], [ 121.0177158676413, -34.18114808417895 ], [ 122.005894514071414, -33.957222293299303 ], [ 123.615517924232051, -32.23231797734568 ] ] ] } },
{ "type": "Feature", "properties": { }, "geometry": { "type": "Polygon", "coordinates": [ [ [ 123.247855223610458, -32.089425232225409 ], [ 119.287385539374512, -30.927535337220856 ], [ 118.205725589769102, -30.941302129202946 ], [ 117.908708679222869, -31.417870991877312 ], [ 117.043078699214931, -30.872853218588883 ], [ 114.512449151786242, -31.54557113884065 ], [ 114.994886624836127, -31.959314392269036 ], [ 117.407645360268404, -32.688233090770353 ], [ 120.576840658996431, -32.677211930040059 ], [ 123.247855223610458, -32.089425232225409 ] ] ] } },
{ "type": "Feature", "properties": { }, "geometry": { "type": "Polygon", "coordinates": [ [ [ -5.529547734286101, 55.893103422733773 ], [ -3.430050250609032, 53.620713402019327 ], [ -2.096370867521705, 53.05700218596715 ], [ -1.724248411177536, 53.281097307265888 ], [ -1.773133216631211, 54.397868734624701 ], [ -1.119229874356177, 55.135644026890638 ], [ -4.199696680527461, 56.418483308655375 ], [ -5.529547734286101, 55.893103422733773 ] ] ] } },
{ "type": "Feature", "properties": { }, "geometry": { "type": "Polygon", "coordinates": [ [ [ -13.198641832754902, 53.391807119514048 ], [ -12.086260399217867, 53.655647314800937 ], [ -11.733139371706685, 54.578938384321191 ], [ -10.428348197981364, 56.016758702833172 ], [ -10.214717661780865, 57.085666298656385 ], [ -10.487060479919771, 57.715558625111207 ], [ -13.158405388572231, 55.886626668511589 ], [ -15.331635735991611, 54.839613767142474 ], [ -13.198641832754902, 53.391807119514048 ] ] ] } },
{ "type": "Feature", "properties": { }, "geometry": { "type": "Polygon", "coordinates": [ [ [ -15.331635735991611, 54.839613767142474 ], [ -13.158405388572231, 55.886626668511589 ], [ -11.490764535161272, 57.057533292089445 ], [ -17.142486262397416, 55.964753771335168 ], [ -15.331635735991611, 54.839613767142474 ] ] ] } },
{ "type": "Feature", "properties": { }, "geometry": { "type": "Polygon", "coordinates": [ [ [ -25.451493082578981, 52.115090470027056 ], [ -21.27069745169398, 54.422694446408471 ], [ -20.317270398716847, 55.989635376843452 ], [ -18.624807022504172, 56.881156025402831 ], [ -18.435472787061766, 57.507542115898943 ], [ -20.982162797420674, 57.64627028420233 ], [ -25.831537263404627, 56.831780204065147 ], [ -26.289549234412519, 55.930816190381435 ], [ -25.603693724613315, 55.210567769474224 ], [ -25.940403121853045, 54.717608938846503 ], [ -27.182720353495718, 54.082624189010907 ], [ -28.718727164071456, 53.831137846372314 ], [ -28.949278671934103, 53.008627803569468 ], [ -25.451493082578981, 52.115090470027056 ] ] ] } },
{ "type": "Feature", "properties": { }, "geometry": { "type": "Polygon", "coordinates": [ [ [ 75.515528701364218, -27.906104604993953 ], [ 71.518301146647545, -26.172299675917152 ], [ 68.907274301017651, -23.454246390709915 ], [ 67.466837919724384, -22.523692263877059 ], [ 67.656764567070908, -23.24006642265876 ], [ 68.830908837244465, -24.339803627875121 ], [ 71.605199155839671, -28.63227220183029 ], [ 74.327094244410986, -30.450147660374185 ], [ 78.122398925697482, -31.584237395789611 ], [ 83.8238318496809, -31.847220256445894 ], [ 85.532863285555777, -30.952310655567185 ], [ 87.511291572053025, -31.824877697571615 ], [ 89.200062783839329, -33.483892525283352 ], [ 88.541070498240458, -31.913999942150859 ], [ 85.655400236145638, -29.708283515407857 ], [ 84.096873479638361, -29.161164458535954 ], [ 82.056514873478662, -29.186480848610135 ], [ 78.260532862664576, -28.164163429799171 ], [ 75.515528701364218, -27.906104604993953 ] ] ] } },
{ "type": "Feature", "properties": { }, "geometry": { "type": "Polygon", "coordinates": [ [ [ 90.000030822593175, 19.413724847328016 ], [ 87.686767330490781, 16.957046171943759 ], [ 86.005234029742354, 13.438903585716821 ], [ 84.701464535262573, 12.000462017444445 ], [ 82.582009887578735, 10.59732321167337 ], [ 85.525923719896355, 10.410654240759177 ], [ 87.419897107140386, 9.488596200374683 ], [ 88.95516586636198, 8.134380301578167 ], [ 91.608291547557684, 7.758505406229821 ], [ 93.991127349688895, 7.950502325816922 ], [ 95.878493742779909, 8.716960576576263 ], [ 98.087875603125056, 8.950594170635368 ], [ 98.778331791102843, 10.365096293237359 ], [ 98.541873102110955, 16.814928010073075 ], [ 98.858045979295682, 18.831122957868171 ], [ 98.603978447764106, 22.012893192202096 ], [ 97.229010388624587, 25.338227910762207 ], [ 95.704122521926521, 23.427548721752711 ], [ 96.006828667024152, 22.547169820586284 ], [ 95.557065935774233, 21.972047469554759 ], [ 90.000030822593175, 19.413724847328016 ] ] ] } },
{ "type": "Feature", "properties": { }, "geometry": { "type": "Polygon", "coordinates": [ [ [ 34.147492525208413, -11.391724778625614 ], [ 32.679011610899416, -11.56770025195846 ], [ 33.523949735460526, -10.85006185561474 ], [ 32.812465568518341, -10.589666376278586 ], [ 32.18167295481701, -11.74651302355397 ], [ 31.887629284026715, -13.344594232488593 ], [ 32.499637432143054, -15.198953531089074 ], [ 33.857079068194359, -13.59106744664054 ], [ 34.147492525208413, -11.391724778625614 ] ] ] } },
{ "type": "Feature", "properties": { }, "geometry": { "type": "Polygon", "coordinates": [ [ [ -22.366287306976279, -69.877581049531642 ], [ -17.519913606189995, -68.962420841213032 ], [ -14.847064795625473, -65.277120409060842 ], [ -24.439426036362487, -65.13992014113245 ], [ -29.069246314473713, -64.566556116615104 ], [ -37.326955371260347, -64.350324868312143 ], [ -35.708584983289889, -66.68304999268716 ], [ -35.93194290539364, -67.784634286210704 ], [ -36.73053157380437, -68.508184192542828 ], [ -36.676767693394588, -69.22846689821435 ], [ -35.966670350806332, -69.620748385737485 ], [ -31.237644534910523, -70.300953448015036 ], [ -22.366287306976279, -69.877581049531642 ] ] ] } },
{ "type": "Feature", "properties": { }, "geometry": { "type": "Polygon", "coordinates": [ [ [ -34.823556123525101, 68.618620604873627 ], [ -35.309414144213612, 69.235531774876847 ], [ -39.05715986945669, 69.635335714990802 ], [ -41.271117831201245, 68.982596278936199 ], [ -40.052722714433628, 67.924234542280004 ], [ -38.085722033272177, 68.417902855703389 ], [ -37.983148205890714, 67.81403202005616 ], [ -36.42601724761564, 68.508118223248744 ], [ -34.823556123525101, 68.618620604873627 ] ] ] } },
{ "type": "Feature", "properties": { }, "geometry": { "type": "Polygon", "coordinates": [ [ [ -33.321610242990154, 70.665801485506577 ], [ -32.955352297014834, 70.397297078956612 ], [ -34.069012532982342, 69.613690530526839 ], [ -32.199901948719734, 69.616940829346021 ], [ -31.398016122647611, 69.914318269967552 ], [ -30.995284002478463, 70.934883234572979 ], [ -31.77803111683923, 71.279618255533222 ], [ -32.717696408114236, 71.170712341675511 ], [ -33.321610242990154, 70.665801485506577 ] ] ] } },
{ "type": "Feature", "properties": { }, "geometry": { "type": "Polygon", "coordinates": [ [ [ -27.38258644489931, 45.349919711457829 ], [ -27.630945539864246, 45.304746555576166 ], [ -28.547076127251664, 45.828737358216259 ], [ -28.569293458323518, 45.253440320418633 ], [ -27.962694433410793, 44.848529323256869 ], [ -27.330202270785151, 44.777440477647431 ], [ -27.38258644489931, 45.349919711457829 ] ] ] } },
{ "type": "Feature", "properties": { }, "geometry": { "type": "Polygon", "coordinates": [ [ [ -27.981516802334035, 46.201108028225498 ], [ -28.116533191116272, 48.993714034770903 ], [ -27.287724746069237, 50.316039201902818 ], [ -27.134344710411341, 50.941986309407312 ], [ -28.020061915190229, 49.630634367028698 ], [ -28.612659869439934, 47.899735748821165 ], [ -28.527900931229638, 46.062062087076335 ], [ -27.981516802334035, 46.201108028225498 ] ] ] } },
{ "type": "Feature", "properties": { }, "geometry": { "type": "Polygon", "coordinates": [ [ [ -52.24268616517093, -61.499739256240197 ], [ -52.689268883632593, -61.820342658278435 ], [ -52.825906406350697, -62.542453885695352 ], [ -53.564603234638199, -63.103738949438487 ], [ -53.369728981616667, -63.970761705311162 ], [ -53.739730872579166, -64.927460288787714 ], [ -53.484178822166633, -67.364495751022645 ], [ -52.89145990775004, -68.502044691887647 ], [ -51.313974651980061, -69.824676921284436 ], [ -46.806433520434169, -71.244473588188271 ], [ -38.267359758599447, -72.550727034490095 ], [ -36.105008633715485, -71.158816593724367 ], [ -38.148316253033485, -70.432135925681493 ], [ -42.869914347457907, -69.941928982268294 ], [ -47.46666236254967, -68.777257442615834 ], [ -49.523800095046909, -67.327608172363824 ], [ -50.327280128920748, -65.38904558274703 ], [ -50.378263573351113, -64.108102060126001 ], [ -49.710435865139424, -61.591986921593126 ], [ -52.24268616517093, -61.499739256240197 ] ] ] } },
{ "type": "Feature", "properties": { }, "geometry": { "type": "Polygon", "coordinates": [ [ [ 67.423440205508882, -25.325932382788782 ], [ 68.828884318319112, -24.846793931525905 ], [ 68.588947615774629, -24.289241122056225 ], [ 67.481131659714947, -23.740038599633401 ], [ 66.803332418962128, -24.800244569750763 ], [ 67.251965930902557, -24.767126726480974 ], [ 67.423440205508882, -25.325932382788782 ] ] ] } },
{ "type": "Feature", "properties": { }, "geometry": { "type": "Polygon", "coordinates": [ [ [ 64.740851392508716, -23.463280098366631 ], [ 66.525262867199672, -24.401089503473763 ], [ 68.007761333405398, -23.616365406408118 ], [ 64.740851392508716, -23.463280098366631 ] ] ] } },
{ "type": "Feature", "properties": { }, "geometry": { "type": "Polygon", "coordinates": [ [ [ 84.049227114945296, -28.266244692324765 ], [ 83.223609775470948, -30.365825014858501 ], [ 83.938729677036974, -31.037494083676275 ], [ 83.530871242711072, -30.24642820714546 ], [ 84.014321579748056, -29.469770583814494 ], [ 87.12048401667758, -27.318210298889419 ], [ 86.023392184759061, -27.136788370302988 ], [ 84.049227114945296, -28.266244692324765 ] ] ] } },
{ "type": "Feature", "properties": { }, "geometry": { "type": "Polygon", "coordinates": [ [ [ 87.080922469265147, -26.322997585736662 ], [ 85.331220181422395, -26.89744416675779 ], [ 84.081533662128223, -28.299864494395543 ], [ 85.109613922461733, -27.864692550589396 ], [ 87.080922469265147, -26.322997585736662 ] ] ] } },
{ "type": "Feature", "properties": { }, "geometry": { "type": "Polygon", "coordinates": [ [ [ 88.65634900502458, -25.776231543042282 ], [ 85.90242677799705, -27.051315805638406 ], [ 85.250790788165858, -27.739008449576627 ], [ 86.023392184759061, -27.136788370302988 ], [ 86.611934551138475, -27.107122420612662 ], [ 90.728518920490131, -27.649684073960639 ], [ 90.297858563907397, -26.600116758822395 ], [ 88.65634900502458, -25.776231543042282 ] ] ] } },
{ "type": "Feature", "properties": { }, "geometry": { "type": "Polygon", "coordinates": [ [ [ 99.597140212872205, -23.51215312652522 ], [ 98.607542303403235, -26.005830059798974 ], [ 99.151581514243617, -25.696976214072947 ], [ 98.717980099877295, -27.200613218780799 ], [ 101.151048160093737, -25.726701897848056 ], [ 102.78382504029868, -24.157968186067887 ], [ 104.7263464115467, -23.470551537333314 ], [ 105.085378810546388, -22.59597623395387 ], [ 107.849465590910469, -20.695800824833263 ], [ 102.777355939208206, -23.001494729573672 ], [ 99.597140212872205, -23.51215312652522 ] ] ] } },
{ "type": "Feature", "properties": { }, "geometry": { "type": "Polygon", "coordinates": [ [ [ 108.727851857291299, -20.01688383131069 ], [ 104.598039685973234, -19.2979856180282 ], [ 98.757064419191778, -23.340087771377988 ], [ 99.684777655611214, -23.529815430035566 ], [ 102.777355939208206, -23.001494729573672 ], [ 107.849465590910469, -20.695800824833263 ], [ 108.727851857291299, -20.01688383131069 ] ] ] } },
{ "type": "Feature", "properties": { }, "geometry": { "type": "Polygon", "coordinates": [ [ [ -103.802815096040447, 33.031830240613836 ], [ -103.138538530824192, 31.563740331244766 ], [ -102.628578259522953, 31.235937353475855 ], [ -100.529754073494928, 31.358115373357322 ], [ -98.476967249612827, 30.447586675166153 ], [ -97.681060081660334, 30.527572908432148 ], [ -98.203277963599646, 31.149609148347764 ], [ -99.459348889516519, 31.405279087524917 ], [ -105.156329640612299, 34.792721967405527 ], [ -103.802815096040447, 33.031830240613836 ] ] ] } },
{ "type": "Feature", "properties": { }, "geometry": { "type": "Polygon", "coordinates": [ [ [ 125.121686632133006, 50.593146527065798 ], [ 123.393984767759505, 50.91020592508908 ], [ 120.489466655759017, 50.805473710587236 ], [ 117.798992940027176, 51.398175285119947 ], [ 116.887955400232798, 52.129287958477398 ], [ 113.956177377435282, 53.362762181322921 ], [ 112.079959027990895, 55.2191878927554 ], [ 108.996761909183093, 56.450071634079123 ], [ 111.010565428994028, 53.967867664992617 ], [ 113.401211802974871, 52.655171396427583 ], [ 116.129196157964955, 51.719877602362487 ], [ 118.568729119303086, 50.241061036076076 ], [ 122.803891823632867, 49.760152536320817 ], [ 125.121686632133006, 50.593146527065798 ] ] ] } },
{ "type": "Feature", "properties": { }, "geometry": { "type": "Polygon", "coordinates": [ [ [ 146.530452091729245, 46.89435692748949 ], [ 147.707540462469979, 47.373343750404452 ], [ 151.645693558372557, 47.982369747655582 ], [ 154.67178308423243, 49.586619940214433 ], [ 150.604129378885546, 50.243310685951755 ], [ 146.83467883195749, 48.986793349393167 ], [ 143.956243644929486, 48.583064664756741 ], [ 140.782578169039937, 48.926481502246737 ], [ 133.323438456280115, 50.444818772557731 ], [ 128.630268144252113, 50.820261911775987 ], [ 124.759932553051044, 50.631234998213905 ], [ 123.61249505051768, 49.893258959123017 ], [ 122.803891823632867, 49.760152536320817 ], [ 124.926535321499955, 48.955131980847064 ], [ 129.809056527118088, 48.030502222703277 ], [ 134.697374219473318, 48.213450980973477 ], [ 138.683557570129551, 47.27977091720215 ], [ 146.530452091729245, 46.89435692748949 ] ] ] } },
{ "type": "Feature", "properties": { }, "geometry": { "type": "Polygon", "coordinates": [ [ [ 126.615426652783825, 50.768511657676022 ], [ 118.110759411523887, 52.71938011010571 ], [ 110.658786359500695, 56.721310376715806 ], [ 108.943373443973826, 56.548987568724776 ], [ 112.079959027990895, 55.2191878927554 ], [ 113.956177377435282, 53.362762181322921 ], [ 116.887955400232798, 52.129287958477398 ], [ 118.035814661814342, 51.319111456714985 ], [ 120.489466655759017, 50.805473710587236 ], [ 126.615426652783825, 50.768511657676022 ] ] ] } },
{ "type": "Feature", "properties": { }, "geometry": { "type": "Polygon", "coordinates": [ [ [ 126.74646840521784, 55.84335738200663 ], [ 120.283983525634895, 56.863710141915838 ], [ 110.238878875624309, 59.805010153077411 ], [ 110.120669820393445, 57.765106399334741 ], [ 110.658786359500695, 56.721310376715806 ], [ 117.216772305430055, 53.055944642733643 ], [ 123.271686456362417, 51.330789271069612 ], [ 126.615426652783825, 50.768511657676022 ], [ 132.859200792634226, 50.509387365630936 ], [ 140.782578169039937, 48.926481502246737 ], [ 143.956243644929486, 48.583064664756741 ], [ 146.83467883195749, 48.986793349393167 ], [ 150.188877731808503, 50.197529559849649 ], [ 152.636853765478378, 49.986900378752402 ], [ 145.411169472896574, 53.691457233316861 ], [ 141.753996584723723, 54.446651667411025 ], [ 136.724977243012177, 54.385002370901823 ], [ 133.356127735624028, 55.017889629247726 ], [ 131.404389299955341, 55.814568463696304 ], [ 126.74646840521784, 55.84335738200663 ] ] ] } },
{ "type": "Feature", "properties": { }, "geometry": { "type": "Polygon", "coordinates": [ [ [ 64.083668798886023, 73.718520073403667 ], [ 62.92377412508192, 72.582933574954282 ], [ 59.974803379575796, 71.578717556079837 ], [ 59.810249813638023, 70.419638505565828 ], [ 61.504807602769908, 65.304400723439329 ], [ 68.286414489747273, 64.692733187604887 ], [ 74.401069118659294, 65.975632974858897 ], [ 73.933363678747341, 66.265624188363134 ], [ 73.809639732346994, 66.905056545817985 ], [ 66.055408160134192, 66.262035728308092 ], [ 67.3667497226092, 67.530831282252819 ], [ 70.700477065130158, 72.061942711635567 ], [ 71.022058607062434, 73.263825829843142 ], [ 70.012085420752314, 74.866254966486451 ], [ 69.941316399609491, 75.160103938595938 ], [ 70.058973204203639, 75.508377765364457 ], [ 69.991835909692455, 75.778404594859396 ], [ 64.807970571639842, 74.488647919123224 ], [ 63.965802985846189, 74.119457290812534 ], [ 64.083668798886023, 73.718520073403667 ] ] ] } },
{ "type": "Feature", "properties": { }, "geometry": { "type": "Polygon", "coordinates": [ [ [ 27.373135842782805, 79.251010213903243 ], [ 34.224588124696552, 77.745982695964372 ], [ 46.39752743355406, 76.173729829179564 ], [ 52.062186755498331, 76.185895465396968 ], [ 57.315361969627943, 75.551898209983065 ], [ 62.033315390224089, 74.462788645289621 ], [ 63.506253484044457, 73.365271853936932 ], [ 64.083668798886023, 73.718520073403667 ], [ 63.965802985846189, 74.119457290812534 ], [ 64.807970571639842, 74.488647919123224 ], [ 69.99295075741199, 75.739758944025454 ], [ 68.617083238013407, 76.860269612766658 ], [ 64.965419939279798, 78.137908215956159 ], [ 54.574730196855803, 80.270112569736497 ], [ 47.934136339705702, 81.229503920900086 ], [ 38.923563023994042, 80.643789634517617 ], [ 27.373135842782805, 79.251010213903243 ] ] ] } },
{ "type": "Feature", "properties": { }, "geometry": { "type": "Polygon", "coordinates": [ [ [ -58.283850885750986, 84.891408477881754 ], [ -62.720133397789986, 83.766676163595577 ], [ -52.83853198973285, 82.931603199839813 ], [ -49.119357482202908, 83.101688593095204 ], [ -47.932494406334833, 82.160049720048249 ], [ -45.93131373365069, 82.734197679262707 ], [ -38.657889059976867, 82.136543274999354 ], [ -38.008503862931136, 82.865221457027559 ], [ -35.880135421447982, 83.921249119727506 ], [ -30.549436009714913, 84.91838866656957 ], [ -26.503714204934415, 85.301330198938984 ], [ -12.275661932183645, 85.82064779713366 ], [ 12.25460506752656, 85.554038003194762 ], [ 20.224524977438247, 85.001146851633848 ], [ 31.750968117176857, 83.674195400801253 ], [ 39.141508743631448, 82.418726790245373 ], [ 46.690755522137209, 81.82685676914106 ], [ 47.99773256855088, 81.612099992426266 ], [ 47.934136339705702, 81.229503920900086 ], [ 54.574730196855803, 80.270112569736497 ], [ 64.965419939279798, 78.137908215956159 ], [ 65.637330494025278, 79.18058537663228 ], [ 64.817514212201786, 80.082769030260252 ], [ 60.604531918413443, 81.857673113247515 ], [ 37.792273397464513, 84.337831790370203 ], [ 18.986442790563373, 85.727338244390353 ], [ -9.774694749760828, 86.666021061843082 ], [ -31.984060174618634, 86.570635397224251 ], [ -50.027273406555871, 86.039194612403776 ], [ -58.283850885750986, 84.891408477881754 ] ] ] } },
{ "type": "Feature", "properties": { }, "geometry": { "type": "Polygon", "coordinates": [ [ [ 59.974803379575796, 71.578717556079837 ], [ 57.819296723227239, 71.042494728799696 ], [ 57.667061198277722, 70.109102760330018 ], [ 55.864181815013744, 68.914960693576589 ], [ 56.489382590646656, 67.599844032357893 ], [ 56.371595415287068, 66.484159644376717 ], [ 57.654901732231465, 65.419439615103897 ], [ 58.720179130877732, 63.414932196549984 ], [ 59.508513280558496, 62.906612370735914 ], [ 60.272688310329897, 62.852245375043772 ], [ 62.468608769962401, 63.286005452179431 ], [ 64.123526086069759, 64.934057938277718 ], [ 61.504807602769908, 65.304400723439329 ], [ 59.810249813638023, 70.419638505565828 ], [ 59.974803379575796, 71.578717556079837 ] ] ] } },
{ "type": "Feature", "properties": { }, "geometry": { "type": "MultiPolygon", "coordinates": [ [ [ [ 63.927764734575163, 64.943781216796367 ], [ 63.510070855668054, 64.968750183147108 ], [ 63.64092953462383, 64.95802804599316 ], [ 63.927764734575163, 64.943781216796367 ] ] ], [ [ [ 64.121767652177951, 64.932184081750364 ], [ 62.157899740591233, 62.883565343978049 ], [ 64.890060502749265, 63.771622464791569 ], [ 72.203800837449165, 64.344817851250141 ], [ 75.63485671421175, 66.224030466896451 ], [ 68.576593422418199, 64.720978551857513 ], [ 64.121767652177951, 64.932184081750364 ] ] ] ] } },
{ "type": "Feature", "properties": { }, "geometry": { "type": "Polygon", "coordinates": [ [ [ 57.941426469248668, 64.783803994673519 ], [ 55.955229216394201, 64.88181176766777 ], [ 53.926227173519734, 64.300746749020988 ], [ 55.162032693977231, 64.239746770112106 ], [ 57.147344443031947, 62.748501657460309 ], [ 57.47195275419147, 62.190148126575821 ], [ 61.099084922176736, 62.448134637681392 ], [ 62.468608769962401, 63.286005452179431 ], [ 59.508513280558496, 62.906612370735914 ], [ 58.720179130877732, 63.414932196549984 ], [ 57.871951806270822, 64.990961697998571 ], [ 57.941426469248668, 64.783803994673519 ] ] ] } },
{ "type": "Feature", "properties": { }, "geometry": { "type": "Polygon", "coordinates": [ [ [ 56.906675348951289, 66.035559639113075 ], [ 50.388785081045071, 64.85736630659116 ], [ 49.348941226601667, 63.668038124260846 ], [ 53.926227173519734, 64.300746749020988 ], [ 55.955229216394201, 64.88181176766777 ], [ 57.941426469248668, 64.783803994673519 ], [ 56.906675348951289, 66.035559639113075 ] ] ] } },
{ "type": "Feature", "properties": { }, "geometry": { "type": "Polygon", "coordinates": [ [ [ 55.86598414690809, 68.977742078800716 ], [ 51.593469266104655, 66.244770318121326 ], [ 50.253382420405551, 64.711722065086491 ], [ 56.906675348951289, 66.035559639113075 ], [ 56.300812506130399, 66.602171979265563 ], [ 56.489382590646656, 67.599844032357893 ], [ 55.86598414690809, 68.977742078800716 ] ] ] } },
{ "type": "Feature", "properties": { }, "geometry": { "type": "Polygon", "coordinates": [ [ [ 49.399615935278689, 63.71566981153039 ], [ 47.712772879256434, 62.853649745609623 ], [ 49.405602512795618, 62.348553828624816 ], [ 52.27328120550245, 60.137367669282625 ], [ 52.738602635658886, 60.543853508651807 ], [ 52.738231561749217, 61.684657552871833 ], [ 53.41723866277259, 62.290466252782586 ], [ 54.722985315773009, 62.482705248717778 ], [ 57.47195275419147, 62.190148126575821 ], [ 57.147344443031947, 62.748501657460309 ], [ 55.162032693977231, 64.239746770112106 ], [ 52.983462075635906, 64.267204275800466 ], [ 49.399615935278689, 63.71566981153039 ] ] ] } },
{ "type": "Feature", "properties": { }, "geometry": { "type": "Polygon", "coordinates": [ [ [ 76.842008099784351, 59.106367665811746 ], [ 73.521965601723167, 57.314683390497066 ], [ 72.053963081785142, 55.789899557655957 ], [ 71.465643801450128, 54.632726639649164 ], [ 70.626554045020029, 50.363473013649944 ], [ 71.469540995187941, 49.542349213930109 ], [ 74.769483046948935, 49.025468033168224 ], [ 76.726541058546232, 50.392959154071228 ], [ 80.575683308082048, 52.332331499153483 ], [ 80.89084408694184, 54.042435350344803 ], [ 83.086741416099585, 58.312013171731259 ], [ 83.29526164968199, 59.457035515574184 ], [ 81.94774751999725, 61.219882441199651 ], [ 77.395871419090696, 59.747967830493053 ], [ 76.842008099784351, 59.106367665811746 ] ] ] } },
{ "type": "Feature", "properties": { }, "geometry": { "type": "Polygon", "coordinates": [ [ [ 82.0884551993054, 56.392213511850976 ], [ 80.89084408694184, 54.042435350344803 ], [ 80.575683308082048, 52.332331499153483 ], [ 76.726541058546232, 50.392959154071228 ], [ 74.769483046948935, 49.025468033168224 ], [ 75.993921945729923, 48.825259152818077 ], [ 77.196315699323804, 49.576011670711388 ], [ 79.894014022386855, 50.292047603137796 ], [ 88.519824630149998, 56.769910156668139 ], [ 91.633534470583243, 57.989106167585305 ], [ 100.907005370463253, 60.60467649426397 ], [ 105.097727374163995, 62.455706119954762 ], [ 108.823835189990945, 65.071568920227634 ], [ 115.577152236721716, 66.895581211044686 ], [ 110.119767198847029, 65.814342353046897 ], [ 107.327867848962569, 64.69329234111224 ], [ 104.37456609667646, 64.446779219529617 ], [ 97.160041579830036, 62.692760961121159 ], [ 93.623601674391125, 60.45509749011584 ], [ 84.523275781271693, 57.782401897601609 ], [ 82.987516436804299, 56.628608742449778 ], [ 82.0884551993054, 56.392213511850976 ] ] ] } },
{ "type": "Feature", "properties": { }, "geometry": { "type": "Polygon", "coordinates": [ [ [ 105.244598634084696, 67.149770864210822 ], [ 90.406390402833054, 64.593023600421276 ], [ 86.643467591019544, 63.17861858066459 ], [ 82.769194212431486, 57.607927353474686 ], [ 83.086741416099585, 58.312013171731259 ], [ 82.0884551993054, 56.392213511850976 ], [ 82.987516436804299, 56.628608742449778 ], [ 84.523275781271693, 57.782401897601609 ], [ 93.623601674391125, 60.45509749011584 ], [ 97.160041579830036, 62.692760961121159 ], [ 104.37456609667646, 64.446779219529617 ], [ 107.327867848962569, 64.69329234111224 ], [ 110.119767198847029, 65.814342353046897 ], [ 113.246329449048432, 66.615235362044373 ], [ 110.111526056243818, 66.609681874510713 ], [ 105.244598634084696, 67.149770864210822 ] ] ] } },
{ "type": "Feature", "properties": { }, "geometry": { "type": "Polygon", "coordinates": [ [ [ 142.233287071939429, 42.079622743308413 ], [ 132.077750538975096, 46.299455644319679 ], [ 125.124028584655321, 47.616636383180939 ], [ 118.761284126136175, 49.288143565486365 ], [ 120.093546762445754, 48.386604176924038 ], [ 121.451859850310299, 48.102420938195955 ], [ 121.386273708697487, 47.809398102630169 ], [ 122.409804922619003, 47.351563770827021 ], [ 122.549855587151384, 47.011907836552091 ], [ 131.850565502259116, 44.546521749763258 ], [ 133.670528852402356, 43.89285992994381 ], [ 134.968732745514359, 42.807484174572878 ], [ 138.632530010390127, 42.497100279803192 ], [ 139.303532524862533, 42.016175608104248 ], [ 140.282388990806709, 40.442468783518258 ], [ 141.210168465088373, 40.886510863738593 ], [ 142.206398879835263, 40.874476978665001 ], [ 142.233287071939429, 42.079622743308413 ] ] ] } },
{ "type": "Feature", "properties": { }, "geometry": { "type": "Polygon", "coordinates": [ [ [ 86.624416385393133, -28.438127398837249 ], [ 91.617597151741421, -27.687898229683292 ], [ 88.399523959978609, -27.257767967436504 ], [ 87.12048401667758, -27.318210298889419 ], [ 86.45928458423532, -27.680478933927997 ], [ 86.624416385393133, -28.438127398837249 ] ] ] } },
{ "type": "Feature", "properties": { }, "geometry": { "type": "Polygon", "coordinates": [ [ [ 87.237553712915371, -28.652798117569301 ], [ 86.954792112327837, -29.416721294904072 ], [ 87.709729525911143, -29.640497369426274 ], [ 87.430878408948303, -29.280343601524546 ], [ 87.237553712915371, -28.652798117569301 ] ] ] } },
{ "type": "Feature", "properties": { }, "geometry": { "type": "Polygon", "coordinates": [ [ [ 87.237553712915371, -28.652798117569301 ], [ 87.709729525911143, -29.640497369426274 ], [ 88.410593570961851, -29.699911352026216 ], [ 87.924530706580072, -29.312602286003802 ], [ 87.56085252636997, -28.283786755325586 ], [ 87.237553712915371, -28.652798117569301 ] ] ] } },
{ "type": "Feature", "properties": { }, "geometry": { "type": "Polygon", "coordinates": [ [ [ 90.386169379649743, -28.691482219777885 ], [ 88.402659425060421, -28.873829526938941 ], [ 87.77730298865788, -29.031577608287677 ], [ 88.410593570961851, -29.699911352026216 ], [ 90.386169379649743, -28.691482219777885 ] ] ] } },
{ "type": "Feature", "properties": { }, "geometry": { "type": "Polygon", "coordinates": [ [ [ -51.388612995566156, 41.324206943097579 ], [ -52.410250523800137, 41.543156333114759 ], [ -52.917333327046791, 40.756838548486918 ], [ -51.302443529048908, 40.095050598707182 ], [ -52.060248373376602, 39.784153797830399 ], [ -50.926896059059466, 38.913860310437776 ], [ -51.831473664536482, 38.324710076168799 ], [ -50.266812389326553, 37.371469700000326 ], [ -48.728253033717735, 34.983758066946066 ], [ -50.139072177532888, 37.743962575784579 ], [ -49.898752806591318, 38.785784953771369 ], [ -50.200707746263937, 39.063886274926595 ], [ -48.697473896701894, 38.180347189673192 ], [ -48.862456213354712, 39.174177766570651 ], [ -51.388612995566156, 41.324206943097579 ] ] ] } },
{ "type": "Feature", "properties": { }, "geometry": { "type": "Polygon", "coordinates": [ [ [ 18.774496470956191, 26.835926570284144 ], [ 14.551275514357746, 25.253696154663551 ], [ 15.025646505834832, 24.460979930480359 ], [ 16.811003602222158, 24.483311536169946 ], [ 23.473606141044034, 26.009203079970835 ], [ 23.934647830778257, 26.535428290202542 ], [ 24.914868047739802, 26.674059794428821 ], [ 24.420351207757825, 27.701012724967345 ], [ 18.774496470956191, 26.835926570284144 ] ] ] } },
{ "type": "Feature", "properties": { }, "geometry": { "type": "Polygon", "coordinates": [ [ [ 22.847075826713617, 4.962052170679492 ], [ 22.2703207396826, 4.838458484472592 ], [ 22.474323005692955, 3.36004807803398 ], [ 23.093849068147374, 1.843364686358206 ], [ 24.142129339224969, 1.527736530116734 ], [ 24.489760377271079, 3.547021949736969 ], [ 23.891159329871627, 3.998706960465548 ], [ 23.17670491052252, 4.029452282243834 ], [ 22.847075826713617, 4.962052170679492 ] ] ] } },
{ "type": "Feature", "properties": { }, "geometry": { "type": "Polygon", "coordinates": [ [ [ -23.753030402534669, -63.203143311370013 ], [ -27.590059154158819, -63.431752570947189 ], [ -27.725977007946625, -64.983249030648921 ], [ -24.945653780250314, -65.439120454306362 ], [ -15.246743808074282, -65.953831157197797 ], [ -13.692733894154516, -64.296671617155326 ], [ -18.741658335694087, -64.119400417956371 ], [ -23.753030402534669, -63.203143311370013 ] ] ] } },
{ "type": "Feature", "properties": { }, "geometry": { "type": "Polygon", "coordinates": [ [ [ -27.283900617616165, -64.796210484220111 ], [ -27.473346817554084, -63.245805706081931 ], [ -28.678524573094123, -62.339624150040969 ], [ -29.501768695775187, -60.824681962394784 ], [ -31.5799843425463, -59.680487605570441 ], [ -37.068017241900314, -61.626909559349585 ], [ -36.751853809949409, -62.923381987980719 ], [ -37.265606906139034, -64.199992275016143 ], [ -27.283900617616165, -64.796210484220111 ] ] ] } },
{ "type": "Feature", "properties": { }, "geometry": { "type": "Polygon", "coordinates": [ [ [ -8.375076266535592, 68.045578539938177 ], [ -8.761245210553712, 69.054456430300917 ], [ -7.084078495478856, 70.685734692813185 ], [ -5.653957914047982, 72.941213947057491 ], [ -4.583798274868273, 73.667868921807298 ], [ -4.644988785443808, 74.468894964355812 ], [ -5.038784887350398, 74.820969390190044 ], [ -4.152119087908242, 75.533872273600167 ], [ -5.058113596651636, 75.911154308758441 ], [ -9.250813988797837, 76.362501764711368 ], [ -14.691187291919586, 76.219989201886435 ], [ -10.057604420436014, 75.197558953326038 ], [ -7.981993700723154, 73.759965005316346 ], [ -9.762022374331654, 71.092869390408424 ], [ -10.17875628520857, 69.484851559908236 ], [ -9.931045547717364, 68.950040449250437 ], [ -8.375076266535592, 68.045578539938177 ] ] ] } },
{ "type": "Feature", "properties": { }, "geometry": { "type": "Polygon", "coordinates": [ [ [ -14.745093845084353, 53.062492266911057 ], [ -14.39728713734565, 53.390770237236474 ], [ -15.056225497806516, 53.913639396461903 ], [ -16.210521778980628, 54.199547188941594 ], [ -17.006693761452471, 53.663632950716242 ], [ -14.745093845084353, 53.062492266911057 ] ] ] } },
{ "type": "Feature", "properties": { }, "geometry": { "type": "Polygon", "coordinates": [ [ [ -14.521876135976473, 52.3784886414496 ], [ -13.762877830249781, 52.834360263075979 ], [ -12.377932808884825, 53.191364048404168 ], [ -14.728176184007726, 53.058573689689553 ], [ -16.097218848756459, 52.608369080323783 ], [ -14.521876135976473, 52.3784886414496 ] ] ] } },
{ "type": "Feature", "properties": { }, "geometry": { "type": "Polygon", "coordinates": [ [ [ -24.274870743774041, -5.020809612282791 ], [ -28.222117218130276, -4.710937412131588 ], [ -28.324753379974744, -4.947887272981791 ], [ -31.602132785400894, -4.430525354615839 ], [ -35.316529885829183, -6.587794464509265 ], [ -39.134814647768501, -6.979510287490396 ], [ -40.852045706665066, -10.106176062088498 ], [ -45.269677997264957, -14.096676982729013 ], [ -48.5861597873213, -18.768168023267805 ], [ -48.042789758251566, -21.691058828337997 ], [ -46.322426587786751, -26.246752286573418 ], [ -44.47381798010084, -29.067284756055972 ], [ -41.482719145536116, -32.364755388467366 ], [ -40.913127396608793, -33.975297860059534 ], [ -41.298600578948324, -35.74430203181285 ], [ -35.657419539907245, -38.819007609500765 ], [ -26.855972742611861, -42.491016701108954 ], [ -16.183262254371325, -45.427908191824493 ], [ -14.294455625521499, -46.493445236324312 ], [ -12.987959408867045, -45.864971988912664 ], [ -10.939478532035041, -43.604503267231102 ], [ -10.458185502471027, -43.758701293452084 ], [ -10.723047139095566, -44.606290687702121 ], [ -9.410875962592556, -45.070855528487961 ], [ -6.78789190651227, -44.925242731103353 ], [ -5.06511085875119, -45.454103787816408 ], [ -4.764095204689435, -44.998753806029526 ], [ -4.732916428828786, -43.856310099365452 ], [ -5.090000153627804, -43.388700393149307 ], [ -2.793538573631257, -40.492326804548014 ], [ -3.237223738854542, -39.658665036862935 ], [ -2.816449026690569, -38.030233998476675 ], [ -3.090509068434649, -37.719032357336417 ], [ -3.176150126046558, -36.400580082549276 ], [ -2.308571240771566, -35.037550759257421 ], [ -2.59408479765051, -30.843078954626858 ], [ -1.324922128237984, -29.898151327794558 ], [ -0.903758199457568, -28.56220160565227 ], [ 2.579128357006002, -26.32263233944439 ], [ 2.666035729035396, -25.963237039073359 ], [ 1.962182332902846, -25.190112144343288 ], [ 1.309566943725612, -22.178177914169925 ], [ -0.624945677859171, -22.312820650813887 ], [ -2.637024292733293, -20.451827801084278 ], [ -3.989511052296038, -19.77222687231826 ], [ -7.073060703878302, -19.714228689052621 ], [ -8.886880117816494, -17.484734121155149 ], [ -10.487881452764379, -16.648531102673584 ], [ -12.240373861093126, -14.705237145777563 ], [ -14.001519555604368, -13.672650428595176 ], [ -14.424020894671679, -11.678811257679705 ], [ -16.015538795209107, -10.282445429689416 ], [ -15.564399274227503, -9.031107831287899 ], [ -16.17991562163499, -8.469983844529503 ], [ -18.33453993165908, -7.133291571370132 ], [ -18.955468610633872, -9.032194084065299 ], [ -20.395738207739125, -8.883302617311294 ], [ -22.611266454615862, -7.340240612951639 ], [ -23.822136867418131, -5.733451821063364 ], [ -24.775219567674217, -5.519572283428375 ], [ -24.274870743774041, -5.020809612282791 ] ] ] } },
{ "type": "Feature", "properties": { }, "geometry": { "type": "Polygon", "coordinates": [ [ [ 110.336508638511233, -11.860699406107299 ], [ 108.863957678243224, -11.744804224548982 ], [ 108.089736175283065, -10.560738574004008 ], [ 108.56106395170336, -12.368163364614002 ], [ 109.989721282615292, -15.405953234345841 ], [ 110.030539622239175, -17.011961321855718 ], [ 113.783982341237177, -19.311473197649153 ], [ 114.725614515132406, -19.29051699145483 ], [ 116.38323715000746, -16.954216055465093 ], [ 116.908770552889635, -14.597123207816921 ], [ 116.551434322125942, -13.908144228087831 ], [ 114.742712804537973, -13.178968031502194 ], [ 113.298003365771706, -13.545385086770189 ], [ 111.566388833821861, -13.379841641111827 ], [ 110.960528312176791, -12.977265069154402 ], [ 110.336508638511233, -11.860699406107299 ] ] ] } },
{ "type": "Feature", "properties": { }, "geometry": { "type": "Polygon", "coordinates": [ [ [ -34.721174638810574, -62.357914169312906 ], [ -37.326535431996419, -61.546872319766031 ], [ -40.190713013199954, -61.472690639308148 ], [ -42.810200690616071, -61.799202853019786 ], [ -47.675295804877571, -66.007110400303532 ], [ -50.042125702658744, -72.140003097833258 ], [ -51.25537988474759, -72.674563268570054 ], [ -51.274651441127972, -73.010695487187775 ], [ -54.608848747110962, -74.434081105072792 ], [ -44.200982843700686, -76.558230497573803 ], [ -36.843670834596409, -78.943001350852015 ], [ -29.309532603477372, -78.006648588149616 ], [ -29.160137827581046, -77.636800289043521 ], [ -24.428781321211432, -76.86300372893858 ], [ -21.710415838329826, -75.786124011982295 ], [ -21.794313363493185, -74.569540840675899 ], [ -23.476365523792477, -72.443247523362515 ], [ -29.637231050403422, -67.780564619438138 ], [ -31.384073108137976, -66.942774894079761 ], [ -32.050866089010363, -65.494256750285913 ], [ -33.807110831024403, -64.131774948025026 ], [ -33.587047134278976, -63.569067108185706 ], [ -34.721174638810574, -62.357914169312906 ] ] ] } },
{ "type": "Feature", "properties": { }, "geometry": { "type": "Polygon", "coordinates": [ [ [ 124.948586343061564, -77.265428919185666 ], [ 123.393049004030175, -77.066199854498066 ], [ 125.807180420506413, -76.250281845605357 ], [ 121.819195256750021, -75.963999757618623 ], [ 120.20761680529985, -75.296641917273448 ], [ 121.311112112916973, -74.198498350844091 ], [ 120.579760686785647, -73.824705818953746 ], [ 120.061894654659056, -72.543613886233231 ], [ 116.665241040253051, -70.336879882828796 ], [ 115.946479266518253, -69.268999348238523 ], [ 116.069527818137033, -67.79736846659452 ], [ 115.192488058149706, -67.375358907797775 ], [ 114.956802269527984, -66.409533114273941 ], [ 110.60493478833483, -62.892771506736835 ], [ 107.759146884694189, -59.714692977784637 ], [ 100.654848612604326, -59.13351772951841 ], [ 96.474239596786973, -59.145336995193972 ], [ 81.623447658353655, -55.358229614894 ], [ 77.801426094219096, -53.467754989585472 ], [ 73.22964724772298, -52.899871821861197 ], [ 72.899544060133749, -54.067639135555318 ], [ 68.544014033559762, -54.477140727408177 ], [ 65.073713285887067, -54.350144743137953 ], [ 58.999800690466039, -53.21165597423834 ], [ 58.653147978906915, -53.063024684287484 ], [ 58.641260232557769, -52.384882579079409 ], [ 57.08745377556977, -51.935005176303214 ], [ 55.66942814570384, -52.390401576498355 ], [ 54.674741442796694, -51.788912830284367 ], [ 52.222232350731751, -51.806965232890363 ], [ 45.803288845226682, -50.967149105228422 ], [ 45.253915310656431, -51.660529493306207 ], [ 40.155812772900426, -50.789938479573031 ], [ 35.676961963103842, -52.631815617964023 ], [ 34.149591929316081, -54.155651230198494 ], [ 33.054804258703733, -54.028190073062142 ], [ 32.5458558032783, -54.698865252138624 ], [ 30.072823274722388, -54.284854961263335 ], [ 29.637965074745701, -53.729192822749624 ], [ 29.767793683942095, -52.448099806974696 ], [ 29.491232789304132, -52.091358940139209 ], [ 28.808015616617624, -52.094050251531549 ], [ 28.304763629635978, -52.983898315991915 ], [ 28.372926936025454, -53.795042104892282 ], [ 27.569088446797092, -55.991527273105937 ], [ 24.712137226857614, -57.56615432858181 ], [ 21.034727632988137, -57.865547138542823 ], [ 18.167826024855611, -57.587957903629409 ], [ 11.469383126707758, -59.323449321682993 ], [ 9.78928535789351, -59.643624165166059 ], [ 8.279707523539027, -59.54681363567267 ], [ 38.241370410777044, -77.173840654633338 ], [ 124.948586343061564, -77.265428919185666 ] ] ] } },
{ "type": "Feature", "properties": { }, "geometry": { "type": "Polygon", "coordinates": [ [ [ -49.427280316872412, -87.788274029974545 ], [ -47.836449227292498, -88.59246804104535 ], [ -47.204658844588913, -89.313158505132023 ], [ -31.641786006728722, -89.786089226131494 ], [ 117.569776580512908, -89.084292632507413 ], [ 117.465654946274924, -88.687859384996329 ], [ 118.606402988855521, -88.102989425167095 ], [ 121.936010426956386, -86.87496861104492 ], [ 123.570441279474636, -86.654512751530717 ], [ 144.097908334346386, -85.563145988647989 ], [ 127.353433964042082, -84.854677602681846 ], [ 112.374106228348779, -83.185023648325142 ], [ 110.016368174708248, -82.754507723979572 ], [ 110.220292175411103, -82.398162575167646 ], [ 109.28074355009683, -80.485623767334545 ], [ 104.124147083255949, -80.623436427778287 ], [ 60.149151623489274, -79.125925799938358 ], [ 48.11808770965829, -79.836563544323639 ], [ 24.111338002617323, -83.077020206978702 ], [ 24.650893457952957, -82.124670635896408 ], [ 21.40953584296544, -81.166424088017337 ], [ 22.986228986438519, -80.195850162689979 ], [ 23.048597093015957, -79.832655505269116 ], [ 18.903297305427586, -79.254650120380262 ], [ 13.455387993144569, -79.273094771646754 ], [ 13.16751391537713, -79.479908162818646 ], [ 15.298224052217124, -80.159480789642544 ], [ 14.355077237088921, -80.555718184865512 ], [ 10.112095693311915, -80.935853317258633 ], [ 7.055612878973823, -80.592173319936848 ], [ 5.998513171709289, -80.077369551591076 ], [ 2.856145660299568, -80.427495688332016 ], [ -8.463275693190113, -78.846598749088741 ], [ -10.982411701948775, -79.278251326593761 ], [ -11.098074412642056, -79.755365881558205 ], [ -9.344187184572247, -79.851581183527429 ], [ -14.092504508052089, -80.293316212244505 ], [ -16.606320414040503, -80.394015142868994 ], [ -16.882803679704562, -80.161332474928614 ], [ -14.707705855131795, -79.958721041218269 ], [ -13.056748872338874, -79.36363589162805 ], [ -14.410320620809847, -79.069942377091593 ], [ -18.882064565516117, -79.780232092006386 ], [ -20.634319688045352, -79.680329137321237 ], [ -15.998352623363802, -78.375443487688656 ], [ -16.967972598148947, -78.136811081168432 ], [ -21.895036461476497, -78.820766354397122 ], [ -26.873556798818086, -78.860595431134882 ], [ -34.058673396934125, -80.048137687106362 ], [ -40.209143038948724, -83.129484918355672 ], [ -48.302292830519832, -85.678503482516689 ], [ -50.676796826948689, -86.077247264614357 ], [ -48.821037216212567, -86.98471213961227 ], [ -48.681961407834173, -87.359082379609831 ], [ -49.427280316872412, -87.788274029974545 ] ] ] } },
{ "type": "Feature", "properties": { }, "geometry": { "type": "Polygon", "coordinates": [ [ [ 26.225390817779992, -43.182114538248811 ], [ 27.353141269215701, -41.588823724288616 ], [ 27.426018422538657, -40.179134289464244 ], [ 30.203500334194672, -35.398393046262278 ], [ 24.23554147489115, -35.691463575498666 ], [ 23.227775459793694, -36.133196644654177 ], [ 22.94117832211553, -36.823550061588094 ], [ 20.345881586710767, -37.594354170871476 ], [ 17.895867537197951, -39.984851120336252 ], [ 16.445035609709148, -43.790315094110106 ], [ 17.415299667466623, -44.775587424376717 ], [ 19.817059162492217, -48.390251542180479 ], [ 20.339386296332925, -47.929938484171949 ], [ 23.18672306357356, -47.237308649122504 ], [ 23.853708530866957, -45.407255384770032 ], [ 26.225390817779992, -43.182114538248811 ] ] ] } },
{ "type": "Feature", "properties": { }, "geometry": { "type": "Polygon", "coordinates": [ [ [ -37.121298011898922, 26.16643798363609 ], [ -38.104248849829268, 24.380250844933265 ], [ -38.041069062054312, 23.933015630667111 ], [ -37.642946557121221, 24.036118280225796 ], [ -37.486734550961657, 23.700496176443821 ], [ -38.019621078299679, 23.549044787731606 ], [ -37.84464806539718, 22.706078699073295 ], [ -36.940549842962334, 22.970520792865035 ], [ -36.87672603471902, 23.61363714619349 ], [ -36.293082285907964, 23.234692365067573 ], [ -36.098900231863908, 24.679030825591006 ], [ -36.364653785948661, 25.017908839546582 ], [ -36.827336589906729, 23.96009146430584 ], [ -36.255257271053608, 25.459570247340981 ], [ -37.11128305383896, 28.337463224151644 ], [ -37.333977903388018, 28.013265861581402 ], [ -37.121298011898922, 26.16643798363609 ] ] ] } },
{ "type": "Feature", "properties": { }, "geometry": { "type": "Polygon", "coordinates": [ [ [ -31.421068333665353, 51.255990788884908 ], [ -32.17822060369754, 51.263370704862105 ], [ -32.203604465380145, 51.085528800517359 ], [ -31.379746557688581, 50.500378915329279 ], [ -31.421068333665353, 51.255990788884908 ] ] ] } },
{ "type": "Feature", "properties": { }, "geometry": { "type": "Polygon", "coordinates": [ [ [ -35.975166068516231, 42.879079353416124 ], [ -36.038526762105377, 43.98025204486418 ], [ -36.76954248913983, 45.436185905186868 ], [ -38.876130011164776, 46.63541316787218 ], [ -43.532584626378259, 46.387212910842798 ], [ -41.130422551979265, 45.401046827733197 ], [ -39.494072365355315, 44.158410648620439 ], [ -38.963812651877525, 42.775262815527157 ], [ -38.800265297355821, 40.596668981810197 ], [ -37.58940750638196, 40.639238143683279 ], [ -37.807835251961016, 41.863371419114898 ], [ -36.936524957020865, 41.751821551632823 ], [ -37.690103093778717, 43.03221419836526 ], [ -36.606657702419604, 43.407342435759901 ], [ -35.975166068516231, 42.879079353416124 ] ] ] } },
{ "type": "Feature", "properties": { }, "geometry": { "type": "Polygon", "coordinates": [ [ [ -22.343252514353228, -54.044959009282614 ], [ -22.90456217978927, -53.57227599679117 ], [ -31.809644568127926, -50.629147296944751 ], [ -36.381790818216913, -50.065896219926344 ], [ -36.691441195226027, -51.529532286906374 ], [ -34.172874493408429, -55.364850783867261 ], [ -24.012120402762548, -55.992493489673549 ], [ -22.343252514353228, -54.044959009282614 ] ] ] } },
{ "type": "Feature", "properties": { }, "geometry": { "type": "Polygon", "coordinates": [ [ [ -36.500982431863093, -50.730317106361575 ], [ -40.235316657585237, -49.519752132392604 ], [ -46.235041605425565, -44.689111798236574 ], [ -47.315211360051535, -48.264380052049866 ], [ -48.626350254893786, -49.384274422921429 ], [ -50.598280964882861, -52.377878922410943 ], [ -43.268127552907742, -53.221738466061048 ], [ -38.943850693040247, -54.838770553835253 ], [ -36.858309190520629, -54.860818436459446 ], [ -34.172874493408429, -55.364850783867261 ], [ -36.691441195226027, -51.529532286906374 ], [ -36.500982431863093, -50.730317106361575 ] ] ] } },
{ "type": "Feature", "properties": { }, "geometry": { "type": "Polygon", "coordinates": [ [ [ -22.875338030822043, -55.590555880561766 ], [ -33.067316662559648, -55.544014484530173 ], [ -32.452284687052035, -56.384549338644753 ], [ -32.907417804743275, -57.743813931396545 ], [ -32.338465481307743, -59.305191155948883 ], [ -31.737483538566824, -60.059462781370854 ], [ -29.734474997043272, -61.246386157838614 ], [ -29.042276558740234, -62.777069162708159 ], [ -27.911146380516712, -63.707358571971177 ], [ -26.042863546121584, -63.723438117767927 ], [ -24.775346711014656, -63.27773798420462 ], [ -25.929168256299707, -63.108510551455772 ], [ -25.80167876039112, -61.396011154685347 ], [ -26.52103797425357, -59.714431546905146 ], [ -26.989527046120315, -59.409440334334278 ], [ -25.418442131735166, -58.376265006690232 ], [ -24.429131098781809, -57.003407349419653 ], [ -23.466520696192209, -56.546125598582563 ], [ -22.875338030822043, -55.590555880561766 ] ] ] } },
{ "type": "Feature", "properties": { }, "geometry": { "type": "Polygon", "coordinates": [ [ [ -17.321872464186903, 69.506819385039591 ], [ -13.316641818757699, 68.425384237705046 ], [ -12.415507560690729, 69.337833063857246 ], [ -9.931045547717364, 68.950040449250437 ], [ -10.17875628520857, 69.484851559908236 ], [ -9.762022374331654, 71.092869390408424 ], [ -7.981993700723154, 73.759965005316346 ], [ -10.057604420436014, 75.197558953326038 ], [ -14.691187291919586, 76.219989201886435 ], [ -25.179092719368988, 76.551431251349641 ], [ -25.735779314426871, 77.445170907369445 ], [ -25.168124880974649, 78.087043712632266 ], [ -26.110158328573863, 78.744462798230629 ], [ -32.932107008912823, 81.27724478654504 ], [ -40.3277656082807, 82.273746918323113 ], [ -40.640192255280311, 81.652296956257288 ], [ -35.484295627916978, 79.60205590439277 ], [ -36.069919126654675, 78.511132208906275 ], [ -36.357060697468775, 76.418028405729729 ], [ -38.69889712399668, 75.955657932515294 ], [ -38.271241999061282, 75.465600633993148 ], [ -39.933548929441194, 74.782463001063931 ], [ -42.485464101233916, 74.499673394343375 ], [ -32.317583333153117, 73.771841812307272 ], [ -29.175384464790991, 74.297832236831724 ], [ -21.537365997198432, 73.717963240487606 ], [ -18.618159282988806, 73.011717952952424 ], [ -14.760339519730799, 71.09597607110689 ], [ -17.321872464186903, 69.506819385039591 ] ] ] } },
{ "type": "Feature", "properties": { }, "geometry": { "type": "Polygon", "coordinates": [ [ [ -70.159920965071677, 78.012635082032418 ], [ -51.270953131580903, 78.389193345773847 ], [ -48.991720889687628, 78.960241400877322 ], [ -52.819908712670305, 82.088179539238041 ], [ -65.010952375034236, 83.722435472021004 ], [ -67.170175682758028, 84.30338963594977 ], [ -75.902053518683914, 84.366462178898914 ], [ -75.501728907365859, 83.736373425520114 ], [ -69.804041936802548, 82.679236352912298 ], [ -65.592899872272653, 80.77688628323493 ], [ -66.029479060157442, 79.53305870745308 ], [ -70.159920965071677, 78.012635082032418 ] ] ] } },
{ "type": "Feature", "properties": { }, "geometry": { "type": "Polygon", "coordinates": [ [ [ 6.235486050324514, 42.802684124061663 ], [ 3.60009844060802, 42.858790782746162 ], [ 2.332432315781295, 42.304100388544221 ], [ 2.192997052610337, 42.56024947009778 ], [ -1.06996008744271, 40.906535847376325 ], [ -5.302679200593244, 37.428536397208873 ], [ -6.351350251503004, 35.878163768715162 ], [ -5.710137468176562, 34.83468279652017 ], [ -4.515099711243862, 34.01123130583705 ], [ -4.144118845970746, 33.387326898123611 ], [ -1.978836003538779, 27.903282637193552 ], [ -3.663505416209567, 22.829161237457509 ], [ -3.391568894774684, 21.924619832398857 ], [ -2.081820497148878, 21.587210235472803 ], [ 1.65367072650533, 18.196243667686133 ], [ 2.618846183338264, 18.08863930057171 ], [ 3.505191874993013, 18.338322999255695 ], [ 4.501933510498704, 18.04894902576109 ], [ 5.186844209782142, 18.191711961477345 ], [ 5.703979693597888, 19.0783401410289 ], [ 6.408005640214182, 22.360263816386944 ], [ 7.58397594977267, 23.83494562341987 ], [ 9.279576802021312, 27.159955901439091 ], [ 11.446009949167117, 29.556255316188228 ], [ 11.796384625423556, 30.612939578736043 ], [ 11.744741100650245, 31.777767106848682 ], [ 10.754226995626412, 33.770167078209184 ], [ 11.163837614161544, 34.674028087141252 ], [ 11.971987911316505, 35.362064864789176 ], [ 13.715629221680784, 38.752603086498752 ], [ 12.0373621391595, 39.821328092864533 ], [ 10.840592815111933, 41.257251976236667 ], [ 9.515602542125437, 41.956559482400372 ], [ 6.760217940449495, 42.426265931024915 ], [ 6.235486050324514, 42.802684124061663 ] ] ] } },
{ "type": "Feature", "properties": { }, "geometry": { "type": "Polygon", "coordinates": [ [ [ 0.151764886950971, 50.590574085589161 ], [ 0.755799882790268, 49.891237908773391 ], [ 3.702060106600351, 49.222664600783297 ], [ 5.727946228406981, 50.636710752076453 ], [ 5.644574854342344, 52.466513584374766 ], [ 2.746534742268704, 53.210885437262348 ], [ -0.591957183284536, 52.890034505772327 ], [ -0.121461614277934, 52.45553131641487 ], [ 0.151764886950971, 50.590574085589161 ] ] ] } },
{ "type": "Feature", "properties": { }, "geometry": { "type": "Polygon", "coordinates": [ [ [ -10.755391682540916, 42.09339971581911 ], [ -8.503574514912275, 41.975925872795614 ], [ -7.886497291992783, 42.584512165857596 ], [ -7.294715278572078, 45.413030323266867 ], [ -6.536795572992465, 46.979139680241452 ], [ -10.213131501166908, 46.336846076799397 ], [ -18.079620020119442, 46.473821766734957 ], [ -19.375850820212811, 45.48769751445591 ], [ -18.991113650115338, 44.428376014761916 ], [ -18.065404332236017, 44.147092199437452 ], [ -16.923584102749338, 42.891693764149807 ], [ -14.758931317883217, 42.435462158290164 ], [ -13.307483840275628, 42.764867082943169 ], [ -11.674608766226413, 42.700839127562091 ], [ -10.755391682540916, 42.09339971581911 ] ] ] } },
{ "type": "Feature", "properties": { }, "geometry": { "type": "Polygon", "coordinates": [ [ [ -0.393085624795576, 45.234290613092064 ], [ 5.928258316065208, 43.29733742627279 ], [ 6.9976626010144, 44.8581413040881 ], [ 3.729479870454695, 47.651537248220997 ], [ 0.5097796486033, 48.830966565936116 ], [ 0.878384879569076, 47.794440873556589 ], [ 0.094516230231468, 46.951330112232654 ], [ -0.393085624795576, 45.234290613092064 ] ] ] } },
{ "type": "Feature", "properties": { }, "geometry": { "type": "Polygon", "coordinates": [ [ [ -18.591828518678899, 43.66855676743598 ], [ -19.557848226562207, 45.814503717589979 ], [ -18.502085144673629, 46.773284937337252 ], [ -21.242127302242949, 46.07603548702393 ], [ -23.797517983996983, 44.837628666499214 ], [ -26.034689381623576, 44.638514763324864 ], [ -27.972422898291757, 45.074542172193446 ], [ -30.120601065479207, 44.236888061980579 ], [ -30.414523125453407, 43.275606944838074 ], [ -31.536029848147951, 42.663746932295695 ], [ -32.75656939352362, 40.548549354447616 ], [ -32.775048787243662, 39.914881270641409 ], [ -31.923313145922553, 38.933729904246306 ], [ -31.745474474104569, 37.073430015187874 ], [ -32.68434721887661, 35.633164178206215 ], [ -34.74210563810712, 33.962941767650598 ], [ -35.649602513283213, 29.466421449617631 ], [ -34.305825007428616, 25.060681987772238 ], [ -34.837191174974997, 17.241024519616793 ], [ -34.153008824380173, 13.535098665568697 ], [ -34.549348044777339, 8.442813574937333 ], [ -37.587823649441823, 5.767860707233156 ], [ -38.143749701880914, 4.26421944782377 ], [ -36.767178897216638, 1.705238815359831 ], [ -37.711285091260009, -1.825996885462545 ], [ -37.635447859116532, -3.106829303093274 ], [ -36.765749764273828, -3.652424632143121 ], [ -35.181958981644478, -3.97426891312932 ], [ -33.65649921695799, -5.369928679461424 ], [ -33.631612956768095, -5.87445622966564 ], [ -32.787743422066285, -6.854407334666794 ], [ -30.502299816417789, -5.035768336524559 ], [ -29.306163474655616, -4.793618619598514 ], [ -25.493548454140505, -5.292987324770636 ], [ -23.367667870650319, -6.187934928689117 ], [ -21.464465487260053, -6.032510295923294 ], [ -24.831978494718388, -2.342266304372458 ], [ -26.683532172104641, -1.128849162463927 ], [ -24.302704008627639, -1.605290209325816 ], [ -21.703124141700595, -1.601020188261662 ], [ -19.971064442416115, -1.263304858066918 ], [ -17.461665263957133, -0.178616867972736 ], [ -11.735561905268746, 3.877641332986046 ], [ -9.034891360440575, 5.060985046767089 ], [ -8.197027017639753, 6.73353152374915 ], [ -3.012903072469914, 10.746462523895552 ], [ 2.07038150307293, 11.875279088237994 ], [ 7.600548654419338, 15.626746988398486 ], [ 6.736880968151703, 15.940685751017879 ], [ 5.965268325878584, 16.798808569790847 ], [ 5.279899769270697, 18.2536756698427 ], [ 2.2782040301479, 20.385231737191503 ], [ -0.423141677323944, 22.977756459147667 ], [ -1.084904342670145, 24.277166557750256 ], [ -3.775766561090437, 24.696794490569193 ], [ -5.362107915710941, 25.547128634668276 ], [ -9.234329999435435, 28.539622550186444 ], [ -9.488018671812409, 29.633282646017729 ], [ -8.911882401569747, 33.457517152105112 ], [ -9.391998297270266, 34.202377865197079 ], [ -10.370588563147324, 34.654594601001847 ], [ -11.363924645176573, 34.683977832653319 ], [ -12.030346920021477, 35.632105422615979 ], [ -12.062272504993768, 37.0538734952395 ], [ -10.404989074999973, 39.140823374500513 ], [ -18.481650848137786, 42.272140055291395 ], [ -18.591828518678899, 43.66855676743598 ] ] ] } },
{ "type": "Feature", "properties": { }, "geometry": { "type": "Polygon", "coordinates": [ [ [ 23.498514387558096, 26.32522701379321 ], [ 16.855852599702558, 24.858632153665152 ], [ 15.064881313153567, 24.849505250515115 ], [ 15.241549753637331, 23.264008974619678 ], [ 13.387942156797644, 20.61874496429111 ], [ 12.345161309443672, 18.374328557145272 ], [ 11.023499598354867, 17.076796568329119 ], [ 9.530545372731309, 13.772609633878162 ], [ 11.128068726502212, 12.516731301811658 ], [ 11.83902505746252, 12.318375567096172 ], [ 13.133010030562975, 14.726890802487242 ], [ 17.088049915962884, 17.972318316796859 ], [ 18.191160053028316, 18.558575840846228 ], [ 19.01122399114821, 18.372022790258285 ], [ 20.229220498158274, 18.650437119166657 ], [ 22.52459176864356, 20.031917528508664 ], [ 24.609375722115036, 24.471535567578762 ], [ 25.409847443648992, 25.248554738513768 ], [ 28.570914390908538, 27.005382315429074 ], [ 25.227464446509597, 27.021977114542402 ], [ 24.019956216133071, 26.854480970044939 ], [ 23.498514387558096, 26.32522701379321 ] ] ] } },
{ "type": "Feature", "properties": { }, "geometry": { "type": "Polygon", "coordinates": [ [ [ 16.781854164484024, 10.385630037740738 ], [ 13.764164296740564, 13.261012372413036 ], [ 11.640878302395288, 13.695505309593203 ], [ 8.306211566809326, 13.501084785955653 ], [ 7.747439917647293, 12.816000495985895 ], [ 6.147124159339626, 8.842719463070138 ], [ 5.123271170503712, 7.592100603499508 ], [ 6.294344327409705, 6.833081043755961 ], [ 7.151580241154707, 6.978597468239574 ], [ 9.041359043267002, 5.614066366948295 ], [ 10.404699273722919, 5.32741411983047 ], [ 15.580871718050254, 5.780757768558079 ], [ 17.646797894226488, 7.033587660905481 ], [ 20.424822216932476, 7.750934259532792 ], [ 20.444094146651921, 8.135198076606619 ], [ 20.04934259144779, 8.045320196476787 ], [ 19.246447352324626, 9.366007566765559 ], [ 16.781854164484024, 10.385630037740738 ] ] ] } },
{ "type": "Feature", "properties": { }, "geometry": { "type": "Polygon", "coordinates": [ [ [ -37.860297387773919, -1.674622193232975 ], [ -42.202525435745542, 4.57651357083776 ], [ -43.024305860018011, 6.97296844292733 ], [ -44.226135142373685, 7.657362261783707 ], [ -44.271955037501222, 5.389922598655039 ], [ -43.296491344755417, 2.621384290469641 ], [ -43.651210609839623, 2.085772985317338 ], [ -43.014141564871956, 0.407890237762334 ], [ -43.071921599583348, -0.960212060082057 ], [ -42.501015008566725, -2.091198995968973 ], [ -42.7514673687784, -2.496598151822421 ], [ -42.431154455814415, -3.567656986820935 ], [ -42.722731066138024, -4.027873582109391 ], [ -42.207599729747088, -4.579008087443199 ], [ -42.059546131090968, -5.654168490428365 ], [ -41.808675809636064, -5.210021583652252 ], [ -38.757617276270281, -7.309207101877978 ], [ -33.739691310663716, -9.984518654122729 ], [ -33.032025405726763, -10.79017085405599 ], [ -32.707660886921872, -9.809495470914566 ], [ -33.828911598932336, -8.603355997511766 ], [ -33.952620355204822, -7.117393520218231 ], [ -33.691076238629719, -5.994091683216968 ], [ -33.051517161698115, -5.46045595233671 ], [ -33.88463457180638, -4.473142898009932 ], [ -33.905102181529003, -3.968420424179116 ], [ -35.416326621957204, -2.560209111778471 ], [ -36.995493128265608, -2.226347131435722 ], [ -37.860297387773919, -1.674622193232975 ] ] ] } },
{ "type": "Feature", "properties": { }, "geometry": { "type": "Polygon", "coordinates": [ [ [ 101.851152542931374, -26.235147239597868 ], [ 101.136581590885058, -26.496267024353855 ], [ 99.248370059072627, -25.453207234149986 ], [ 97.365874255636641, -26.009127719065166 ], [ 98.332349159212711, -25.187550968102485 ], [ 94.928817323503864, -27.1995375422308 ], [ 89.178267710399041, -29.134008481781859 ], [ 88.410593570961851, -29.699911352026216 ], [ 90.343494022790793, -30.249065352342953 ], [ 92.467177491148519, -30.219428881898782 ], [ 94.792024770867258, -29.31945670528297 ], [ 98.03846897591184, -27.351871027390573 ], [ 101.882010050974699, -26.778571306963087 ], [ 101.851152542931374, -26.235147239597868 ] ] ] } },
{ "type": "Feature", "properties": { }, "geometry": { "type": "Polygon", "coordinates": [ [ [ 99.894266772112587, -20.737124932810993 ], [ 97.814872679522281, -21.559903950388499 ], [ 95.965220206279568, -23.613773887227975 ], [ 95.171445451248943, -23.943204886915449 ], [ 91.68468274838115, -23.961800884693684 ], [ 89.661007867928262, -24.802539326188718 ], [ 86.66630308820146, -25.42626898154008 ], [ 85.321707668172039, -26.810774472359721 ], [ 88.65634900502458, -25.776231543042282 ], [ 90.297858563907397, -26.600116758822395 ], [ 90.728518920490131, -27.649684073960639 ], [ 91.617597151741421, -27.687898229683292 ], [ 93.858735790985762, -26.98169235522613 ], [ 97.593728338475415, -24.990743726823855 ], [ 99.894266772112587, -20.737124932810993 ] ] ] } },
{ "type": "Feature", "properties": { }, "geometry": { "type": "Polygon", "coordinates": [ [ [ -23.67049655693511, -8.543755748357949 ], [ -23.311784810464466, -5.229486022409949 ], [ -23.478641829860994, -4.634325611122844 ], [ -24.36115786574004, -3.92329854924371 ], [ -25.663341951687926, -2.058699217609785 ], [ -27.992718809185874, -1.165949867374208 ], [ -30.128185012884753, -0.903256355838689 ], [ -31.931636328048583, -1.427510169153796 ], [ -32.004833919034702, -1.882095212173598 ], [ -32.932106016359135, -1.981070051448493 ], [ -33.571739346531281, -3.822637632990292 ], [ -33.590984885103296, -6.201253807020491 ], [ -33.278668156742974, -7.187810791663413 ], [ -32.322284564711538, -8.014923189914121 ], [ -31.584090713719387, -8.194202533864226 ], [ -28.663975197409311, -7.844184291992997 ], [ -25.91643037579367, -8.224577149805651 ], [ -24.336865869941537, -8.981073456907925 ], [ -22.260133138685639, -10.550983484615776 ], [ -22.887613531998806, -9.086752782305796 ], [ -22.879538250682707, -7.804052973598817 ], [ -23.67049655693511, -8.543755748357949 ] ] ] } },
{ "type": "Feature", "properties": { }, "geometry": { "type": "Polygon", "coordinates": [ [ [ 111.372661410075722, 2.430312750444923 ], [ 112.226047504121752, 3.598594626736059 ], [ 110.216344878057598, 3.486457595253936 ], [ 106.859571799539893, 4.947690263041103 ], [ 105.388869285455669, 4.844480590091545 ], [ 100.751102816624154, 2.918408686474184 ], [ 97.407346726211017, 0.830288285335028 ], [ 99.624680677099889, 0.842444407462676 ], [ 103.095693729702788, -0.734644024381174 ], [ 109.877995569648661, 2.421174727275237 ], [ 111.372661410075722, 2.430312750444923 ] ] ] } },
{ "type": "Feature", "properties": { }, "geometry": { "type": "Polygon", "coordinates": [ [ [ -41.852400431280245, -8.065034892863773 ], [ -44.997246954691732, -2.265619567082716 ], [ -45.180204807127097, -2.356508760900549 ], [ -46.249166043730789, -3.470909964854381 ], [ -46.332653912569775, -4.909511504426686 ], [ -44.928721069432413, -10.912203209921799 ], [ -43.377266092493308, -13.35887220938052 ], [ -42.092918075467516, -14.254415636635255 ], [ -39.829699725212699, -16.846895014726559 ], [ -39.179173482714148, -17.204461431053037 ], [ -40.558227543250972, -14.79551613602913 ], [ -40.820223694032627, -13.440378573799249 ], [ -40.773805270227015, -12.214480614917983 ], [ -39.926956433591059, -11.787270258996504 ], [ -40.246966353704394, -10.294832648358771 ], [ -41.852400431280245, -8.065034892863773 ] ] ] } },
{ "type": "Feature", "properties": { }, "geometry": { "type": "Polygon", "coordinates": [ [ [ 38.233239545306837, -27.731500339198178 ], [ 36.591501857648446, -26.162741640310745 ], [ 36.586395466666787, -24.32906430307245 ], [ 35.997948947997024, -25.880693949829226 ], [ 35.687675470771786, -28.551614286389583 ], [ 34.940074164343159, -29.074506728118109 ], [ 34.674515596884369, -30.806082591413325 ], [ 33.763750358682024, -32.564982690780027 ], [ 39.247960989473221, -32.392085541366185 ], [ 38.488514689042177, -31.552365442402799 ], [ 38.318767344552704, -30.870466587035089 ], [ 38.799989254846565, -30.393433529995061 ], [ 38.702040879420977, -29.72888498920948 ], [ 38.225369481153827, -28.609606590899823 ], [ 38.233239545306837, -27.731500339198178 ] ] ] } },
{ "type": "Feature", "properties": { }, "geometry": { "type": "Polygon", "coordinates": [ [ [ 124.615466619162675, -33.493890254410175 ], [ 123.486401786525008, -32.766760548592053 ], [ 119.164839858058016, -32.080776983455472 ], [ 118.758854021840776, -33.032302971289177 ], [ 120.756696336321681, -33.524236832894346 ], [ 124.615466619162675, -33.493890254410175 ] ] ] } },
{ "type": "Feature", "properties": { }, "geometry": { "type": "Polygon", "coordinates": [ [ [ 115.566564251105291, -29.526596582311729 ], [ 114.632814843052628, -29.320786380582724 ], [ 113.677824014994556, -30.163911359194316 ], [ 111.88573604345838, -30.48857633284997 ], [ 110.070473957397013, -29.958729817622189 ], [ 111.270557252078262, -31.743309445614035 ], [ 114.910838980813509, -31.37594682925705 ], [ 117.428918440802761, -32.855674606682037 ], [ 118.64432961931027, -32.456586762818098 ], [ 117.669477409615297, -31.027796892929445 ], [ 115.566564251105291, -29.526596582311729 ] ] ] } },
{ "type": "Feature", "properties": { }, "geometry": { "type": "Polygon", "coordinates": [ [ [ 28.145955256759301, -46.083861573526633 ], [ 27.776405743949439, -45.460617642401594 ], [ 27.595701055200802, -43.89086006343895 ], [ 26.225390817779992, -43.182114538248811 ], [ 23.853708530866957, -45.407255384770032 ], [ 23.18672306357356, -47.237308649122504 ], [ 20.339386296332925, -47.929938484171949 ], [ 19.817059162492217, -48.390251542180479 ], [ 20.039197142851087, -49.655236982485931 ], [ 18.342889656915151, -52.796546188230664 ], [ 18.094675538127714, -54.128968623023525 ], [ 16.54120043537127, -54.928173788543646 ], [ 16.930221327939389, -56.03688689829724 ], [ 16.259239010109415, -56.619644535665792 ], [ 13.943656776651201, -57.333730460399082 ], [ 13.051158828406646, -58.213080917646472 ], [ 14.122464821725526, -59.880315470619237 ], [ 18.686981350853248, -58.569120427061996 ], [ 19.305441760996306, -58.13635907542178 ], [ 23.886120724923195, -57.956451701371584 ], [ 26.846497992018243, -57.246054263238307 ], [ 29.085007823265293, -52.071401442808245 ], [ 28.440594656890884, -50.902618855878337 ], [ 28.532742936576927, -49.995252161333724 ], [ 29.247339755157363, -49.368321955606518 ], [ 29.461075483032754, -46.681806205860518 ], [ 28.145955256759301, -46.083861573526633 ] ] ] } },
{ "type": "Feature", "properties": { }, "geometry": { "type": "Polygon", "coordinates": [ [ [ 101.546195044087426, -38.261005057353259 ], [ 102.7246972056017, -39.021837337894219 ], [ 111.184928797319344, -38.204697326136092 ], [ 115.438608884105776, -38.378888135546426 ], [ 117.039597017763811, -38.00233664755001 ], [ 120.538241170571396, -35.749381073603359 ], [ 119.967306232058945, -35.710943036654498 ], [ 118.482048328622, -33.595772984415632 ], [ 117.431846824560523, -34.264426644021114 ], [ 115.81305116124507, -33.733111051831841 ], [ 115.613353277993141, -35.597196719584474 ], [ 113.709523570206315, -36.663996171203216 ], [ 111.092002020354869, -36.874188494706104 ], [ 108.846788112741592, -36.546167613662057 ], [ 106.412659394616441, -36.950198689591041 ], [ 103.765644662441744, -36.192065910964239 ], [ 101.546195044087426, -38.261005057353259 ] ] ] } },
{ "type": "Feature", "properties": { }, "geometry": { "type": "Polygon", "coordinates": [ [ [ 104.86158692757283, -37.675491344939161 ], [ 102.389699121557797, -37.882839200202284 ], [ 102.053868578823554, -38.486342686138244 ], [ 104.555934243003918, -40.333731077575685 ], [ 104.86158692757283, -37.675491344939161 ] ] ] } },
{ "type": "Feature", "properties": { }, "geometry": { "type": "Polygon", "coordinates": [ [ [ 152.617518082887983, -54.212949046796297 ], [ 148.184038249748511, -54.68277062731979 ], [ 147.321943675250111, -55.115775163134217 ], [ 147.133946629958473, -55.575496074770555 ], [ 144.604511316636291, -56.196023641616833 ], [ 145.201826705410809, -56.506691008355752 ], [ 144.351008342671236, -58.144699463331399 ], [ 145.433480849374774, -58.726572417195626 ], [ 145.09209472542932, -59.461396434244477 ], [ 145.303611211980126, -59.93192780176399 ], [ 143.375285193281826, -60.787705591827404 ], [ 143.293922538785552, -61.175466747371594 ], [ 142.639776756602373, -61.531940087865053 ], [ 142.689753008752319, -63.81141694495907 ], [ 141.087705019134262, -65.698848770072843 ], [ 139.672758631483816, -66.05117392672382 ], [ 139.773211609994462, -66.718837693298738 ], [ 139.041902207851592, -67.366817482047821 ], [ 139.785605200729663, -67.511888604563396 ], [ 139.150031874153626, -67.819724243355409 ], [ 141.241980601390168, -68.546662016412412 ], [ 140.681756408734259, -69.181792759742777 ], [ 140.016346648064996, -69.394152682839874 ], [ 153.038022574598671, -66.162224745863583 ], [ 159.404623097977833, -63.862369446488685 ], [ 159.520776854790228, -62.084881172940463 ], [ 159.793479498909107, -62.167706230798551 ], [ 160.000168247298859, -61.049168612391099 ], [ 159.856558349016041, -60.548314904594861 ], [ 158.59278841035885, -59.501154997870429 ], [ 158.351220061850398, -58.914289397795265 ], [ 155.201193024959224, -57.541784398715443 ], [ 154.340338596044148, -56.874690368174839 ], [ 152.8125475920003, -55.174074376861995 ], [ 152.617518082887983, -54.212949046796297 ] ] ] } },
{ "type": "Feature", "properties": { }, "geometry": { "type": "Polygon", "coordinates": [ [ [ 148.071691234954528, -57.077049357141526 ], [ 148.259404492198655, -55.379095535291832 ], [ 147.579104371597879, -55.142928318202507 ], [ 145.730371449127347, -55.796549965545353 ], [ 144.079889964374075, -55.950434839861522 ], [ 143.460006321155191, -56.455716386112705 ], [ 146.110900893739029, -60.379360028879347 ], [ 148.278917473850385, -59.763874871223031 ], [ 149.600055697554836, -58.950100998037563 ], [ 149.328727557868518, -57.522536103968605 ], [ 148.071691234954528, -57.077049357141526 ] ] ] } },
{ "type": "Feature", "properties": { }, "geometry": { "type": "Polygon", "coordinates": [ [ [ 147.029063009947265, -63.514284566067666 ], [ 147.28804076068522, -62.632043578103215 ], [ 146.787140540454459, -61.111698984895675 ], [ 147.451717752459473, -60.549939865909153 ], [ 147.475713286061563, -60.160356071968678 ], [ 145.112191614177902, -60.589033091136542 ], [ 144.215664472962658, -61.232659056680298 ], [ 143.508305355486669, -62.467284995500826 ], [ 143.771717209568635, -63.100174712958221 ], [ 144.563022160384975, -63.474608718529197 ], [ 147.029063009947265, -63.514284566067666 ] ] ] } },
{ "type": "Feature", "properties": { }, "geometry": { "type": "Polygon", "coordinates": [ [ [ 153.292792031882414, -70.163602502165048 ], [ 152.805241449225548, -69.358990544842086 ], [ 154.46669161255727, -68.032236832565445 ], [ 153.553755604814143, -67.70820597656602 ], [ 154.188864151790767, -66.677511743623313 ], [ 153.700631921720259, -66.221233289320693 ], [ 145.785428375120233, -67.987961331341765 ], [ 130.242706553334102, -69.987563782334163 ], [ 130.52257872174502, -70.916524652655013 ], [ 130.318297238749921, -72.008142208165765 ], [ 129.848576157617259, -72.400410700837639 ], [ 130.901352331061418, -73.187429640177243 ], [ 130.84214966600527, -74.282671620462082 ], [ 132.911355905137157, -75.226452060327034 ], [ 129.396444507884297, -76.384555324883237 ], [ 128.789033090999624, -77.179354601509971 ], [ 128.969874789812934, -77.499252661626983 ], [ 130.429671311049219, -77.867974870112249 ], [ 135.345880745987159, -77.904260286697038 ], [ 138.851145000919502, -76.857562128881483 ], [ 141.65776835873217, -76.554588737828411 ], [ 146.649263535205193, -74.471433538141554 ], [ 149.936726817027875, -75.471955418410943 ], [ 157.453680983591227, -76.983643512071083 ], [ 163.815762715050482, -76.955532091531111 ], [ 164.155302480211702, -76.038950493455445 ], [ 163.525252302727068, -74.865728408968948 ], [ 162.941425715552356, -74.510590087439496 ], [ 163.110746524973365, -73.639005850231356 ], [ 165.022948345313949, -72.993406869585144 ], [ 161.142259759246912, -72.743801730826235 ], [ 160.390328266035141, -73.703674905751924 ], [ 159.542606348051692, -75.722546819308647 ], [ 158.844755310633133, -75.246331239029018 ], [ 154.530984267711119, -74.804959309056557 ], [ 154.511215399357923, -74.420786750174813 ], [ 151.055200762009264, -73.777468579235503 ], [ 149.621696713862377, -73.062595442596617 ], [ 148.40515626600191, -70.833089232275753 ], [ 148.869043770882598, -70.736735010194593 ], [ 149.061689900315514, -70.28709220039768 ], [ 150.181689775056924, -70.155884041564192 ], [ 150.642333536826186, -69.790856206745161 ], [ 152.810038765807604, -70.273002671422532 ], [ 153.292792031882414, -70.163602502165048 ] ] ] } },
{ "type": "Feature", "properties": { }, "geometry": { "type": "Polygon", "coordinates": [ [ [ 142.033605593479933, -65.908243988204845 ], [ 145.593325659295914, -65.252704191161698 ], [ 146.618125137085798, -63.637838605623259 ], [ 144.143769907119918, -63.581240831554823 ], [ 144.231999191677261, -63.856155372984851 ], [ 142.716771187161925, -64.95675268319043 ], [ 142.033605593479933, -65.908243988204845 ] ] ] } },
{ "type": "Feature", "properties": { }, "geometry": { "type": "Polygon", "coordinates": [ [ [ -21.834319793549113, -4.658363426572096 ], [ -23.294575681753635, -2.722311344108921 ], [ -27.191538038962893, -2.693283710477191 ], [ -26.118338672587587, -3.245256716014838 ], [ -25.703786093385734, -4.669158772875984 ], [ -25.956123665623945, -5.666414796480412 ], [ -24.9966159187159, -6.523808979894583 ], [ -23.377313560053302, -7.009602913571204 ], [ -22.004545093708689, -8.338654373074307 ], [ -20.163024757842035, -6.302825409665792 ], [ -19.114381048054216, -6.511068875395819 ], [ -19.545929650946313, -5.587246113334071 ], [ -20.223301569105448, -5.562720027595951 ], [ -20.355934779126137, -4.965934837495257 ], [ -21.834319793549113, -4.658363426572096 ] ] ] } },
{ "type": "Feature", "properties": { }, "geometry": { "type": "Polygon", "coordinates": [ [ [ -5.253614285334863, 38.823348159215676 ], [ -5.518902170510358, 39.285653052933391 ], [ -6.486456441686192, 38.25188092343496 ], [ -9.705224596519122, 39.332232368345586 ], [ -11.650787326371372, 37.40102475061768 ], [ -11.808950540416767, 35.984690144377304 ], [ -11.266536384087692, 34.984329322587882 ], [ -10.27936477806621, 34.869318287888298 ], [ -9.36166333783782, 34.33505254664432 ], [ -8.976886917717534, 33.552755333339881 ], [ -10.006704179152146, 29.798004542342785 ], [ -9.877780725577946, 28.687786366113638 ], [ -6.349936496419867, 25.375036022747324 ], [ -4.863083810037181, 24.391846037500084 ], [ -2.236450915792338, 23.742915563220041 ], [ -2.324176214596374, 24.721820748213577 ], [ -0.988231680042852, 29.033911688067128 ], [ -0.967323356688796, 29.988564300823956 ], [ -2.702751534581038, 34.099589958121577 ], [ -5.258156194713613, 36.708868258310467 ], [ -5.481904919593892, 37.251342639902326 ], [ -5.253614285334863, 38.823348159215676 ] ] ] } },
{ "type": "Feature", "properties": { }, "geometry": { "type": "Polygon", "coordinates": [ [ [ 2.162122920009264, 47.328968265302095 ], [ -6.300640078173571, 46.921084122826763 ], [ -7.124191378525554, 45.371120112740158 ], [ -7.39023560476735, 44.110279984680211 ], [ -6.966634300937914, 44.072366046348108 ], [ -6.115527733263546, 44.73863774695171 ], [ -1.196974242142511, 45.703714963393878 ], [ 2.162122920009264, 47.328968265302095 ] ] ] } },
{ "type": "Feature", "properties": { }, "geometry": { "type": "Polygon", "coordinates": [ [ [ -3.944568791853662, 39.670446350166351 ], [ -1.971221738095453, 41.76432431367266 ], [ -3.249040373038271, 41.773544754604792 ], [ -5.037515347092245, 41.28876564422275 ], [ -7.152210397486849, 39.95078287501007 ], [ -13.474624938767336, 40.245315532368771 ], [ -14.718659762400703, 39.874648387719951 ], [ -9.608050787696902, 37.509016724962002 ], [ -6.411279903537184, 36.53598830172654 ], [ -5.523478638826329, 37.601801553308064 ], [ -5.238691229611467, 37.149090135985809 ], [ -3.944568791853662, 39.670446350166351 ] ] ] } },
{ "type": "Feature", "properties": { }, "geometry": { "type": "Polygon", "coordinates": [ [ [ -2.546990417413027, 42.400183591723824 ], [ -0.955814089921254, 43.936519292155559 ], [ -2.369259382321237, 43.324646405237189 ], [ -4.735307077194158, 42.905962808301418 ], [ -5.528859496642244, 43.206305876342959 ], [ -7.326495782878931, 41.21824404888676 ], [ -7.715415711524901, 41.317327663416421 ], [ -8.110457590602843, 40.433782943775391 ], [ -7.072550322545224, 40.625255974815616 ], [ -5.616383743027167, 41.841055468608189 ], [ -3.836921273715952, 42.374639568135393 ], [ -2.546990417413027, 42.400183591723824 ] ] ] } },
{ "type": "Feature", "properties": { }, "geometry": { "type": "Polygon", "coordinates": [ [ [ 2.293234304112615, 46.949314966577738 ], [ -1.047145741836652, 45.328406858193802 ], [ -5.937280801686758, 44.371999528984993 ], [ -6.785817016061687, 43.707505127907929 ], [ -7.206673417378539, 43.746331973971706 ], [ -7.460329589985769, 42.549535863080649 ], [ -8.203605908696645, 41.728132362865736 ], [ -7.642967016451198, 41.552657381525542 ], [ -5.720818548144083, 43.588707599966206 ], [ -4.927885022482509, 43.280686935444322 ], [ -1.527238020193241, 44.057494474909433 ], [ 2.504167202253773, 46.676043123391757 ], [ 2.293234304112615, 46.949314966577738 ] ] ] } },
{ "type": "Feature", "properties": { }, "geometry": { "type": "Polygon", "coordinates": [ [ [ -26.37661890100809, 42.28865410392406 ], [ -25.107449466391163, 45.340860440253863 ], [ -25.719735222253348, 46.899370901067897 ], [ -23.68358401344214, 49.77022913460997 ], [ -23.117870433848744, 52.27253707486058 ], [ -24.142538600742323, 52.53444693981956 ], [ -25.971516402965804, 52.230041539948196 ], [ -26.953041739037669, 51.402022869317136 ], [ -27.068238288667544, 51.048463365503402 ], [ -26.360424982011029, 50.244194605193108 ], [ -27.351140050349461, 49.010521663708751 ], [ -27.646608884096931, 47.413873857099325 ], [ -27.130041613247283, 45.764939002908484 ], [ -27.25260412623286, 44.864501448028065 ], [ -27.962694433410793, 44.848529323256869 ], [ -28.569293458323518, 45.253440320418633 ], [ -28.680788038272528, 44.097208463356701 ], [ -27.767631490727791, 42.411945745097476 ], [ -26.37661890100809, 42.28865410392406 ] ] ] } },
{ "type": "Feature", "properties": { }, "geometry": { "type": "Polygon", "coordinates": [ [ [ -18.479842920912553, -6.625306736602415 ], [ -20.163024757842035, -6.302825409665792 ], [ -22.004545093708689, -8.338654373074307 ], [ -18.129008417038357, -11.585709136818101 ], [ -16.709894579633534, -9.283233842006217 ], [ -18.479842920912553, -6.625306736602415 ] ] ] } },
{ "type": "Feature", "properties": { }, "geometry": { "type": "Polygon", "coordinates": [ [ [ 179.99999999, -86.392146057480815 ], [ 144.097908334346386, -85.563145988647989 ], [ 123.570441279474636, -86.654512751530717 ], [ 121.936010426956386, -86.87496861104492 ], [ 118.606402988855521, -88.102989425167095 ], [ 117.465654946274924, -88.687859384996329 ], [ 117.569776580512908, -89.084292632507413 ], [ -31.641786006728722, -89.786089226131494 ], [ -47.204658844588913, -89.313158505132023 ], [ -47.836449227292498, -88.59246804104535 ], [ -49.427280316872412, -87.788274029974545 ], [ -48.681961407834173, -87.359082379609831 ], [ -48.821037216212567, -86.98471213961227 ], [ -50.385170044869724, -86.084431619200828 ], [ -62.174049859237414, -85.670320355779978 ], [ -88.407715398221328, -83.3768110572517 ], [ -97.136201771438834, -84.487830614720181 ], [ -122.620882167174486, -86.120359196720614 ], [ -142.036440609675822, -86.116053856460155 ], [ -157.812109771009489, -86.564906905384021 ], [ -179.99999999, -86.392146057480815 ], [ -179.99999999, -90.0 ], [ 179.99999999, -90.0 ], [ 179.99999999, -86.392146057480815 ] ] ] } },
{ "type": "Feature", "properties": { }, "geometry": { "type": "Polygon", "coordinates": [ [ [ -44.099797421003572, -77.935188760515118 ], [ -56.725099433828909, -76.121119721629043 ], [ -57.453527405847254, -76.757515735740768 ], [ -59.306718981058175, -77.386914363577688 ], [ -59.740659397546395, -77.904224979922873 ], [ -59.741081329689656, -78.482667999805187 ], [ -69.325079247876047, -80.265913514784145 ], [ -73.239379246612017, -81.502791490660172 ], [ -88.713135105559658, -83.324663758794813 ], [ -62.174049859237414, -85.670320355779978 ], [ -50.676796826948689, -86.077247264614357 ], [ -48.302292830519832, -85.678503482516689 ], [ -40.209143038948724, -83.129484918355672 ], [ -34.058673396934125, -80.048137687106362 ], [ -44.099797421003572, -77.935188760515118 ] ] ] } },
{ "type": "Feature", "properties": { }, "geometry": { "type": "Polygon", "coordinates": [ [ [ 164.17559884404136, -79.412534741573509 ], [ 173.534863063511665, -75.340744240243268 ], [ 170.901421224851816, -75.051166506772546 ], [ 168.442462309517509, -74.279370300871051 ], [ 167.627395113357665, -73.500757892055759 ], [ 166.112537492275067, -72.833473124332428 ], [ 158.877985754707424, -71.939814763246375 ], [ 157.873555910608047, -71.993179399794471 ], [ 156.553925078835789, -72.608920571229604 ], [ 156.376169883783405, -73.480201477614656 ], [ 156.91573036865941, -73.836353800220323 ], [ 157.471537221465212, -75.010752469859924 ], [ 157.124989123400553, -75.926638226396122 ], [ 154.311197647391509, -78.48114714398838 ], [ 163.434808609321891, -79.445574086313471 ], [ 163.133818918520859, -79.919205744205399 ], [ 163.613380397516039, -79.963977248949476 ], [ 164.17559884404136, -79.412534741573509 ] ] ] } },
{ "type": "Feature", "properties": { }, "geometry": { "type": "Polygon", "coordinates": [ [ [ 149.945087182728145, -46.345189881653212 ], [ 149.501565911775742, -46.344995483606404 ], [ 148.706512572716036, -47.844296035962223 ], [ 147.485302568227667, -48.967588779745775 ], [ 145.809334050783974, -49.584417546521408 ], [ 145.278198990876774, -51.055438948361264 ], [ 147.18857911206058, -51.126695953391092 ], [ 148.703495164788052, -50.624544547127947 ], [ 149.460593172299411, -49.829995170953495 ], [ 150.359113362219887, -47.478915079718632 ], [ 150.380908485111036, -46.920920315777309 ], [ 149.945087182728145, -46.345189881653212 ] ] ] } },
{ "type": "Feature", "properties": { }, "geometry": { "type": "Polygon", "coordinates": [ [ [ 140.121628815052276, -44.912276640981702 ], [ 138.600931058739462, -44.913661412867192 ], [ 137.37236578760664, -44.542303036643524 ], [ 136.854653019030451, -45.44029367559088 ], [ 141.791777844613819, -46.814246604090364 ], [ 142.659785274350128, -47.547402926779469 ], [ 143.543104481543054, -46.912923039665863 ], [ 142.289014738812142, -45.892739889004304 ], [ 140.121628815052276, -44.912276640981702 ] ] ] } },
{ "type": "Feature", "properties": { }, "geometry": { "type": "Polygon", "coordinates": [ [ [ 147.307366963724746, -45.366908033661588 ], [ 144.73845877104597, -46.618146269362718 ], [ 143.186513717730321, -46.987828167862013 ], [ 142.587424617555286, -48.019311733659364 ], [ 143.309742618218507, -48.796865019463965 ], [ 144.456515841433259, -49.217403912112758 ], [ 145.632118996831792, -49.15200134960007 ], [ 146.295207872975197, -48.582710502164446 ], [ 147.114875486959676, -48.442854752465024 ], [ 147.108958804828688, -48.186039493521676 ], [ 148.015817786815802, -48.248386846851467 ], [ 148.798202178269918, -47.217097821749178 ], [ 147.530840544659071, -46.507924364591283 ], [ 147.709502348029247, -45.818275668071948 ], [ 147.307366963724746, -45.366908033661588 ] ] ] } },
{ "type": "Feature", "properties": { }, "geometry": { "type": "Polygon", "coordinates": [ [ [ 135.31625360242225, -43.697411947333812 ], [ 133.574207508022312, -42.879333891381307 ], [ 133.298692407490279, -44.670278658584877 ], [ 134.635325216510807, -45.094071789436654 ], [ 137.211568213704908, -45.183397414371235 ], [ 137.694357773845212, -44.276315324000805 ], [ 136.001153061622773, -43.548961676092858 ], [ 135.31625360242225, -43.697411947333812 ] ] ] } },
{ "type": "Feature", "properties": { }, "geometry": { "type": "Polygon", "coordinates": [ [ [ 132.970585004851472, -36.554213978652008 ], [ 126.521056058140715, -33.229764064259989 ], [ 125.210880187203401, -33.012314892282973 ], [ 123.315805626137063, -33.649461779242323 ], [ 126.319344904087515, -34.239783651313253 ], [ 129.084173433206928, -35.64415711748407 ], [ 133.312790409383155, -37.145371279586811 ], [ 133.949112288194783, -37.742243033180877 ], [ 132.970585004851472, -36.554213978652008 ] ] ] } },
{ "type": "Feature", "properties": { }, "geometry": { "type": "Polygon", "coordinates": [ [ [ 148.710174242501836, 34.592944951501032 ], [ 146.445201156679133, 36.276835805419097 ], [ 146.252390163224248, 34.533897956923568 ], [ 145.720376838367201, 33.529554821309553 ], [ 146.822698246260472, 34.18358584363623 ], [ 147.902824335465283, 33.13175310219723 ], [ 148.616979019113131, 33.25638089326079 ], [ 148.710174242501836, 34.592944951501032 ] ] ] } },
{ "type": "Feature", "properties": { }, "geometry": { "type": "Polygon", "coordinates": [ [ [ -18.400438906405338, -68.624626997487638 ], [ -19.667354398037368, -68.927283824006281 ], [ -24.130351705335723, -69.08200631876359 ], [ -26.28575584273743, -68.79253795284707 ], [ -29.637231050403422, -67.780564619438138 ], [ -23.476365523792477, -72.443247523362515 ], [ -21.794313363493185, -74.569540840675899 ], [ -21.622492892089131, -75.458218971854322 ], [ -22.723294766899805, -76.351150302592757 ], [ -29.160137827581046, -77.636800289043521 ], [ -29.309532603477372, -78.006648588149616 ], [ -24.687451814836592, -78.138580202491937 ], [ -19.49036229881931, -77.641263884109335 ], [ -18.774288699574655, -77.911273617018892 ], [ -24.338487471531746, -79.026997813922151 ], [ -22.58853101070628, -79.016163380379936 ], [ -22.822813159192421, -79.186779033775963 ], [ -17.910353001265687, -78.651487173899056 ], [ -16.926194154568208, -78.989085229609088 ], [ -19.131098923190791, -79.511411576000199 ], [ -21.39338254679738, -79.631092251523839 ], [ -21.414377684045647, -79.868383158761475 ], [ -20.568629329425939, -79.890652669503822 ], [ -13.935749965372613, -79.603936492216832 ], [ -15.494631430033325, -79.44480460741336 ], [ -14.865593376477145, -78.981956849154486 ], [ -12.011772675115301, -78.65261306635081 ], [ -10.032430163408121, -79.107275388697076 ], [ -0.721139249588487, -79.086929504149424 ], [ -4.08768657263417, -78.577918256634902 ], [ -4.18468061888353, -78.28387123987909 ], [ -1.246465611998665, -77.813896694759464 ], [ 9.227158694843194, -77.702177965200036 ], [ -18.400438906405338, -68.624626997487638 ] ] ] } },
{ "type": "Feature", "properties": { }, "geometry": { "type": "MultiPolygon", "coordinates": [ [ [ [ 179.99999999, -86.618053469740445 ], [ 154.541822923937019, -87.668439354764715 ], [ 179.99999999, -87.698988771004338 ], [ 179.99999999, -86.618053469740445 ] ] ], [ [ [ -179.99999999, -87.698988771004338 ], [ -166.954381871393565, -87.265960683452221 ], [ -164.538198059357882, -87.026940392857796 ], [ -163.72003813851444, -86.613444756034994 ], [ -164.809745311615075, -86.130657899054043 ], [ -170.184996973787349, -85.599092728602287 ], [ -179.99999999, -86.618053469740445 ], [ -179.99999999, -87.698988771004338 ] ] ] ] } },
{ "type": "Feature", "properties": { }, "geometry": { "type": "Polygon", "coordinates": [ [ [ 48.138060435150756, -31.58890679807924 ], [ 47.59021318244482, -30.448273864939999 ], [ 46.416401427476785, -31.461316790852887 ], [ 36.181846017659623, -32.257716328858237 ], [ 34.315539145336082, -32.751223205970327 ], [ 34.349260506431818, -32.244463322794964 ], [ 32.0723852500508, -33.30371437613298 ], [ 30.507653293927653, -35.635223852657511 ], [ 29.316701516303162, -34.960337633595032 ], [ 26.561188709997879, -39.743143220901366 ], [ 26.491070337392994, -41.152899500810364 ], [ 25.373990495158509, -42.747328639999701 ], [ 26.735843988888611, -43.454710797775562 ], [ 26.917952105533658, -45.024305958500058 ], [ 27.285729477159702, -45.647233300439609 ], [ 28.587113836177238, -46.433630171863619 ], [ 29.486710504603625, -45.398486823187362 ], [ 31.132817470440898, -44.330661897234627 ], [ 31.88174754928416, -44.251785949732238 ], [ 35.764204011152039, -41.970116686727955 ], [ 39.331415830912057, -40.655660577531364 ], [ 43.208117513808183, -38.532915622071364 ], [ 47.93514534352169, -32.973716914894375 ], [ 47.726708336642744, -32.343355761052358 ], [ 48.138060435150756, -31.58890679807924 ] ] ] } },
{ "type": "Feature", "properties": { }, "geometry": { "type": "Polygon", "coordinates": [ [ [ 142.756717512450024, -67.146973255419084 ], [ 143.401634820756044, -66.486081489259604 ], [ 143.22529140096384, -65.821016018822661 ], [ 143.465632871358309, -65.677907849506497 ], [ 140.966601746196858, -66.063512642558749 ], [ 140.34296502825643, -67.936546869261562 ], [ 143.510756966069067, -67.277989223948069 ], [ 142.756717512450024, -67.146973255419084 ] ] ] } },
{ "type": "Feature", "properties": { }, "geometry": { "type": "Polygon", "coordinates": [ [ [ 24.285428569735199, -32.931225630582681 ], [ 20.708379471429541, -27.403092692724812 ], [ 19.86409804599149, -26.737324325318564 ], [ 15.183163511042912, -26.337260319276798 ], [ 10.184992444044829, -25.197381080601346 ], [ 7.649093084873195, -23.448199492111659 ], [ 6.182863115927558, -21.47257688192126 ], [ -1.748064404591438, -21.394370578678942 ], [ -1.062957820178218, -22.424220130209939 ], [ 0.424564790702284, -22.812849485841888 ], [ 1.21334672550292, -25.635172808353833 ], [ -0.710798350995993, -27.242984395125987 ], [ -2.180614559454961, -27.515745351798902 ], [ -3.361500401182232, -28.719207210406456 ], [ -3.535463444715305, -29.318899398600852 ], [ -4.657203390303754, -29.505457084296218 ], [ -5.177879028922881, -30.067704364327398 ], [ -4.545151716497966, -33.36578494032544 ], [ -5.154475389132332, -33.70963589342584 ], [ -5.894967173729596, -35.847630709207536 ], [ -6.834023357576441, -36.722315441543643 ], [ -7.251793972303254, -39.300047715982501 ], [ -8.079917393671574, -39.498230531834963 ], [ -8.61438389616684, -40.652235582328494 ], [ -11.165681086759134, -41.663158202879742 ], [ -11.740446726416179, -42.219899669461704 ], [ -13.219093242463808, -42.602917471818664 ], [ -19.018282923091796, -49.478673884332188 ], [ -23.236038233189518, -52.966491558421353 ], [ -24.508133020208536, -53.542505428315266 ], [ -25.653570337093353, -54.974686216074943 ], [ -26.170257707743612, -55.200397898111575 ], [ -26.154104681865956, -55.691230257760253 ], [ -27.16042697336345, -56.109875179691727 ], [ -26.937413869629893, -56.310464072819492 ], [ -28.000917022454143, -57.240140198303109 ], [ -27.95275434594501, -57.640168465883114 ], [ -29.203836203587954, -58.192625904698353 ], [ -29.043561170001638, -58.627760534518501 ], [ -30.978027678338631, -60.32359074999431 ], [ -30.546827981872593, -61.219281692120212 ], [ -30.918537699138692, -61.832349947431631 ], [ -28.166672741666801, -63.228836948248549 ], [ -23.142042434494901, -64.34862519376469 ], [ -12.264860983941142, -65.360473880441248 ], [ -1.700178934006488, -64.817117044253621 ], [ 0.829502538583693, -64.389583494749857 ], [ 5.194805233682355, -62.528387162772255 ], [ 8.42373494297418, -63.126803696271658 ], [ 11.824989609904275, -62.073913609836737 ], [ 14.122464821725526, -59.880315470619237 ], [ 13.051158828406646, -58.213080917646472 ], [ 13.943656776651201, -57.333730460399082 ], [ 16.259239010109415, -56.619644535665792 ], [ 16.930221327939389, -56.03688689829724 ], [ 16.54120043537127, -54.928173788543646 ], [ 18.094675538127714, -54.128968623023525 ], [ 18.342889656915151, -52.796546188230664 ], [ 20.039197142851087, -49.655236982485931 ], [ 19.817059162492217, -48.390251542180479 ], [ 17.415299667466623, -44.775587424376717 ], [ 16.445035609709148, -43.790315094110106 ], [ 17.482458902033301, -40.66434466826361 ], [ 20.345881586710767, -37.594354170871476 ], [ 22.94117832211553, -36.823550061588094 ], [ 23.227775459793694, -36.133196644654177 ], [ 24.23554147489115, -35.691463575498666 ], [ 25.212999299949711, -35.679527107123292 ], [ 24.285428569735199, -32.931225630582681 ] ] ] } },
{ "type": "Feature", "properties": { }, "geometry": { "type": "Polygon", "coordinates": [ [ [ 38.241370410777066, -77.173840654633338 ], [ 8.279707523539027, -59.54681363567267 ], [ 7.290207044974657, -59.560047969301102 ], [ 6.890985059436653, -59.981992736582008 ], [ 3.737801717759309, -60.729617579983611 ], [ 0.802825196688226, -62.195267601860039 ], [ -0.25051005425432, -64.346004751454586 ], [ -14.812175884828484, -67.017916594888703 ], [ -18.400438906405338, -68.624626997487638 ], [ 9.227158694843194, -77.702177965200036 ], [ -1.246465611998665, -77.813896694759464 ], [ -4.18468061888353, -78.28387123987909 ], [ -4.08768657263417, -78.577918256634902 ], [ -0.721139249588487, -79.086929504149424 ], [ -10.032430163408121, -79.107275388697076 ], [ -9.436033706873644, -79.356440761897147 ], [ -2.802964566247184, -80.626433146545381 ], [ 0.821172326852638, -80.405009878203899 ], [ 1.294630962050562, -80.666808257368174 ], [ 1.166988391480755, -80.946638547120031 ], [ 3.146509873001734, -81.373228625834628 ], [ 8.712534552976516, -81.187401834935159 ], [ 10.264887435472353, -80.836462950240005 ], [ 8.91197569194426, -80.092608944053723 ], [ 10.563799049037975, -79.857101393446854 ], [ 15.198327874180034, -80.084353324801157 ], [ 18.945807348343589, -80.800531183471904 ], [ 15.208569209911582, -82.042598093388747 ], [ 16.874332201451804, -83.088078390554131 ], [ 13.876181048389572, -83.981598971990763 ], [ 47.473434956023688, -81.584164867306143 ], [ 56.482184567520626, -81.209522970817588 ], [ 62.551008994192607, -81.130839561409445 ], [ 118.082309986987525, -82.585020220453387 ], [ 124.353427177038029, -82.342213875481377 ], [ 122.126408379330513, -80.693869911942755 ], [ 120.432906623585083, -79.861778062973784 ], [ 115.900919470143492, -79.548775681298508 ], [ 117.529623828498643, -78.517978583159802 ], [ 38.241370410777066, -77.173840654633338 ] ] ] } },
{ "type": "Feature", "properties": { }, "geometry": { "type": "Polygon", "coordinates": [ [ [ 21.628062419032542, -0.052804803749049 ], [ 19.665317586583434, 0.92851765887185 ], [ 19.372298903277482, 0.21275786051208 ], [ 18.505476166006417, -0.36827986114375 ], [ 15.982332553341058, -0.449446873353462 ], [ 14.986945411876713, -1.771247903330672 ], [ 11.961347888383299, -7.035714153678167 ], [ 12.148892717821283, -11.647445425251977 ], [ 11.750981732286423, -13.56060128221211 ], [ 11.953862855413545, -14.933884199041582 ], [ 11.732225384589215, -18.024910945297194 ], [ 10.496880567811004, -19.597692401970825 ], [ 7.817017492240495, -21.485362115303012 ], [ 5.717452117751556, -21.928161537932475 ], [ 7.23762559010943, -23.871903948688555 ], [ 9.826544601568227, -25.565718102658384 ], [ 14.867558665660813, -26.595103458743008 ], [ 19.566666371423089, -26.890123063283276 ], [ 20.430727108919029, -27.536629323656985 ], [ 24.177671339761254, -32.981898576690334 ], [ 25.196760021425327, -35.708126587772206 ], [ 30.235951722635981, -35.307730180447649 ], [ 31.392166460919007, -35.962114324107866 ], [ 32.885110319945561, -33.596451012317871 ], [ 35.134186946542876, -32.486272112051381 ], [ 35.561601310615785, -31.620789018381405 ], [ 35.591272171160291, -29.382731162463898 ], [ 36.231428903719333, -28.758672265963696 ], [ 36.047494531998112, -26.078509071441015 ], [ 36.354455180370401, -24.461593207793154 ], [ 36.473040710959204, -25.164212697291287 ], [ 36.157699744683399, -23.236615541543951 ], [ 35.030659681929109, -22.28080601847158 ], [ 35.353678492982773, -19.133522272811817 ], [ 33.783616277778869, -13.578770610097564 ], [ 32.789155796217862, -11.89069874619509 ], [ 32.734521885538769, -10.267934077516129 ], [ 33.08602582433025, -9.063791623345132 ], [ 31.516595692997303, -8.491482135969814 ], [ 30.273228014221509, -8.973162520576523 ], [ 27.624315703965127, -7.001439987673828 ], [ 27.701758366859199, -6.69581061196088 ], [ 26.078489530859002, -5.919744688824981 ], [ 24.034857176220065, -3.572447594672884 ], [ 23.556717516396727, -2.2617205498473 ], [ 22.153733220247492, -1.777322715896277 ], [ 21.487875321134432, -1.099367082868863 ], [ 21.628062419032542, -0.052804803749049 ] ] ] } },
{ "type": "Feature", "properties": { }, "geometry": { "type": "Polygon", "coordinates": [ [ [ 121.19391323607924, -27.304189824187691 ], [ 120.768747967315733, -26.021438643679968 ], [ 116.986127823953282, -25.482686499184311 ], [ 115.307539169679558, -25.977130502687562 ], [ 115.921898672324545, -26.987997383259842 ], [ 117.104564943355882, -27.802708372064586 ], [ 118.086650908562945, -27.69334020980509 ], [ 118.481847179689922, -26.745189860579494 ], [ 121.19391323607924, -27.304189824187691 ] ] ] } },
{ "type": "Feature", "properties": { }, "geometry": { "type": "Polygon", "coordinates": [ [ [ 115.563043529263979, -29.50554079515264 ], [ 115.414186804781281, -29.166124445292919 ], [ 112.731841264255067, -28.799425673881988 ], [ 112.091638793141598, -27.784796369555043 ], [ 110.131730491039207, -26.386018684191296 ], [ 109.185730146088773, -26.167250858310734 ], [ 110.19126647506377, -27.518040280457534 ], [ 109.4374248866866, -28.865790526879142 ], [ 110.070473957397013, -29.958729817622189 ], [ 111.88573604345838, -30.48857633284997 ], [ 113.677824014994556, -30.163911359194316 ], [ 114.632814843052628, -29.320786380582724 ], [ 115.563043529263979, -29.50554079515264 ] ] ] } },
{ "type": "Feature", "properties": { }, "geometry": { "type": "Polygon", "coordinates": [ [ [ 117.918643779057675, -27.842323013794473 ], [ 114.733132360743198, -27.001317924880375 ], [ 113.687721537428544, -26.346257424505374 ], [ 114.075160155320702, -27.286124307368745 ], [ 115.043270530103868, -27.914641333116165 ], [ 118.301671763662569, -28.561303796678011 ], [ 117.918643779057675, -27.842323013794473 ] ] ] } },
{ "type": "Feature", "properties": { }, "geometry": { "type": "Polygon", "coordinates": [ [ [ -39.672474818886379, 27.114693973059257 ], [ -40.160612988332886, 26.728272124035442 ], [ -40.549324539884424, 27.031954503018024 ], [ -40.827391077267286, 24.910467368797704 ], [ -41.218700118289753, 24.488395073529933 ], [ -41.819439612956337, 24.468989650556107 ], [ -42.713530323318508, 26.405807636042976 ], [ -42.712834244232724, 27.505475409267866 ], [ -43.298100672119013, 28.721158766935542 ], [ -42.848741203730754, 26.225140452316211 ], [ -43.260193757402519, 26.906153399091718 ], [ -43.464642417318672, 26.459684854664932 ], [ -43.260111000406752, 25.609208868632354 ], [ -44.131114083235722, 23.388114306443331 ], [ -45.945106399747843, 20.533114868665319 ], [ -43.058611443595829, 17.826769738036688 ], [ -41.237310365459464, 16.837101847772221 ], [ -38.419348503466715, 16.198786341346953 ], [ -39.309159345985307, 17.483122665089951 ], [ -38.86237659093009, 19.001901498567737 ], [ -38.073658728013996, 20.252851759972447 ], [ -39.160441208492948, 20.936930722989302 ], [ -39.587526329498708, 21.957838897396542 ], [ -38.751112317543289, 23.344718166549406 ], [ -39.480591969508147, 23.8544230617733 ], [ -39.255854663567945, 25.09434039189161 ], [ -38.856768754148938, 25.523905622227534 ], [ -39.672474818886379, 27.114693973059257 ] ] ] } },
{ "type": "Feature", "properties": { }, "geometry": { "type": "Polygon", "coordinates": [ [ [ -36.81212659991025, 28.907489837943356 ], [ -36.985984017414779, 28.433719979495059 ], [ -36.993129754692923, 28.07692451739301 ], [ -36.717503106218771, 28.487701678210559 ], [ -36.81212659991025, 28.907489837943356 ] ] ] } },
{ "type": "Feature", "properties": { }, "geometry": { "type": "Polygon", "coordinates": [ [ [ -31.068293406867109, 48.854050445372259 ], [ -31.23640933632996, 49.865111272492584 ], [ -32.245350230548773, 50.336896835833159 ], [ -32.859423688636575, 51.256584174843191 ], [ -35.014700660493261, 51.881917910625297 ], [ -34.573148998697903, 51.187000221829166 ], [ -33.344673520530336, 50.80538791082774 ], [ -31.642628101969883, 49.062133147020397 ], [ -31.068293406867109, 48.854050445372259 ] ] ] } },
{ "type": "Feature", "properties": { }, "geometry": { "type": "Polygon", "coordinates": [ [ [ -32.684801460958575, 49.003312767141232 ], [ -32.745210000896321, 49.409571481246203 ], [ -33.340545052450508, 49.47248500971768 ], [ -32.684801460958575, 49.003312767141232 ] ] ] } },
{ "type": "Feature", "properties": { }, "geometry": { "type": "Polygon", "coordinates": [ [ [ 134.803664584612989, 32.118811099059421 ], [ 135.391078469735078, 33.510311514395077 ], [ 137.852600975730866, 36.517441851968492 ], [ 137.57580200352092, 37.689144042871156 ], [ 129.351985023975431, 33.550150930828678 ], [ 133.374038271880636, 32.060712906330792 ], [ 134.803664584612989, 32.118811099059421 ] ] ] } },
{ "type": "Feature", "properties": { }, "geometry": { "type": "Polygon", "coordinates": [ [ [ 139.303532524862533, 42.016175608104248 ], [ 138.632530010390127, 42.497100279803192 ], [ 134.968732745514359, 42.807484174572878 ], [ 134.657415808352482, 43.142422474683791 ], [ 131.817224082414384, 42.302868963252983 ], [ 128.39236966911173, 40.543874751101598 ], [ 127.249127204988795, 38.928438801914069 ], [ 123.354385471246189, 35.589631261063758 ], [ 125.336389056033568, 34.699505007397718 ], [ 127.284617102090365, 34.437554748748646 ], [ 129.351985023975431, 33.550150930828678 ], [ 137.57580200352092, 37.689144042871156 ], [ 137.494718938126169, 38.786734287394609 ], [ 137.80137326793718, 39.394137939257789 ], [ 139.978586158048927, 39.962022202543594 ], [ 140.282388990806709, 40.442468783518258 ], [ 139.303532524862533, 42.016175608104248 ] ] ] } },
{ "type": "Feature", "properties": { }, "geometry": { "type": "Polygon", "coordinates": [ [ [ 73.151686448745934, -19.040560469595519 ], [ 69.429045196855355, -17.013835150483175 ], [ 67.750587470667071, -17.225875668922459 ], [ 69.140160480107326, -18.124721222990001 ], [ 71.65307662723832, -20.533051320621269 ], [ 73.90822860164883, -21.602732589215879 ], [ 75.962036341120069, -22.212896079890523 ], [ 78.416802988137789, -22.279120338562539 ], [ 81.426147399694415, -22.810040700326816 ], [ 80.841909502436721, -21.833735579724706 ], [ 79.765377091811445, -21.43483178832518 ], [ 76.71797327577832, -21.114751137630947 ], [ 76.054305161055893, -20.708117936983516 ], [ 76.350507684357382, -20.598411189488807 ], [ 76.05806400530669, -20.094346190785089 ], [ 75.174617811010137, -19.375461575048703 ], [ 73.151686448745934, -19.040560469595519 ] ] ] } },
{ "type": "Feature", "properties": { }, "geometry": { "type": "Polygon", "coordinates": [ [ [ 83.337822369847274, -22.965302579327737 ], [ 85.515937573348225, -23.497891900164454 ], [ 87.56991064221566, -24.992783674544121 ], [ 86.530216458319842, -23.661838440116917 ], [ 84.482713446538824, -22.890617262455731 ], [ 83.337822369847274, -22.965302579327737 ] ] ] } },
{ "type": "Feature", "properties": { }, "geometry": { "type": "Polygon", "coordinates": [ [ [ 83.30829174857692, -29.012435734307413 ], [ 82.485719994176222, -28.641979696756817 ], [ 81.315594982095803, -28.938666774096614 ], [ 82.342124036958552, -29.205844662840306 ], [ 83.30829174857692, -29.012435734307413 ] ] ] } },
{ "type": "Feature", "properties": { }, "geometry": { "type": "Polygon", "coordinates": [ [ [ 70.256877051470653, -26.855921495569341 ], [ 68.758879733121717, -25.197775155762276 ], [ 68.615879115787195, -25.271404030536178 ], [ 68.578039329680536, -26.028057254943128 ], [ 70.256877051470653, -26.855921495569341 ] ] ] } },
{ "type": "Feature", "properties": { }, "geometry": { "type": "Polygon", "coordinates": [ [ [ -92.496193280897103, 28.643301404558901 ], [ -94.734672944150631, 30.13776442570266 ], [ -96.088463895010818, 29.979429960388 ], [ -97.425169341641933, 30.515599120139182 ], [ -98.476967249612827, 30.447586675166153 ], [ -100.529754073494928, 31.358115373357322 ], [ -102.62758585158339, 31.236437545385812 ], [ -100.796893643177853, 30.024879033798381 ], [ -97.736038273615108, 28.749996952074703 ], [ -93.352149737144572, 27.868084615683326 ], [ -92.764937006279425, 27.921538007918752 ], [ -92.496193280897103, 28.643301404558901 ] ] ] } },
{ "type": "Feature", "properties": { }, "geometry": { "type": "Polygon", "coordinates": [ [ [ 101.968395385308881, 12.421915413507053 ], [ 101.393123761754367, 11.102613440102742 ], [ 99.40727000286391, 9.060889536771931 ], [ 102.835347740411521, 9.063012390891334 ], [ 102.689681932958749, 11.280242266003192 ], [ 101.968395385308881, 12.421915413507053 ] ] ] } },
{ "type": "Feature", "properties": { }, "geometry": { "type": "Polygon", "coordinates": [ [ [ 105.009563316401639, 8.794140677932148 ], [ 104.129882449750994, 9.869029304535747 ], [ 103.899108531085304, 11.23765423249966 ], [ 103.587209751234681, 11.550120405654129 ], [ 103.726989438573867, 9.330706450191519 ], [ 105.009563316401639, 8.794140677932148 ] ] ] } },
{ "type": "Feature", "properties": { }, "geometry": { "type": "Polygon", "coordinates": [ [ [ -64.660489392680148, 72.17441348609924 ], [ -64.159263193985439, 71.290704870952936 ], [ -59.591784842492615, 72.523266306539171 ], [ -58.102735718464643, 74.153742619064971 ], [ -58.006718940683086, 74.797406981241053 ], [ -59.641685978998318, 74.91227015699495 ], [ -60.625125891882142, 75.419889775627624 ], [ -59.695776130904889, 76.112706528821292 ], [ -51.574578653706688, 77.177017534721045 ], [ -50.27035994554025, 77.931846562810492 ], [ -51.167571025278221, 78.390895628462587 ], [ -70.159920965071677, 78.012635082032418 ], [ -71.868828175980752, 77.05785629995998 ], [ -70.239176009347347, 76.926756089182931 ], [ -69.074516977494298, 75.61105747880049 ], [ -70.29069533241406, 74.550326211182266 ], [ -66.020893770844097, 73.25685957017599 ], [ -64.660489392680148, 72.17441348609924 ] ] ] } },
{ "type": "Feature", "properties": { }, "geometry": { "type": "Polygon", "coordinates": [ [ [ -48.403398805361256, 69.678245164303505 ], [ -45.576386106398346, 69.824390725267946 ], [ -45.351733708840953, 70.096865411694225 ], [ -46.470978268964025, 70.733352325226178 ], [ -50.697863001497716, 70.343910322145007 ], [ -50.100787922108914, 69.588261459157309 ], [ -48.179403338463167, 69.553478872925908 ], [ -48.403398805361256, 69.678245164303505 ] ] ] } },
{ "type": "Feature", "properties": { }, "geometry": { "type": "Polygon", "coordinates": [ [ [ -56.264564567874878, 68.174313488811066 ], [ -54.827195600251692, 67.445057002595291 ], [ -54.205615428366258, 66.866656988197676 ], [ -51.873013544901696, 66.801568440216428 ], [ -48.186675816296962, 66.055502940831403 ], [ -47.835266225656767, 66.820041535930812 ], [ -49.074832319078155, 67.655682916978662 ], [ -51.908029730397629, 68.342993471763648 ], [ -52.514878227942816, 68.207711614457679 ], [ -54.018291698774675, 68.625933820891106 ], [ -55.714728802127581, 68.391910915402931 ], [ -56.264564567874878, 68.174313488811066 ] ] ] } },
{ "type": "Feature", "properties": { }, "geometry": { "type": "Polygon", "coordinates": [ [ [ -109.578927336730459, 35.599493950824225 ], [ -105.073464597776464, 34.19485563917069 ], [ -104.602274488319992, 34.169649224406328 ], [ -105.451183479610364, 35.047940638327411 ], [ -107.876921805794737, 36.101624595685898 ], [ -109.587413047499695, 36.041655981399281 ], [ -109.578927336730459, 35.599493950824225 ] ] ] } },
{ "type": "Feature", "properties": { }, "geometry": { "type": "Polygon", "coordinates": [ [ [ -28.953421058440405, 53.00960439379363 ], [ -30.327964392047807, 49.950055476524369 ], [ -25.464682578060305, 52.118725318990151 ], [ -28.953421058440405, 53.00960439379363 ] ] ] } },
{ "type": "Feature", "properties": { }, "geometry": { "type": "Polygon", "coordinates": [ [ [ -17.153339700639187, 55.971227624679642 ], [ -23.879797206760017, 55.063563426308242 ], [ -26.324790763349778, 52.104261112895408 ], [ -25.341961212192597, 52.235764832817146 ], [ -22.781361874705254, 53.547445061840534 ], [ -15.331635735991618, 54.839613767142474 ], [ -17.153339700639187, 55.971227624679642 ] ] ] } },
{ "type": "Feature", "properties": { }, "geometry": { "type": "Polygon", "coordinates": [ [ [ 1.091337919270788, -64.758415098370946 ], [ -15.177603389117314, -64.872053863807054 ], [ -22.886024593194222, -69.640017585332075 ], [ -17.651806188398762, -69.419253517011015 ], [ -13.423970614827796, -68.585028078565315 ], [ -6.24573898781205, -67.982165762007412 ], [ -2.281007899964738, -66.989205478913817 ], [ 0.585745604753889, -65.40926603067102 ], [ 1.091337919270788, -64.758415098370946 ] ] ] } },
{ "type": "Feature", "properties": { }, "geometry": { "type": "Polygon", "coordinates": [ [ [ -17.308181595001258, 49.499155780562056 ], [ -13.867387119758629, 50.475032453464273 ], [ -13.39134998715282, 52.248140348978403 ], [ -14.519405590937767, 52.989545325962865 ], [ -18.507091373249949, 51.123612011375869 ], [ -19.778408502552047, 49.745303083416857 ], [ -17.834908795015746, 48.211143799530859 ], [ -16.906539246737832, 48.674897332885941 ], [ -17.308181595001258, 49.499155780562056 ] ] ] } },
{ "type": "Feature", "properties": { }, "geometry": { "type": "Polygon", "coordinates": [ [ [ -16.972670517362712, 53.655027976359492 ], [ -18.225639425705474, 53.076889395739798 ], [ -19.08570629431274, 52.174557152661897 ], [ -22.415820434709886, 51.041739704486034 ], [ -22.829737031118121, 49.930470392528356 ], [ -22.150470077847302, 49.618116542086845 ], [ -19.607240189740601, 49.572276839766843 ], [ -19.778408502552047, 49.745303083416857 ], [ -18.507091373249949, 51.123612011375869 ], [ -14.519405590937767, 52.989545325962865 ], [ -16.972670517362712, 53.655027976359492 ] ] ] } },
{ "type": "Feature", "properties": { }, "geometry": { "type": "Polygon", "coordinates": [ [ [ -16.12523477796617, 52.612246982946061 ], [ -16.602146478581147, 52.285597369656685 ], [ -16.289566448480095, 50.726044787790457 ], [ -14.521876135976473, 52.378488641449586 ], [ -16.12523477796617, 52.612246982946061 ] ] ] } },
{ "type": "Feature", "properties": { }, "geometry": { "type": "Polygon", "coordinates": [ [ [ 104.608015977648577, -19.289333959501082 ], [ 108.727851857291299, -20.01688383131069 ], [ 110.281058389081238, -18.68857940834814 ], [ 111.124974641922734, -17.167631804252743 ], [ 113.008824880475416, -17.209101531540689 ], [ 111.477455863915651, -14.544479373699915 ], [ 110.725716777900757, -13.863906640005219 ], [ 109.545736931521589, -13.535747826003135 ], [ 109.010798979666973, -14.042925212188253 ], [ 107.034603145252305, -17.805829460182597 ], [ 105.898227089610813, -17.722673066911781 ], [ 105.549255969261026, -18.470432901594403 ], [ 104.608015977648577, -19.289333959501082 ] ] ] } },
{ "type": "Feature", "properties": { }, "geometry": { "type": "Polygon", "coordinates": [ [ [ 119.620135618422538, -17.223206274940733 ], [ 118.689691697905644, -17.24582094948472 ], [ 114.972604629828624, -14.960369449130761 ], [ 114.897940263894384, -16.150647506923281 ], [ 114.364535161959452, -17.006747227868953 ], [ 111.74896340160997, -19.141474536841866 ], [ 111.800470586818292, -19.379032139000852 ], [ 112.269475927544448, -19.691355949824228 ], [ 115.735253330175169, -19.271289988710745 ], [ 119.620135618422538, -17.223206274940733 ] ] ] } },
{ "type": "Feature", "properties": { }, "geometry": { "type": "Polygon", "coordinates": [ [ [ 96.711472639097792, -18.895116778250681 ], [ 97.499386146659447, -19.231107274482333 ], [ 104.608015977648577, -19.289333959501082 ], [ 105.549255969261026, -18.470432901594403 ], [ 105.898227089610813, -17.722673066911781 ], [ 107.034603145252305, -17.805829460182597 ], [ 109.010798979666973, -14.042925212188253 ], [ 109.543111626010926, -13.538194614579862 ], [ 107.923152600388974, -13.226546009410786 ], [ 104.557660063924104, -13.895605618906576 ], [ 102.542353775814249, -13.927340279199855 ], [ 96.711472639097792, -18.895116778250681 ] ] ] } },
{ "type": "Feature", "properties": { }, "geometry": { "type": "Polygon", "coordinates": [ [ [ 111.061635822441616, -35.993306162842345 ], [ 112.084555508830576, -33.422530429656732 ], [ 112.390506135563442, -33.349591747932038 ], [ 111.948612378167326, -33.129559555662567 ], [ 101.999668060931896, -34.081453223720352 ], [ 99.161413483053721, -33.445408809994142 ], [ 101.415947244889793, -37.495908058295271 ], [ 105.040004441027548, -37.299504451449316 ], [ 105.677875679420538, -36.945572856842055 ], [ 105.250412210235382, -37.032392295066913 ], [ 105.626676467280944, -35.663355002514905 ], [ 108.677184210928317, -34.821753236425891 ], [ 110.178841119815985, -35.61263177886913 ], [ 109.628939697021138, -36.039521632609002 ], [ 111.061635822441616, -35.993306162842345 ] ] ] } },
{ "type": "Feature", "properties": { }, "geometry": { "type": "Polygon", "coordinates": [ [ [ 63.053759391954273, -8.883623720167213 ], [ 62.589924738784866, -7.811682661426555 ], [ 61.891228186773176, -10.150693757935214 ], [ 61.08078935446958, -11.626404296452442 ], [ 66.502768336582932, -11.940434185024895 ], [ 67.721820783457915, -12.296531238566594 ], [ 69.22068655244118, -11.837883947469956 ], [ 64.894662853146087, -10.083049965581921 ], [ 63.053759391954273, -8.883623720167213 ] ] ] } },
{ "type": "Feature", "properties": { }, "geometry": { "type": "Polygon", "coordinates": [ [ [ 63.542404113798256, -18.023968321645896 ], [ 63.370537037950925, -17.212827533025692 ], [ 60.939136296556235, -16.591546919595981 ], [ 60.726317654307174, -16.242789022181853 ], [ 58.930059243779304, -16.12323766260689 ], [ 57.844858320656371, -15.724622877644949 ], [ 56.39345035794198, -14.412213905131278 ], [ 56.17045391532416, -13.103269699289195 ], [ 55.438491857441527, -14.347152692080206 ], [ 53.902379653974542, -15.418273838669549 ], [ 53.442392675670334, -16.630193641978831 ], [ 54.217700268975733, -17.898984016716955 ], [ 55.392048381709621, -18.931260832607673 ], [ 58.52365616813691, -20.601684806461414 ], [ 60.596675231486635, -20.573545047875626 ], [ 62.395578979647667, -20.034276470023237 ], [ 63.542404113798256, -18.023968321645896 ] ] ] } },
{ "type": "Feature", "properties": { }, "geometry": { "type": "Polygon", "coordinates": [ [ [ -42.690626397105369, 30.557553994740054 ], [ -45.183075822634216, 33.519776721405229 ], [ -44.391831015428302, 31.960788489046585 ], [ -42.489609185992862, 29.357807491323911 ], [ -41.6305347449442, 27.634505253588152 ], [ -41.499857398521961, 25.345036441481202 ], [ -40.978723886191119, 24.180858002728201 ], [ -40.062667441584459, 24.092506043025047 ], [ -40.163390536352502, 24.963764400530408 ], [ -40.546166312038117, 25.202327685595499 ], [ -40.758699068989223, 25.981233371506768 ], [ -40.8615263805669, 27.540599570924464 ], [ -42.043890249592579, 28.651099319582986 ], [ -42.115597374948642, 29.909007287959568 ], [ -42.355570824561823, 30.22753853959297 ], [ -42.60816562703851, 30.023743883974731 ], [ -42.690626397105369, 30.557553994740054 ] ] ] } },
{ "type": "Feature", "properties": { }, "geometry": { "type": "Polygon", "coordinates": [ [ [ -37.210249427337402, 31.892588780196075 ], [ -38.150148196574989, 30.263583639767131 ], [ -38.000568787021713, 28.372813643857526 ], [ -38.666393033517082, 25.902082901653795 ], [ -38.433771862984926, 25.382617917103925 ], [ -37.598899006606047, 26.959189497956263 ], [ -37.210249427337402, 31.892588780196075 ] ] ] } },
{ "type": "Feature", "properties": { }, "geometry": { "type": "Polygon", "coordinates": [ [ [ -48.697473896701894, 38.180347189673192 ], [ -50.200707746263937, 39.063886274926595 ], [ -49.898752806591318, 38.785784953771369 ], [ -50.139072177532888, 37.743962575784579 ], [ -47.439085612201076, 32.214664654288889 ], [ -46.857199850227367, 31.554671229564409 ], [ -46.327263104976709, 29.755832883192397 ], [ -45.444165048740643, 29.127632601646461 ], [ -45.496038123962819, 28.566890210097959 ], [ -45.03291404108549, 27.687095642211176 ], [ -43.494107197722343, 26.272283403084732 ], [ -43.225196579909017, 26.304282794998564 ], [ -43.183692521126197, 26.936397346923844 ], [ -41.912556638267446, 26.231657823620441 ], [ -42.828621905859983, 28.638865692092523 ], [ -44.12996630116173, 30.157663496151635 ], [ -44.382534169967251, 32.15001708330805 ], [ -44.93414973523732, 33.358774772778276 ], [ -47.831013768311585, 34.623750500550209 ], [ -48.94854725475907, 36.091717794372499 ], [ -48.918312817520118, 36.532826456812131 ], [ -48.198271159798701, 36.62594365511022 ], [ -48.697473896701894, 38.180347189673192 ] ] ] } },
{ "type": "Feature", "properties": { }, "geometry": { "type": "Polygon", "coordinates": [ [ [ -46.066454576023808, 34.510159145540868 ], [ -46.987422693065255, 36.422134122073011 ], [ -47.969939534606951, 37.137596504727604 ], [ -48.892693129468505, 38.846393073554779 ], [ -48.481664106931298, 37.024119717140863 ], [ -47.072254819784732, 34.832758697466723 ], [ -44.331676556155472, 32.922687909159009 ], [ -44.788818024760303, 33.747997432182189 ], [ -46.066454576023808, 34.510159145540868 ] ] ] } },
{ "type": "Feature", "properties": { }, "geometry": { "type": "Polygon", "coordinates": [ [ [ -32.355136718928016, 39.211436571455131 ], [ -33.769808708826041, 41.070411782631375 ], [ -36.350019398493188, 42.893944395062185 ], [ -35.967109362792385, 38.791668393193937 ], [ -35.075148604809016, 37.640536821856273 ], [ -35.283788762105893, 36.575495271911514 ], [ -35.981402007827569, 35.49311504335261 ], [ -36.688734477166207, 30.5104488040018 ], [ -37.242800162911287, 30.837898953449031 ], [ -37.271850658757749, 31.612100024362306 ], [ -37.277730853139289, 30.508605398717368 ], [ -37.105766459384164, 30.058955529292607 ], [ -37.3731291276276, 29.57293792732262 ], [ -37.034701209640197, 29.624630856612708 ], [ -37.03395050178591, 29.244377695036263 ], [ -37.406170872417285, 27.771704292028208 ], [ -36.675564184070133, 25.597035827031949 ], [ -37.306651693461447, 24.231314788834496 ], [ -36.711143771071633, 25.143096287444365 ], [ -36.718260317452234, 23.372230355353167 ], [ -37.301709720598666, 23.752217064393612 ], [ -37.366952995375712, 23.109215054852033 ], [ -38.272526294380306, 22.846357608799124 ], [ -38.445957441479777, 23.689624776116663 ], [ -37.912185922937987, 23.840150309785869 ], [ -38.195916984848459, 24.208955058695825 ], [ -39.543179775675824, 22.339923213150524 ], [ -39.160441208492948, 20.936930722989302 ], [ -38.073658728013996, 20.252851759972447 ], [ -38.86237659093009, 19.001901498567737 ], [ -39.309159345985307, 17.483122665089951 ], [ -38.419348503466715, 16.198786341346953 ], [ -36.148173695355837, 16.42820100386345 ], [ -36.705393950708, 17.282497192379445 ], [ -36.60779806782849, 17.946585139539184 ], [ -35.053496297362543, 18.80591474936719 ], [ -35.109084478839129, 22.093960870729919 ], [ -34.724848475235817, 25.194559571049705 ], [ -35.993908173314487, 29.157481561642573 ], [ -36.003615525962196, 30.3416443288537 ], [ -35.076057104722203, 34.317581718221582 ], [ -33.073778209296201, 35.763911329520461 ], [ -32.031306484180064, 37.502657850714648 ], [ -32.355136718928016, 39.211436571455131 ] ] ] } },
{ "type": "Feature", "properties": { }, "geometry": { "type": "Polygon", "coordinates": [ [ [ -46.236462302579696, 37.750069388423803 ], [ -47.820813558340575, 38.257697278084308 ], [ -46.292581538733508, 36.916002463581492 ], [ -45.406050160263256, 35.582696399524906 ], [ -45.617323173790638, 36.791289174769396 ], [ -46.236462302579696, 37.750069388423803 ] ] ] } },
{ "type": "Feature", "properties": { }, "geometry": { "type": "Polygon", "coordinates": [ [ [ -36.64610321877641, 33.440134623785461 ], [ -37.482793913790985, 35.526049609758957 ], [ -37.114741429626662, 37.516882079420242 ], [ -37.775177196730155, 37.780638555434152 ], [ -38.12605589370218, 37.437262545567499 ], [ -38.25859481717589, 35.712691266758227 ], [ -36.64610321877641, 33.440134623785461 ] ] ] } },
{ "type": "Feature", "properties": { }, "geometry": { "type": "Polygon", "coordinates": [ [ [ 103.522727757044635, -37.969843608949894 ], [ 100.019092348200886, -37.412105267698927 ], [ 96.789888774941346, -38.26004047032869 ], [ 94.80791519717549, -38.441868484242654 ], [ 90.671098141281419, -37.914039238081813 ], [ 91.800887802185088, -38.659162245124563 ], [ 94.697898214252746, -39.596656654646985 ], [ 97.604905217520695, -39.141767499129763 ], [ 101.332853466884657, -39.284375672182357 ], [ 103.522727757044635, -37.969843608949894 ] ] ] } },
{ "type": "Feature", "properties": { }, "geometry": { "type": "Polygon", "coordinates": [ [ [ 104.393097815251025, 6.54465732820794 ], [ 106.863333368927513, 5.423595193525897 ], [ 107.584917356115483, 7.993594597952106 ], [ 107.42132526745786, 9.111823333645528 ], [ 106.462466040082532, 8.657294696463733 ], [ 104.393097815251025, 6.54465732820794 ] ] ] } },
{ "type": "Feature", "properties": { }, "geometry": { "type": "Polygon", "coordinates": [ [ [ 90.744089811197682, 6.417299533462516 ], [ 89.987527549282177, 5.794076415061565 ], [ 87.373095969965718, 4.943530083960511 ], [ 89.669727256498476, 4.024283308815083 ], [ 91.288290887050564, 4.099212060364828 ], [ 92.387946434753559, 3.691807265551733 ], [ 94.173903932465137, 2.469421638177139 ], [ 95.02658368517514, 1.349511266785563 ], [ 96.98302829862574, 0.6418273496311 ], [ 98.302513954624104, 1.409409340309834 ], [ 94.601186677818191, 3.048769599492917 ], [ 92.346934055334756, 5.604790989644138 ], [ 90.744089811197682, 6.417299533462516 ] ] ] } },
{ "type": "Feature", "properties": { }, "geometry": { "type": "Polygon", "coordinates": [ [ [ 101.882010050974699, -26.778571306963087 ], [ 98.03846897591184, -27.351871027390573 ], [ 94.792024770867258, -29.31945670528297 ], [ 92.467177491148519, -30.219428881898782 ], [ 90.343494022790793, -30.249065352342953 ], [ 86.954792112327837, -29.416721294904072 ], [ 86.989715718962387, -29.63311664423399 ], [ 87.865882233895803, -30.4520964916005 ], [ 92.851213370565134, -32.761329238556961 ], [ 95.349604146335096, -32.738476161896891 ], [ 97.363745163888964, -29.190730911047353 ], [ 100.299054546854663, -27.564877839271702 ], [ 101.752986153026711, -27.54838148946731 ], [ 101.882010050974699, -26.778571306963087 ] ] ] } },
{ "type": "Feature", "properties": { }, "geometry": { "type": "Polygon", "coordinates": [ [ [ 69.691619548092802, -17.136363063281156 ], [ 68.141402462111031, -14.812018548356898 ], [ 66.699453064527518, -14.307621538123636 ], [ 65.713543625173529, -14.563295472675827 ], [ 63.853116900457771, -16.250745647461738 ], [ 66.539723196377238, -16.134843282175321 ], [ 67.48481230556223, -16.683793201528669 ], [ 67.750587470667071, -17.225875668922459 ], [ 68.556826854434959, -16.966589558398105 ], [ 69.691619548092802, -17.136363063281156 ] ] ] } },
{ "type": "Feature", "properties": { }, "geometry": { "type": "Polygon", "coordinates": [ [ [ 63.046512793101726, 41.715375720195084 ], [ 58.884120035869209, 41.837151653354987 ], [ 60.006335742138496, 39.322745710123307 ], [ 59.957352173714149, 38.143882318153608 ], [ 58.267288286500275, 36.952646792966938 ], [ 60.082514915913286, 37.28901529653276 ], [ 61.596788648817565, 37.184236599856376 ], [ 63.062496240724876, 37.758857370968947 ], [ 64.087523862319159, 37.611773127865497 ], [ 66.050141728106837, 38.008739404502847 ], [ 67.971471781555906, 39.587886251523997 ], [ 71.776263003747957, 43.965298748953806 ], [ 71.299164261541421, 44.701499157745339 ], [ 70.320628409623026, 44.40287154482575 ], [ 70.650026047807913, 43.296470371861673 ], [ 70.347635279045804, 42.503354076072583 ], [ 63.046512793101726, 41.715375720195084 ] ] ] } },
{ "type": "Feature", "properties": { }, "geometry": { "type": "Polygon", "coordinates": [ [ [ 56.156114156442435, 35.87284981834793 ], [ 51.99042827940486, 35.202379921753923 ], [ 52.113560873644396, 33.720430210968935 ], [ 53.749910927318382, 34.587074173276669 ], [ 53.623832890097873, 32.667771204892233 ], [ 56.376500508753203, 32.276360321017947 ], [ 58.836368951897249, 33.274948940329203 ], [ 60.420343695656086, 35.980113574129724 ], [ 61.596788648817565, 37.184236599856376 ], [ 60.082514915913286, 37.28901529653276 ], [ 58.267288286500275, 36.952646792966938 ], [ 56.156114156442435, 35.87284981834793 ] ] ] } },
{ "type": "Feature", "properties": { }, "geometry": { "type": "Polygon", "coordinates": [ [ [ 53.749910927318382, 34.587074173276669 ], [ 50.366203982100956, 33.11157804981768 ], [ 50.417210370892406, 32.614406123500302 ], [ 53.623832890097873, 32.667771204892233 ], [ 53.749910927318382, 34.587074173276669 ] ] ] } },
{ "type": "Feature", "properties": { }, "geometry": { "type": "Polygon", "coordinates": [ [ [ 43.360375047504519, 31.140632099521223 ], [ 42.661707847442798, 30.366509785819481 ], [ 45.619688091506845, 31.125187812852374 ], [ 48.99848795270028, 32.764061209773899 ], [ 52.113560873644396, 33.720430210968935 ], [ 51.99042827940486, 35.202379921753923 ], [ 49.858218373970026, 35.102245470514376 ], [ 47.078981237327056, 33.002432067926939 ], [ 45.598164459428943, 32.515761565006045 ], [ 43.360375047504519, 31.140632099521223 ] ] ] } },
{ "type": "Feature", "properties": { }, "geometry": { "type": "Polygon", "coordinates": [ [ [ 46.260970570123611, 34.698067296269691 ], [ 43.883660885870633, 33.925612779435276 ], [ 43.015784759999143, 34.387780103133416 ], [ 42.780055583025664, 30.790920041646455 ], [ 45.598164459428943, 32.515761565006045 ], [ 47.078981237327056, 33.002432067926939 ], [ 49.858218373970026, 35.102245470514376 ], [ 51.99042827940486, 35.202379921753923 ], [ 51.939329213115776, 35.897509292276276 ], [ 49.845260260217678, 36.436376652923471 ], [ 46.260970570123611, 34.698067296269691 ] ] ] } },
{ "type": "Feature", "properties": { }, "geometry": { "type": "Polygon", "coordinates": [ [ [ 44.810570909485655, 35.367904086196177 ], [ 43.015784759999143, 34.387780103133416 ], [ 43.409606286041246, 33.990380048204464 ], [ 44.632461040935858, 34.05443495682011 ], [ 49.845260260217678, 36.436376652923471 ], [ 49.351512534052695, 36.546164315169946 ], [ 49.089265057761686, 37.157422445772575 ], [ 47.395957362022251, 36.045663806071808 ], [ 44.810570909485655, 35.367904086196177 ] ] ] } },
{ "type": "Feature", "properties": { }, "geometry": { "type": "Polygon", "coordinates": [ [ [ 49.845260260217678, 36.436376652923471 ], [ 51.031538488299489, 37.045746388128194 ], [ 55.965742540902035, 38.045467937239728 ], [ 57.033265857272312, 38.734016567091743 ], [ 57.476719188543385, 39.598275640743488 ], [ 57.260717180488172, 41.220113194761751 ], [ 55.563024454202072, 39.90084263734682 ], [ 49.089265057761686, 37.157422445772575 ], [ 49.351512534052695, 36.546164315169946 ], [ 49.845260260217678, 36.436376652923471 ] ] ] } },
{ "type": "Feature", "properties": { }, "geometry": { "type": "Polygon", "coordinates": [ [ [ 57.260717180488172, 41.220113194761751 ], [ 57.476719188543385, 39.598275640743488 ], [ 57.033265857272312, 38.734016567091743 ], [ 55.965742540902035, 38.045467937239728 ], [ 51.031538488299489, 37.045746388128194 ], [ 49.845260260217678, 36.436376652923471 ], [ 51.939329213115776, 35.897509292276276 ], [ 51.99042827940486, 35.202379921753923 ], [ 53.095208691713445, 35.209422556243503 ], [ 56.156114156442435, 35.87284981834793 ], [ 58.267288286500275, 36.952646792966938 ], [ 59.957352173714149, 38.143882318153608 ], [ 60.006335742138496, 39.322745710123307 ], [ 58.884120035869209, 41.837151653354987 ], [ 57.260717180488172, 41.220113194761751 ] ] ] } },
{ "type": "Feature", "properties": { }, "geometry": { "type": "Polygon", "coordinates": [ [ [ 69.203090475962696, -14.13047719338352 ], [ 67.766371455534426, -13.481296133334984 ], [ 65.560915244523045, -13.59003865198769 ], [ 64.641428670666429, -14.689990840472207 ], [ 62.918852807206825, -15.698417823900913 ], [ 63.928513715345375, -15.121251163929019 ], [ 64.456667701671407, -15.683524664689131 ], [ 65.872993875835249, -14.457354603089389 ], [ 67.408899587987065, -14.407253948383225 ], [ 68.398935217137989, -15.057754823844052 ], [ 69.64782564872236, -16.899213618024778 ], [ 69.203090475962696, -14.13047719338352 ] ] ] } },
{ "type": "Feature", "properties": { }, "geometry": { "type": "Polygon", "coordinates": [ [ [ 55.652930330380443, 42.204987166745703 ], [ 48.971832164596748, 37.857405605330477 ], [ 49.089265057761686, 37.157422445772575 ], [ 55.563024454202072, 39.90084263734682 ], [ 57.260717180488172, 41.220113194761751 ], [ 58.884120035869209, 41.837151653354987 ], [ 61.245745872706436, 41.593671864125007 ], [ 70.347635279045804, 42.503354076072583 ], [ 70.650026047807913, 43.296470371861673 ], [ 70.053621789220017, 45.193255053947283 ], [ 69.32415807441447, 45.996513505504709 ], [ 65.469330886153188, 43.537519255562508 ], [ 63.351938533692618, 42.628153196166394 ], [ 59.417307584079282, 42.12319959919828 ], [ 55.652930330380443, 42.204987166745703 ] ] ] } },
{ "type": "Feature", "properties": { }, "geometry": { "type": "Polygon", "coordinates": [ [ [ 23.566863532127059, 55.318804142755141 ], [ 24.054514112302773, 54.54791789923803 ], [ 26.417594596271552, 53.457901357802903 ], [ 26.844741500693573, 52.893115465966922 ], [ 29.474184017323029, 51.208824838219748 ], [ 44.134985741307403, 47.785173115778434 ], [ 45.745950479202662, 46.627356040767509 ], [ 51.391323644526324, 44.716254458565786 ], [ 55.652930330380443, 42.204987166745703 ], [ 59.417307584079282, 42.12319959919828 ], [ 63.351938533692618, 42.628153196166394 ], [ 60.288121934301884, 42.566725669989196 ], [ 52.157301819929181, 45.526499926425444 ], [ 47.835693664020468, 48.309487459365521 ], [ 40.613971508290248, 51.226205695706014 ], [ 36.547785573564056, 52.357059314900901 ], [ 27.679331520702579, 53.846696679733839 ], [ 25.107400289670593, 55.441479093981449 ], [ 23.566863532127059, 55.318804142755141 ] ] ] } },
{ "type": "Feature", "properties": { }, "geometry": { "type": "Polygon", "coordinates": [ [ [ 54.8340207368771, 56.413063824177215 ], [ 47.766935751593806, 56.285709585843748 ], [ 41.026137182013592, 54.911630714224195 ], [ 37.759447128872587, 54.717457884115674 ], [ 32.239283198769883, 55.68599675076598 ], [ 30.92339507444942, 55.268860975213066 ], [ 27.57578164942818, 55.101026157477627 ], [ 25.107400289670593, 55.441479093981449 ], [ 27.679331520702579, 53.846696679733839 ], [ 36.547785573564056, 52.357059314900901 ], [ 40.613971508290248, 51.226205695706014 ], [ 45.244716670568423, 49.389396295996931 ], [ 47.553174769341048, 50.59559530857365 ], [ 47.832219646286788, 51.12605818424727 ], [ 47.106736815872466, 51.711075986556835 ], [ 47.192306703909061, 52.125230387458139 ], [ 48.090174375584361, 52.820238435134726 ], [ 47.907802837636666, 53.193325475126294 ], [ 48.546180659538955, 53.978571252209349 ], [ 50.858162514293177, 54.655784728264955 ], [ 52.962532000534623, 55.842251928377451 ], [ 54.8340207368771, 56.413063824177215 ] ] ] } },
{ "type": "Feature", "properties": { }, "geometry": { "type": "Polygon", "coordinates": [ [ [ 47.832219646286788, 51.12605818424727 ], [ 47.553174769341048, 50.59559530857365 ], [ 45.244716670568423, 49.389396295996931 ], [ 49.923923628401326, 47.048376989756029 ], [ 49.588797073221258, 47.261017662275485 ], [ 51.394649270445498, 46.821735777653707 ], [ 50.426949730638398, 47.540152930443504 ], [ 51.875863865928999, 47.216814478840888 ], [ 52.129782844941381, 47.425526618069682 ], [ 51.428038587564458, 48.552181201639009 ], [ 47.832219646286788, 51.12605818424727 ] ] ] } },
{ "type": "Feature", "properties": { }, "geometry": { "type": "Polygon", "coordinates": [ [ [ 47.857348533008036, 52.707927109598941 ], [ 47.106736815872466, 51.711075986556835 ], [ 51.428038587564458, 48.552181201639009 ], [ 52.200348960846178, 47.544655241345581 ], [ 51.875863865928999, 47.216814478840888 ], [ 56.242396063624987, 47.136472813798427 ], [ 61.600686519333919, 48.740672018661641 ], [ 57.327788747971795, 48.494790459376425 ], [ 53.648521824980762, 49.942256725446782 ], [ 51.137525002473041, 51.938479795325456 ], [ 47.857348533008036, 52.707927109598941 ] ] ] } },
{ "type": "Feature", "properties": { }, "geometry": { "type": "Polygon", "coordinates": [ [ [ 36.755010047143699, 24.884491082742503 ], [ 41.95941502493055, 28.02868912834364 ], [ 43.085432473456265, 30.405868280339305 ], [ 42.661707847442798, 30.366509785819481 ], [ 43.190432472337037, 34.690002241142082 ], [ 51.233709251052744, 39.008315216330608 ], [ 55.652930330380443, 42.204987166745703 ], [ 51.391323644526324, 44.716254458565786 ], [ 45.745950479202662, 46.627356040767509 ], [ 44.134985741307403, 47.785173115778434 ], [ 29.992555326748032, 51.096687090354017 ], [ 22.905736798616857, 46.549958612528251 ], [ 19.998743375551278, 45.064670500280755 ], [ 16.988685322292358, 43.910644488030577 ], [ 16.239535890866989, 43.264640848029941 ], [ 9.736284001261804, 40.968530624922508 ], [ 10.177549830036627, 40.009518023498849 ], [ 12.068901316682823, 39.280223388112844 ], [ 11.567086891979688, 37.748193523097854 ], [ 12.600815830471525, 33.973376318366029 ], [ 12.778806156287205, 29.689842517831078 ], [ 14.596028850255767, 25.645641588433485 ], [ 18.847503976074385, 27.196218789618904 ], [ 24.519244015639437, 28.015993375771277 ], [ 25.004299279646823, 26.984967601767835 ], [ 28.570914390908538, 27.005382315429074 ], [ 26.971338354364136, 25.910261758478832 ], [ 28.145225754398016, 24.342556930995698 ], [ 28.218776417645369, 22.34690566896176 ], [ 29.008641510150188, 25.215125691021907 ], [ 30.812124517215885, 26.912692716734426 ], [ 32.403001090732701, 27.033729999797799 ], [ 35.484371787037126, 26.538731602407573 ], [ 36.757523857235952, 25.376323935592012 ], [ 36.755010047143699, 24.884491082742503 ] ] ] } },
{ "type": "Feature", "properties": { }, "geometry": { "type": "Polygon", "coordinates": [ [ [ 77.395871419090696, 59.747967830493053 ], [ 74.929121081617552, 59.050039856432974 ], [ 71.355489196695302, 56.766509087457713 ], [ 70.583727790230213, 54.916794967268395 ], [ 70.437277587107474, 53.034315946263249 ], [ 69.324119485078654, 50.00894895544679 ], [ 67.70882208313057, 49.783997866788582 ], [ 66.452819430397184, 49.240771575236757 ], [ 67.133009860799035, 47.798269991091878 ], [ 67.068813573377852, 47.256238764234823 ], [ 65.307082576803779, 46.070360497464335 ], [ 60.453114306759375, 45.041006463178412 ], [ 57.159409134540056, 44.773133023281765 ], [ 54.128222901339875, 45.784916132626932 ], [ 52.614658550778351, 45.961508015130825 ], [ 51.394649270445498, 46.821735777653707 ], [ 49.588797073221258, 47.261017662275485 ], [ 52.157301819929181, 45.526499926425444 ], [ 60.288121934301884, 42.566725669989196 ], [ 63.351938533692618, 42.628153196166394 ], [ 65.469330886153188, 43.537519255562508 ], [ 69.32415807441447, 45.996513505504709 ], [ 68.956975305453994, 46.384979146344691 ], [ 69.814062916080218, 48.452156158992253 ], [ 71.469540995187941, 49.542349213930109 ], [ 70.626554045020029, 50.363473013649944 ], [ 71.316709893301152, 54.227102312635687 ], [ 72.053963081785142, 55.789899557655957 ], [ 74.024175601966121, 57.695223158908711 ], [ 76.842008099784351, 59.106367665811746 ], [ 77.395871419090696, 59.747967830493053 ] ] ] } },
{ "type": "Feature", "properties": { }, "geometry": { "type": "Polygon", "coordinates": [ [ [ 70.583727790230213, 54.916794967268395 ], [ 69.314487877398179, 52.442199181718273 ], [ 68.522824862886083, 51.574719941993699 ], [ 67.382264228111197, 51.175286815301007 ], [ 66.606462914262494, 50.220832018955313 ], [ 63.753890225483332, 49.076002010928768 ], [ 61.600686519333919, 48.740672018661641 ], [ 56.242396063624987, 47.136472813798427 ], [ 52.586039554468798, 47.128139763325258 ], [ 50.426949730638398, 47.540152930443504 ], [ 52.14353551349032, 46.150207363810253 ], [ 57.159409134540056, 44.773133023281765 ], [ 60.453114306759375, 45.041006463178412 ], [ 65.307082576803779, 46.070360497464335 ], [ 67.068813573377852, 47.256238764234823 ], [ 67.133009860799035, 47.798269991091878 ], [ 66.452819430397184, 49.240771575236757 ], [ 67.70882208313057, 49.783997866788582 ], [ 69.324119485078654, 50.00894895544679 ], [ 70.437277587107474, 53.034315946263249 ], [ 70.583727790230213, 54.916794967268395 ] ] ] } },
{ "type": "Feature", "properties": { }, "geometry": { "type": "Polygon", "coordinates": [ [ [ 78.778054078075002, 66.284518702034433 ], [ 74.86980969837326, 64.064979129941221 ], [ 74.333802128224065, 61.132888495473267 ], [ 72.998073204663953, 60.199819973572055 ], [ 72.867142512147964, 59.104438843075037 ], [ 72.019761291831514, 57.233201783649413 ], [ 74.929121081617552, 59.050039856432974 ], [ 81.94774751999725, 61.219882441199651 ], [ 83.29526164968199, 59.457035515574184 ], [ 82.769194212431486, 57.607927353474686 ], [ 86.643467591019544, 63.17861858066459 ], [ 87.54945701361612, 63.720162770963626 ], [ 90.406390402833054, 64.593023600421276 ], [ 105.378851604499573, 67.10470971830965 ], [ 100.622793671368171, 68.154479782049535 ], [ 97.763960758182435, 69.354914558083649 ], [ 95.744938898984287, 70.863418003556845 ], [ 95.945355165043466, 72.302458812115631 ], [ 94.41435521175319, 71.450585997385275 ], [ 88.677395875375097, 70.392817947396082 ], [ 84.976802003554596, 69.307952812753967 ], [ 82.379371602433324, 67.746696161745277 ], [ 78.778054078075002, 66.284518702034433 ] ] ] } },
{ "type": "Feature", "properties": { }, "geometry": { "type": "Polygon", "coordinates": [ [ [ 50.153650735227842, 54.614804994462958 ], [ 48.546180659538955, 53.978571252209349 ], [ 47.985320184496238, 53.379838181411735 ], [ 48.184679025564755, 53.029773992469188 ], [ 47.857348533008036, 52.707927109598941 ], [ 51.137525002473041, 51.938479795325456 ], [ 53.648521824980762, 49.942256725446782 ], [ 57.327788747971795, 48.494790459376425 ], [ 62.659824058609864, 48.826720573195111 ], [ 65.917863563167458, 49.886223773290546 ], [ 66.606462914262494, 50.220832018955313 ], [ 67.382264228111197, 51.175286815301007 ], [ 68.522824862886083, 51.574719941993699 ], [ 70.002555006301904, 53.580311346287552 ], [ 71.355489196695302, 56.766509087457713 ], [ 72.019761291831514, 57.233201783649413 ], [ 72.896848187694872, 59.342357875489284 ], [ 70.982671801071263, 58.06019461151206 ], [ 69.382004997400671, 56.080658246728305 ], [ 68.486642002376115, 54.668071692285878 ], [ 67.945001013289613, 52.696048178621865 ], [ 66.305706077041663, 51.685340792467343 ], [ 63.116140671284484, 50.830738340852271 ], [ 59.682392010618024, 50.29161568257873 ], [ 55.993943133498981, 50.579299080204791 ], [ 53.641955800150278, 51.760954136919295 ], [ 53.336193948313323, 53.046824652186963 ], [ 52.775896752402815, 53.438501479798155 ], [ 50.153650735227842, 54.614804994462958 ] ] ] } },
{ "type": "Feature", "properties": { }, "geometry": { "type": "Polygon", "coordinates": [ [ [ 51.52249417730588, 54.92021832467816 ], [ 50.153650735227842, 54.614804994462958 ], [ 53.336193948313323, 53.046824652186963 ], [ 53.641955800150278, 51.760954136919295 ], [ 54.27476964293826, 51.298105006158927 ], [ 56.895088927020559, 50.335479980427628 ], [ 59.682392010618024, 50.29161568257873 ], [ 63.116140671284484, 50.830738340852271 ], [ 66.790571976257084, 51.918079906704548 ], [ 68.204466385446779, 53.09453852909774 ], [ 68.486642002376115, 54.668071692285878 ], [ 69.030371289644108, 55.525368787313262 ], [ 65.70261705194487, 53.555830089058432 ], [ 61.701273785902465, 51.818079830698132 ], [ 59.839510980740968, 51.558500757319173 ], [ 57.234204193799243, 51.629473243509096 ], [ 54.899868845896322, 52.360245553104818 ], [ 54.321138874657791, 53.566759405161562 ], [ 51.52249417730588, 54.92021832467816 ] ] ] } },
{ "type": "Feature", "properties": { }, "geometry": { "type": "Polygon", "coordinates": [ [ [ 154.590126508412425, 49.604350882177116 ], [ 151.645693558372557, 47.982369747655582 ], [ 147.707540462469979, 47.373343750404452 ], [ 145.851904549890008, 46.445039668869136 ], [ 142.714039998797574, 43.774272305857068 ], [ 142.468134598702505, 43.246940751832611 ], [ 142.785808025937399, 43.161734314786166 ], [ 142.659357477202008, 41.236377015635725 ], [ 144.442970086889659, 40.736786767119717 ], [ 146.173772325381037, 42.084165737563289 ], [ 153.428527181289837, 46.356512985433071 ], [ 156.371037648168567, 49.266672970097972 ], [ 154.590126508412425, 49.604350882177116 ] ] ] } },
{ "type": "Feature", "properties": { }, "geometry": { "type": "Polygon", "coordinates": [ [ [ -4.954439340867308, 61.290747144934869 ], [ -4.125775777398739, 59.838274231288196 ], [ 0.058066087166385, 61.670459186797054 ], [ 2.525912230703129, 61.936460499595839 ], [ 5.701059380271198, 61.696868299034172 ], [ 10.916841202744576, 60.254092818585406 ], [ 12.881301145552047, 58.326304748744974 ], [ 17.28377009125882, 59.971097350045227 ], [ 19.805009043211655, 58.14448267838101 ], [ 21.403647534064564, 57.913967825154707 ], [ 46.559321961876691, 61.457546830952502 ], [ 47.712772879256434, 62.853649745609623 ], [ 49.497322997091111, 63.807501489158014 ], [ 51.593469266104655, 66.244770318121326 ], [ 57.667061198277722, 70.109102760330018 ], [ 57.819296723227239, 71.042494728799696 ], [ 62.92377412508192, 72.582933574954282 ], [ 63.506253484044457, 73.365271853936932 ], [ 62.799298284762386, 73.93340000776692 ], [ 59.31441781380537, 74.838500110573619 ], [ 54.07569534332432, 75.68828922789767 ], [ 41.794318166405439, 75.8129591636295 ], [ 26.53964496208544, 76.819275185264999 ], [ 21.252778214189117, 77.46727350451053 ], [ 20.916968544021387, 77.79907743996533 ], [ 21.449892356473299, 78.113802748143783 ], [ 25.578468645349581, 78.976551737515891 ], [ 38.923563023994042, 80.643789634517617 ], [ 47.934136339705702, 81.229503920900086 ], [ 47.99773256855088, 81.612099992426266 ], [ 39.141508743631448, 82.418726790245373 ], [ 31.750968117176857, 83.674195400801253 ], [ 17.602640164124214, 85.230315136762044 ], [ -0.534746508411098, 85.865370741669551 ], [ -12.275661932183645, 85.82064779713366 ], [ -26.503714204934415, 85.301330198938984 ], [ -30.549436009714913, 84.91838866656957 ], [ -35.880135421447982, 83.921249119727506 ], [ -38.628970205068498, 82.290952212823456 ], [ -32.932107008912823, 81.27724478654504 ], [ -26.110158328573863, 78.744462798230629 ], [ -25.168124880974649, 78.087043712632266 ], [ -25.735779314426871, 77.445170907369445 ], [ -25.179092719368988, 76.551431251349641 ], [ -14.691187291919586, 76.219989201886435 ], [ -9.250813988797837, 76.362501764711368 ], [ -5.058113596651636, 75.911154308758441 ], [ -4.152119087908242, 75.533872273600167 ], [ -5.038784887350398, 74.820969390190044 ], [ -4.644988785443808, 74.468894964355812 ], [ -4.583798274868273, 73.667868921807298 ], [ -5.653957914047982, 72.941213947057491 ], [ -7.084078495478856, 70.685734692813185 ], [ -8.761245210553712, 69.054456430300917 ], [ -8.375076266535592, 68.045578539938177 ], [ -3.520215138517483, 67.011989676107149 ], [ 0.07665204944468, 65.140222100411307 ], [ -8.249972383060898, 63.217062821200017 ], [ -6.92561714036616, 63.043033202804459 ], [ -4.954439340867308, 61.290747144934869 ] ] ] } },
{ "type": "Feature", "properties": { }, "geometry": { "type": "Polygon", "coordinates": [ [ [ -3.543399412003681, 56.498832199856857 ], [ -1.370577080293341, 53.968929883446172 ], [ -1.500856739301132, 53.573616783614419 ], [ -1.001591281242302, 52.835647753291674 ], [ -0.465804622653929, 52.825134146875001 ], [ 8.473975369857378, 54.697826811424761 ], [ 11.060070955289781, 55.862758337696384 ], [ 11.936232567923604, 56.473081765374374 ], [ 12.263192429629969, 57.237770013262647 ], [ 11.827927365179221, 58.185096129807754 ], [ 10.330363785664767, 59.589890204175532 ], [ 7.71723704265079, 60.497638326829325 ], [ 3.086757029379551, 61.4110447520817 ], [ -0.205576037716874, 61.24138031756722 ], [ -3.913221202408232, 59.824235382050148 ], [ -3.543399412003681, 56.498832199856857 ] ] ] } },
{ "type": "Feature", "properties": { }, "geometry": { "type": "Polygon", "coordinates": [ [ [ -34.692706784551618, -39.257651580929412 ], [ -41.298600578948324, -35.74430203181285 ], [ -42.842039833028601, -39.802918324114813 ], [ -45.136612671074204, -43.328015587501213 ], [ -40.287909297529005, -48.681104357448966 ], [ -38.520181552383761, -49.510282315106465 ], [ -37.178885263815339, -46.542813064449469 ], [ -34.692706784551618, -39.257651580929412 ] ] ] } },
{ "type": "Feature", "properties": { }, "geometry": { "type": "Polygon", "coordinates": [ [ [ 11.618011200066363, 37.29200072653564 ], [ 11.692734481171101, 38.717056467362589 ], [ 10.944935219768229, 36.277475719581759 ], [ 9.255791447848342, 33.203490002466019 ], [ 9.659696633941492, 32.519934770787259 ], [ 10.97871335065749, 32.103172784266256 ], [ 10.760247348999258, 30.949385290260633 ], [ 11.4122484588407, 30.36973771219996 ], [ 9.684870385290532, 28.385450742342989 ], [ 8.168228042486078, 27.318749803879758 ], [ 7.295941346836163, 26.011394727928717 ], [ 12.248346027059309, 27.590633601220251 ], [ 14.124417016519013, 25.485344642813121 ], [ 15.064881313153567, 24.849505250515115 ], [ 12.858402020251532, 29.271346800991143 ], [ 12.600815830471525, 33.973376318366029 ], [ 11.618011200066363, 37.29200072653564 ] ] ] } },
{ "type": "Feature", "properties": { }, "geometry": { "type": "Polygon", "coordinates": [ [ [ 15.064881313153567, 24.849505250515115 ], [ 14.124417016519013, 25.485344642813121 ], [ 12.248346027059309, 27.590633601220251 ], [ 11.089657299301209, 27.129342830261368 ], [ 10.433607128877068, 25.546223200531006 ], [ 9.335732546719408, 24.538367037435282 ], [ 8.683098235546694, 22.943896467071763 ], [ 10.08426733094938, 20.018678820540551 ], [ 9.614544175079594, 18.990277017405024 ], [ 9.65700368067411, 18.319929495559496 ], [ 10.653673205354746, 16.118217232473455 ], [ 11.255369328114849, 17.461985865326152 ], [ 12.345161309443672, 18.374328557145272 ], [ 13.387942156797644, 20.61874496429111 ], [ 15.241549753637331, 23.264008974619678 ], [ 15.064881313153567, 24.849505250515115 ] ] ] } },
{ "type": "Feature", "properties": { }, "geometry": { "type": "Polygon", "coordinates": [ [ [ 33.857079068194359, -13.59106744664054 ], [ 35.093595428976762, -12.166202281488641 ], [ 36.567075818061632, -9.199594088584373 ], [ 34.147492525208413, -11.391724778625614 ], [ 33.857079068194359, -13.59106744664054 ] ] ] } },
{ "type": "Feature", "properties": { }, "geometry": { "type": "Polygon", "coordinates": [ [ [ 61.864280148308588, -33.7638967977432 ], [ 61.660472494134837, -33.586161151723211 ], [ 61.042880306464177, -33.8977062851149 ], [ 60.849496159136265, -32.99507246624831 ], [ 59.969295492903605, -32.464362861946974 ], [ 59.689999945281386, -32.7425385200101 ], [ 60.816308311492129, -33.21795505023848 ], [ 60.66842634544917, -35.306227708894333 ], [ 61.207965717018183, -36.499437108375993 ], [ 60.623934715727465, -38.765103559423501 ], [ 61.139627462581124, -40.730704320878367 ], [ 62.006011360362535, -42.175382754677393 ], [ 62.608652978390602, -44.38607498726207 ], [ 63.952367835345399, -45.336286817060717 ], [ 65.091830966505768, -46.680882462196742 ], [ 66.384968765919552, -47.68097204593424 ], [ 68.983581154327553, -49.086731523727799 ], [ 73.354342802982799, -50.534365692083867 ], [ 77.175190780497374, -50.234511005157181 ], [ 77.609551869351449, -50.675906270538981 ], [ 77.596448782534083, -50.245322330006914 ], [ 76.404747151358023, -49.373430094793932 ], [ 75.273523229166102, -50.059944039763941 ], [ 74.188701975503548, -50.222094875549629 ], [ 68.885437861107832, -48.870233718858188 ], [ 65.172609719865179, -46.586239799782533 ], [ 64.530497856015216, -45.045825695963877 ], [ 61.841741267428034, -41.762820638396818 ], [ 61.164677385256375, -40.363055979999217 ], [ 61.65954683586731, -39.005592257945466 ], [ 61.419904609594575, -38.374665533332383 ], [ 61.775739591548358, -36.31548177090756 ], [ 61.420931189588231, -35.343557370916578 ], [ 61.864280148308588, -33.7638967977432 ] ] ] } },
{ "type": "Feature", "properties": { }, "geometry": { "type": "Polygon", "coordinates": [ [ [ 31.094194019061483, 17.552304391410495 ], [ 29.335247423206145, 18.354069471671316 ], [ 29.236731479507728, 16.924778433040455 ], [ 31.401862238955324, 14.447724717168066 ], [ 33.831500204583612, 15.527018146975706 ], [ 34.890928095438632, 15.607820134933991 ], [ 34.864961970115466, 15.929760737000455 ], [ 34.089445888425011, 16.139638541822556 ], [ 33.405147129896328, 17.003265369203323 ], [ 33.656688385183529, 17.546003990648728 ], [ 31.094194019061483, 17.552304391410495 ] ] ] } },
{ "type": "Feature", "properties": { }, "geometry": { "type": "Polygon", "coordinates": [ [ [ 34.225300264734528, 25.577515860724951 ], [ 31.818078662455058, 23.181449117308848 ], [ 30.869828351351437, 22.7266775630167 ], [ 31.097234800515071, 21.984994380727596 ], [ 33.271325622703664, 22.486973299684561 ], [ 38.530581087055999, 26.23506539045507 ], [ 34.225300264734528, 25.577515860724951 ] ] ] } },
{ "type": "Feature", "properties": { }, "geometry": { "type": "Polygon", "coordinates": [ [ [ 29.247480897996596, 16.149837050228985 ], [ 28.827638153331048, 16.042228988284606 ], [ 28.606163744379351, 15.508547875812388 ], [ 27.930605704286002, 15.449440350375447 ], [ 27.691803054092393, 15.018038308739131 ], [ 31.933322164306759, 14.098041811209667 ], [ 32.514240044384088, 14.74781053592355 ], [ 30.316447626109237, 15.353824717045573 ], [ 29.247480897996596, 16.149837050228985 ] ] ] } },
{ "type": "Feature", "properties": { }, "geometry": { "type": "Polygon", "coordinates": [ [ [ 27.728016103509376, 14.899090126656326 ], [ 28.00103751908129, 13.245581187784124 ], [ 28.580265786374927, 12.751536419466071 ], [ 32.625753746317528, 11.248273594528795 ], [ 31.845506318111479, 13.729779978764798 ], [ 31.984236935267653, 14.052523989606419 ], [ 27.728016103509376, 14.899090126656326 ] ] ] } },
{ "type": "Feature", "properties": { }, "geometry": { "type": "Polygon", "coordinates": [ [ [ 29.005583208056379, 17.689401122645936 ], [ 26.445741073555187, 16.741518781896385 ], [ 25.813485076225586, 15.535324577380244 ], [ 25.556448079294221, 13.818759115155467 ], [ 23.141644599304943, 10.498377168763128 ], [ 23.658970733604253, 9.530522751247677 ], [ 24.152891944644239, 10.124681959559899 ], [ 24.112268608075272, 10.821413858820959 ], [ 26.884118239547117, 12.333810851829433 ], [ 27.506978887454096, 13.384927492636551 ], [ 28.017043426578567, 15.883012805965643 ], [ 29.005583208056379, 17.689401122645936 ] ] ] } },
{ "type": "Feature", "properties": { }, "geometry": { "type": "Polygon", "coordinates": [ [ [ 23.827110038583967, 2.646373653702555 ], [ 24.193800704914057, 5.503350934515319 ], [ 23.740613382265213, 7.593046959993781 ], [ 23.029779418918174, 7.979658628158133 ], [ 22.90685984190457, 8.622681803992421 ], [ 21.528537040744549, 9.441137412416166 ], [ 21.343972343276548, 9.181320441317034 ], [ 22.132851793859313, 8.711276967979197 ], [ 21.92320683131987, 8.079984677112455 ], [ 21.745867477435279, 8.392021411897412 ], [ 21.094804173517254, 8.302600086626263 ], [ 21.462369980682865, 5.468614283642117 ], [ 21.833421581759399, 5.387063780847568 ], [ 21.875511128768519, 3.81564148737518 ], [ 22.459355779295986, 3.538123654542657 ], [ 22.778696662148917, 2.153694015706613 ], [ 23.455994404523349, 1.761382799366087 ], [ 24.332376536157181, 0.502785886328996 ], [ 23.827110038583967, 2.646373653702555 ] ] ] } },
{ "type": "Feature", "properties": { }, "geometry": { "type": "Polygon", "coordinates": [ [ [ 26.382144797199334, 1.49644302645277 ], [ 25.040458467660294, 4.959946676178673 ], [ 25.370832510107338, 7.009432005454992 ], [ 25.190958888830711, 8.055462401092027 ], [ 23.466839823577104, 8.396883404402557 ], [ 22.210954250889753, 9.646943630859415 ], [ 21.661595956336296, 9.568420326440853 ], [ 22.358692915851549, 8.734036297710116 ], [ 22.90685984190457, 8.622681803992421 ], [ 23.029779418918174, 7.979658628158133 ], [ 23.740613382265213, 7.593046959993781 ], [ 24.193800704914057, 5.503350934515319 ], [ 23.962480495628988, 3.671814956224551 ], [ 24.497861081231704, 3.626811526740093 ], [ 24.701391633033051, 2.659119075126199 ], [ 25.404631856402492, 2.535192077097789 ], [ 26.382144797199334, 1.49644302645277 ] ] ] } },
{ "type": "Feature", "properties": { }, "geometry": { "type": "Polygon", "coordinates": [ [ [ 22.506808173283897, 10.60580539167071 ], [ 23.56560548747785, 11.913195301010571 ], [ 23.084993010540096, 12.547527817056359 ], [ 20.367805543090753, 12.190402326284891 ], [ 20.194357345036906, 10.207443686914027 ], [ 22.131416792897983, 8.852206255578604 ], [ 22.806281172001878, 10.10731553199051 ], [ 22.506808173283897, 10.60580539167071 ] ] ] } },
{ "type": "Feature", "properties": { }, "geometry": { "type": "Polygon", "coordinates": [ [ [ 26.382144797199334, 1.49644302645277 ], [ 26.703442447397943, 1.370970756761459 ], [ 27.29245382960174, 2.001553918326467 ], [ 26.800881694595521, 3.396242675880124 ], [ 27.207597708180771, 4.055571736478965 ], [ 26.486589530245894, 5.852576302684636 ], [ 26.778940573534808, 6.680374792758909 ], [ 25.190958888830711, 8.055462401092027 ], [ 25.370832510107338, 7.009432005454992 ], [ 25.040458467660294, 4.959946676178673 ], [ 26.382144797199334, 1.49644302645277 ] ] ] } },
{ "type": "Feature", "properties": { }, "geometry": { "type": "Polygon", "coordinates": [ [ [ 21.284864054644267, 10.851080889516362 ], [ 23.283002410029194, 9.598107092805922 ], [ 23.81148858104304, 11.773163555226644 ], [ 22.2160001751935, 11.72391305408369 ], [ 21.77314048577335, 11.372834975225947 ], [ 21.783174442960618, 10.919371752258172 ], [ 21.284864054644267, 10.851080889516362 ] ] ] } },
{ "type": "Feature", "properties": { }, "geometry": { "type": "Polygon", "coordinates": [ [ [ 20.215386655932303, 8.380893496158683 ], [ 21.296107331628033, 8.737219952755439 ], [ 22.915477165105305, 9.794354755319612 ], [ 21.191846417374322, 10.91993467359003 ], [ 19.752947631060572, 10.674283583063868 ], [ 19.830557686842418, 10.199573618809627 ], [ 19.336179199248072, 10.372230761410286 ], [ 19.087980102465234, 8.838279340879987 ], [ 20.215386655932303, 8.380893496158683 ] ] ] } },
{ "type": "Feature", "properties": { }, "geometry": { "type": "Polygon", "coordinates": [ [ [ 19.706214579835962, 6.255211071860706 ], [ 17.61688557682611, 7.93297923420265 ], [ 16.745906115126353, 6.977898721398486 ], [ 18.007006872286478, 5.974825703824248 ], [ 19.706214579835962, 6.255211071860706 ] ] ] } },
{ "type": "Feature", "properties": { }, "geometry": { "type": "Polygon", "coordinates": [ [ [ 19.439129985738482, 8.024286757323237 ], [ 18.528061316137237, 8.605891755746631 ], [ 17.61688557682611, 7.93297923420265 ], [ 19.756309736804589, 6.391229926153487 ], [ 19.620462567295881, 7.210830705939861 ], [ 19.044541984036567, 7.717048191260387 ], [ 19.439129985738482, 8.024286757323237 ] ] ] } },
{ "type": "Feature", "properties": { }, "geometry": { "type": "Polygon", "coordinates": [ [ [ 18.007006872286478, 5.974825703824248 ], [ 16.745906115126353, 6.977898721398486 ], [ 16.146736239726195, 5.229695242550755 ], [ 16.310265570937275, 5.066989178385853 ], [ 16.832966235276857, 5.585901328475517 ], [ 18.007006872286478, 5.974825703824248 ] ] ] } },
{ "type": "Feature", "properties": { }, "geometry": { "type": "Polygon", "coordinates": [ [ [ 20.49918459394819, 6.508440122550339 ], [ 20.173613641691095, 6.861864372335111 ], [ 19.221440392227581, 6.620165721303386 ], [ 18.104777546352786, 6.303983806380666 ], [ 18.127025536064881, 5.892622695899076 ], [ 18.648996736490204, 5.644341824321353 ], [ 20.49918459394819, 6.508440122550339 ] ] ] } },
{ "type": "Feature", "properties": { }, "geometry": { "type": "Polygon", "coordinates": [ [ [ 16.343298292728935, 4.857389067662237 ], [ 16.785563681052185, 4.831401303532636 ], [ 16.27930941437231, 5.565503916055582 ], [ 15.869600070527376, 5.58208608857122 ], [ 16.343298292728935, 4.857389067662237 ] ] ] } },
{ "type": "Feature", "properties": { }, "geometry": { "type": "Polygon", "coordinates": [ [ [ 17.182895928717755, 5.128740605342472 ], [ 16.525510529379027, 5.753761987672418 ], [ 16.105953653465665, 5.721135203610518 ], [ 16.743616669993475, 5.096559065366885 ], [ 17.182895928717755, 5.128740605342472 ] ] ] } },
{ "type": "Feature", "properties": { }, "geometry": { "type": "Polygon", "coordinates": [ [ [ 17.753788868279191, 5.126557180428469 ], [ 16.95945277641729, 5.764793987762521 ], [ 16.525510529379027, 5.753761987672418 ], [ 17.182895928717755, 5.128740605342472 ], [ 17.753788868279191, 5.126557180428469 ] ] ] } },
{ "type": "Feature", "properties": { }, "geometry": { "type": "Polygon", "coordinates": [ [ [ 17.373085287348019, 6.081390645627165 ], [ 16.858944131120715, 5.720379742056505 ], [ 17.793356242414806, 5.311025194813451 ], [ 18.675386916500202, 5.499921037196016 ], [ 18.115250008984471, 5.643269967311317 ], [ 18.013564831337614, 6.042612769844328 ], [ 17.373085287348019, 6.081390645627165 ] ] ] } },
{ "type": "Feature", "properties": { }, "geometry": { "type": "Polygon", "coordinates": [ [ [ 122.160469256505635, -36.134977205827539 ], [ 120.939893827289978, -35.661863252494939 ], [ 119.659532862078038, -36.701347855137968 ], [ 119.294713243467868, -36.405712177294951 ], [ 119.327067422071096, -35.730789797637527 ], [ 116.60258163169047, -37.28433195559375 ], [ 115.017431120473475, -37.661786939926955 ], [ 110.804589202485431, -37.492687335295514 ], [ 102.429206022677121, -38.331446277447036 ], [ 100.935223940508109, -37.573861680668863 ], [ 97.071642913177328, -40.908939468577131 ], [ 96.132270781290458, -40.905791262340912 ], [ 93.845411426803352, -39.957949726884763 ], [ 91.738027023224802, -38.548718206758011 ], [ 90.798511929859089, -38.307452516592413 ], [ 90.094021161700326, -38.668423197676084 ], [ 90.339378918644087, -39.58300113328405 ], [ 89.770719053698954, -40.100950874361956 ], [ 88.22921689672863, -40.650530416454046 ], [ 86.753133701474155, -40.649325203767859 ], [ 86.409572513861832, -40.952909607105958 ], [ 85.844062635802089, -41.940533328716995 ], [ 87.162060551577596, -43.588484576420306 ], [ 82.918029017080954, -45.646138376901241 ], [ 82.071632193797484, -45.603626906496835 ], [ 81.722881097180789, -45.205814188536046 ], [ 82.36445705639575, -42.902414523492276 ], [ 79.003882402044056, -43.226135396834621 ], [ 81.946457904188236, -48.076380806734491 ], [ 82.793333674721424, -50.87776127825466 ], [ 82.952208872635552, -52.059080377525348 ], [ 82.635664145150187, -52.611697390483002 ], [ 82.091129025101978, -52.519165149468321 ], [ 81.675960321455079, -53.089618912578601 ], [ 80.203867099157776, -53.638810324295171 ], [ 79.929120232368575, -53.113173128220687 ], [ 77.819725153191797, -53.411953792876425 ], [ 77.239567369940914, -53.101669626028603 ], [ 76.838991903358007, -52.263931426346637 ], [ 75.403229616874384, -52.023633414224911 ], [ 73.513493603806765, -53.214276004491417 ], [ 73.511426708703695, -54.173662448816771 ], [ 75.059677767934573, -54.383785834433631 ], [ 76.712337483326849, -55.161663524340476 ], [ 78.155780005586479, -55.116116979028362 ], [ 78.266034250406747, -55.407478776059371 ], [ 77.022936152201936, -55.885486508056353 ], [ 78.763964773085561, -58.594569070809612 ], [ 82.808379304017933, -59.960368546065048 ], [ 87.889555547877578, -60.385557521279551 ], [ 92.340489790858541, -61.600284520515878 ], [ 96.552719786949169, -61.87994697203407 ], [ 103.194682422127471, -63.566449002887353 ], [ 107.130155047996965, -65.561037253656394 ], [ 112.615278184327465, -67.347872420103954 ], [ 113.247691731876785, -68.440358066393728 ], [ 114.763699674996559, -69.236003955625279 ], [ 115.001312656227199, -70.00482695405627 ], [ 136.214531973221682, -71.321012549218466 ], [ 136.478938816139703, -70.543494961426887 ], [ 139.013451564985587, -69.436234891137829 ], [ 139.723027219087271, -67.993817063853527 ], [ 140.471316256853527, -67.446093355830371 ], [ 140.676857394581305, -66.651343077356913 ], [ 143.562942654094002, -64.636928657260071 ], [ 144.780779988724021, -63.229087213725933 ], [ 144.814702549488828, -62.110886795003061 ], [ 145.67173333730031, -61.028918965725254 ], [ 146.137568154722771, -59.570427986222953 ], [ 145.084199657199889, -58.070926840174025 ], [ 145.13146186662766, -56.833637014979615 ], [ 144.549249001451187, -55.963014657157458 ], [ 146.501460332187918, -54.890337090163648 ], [ 145.990465839519658, -52.918129292184155 ], [ 145.047467624588762, -51.544383158048959 ], [ 144.883262889188728, -50.586264360117973 ], [ 143.85251036502234, -49.433739183690165 ], [ 143.599989057350314, -48.229928242980797 ], [ 142.496355112044171, -47.040354260564072 ], [ 137.139325830015594, -45.595543302493084 ], [ 134.782814352744026, -44.18548664488074 ], [ 131.40649657447122, -44.748815231471873 ], [ 130.949938576544042, -43.925259925464736 ], [ 131.061688595663412, -43.307397413815572 ], [ 131.964296696222675, -42.440054590789124 ], [ 131.771176700634442, -42.063084295121961 ], [ 132.347440296459382, -41.657538194613231 ], [ 132.352282282563465, -41.121312690634774 ], [ 129.190027683154028, -41.052647940360821 ], [ 123.823048746816937, -39.363502224446556 ], [ 123.572557150632989, -38.892067394219296 ], [ 122.341196105578661, -38.451453210379071 ], [ 122.210153056113512, -38.100346382007139 ], [ 122.891393369211514, -37.583584156734524 ], [ 122.160469256505635, -36.134977205827539 ] ] ] } },
{ "type": "Feature", "properties": { }, "geometry": { "type": "Polygon", "coordinates": [ [ [ 53.545023758194773, 62.339527469662904 ], [ 52.738231561749217, 61.684657552871833 ], [ 52.738602635658886, 60.543853508651807 ], [ 52.27328120550245, 60.137367669282625 ], [ 52.98852251960151, 58.97790499787078 ], [ 58.232491570330097, 59.27146852786192 ], [ 61.966656778215253, 60.615856139451566 ], [ 66.258737829392615, 63.929190760097171 ], [ 63.671936049417226, 63.497213619141895 ], [ 60.35882662634144, 62.324556610324201 ], [ 53.545023758194773, 62.339527469662904 ] ] ] } },
{ "type": "Feature", "properties": { }, "geometry": { "type": "Polygon", "coordinates": [ [ [ -36.279751736225045, 30.37294933728554 ], [ -35.348617005099157, 36.857519228240214 ], [ -35.710236670950472, 39.87632638583068 ], [ -36.503823203095479, 38.079581918755757 ], [ -36.274097247528623, 36.782441568503558 ], [ -36.889727527894912, 35.397409522515851 ], [ -36.349567538582917, 33.560262525904349 ], [ -36.833816771437959, 30.699409354816918 ], [ -36.279751736225045, 30.37294933728554 ] ] ] } },
{ "type": "Feature", "properties": { }, "geometry": { "type": "Polygon", "coordinates": [ [ [ -15.331635735991618, 54.839613767142474 ], [ -22.781361874705254, 53.547445061840534 ], [ -25.291354752685859, 52.272725515987759 ], [ -24.142627014203921, 52.536114532915931 ], [ -22.938160885217453, 52.264584672187404 ], [ -18.900803663788107, 52.692257067403389 ], [ -16.169261032917241, 52.62132608010635 ], [ -14.727462993098953, 53.196408210208958 ], [ -13.175046092665392, 53.375000422908386 ], [ -15.331635735991618, 54.839613767142474 ] ] ] } },
{ "type": "Feature", "properties": { }, "geometry": { "type": "Polygon", "coordinates": [ [ [ -7.57843600553459, 39.951267223217485 ], [ -7.143937705915867, 40.823246994900082 ], [ -8.728419806258017, 40.519671884633517 ], [ -10.527841633810127, 41.562551327622259 ], [ -12.124846560495396, 41.695644044316786 ], [ -13.575964774119258, 41.429037904603312 ], [ -15.204006257540161, 41.783812562244549 ], [ -16.17585586961507, 42.388197327923599 ], [ -16.688142491830188, 43.281745891708567 ], [ -17.575171824364649, 43.6033878401824 ], [ -17.158536970636852, 42.483005248215242 ], [ -17.198452554172459, 41.084580432046685 ], [ -14.718659762400703, 39.874648387719951 ], [ -13.474624938767336, 40.245315532368771 ], [ -9.849681748503777, 39.946097459789982 ], [ -7.57843600553459, 39.951267223217485 ] ] ] } },
{ "type": "Feature", "properties": { }, "geometry": { "type": "Polygon", "coordinates": [ [ [ -43.649370534418473, -61.632167751063385 ], [ -49.710435865139424, -61.591986921593126 ], [ -50.378263573351113, -64.108102060126001 ], [ -50.327280128920748, -65.38904558274703 ], [ -49.523800095046909, -67.327608172363824 ], [ -47.46666236254967, -68.777257442615834 ], [ -42.869914347457907, -69.941928982268294 ], [ -37.781081711592748, -70.565616521425966 ], [ -31.914921218696936, -70.309890155588064 ], [ -35.966670350806332, -69.620748385737485 ], [ -36.676767693394588, -69.22846689821435 ], [ -36.73053157380437, -68.508184192542828 ], [ -35.616012937430654, -67.05017679646825 ], [ -37.320576287880144, -64.502356025457203 ], [ -36.751853809949409, -62.923381987980719 ], [ -37.068017241900314, -61.626909559349585 ], [ -39.267666484413297, -62.258155349320944 ], [ -43.649370534418473, -61.632167751063385 ] ] ] } },
{ "type": "Feature", "properties": { }, "geometry": { "type": "Polygon", "coordinates": [ [ [ -9.131851055142528, 3.53063583983142 ], [ -8.892399557396939, 5.169168785824819 ], [ -12.215655642855843, 3.579111133015656 ], [ -17.461665263957133, -0.178616867972736 ], [ -19.971064442416115, -1.263304858066918 ], [ -23.493118784843993, -1.661250214073258 ], [ -26.683532172104641, -1.128849162463927 ], [ -24.831978494718388, -2.342266304372458 ], [ -21.464465487260053, -6.032510295923294 ], [ -19.459580700094214, -5.961576898416193 ], [ -17.861824445395847, -7.793410099458648 ], [ -16.356468362694486, -7.997128165727905 ], [ -16.658892897031649, -5.430551858040009 ], [ -16.39973253688953, -4.800498914028081 ], [ -16.756638353002085, -4.463803911688436 ], [ -15.911775335780476, -3.669682736362121 ], [ -13.706335717020016, -2.891033470826438 ], [ -11.578196731482626, -0.2651239294672 ], [ -11.492888655649461, 1.163709574089871 ], [ -10.830997353914208, 2.630170349646231 ], [ -9.930931718970129, 3.377083725406888 ], [ -9.131851055142528, 3.53063583983142 ] ] ] } },
{ "type": "Feature", "properties": { }, "geometry": { "type": "Polygon", "coordinates": [ [ [ 34.043124309441112, -54.995022439278621 ], [ 39.536547428669657, -54.30528127953643 ], [ 39.175795190332117, -53.284486063648643 ], [ 37.533894638994475, -51.68181031857057 ], [ 37.540643304277559, -52.246725442943692 ], [ 37.032983709324355, -52.726762637532126 ], [ 33.171599417050857, -51.905572409870445 ], [ 31.938666233981021, -52.276209562105407 ], [ 31.777972934856617, -52.870629898468863 ], [ 31.179410349540035, -53.063400213337538 ], [ 31.239523104906819, -53.864074356452271 ], [ 32.01102290866757, -54.532658776916293 ], [ 34.043124309441112, -54.995022439278621 ] ] ] } },
{ "type": "Feature", "properties": { }, "geometry": { "type": "Polygon", "coordinates": [ [ [ 43.213847548569873, -39.546058877574445 ], [ 42.584841121359737, -37.676707973756955 ], [ 41.908695708551193, -37.331792571957109 ], [ 40.8793889805671, -37.194086883499899 ], [ 39.767939710848815, -37.615384658612548 ], [ 42.203789454769812, -39.623765339760155 ], [ 43.213847548569873, -39.546058877574445 ] ] ] } },
{ "type": "Feature", "properties": { }, "geometry": { "type": "Polygon", "coordinates": [ [ [ 110.281058389081238, -18.68857940834814 ], [ 105.085378810546388, -22.59597623395387 ], [ 104.7263464115467, -23.470551537333314 ], [ 111.085506065507374, -20.194338027738048 ], [ 114.044373617435994, -17.191180724243754 ], [ 113.142654680289453, -17.403944676601718 ], [ 111.124974641922734, -17.167631804252743 ], [ 110.281058389081238, -18.68857940834814 ] ] ] } },
{ "type": "Feature", "properties": { }, "geometry": { "type": "Polygon", "coordinates": [ [ [ 33.523216354916073, -51.558455579541274 ], [ 41.368323527569622, -42.810341266621187 ], [ 41.03222714790386, -42.370065239864886 ], [ 41.431466546713807, -40.672944817423321 ], [ 41.187817213810888, -40.475863708096917 ], [ 41.424623626765666, -40.138324569338792 ], [ 40.936129627135749, -39.828642842885074 ], [ 41.074372747525331, -39.532002922241936 ], [ 40.177021215267942, -39.217617234813723 ], [ 39.621622444993989, -39.281689258380403 ], [ 38.125543537324042, -40.598937944990922 ], [ 38.061808879250606, -40.985420946436058 ], [ 36.130562364080085, -41.822592362529626 ], [ 34.731396618444272, -42.051505073099293 ], [ 32.944646592561796, -41.721240596703424 ], [ 31.379179729204306, -42.463981403409228 ], [ 31.186877875047454, -43.431419706632404 ], [ 31.553118855675653, -45.275338388940014 ], [ 31.193981420555311, -45.976213969880092 ], [ 28.910480321621758, -47.483781223175647 ], [ 29.056204254857214, -48.517468863970514 ], [ 28.519423663027847, -49.684066864144057 ], [ 29.187504176294151, -51.457389893166464 ], [ 30.70088764010691, -52.042836717852786 ], [ 31.737711147359441, -51.656678306951065 ], [ 33.523216354916073, -51.558455579541274 ] ] ] } },
{ "type": "Feature", "properties": { }, "geometry": { "type": "Polygon", "coordinates": [ [ [ 26.778940573534808, 6.680374792758909 ], [ 24.85192801073395, 9.133531731384965 ], [ 24.160606821317021, 8.988755193528336 ], [ 22.71878591275426, 9.905905963322555 ], [ 21.661595956336296, 9.568420326440853 ], [ 22.210954250889753, 9.646943630859415 ], [ 23.466839823577104, 8.396883404402557 ], [ 25.211835408967982, 8.055636275686224 ], [ 26.778940573534808, 6.680374792758909 ] ] ] } },
{ "type": "Feature", "properties": { }, "geometry": { "type": "MultiPolygon", "coordinates": [ [ [ [ 179.99999999, -75.465627751237633 ], [ 173.017535529637655, -75.110689173751823 ], [ 168.091016540954143, -76.285915211765825 ], [ 179.99999999, -78.163423421201031 ], [ 179.99999999, -75.465627751237633 ] ] ], [ [ [ -179.99999999, -78.163423421201031 ], [ -173.780296379001186, -78.619556499905556 ], [ -168.372206317634237, -78.424449228911058 ], [ -169.341416299889602, -77.771021524762332 ], [ -173.658404766386127, -76.345756618653652 ], [ -179.99999999, -75.465627751237633 ], [ -179.99999999, -78.163423421201031 ] ] ] ] } },
{ "type": "Feature", "properties": { }, "geometry": { "type": "Polygon", "coordinates": [ [ [ 156.956945642142642, -81.274723404488938 ], [ 158.584999993853273, -80.637455132055123 ], [ 160.680768585751622, -80.337248849420774 ], [ 162.626620466491005, -79.335092584404734 ], [ 157.340773107179814, -79.483214611467019 ], [ 149.300976666346401, -80.27067339816989 ], [ 146.557085788305528, -81.102957832278534 ], [ 156.956945642142642, -81.274723404488938 ] ] ] } },
{ "type": "Feature", "properties": { }, "geometry": { "type": "Polygon", "coordinates": [ [ [ 159.884140067856805, -79.136733987446419 ], [ 153.95983690454824, -78.475083563356819 ], [ 152.058044965384994, -79.416870664666618 ], [ 145.207061545668012, -80.74369548575136 ], [ 128.222804238517114, -81.691242863067203 ], [ 144.707001588179992, -81.309100592609823 ], [ 154.770668542097695, -80.703877672602999 ], [ 159.806967692944113, -79.572433173919578 ], [ 159.884140067856805, -79.136733987446419 ] ] ] } },
{ "type": "Feature", "properties": { }, "geometry": { "type": "Polygon", "coordinates": [ [ [ 170.031412850372789, -78.455210054730983 ], [ 168.768877155970188, -78.053713265139208 ], [ 165.605652667028153, -78.212568648513439 ], [ 166.870335110208771, -78.566504862705713 ], [ 166.474334472713934, -79.151365750730207 ], [ 167.356713973557021, -79.453558034196874 ], [ 167.354518244524797, -79.985393407269669 ], [ 168.881894833327891, -79.684898909831347 ], [ 169.309991381352773, -78.690363371066951 ], [ 170.031412850372789, -78.455210054730983 ] ] ] } },
{ "type": "Feature", "properties": { }, "geometry": { "type": "Polygon", "coordinates": [ [ [ 26.208139771737795, -0.050041345446796 ], [ 26.199579996559454, -0.023769777993286 ], [ 26.208068619416608, -0.05365046822431 ], [ 26.208139771737795, -0.050041345446796 ] ] ] } },
{ "type": "Feature", "properties": { }, "geometry": { "type": "Polygon", "coordinates": [ [ [ 26.208068619416608, -0.05365046822431 ], [ 26.207900933830693, -0.062180201314098 ], [ 26.238112455527101, -0.148579738841185 ], [ 26.208068619416608, -0.05365046822431 ] ] ] } },
{ "type": "Feature", "properties": { }, "geometry": { "type": "Polygon", "coordinates": [ [ [ 33.757681187942744, -4.192050502716803 ], [ 32.042347645783792, -3.624792418278438 ], [ 31.302708146784394, -4.722002942784823 ], [ 29.919601915277479, -4.896567338633028 ], [ 32.360141576890278, -5.38533265931218 ], [ 33.321499783035605, -6.249498403044353 ], [ 32.696152901535982, -6.777782331322434 ], [ 32.062043575843191, -8.19053897036305 ], [ 31.516595692997303, -8.491482135969814 ], [ 33.851585564699029, -9.117404296476076 ], [ 33.180606809064543, -9.9915548953008 ], [ 33.7804671114326, -9.996801071917002 ], [ 34.334254680037809, -9.752691229840732 ], [ 35.912164802675086, -7.954630454090998 ], [ 37.016147361901922, -5.193961122537526 ], [ 35.768644897896287, -5.641745146562774 ], [ 34.35849157873826, -5.536915456673416 ], [ 33.757681187942744, -4.192050502716803 ] ] ] } },
{ "type": "Feature", "properties": { }, "geometry": { "type": "Polygon", "coordinates": [ [ [ 31.207932909859156, -2.78629074297048 ], [ 29.765524706943033, -1.364665608533865 ], [ 30.256369451245472, -2.065430809135586 ], [ 31.207932909859156, -2.78629074297048 ] ] ] } },
{ "type": "Feature", "properties": { }, "geometry": { "type": "Polygon", "coordinates": [ [ [ 29.404550975966394, -0.754151384976099 ], [ 28.42273225445728, -0.644108293266462 ], [ 29.924401353601958, -2.216777238103842 ], [ 31.924636951755879, -3.093870636889594 ], [ 30.245195656053831, -2.036154079075822 ], [ 29.404550975966394, -0.754151384976099 ] ] ] } },
{ "type": "Feature", "properties": { }, "geometry": { "type": "Polygon", "coordinates": [ [ [ 24.400420109537478, 0.990845406764149 ], [ 23.893832763856029, 1.689899650117248 ], [ 23.05758726044359, 1.158420381304885 ], [ 22.947792036823063, 1.348443545250629 ], [ 23.805769582560171, -0.374059741356492 ], [ 23.891133514612363, 0.105698653711568 ], [ 24.55634702332496, -0.395712319055807 ], [ 24.400420109537478, 0.990845406764149 ] ] ] } },
{ "type": "Feature", "properties": { }, "geometry": { "type": "Polygon", "coordinates": [ [ [ 142.57431322057937, -47.740829160557347 ], [ 142.602021021067202, -47.657848419807074 ], [ 142.555718859686721, -47.734922237150165 ], [ 142.57431322057937, -47.740829160557347 ] ] ] } },
{ "type": "Feature", "properties": { }, "geometry": { "type": "Polygon", "coordinates": [ [ [ 115.634764990343825, -33.768671995736831 ], [ 115.61292927088185, -33.665695007079478 ], [ 115.600066860252738, -33.663133868923403 ], [ 115.634764990343825, -33.768671995736831 ] ] ] } },
{ "type": "Feature", "properties": { }, "geometry": { "type": "Polygon", "coordinates": [ [ [ -45.73166473080208, -7.012553695235726 ], [ -44.374858456970507, -7.936601160153023 ], [ -44.841588581695866, -6.132958610830149 ], [ -45.439046327961776, -5.547423674050952 ], [ -46.187822112250835, -3.849105881132161 ], [ -45.73166473080208, -7.012553695235726 ] ] ] } },
{ "type": "Feature", "properties": { }, "geometry": { "type": "Polygon", "coordinates": [ [ [ -9.447874066893821, 79.058948796086867 ], [ -10.250580544139615, 78.996683539924717 ], [ -18.756083389882026, 76.055739510999246 ], [ -16.196774811904099, 76.687631124303891 ], [ -9.447874066893821, 79.058948796086867 ] ] ] } }
]
}
