{
"type": "FeatureCollection",
"name": "land_150Ma",
"crs": { "type": "name", "properties": { "name": "urn:ogc:def:crs:OGC:1.3:CRS84" } },
"features": [
{ "type": "Feature", "properties": { }, "geometry": { "type": "Polygon", "coordinates": [ [ [ 166.302353166483897, 59.339291322030149 ], [ 170.76719437401411, 61.573920982910813 ], [ 169.88159591967613, 62.606293912059279 ], [ 170.103965041472264, 63.510942820849174 ], [ 170.689786459705999, 64.490245109113005 ], [ 171.764310802026642, 65.237485248234989 ], [ 171.481063696953527, 65.414787284855962 ], [ 171.990010134068797, 65.671796552545402 ], [ 172.553770177937565, 66.765152520688304 ], [ 175.056022620377632, 69.706485174456333 ], [ 169.091538471264073, 68.753481352145826 ], [ 168.104266133324614, 65.679809450409323 ], [ 164.041622467285322, 60.931397849105792 ], [ 166.302353166483897, 59.339291322030149 ] ] ] } },
{ "type": "Feature", "properties": { }, "geometry": { "type": "Polygon", "coordinates": [ [ [ 10.721384728412501, 12.47162709643214 ], [ 10.582878595404646, 14.335406769997672 ], [ 9.077552632436717, 13.612569795081301 ], [ 6.323101534401078, 13.084479990348255 ], [ 4.914773763270422, 12.473808040886821 ], [ 5.393617985494402, 12.08296011882501 ], [ 6.099294112302491, 12.326973106467619 ], [ 6.488032846080113, 11.740812236295874 ], [ 7.74868723921525, 12.200213508879733 ], [ 7.933776676381905, 11.925982820783116 ], [ 10.721384728412501, 12.47162709643214 ] ] ] } },
{ "type": "Feature", "properties": { }, "geometry": { "type": "Polygon", "coordinates": [ [ [ 36.039027294186603, -3.456502316653783 ], [ 34.185903427209752, -1.616603993567901 ], [ 29.744856224569656, -2.171597182340197 ], [ 26.877735268449623, -6.879941962526587 ], [ 24.240108506274716, -9.836200558228487 ], [ 24.35434040703014, -14.199082420941625 ], [ 25.098887341368858, -14.844908581494776 ], [ 25.237816494389428, -15.95934453062552 ], [ 24.892948085340461, -17.088654346555565 ], [ 26.032149696492795, -19.927449637718862 ], [ 25.849167393620121, -21.398522630042081 ], [ 26.351276098316074, -23.168583698124802 ], [ 25.989391912841011, -24.056506004059347 ], [ 25.144084196156033, -24.513525842770996 ], [ 25.038321712419883, -25.386408234931842 ], [ 25.388668826628862, -27.212202846628561 ], [ 26.009215599335931, -27.451952339808919 ], [ 27.271764354803569, -27.620794170957002 ], [ 27.929331519044741, -27.163537563921036 ], [ 29.778138567325801, -27.56775642759477 ], [ 33.47957906680076, -27.443940146088138 ], [ 35.027660594659203, -27.901920422774857 ], [ 36.809036499859396, -26.535753453833436 ], [ 38.766844323858344, -26.93852178920865 ], [ 40.396970594352339, -26.671468924708098 ], [ 41.442604520287048, -27.230955058844291 ], [ 43.353950721953076, -24.510883902022609 ], [ 44.308462549294063, -23.817385283603368 ], [ 45.091953281146949, -22.421023203633744 ], [ 46.033539266877703, -22.092597142667643 ], [ 43.617586793390593, -21.334945360071345 ], [ 42.376375083970544, -20.433185567561868 ], [ 42.336947285257111, -19.143678256585723 ], [ 43.376312315238081, -17.601497975946749 ], [ 43.591354247645974, -16.183579516299034 ], [ 40.750562824516265, -13.475881010614707 ], [ 39.091594426448317, -10.269906766145333 ], [ 37.354775977493496, -8.917076331489719 ], [ 36.1323447198126, -5.43228348534094 ], [ 35.808126758938691, -3.759610942996686 ], [ 36.039027294186603, -3.456502316653783 ] ] ] } },
{ "type": "Feature", "properties": { }, "geometry": { "type": "Polygon", "coordinates": [ [ [ 61.044251522367418, 31.451890137384432 ], [ 59.255016112473754, 31.38142076256916 ], [ 60.227766299912851, 30.933916129099185 ], [ 58.637545622711976, 30.028709982266573 ], [ 59.352599890267392, 29.793636985584246 ], [ 57.881318977341522, 28.263124076977348 ], [ 57.954962756153137, 27.659028832923671 ], [ 57.17803452939728, 26.744896775775391 ], [ 58.652515718075307, 25.049372852488244 ], [ 59.769337371515398, 24.378709338959482 ], [ 61.505229290006085, 23.919674334913029 ], [ 64.153242689554176, 24.050521948322455 ], [ 64.927608594659645, 22.650781521562379 ], [ 65.37973853440802, 22.579982483543461 ], [ 67.362969327098298, 23.169664079395208 ], [ 68.30731049940232, 23.87548838045284 ], [ 69.389487196138091, 25.297423003579606 ], [ 66.119776664666489, 26.55127291382556 ], [ 63.193658870710024, 30.231842023813719 ], [ 61.044251522367418, 31.451890137384432 ] ] ] } },
{ "type": "Feature", "properties": { }, "geometry": { "type": "Polygon", "coordinates": [ [ [ 71.507627930642613, 29.046433601124164 ], [ 71.82082941297476, 30.661632685132485 ], [ 71.742443771069162, 34.514245732487694 ], [ 72.667513913792249, 37.146603596960624 ], [ 70.208204520228534, 34.612069955964557 ], [ 69.698310293329428, 33.135740476456405 ], [ 68.577587030282217, 32.324204116238377 ], [ 65.125127819885677, 27.923998224302764 ], [ 66.119776664666489, 26.55127291382556 ], [ 68.932779580845818, 25.344465341918777 ], [ 69.836384306115562, 25.29049902706058 ], [ 71.803386374497137, 26.927111092294734 ], [ 72.663831993083207, 26.619457271222231 ], [ 71.507627930642613, 29.046433601124164 ] ] ] } },
{ "type": "Feature", "properties": { }, "geometry": { "type": "Polygon", "coordinates": [ [ [ 11.648236607625293, 7.689073359247139 ], [ 11.714462427928366, 8.95893138588329 ], [ 9.478022180029203, 9.144436698857607 ], [ 6.925128636445857, 9.999710248835289 ], [ 8.839728972039527, 6.287964087288738 ], [ 8.300473639874767, 5.601024052508637 ], [ 10.836247238779217, 5.545950942193275 ], [ 11.7394484514359, 6.076587944727262 ], [ 12.069232296956507, 6.725016749769157 ], [ 11.648236607625293, 7.689073359247139 ] ] ] } },
{ "type": "Feature", "properties": { }, "geometry": { "type": "Polygon", "coordinates": [ [ [ 49.949260156819598, -34.786220608561479 ], [ 49.552315953661946, -34.254832254991008 ], [ 45.420918419092679, -34.488033097489343 ], [ 43.457200178702799, -34.252391724011986 ], [ 38.625598452582778, -35.87321773232236 ], [ 38.32204160937772, -36.271882678359503 ], [ 37.176864622916703, -36.033883433034802 ], [ 36.530726115716682, -36.237509202393802 ], [ 34.074701348638349, -40.573304052863698 ], [ 32.197155689852984, -42.471700855572749 ], [ 30.902537116592402, -44.84718788494407 ], [ 23.536781799730694, -49.87019768534465 ], [ 19.40530368890176, -50.366927883373869 ], [ 18.162183195271265, -51.065295682663873 ], [ 18.310982719376792, -51.554948506574682 ], [ 19.261728121837564, -51.948436241718881 ], [ 19.487921950145051, -53.037348877535798 ], [ 20.265634426444759, -53.319221026345055 ], [ 22.933817052567282, -53.308033664706151 ], [ 25.909260602927041, -53.98466927028462 ], [ 27.445625764831146, -54.711573880517705 ], [ 28.442641517399867, -53.838503585532003 ], [ 30.865529327661463, -53.817418612567373 ], [ 33.988616401178746, -52.657346467694815 ], [ 39.759772513736252, -53.878207525064489 ], [ 45.529800487601818, -54.415200014885514 ], [ 48.789780777331188, -55.467091713790573 ], [ 52.131039224886116, -55.458764869237001 ], [ 53.241697217950566, -55.865164548528917 ], [ 56.448247999905412, -54.781809695859842 ], [ 58.858219728695659, -54.792283121048598 ], [ 64.927316085700923, -54.048455304163909 ], [ 66.714932379390632, -54.232387146353581 ], [ 66.87085178921528, -53.697062798044961 ], [ 66.452023432706369, -53.239731556930288 ], [ 62.350490535947806, -53.384038414480969 ], [ 57.883993672936924, -51.746712082828353 ], [ 55.307293121590206, -50.222391656682746 ], [ 51.714682183162246, -46.749711464316896 ], [ 50.192998257371791, -41.040500346403135 ], [ 50.986447839263825, -38.809584369356656 ], [ 50.527461227841052, -37.591125691940185 ], [ 50.840640428241691, -35.514459452105889 ], [ 49.72167318901473, -34.981883449844759 ], [ 49.949260156819598, -34.786220608561479 ] ] ] } },
{ "type": "Feature", "properties": { }, "geometry": { "type": "Polygon", "coordinates": [ [ [ 92.292164394417753, 40.096022974810708 ], [ 86.200275142471668, 37.15585233821222 ], [ 87.568039900487022, 37.192509619857077 ], [ 88.484048547798366, 36.866811839108237 ], [ 88.281795279686676, 36.61663418842992 ], [ 89.205137051268309, 36.641565600532061 ], [ 92.410043553893573, 37.932221642372014 ], [ 93.759147175758187, 38.108161859732327 ], [ 94.94214445872764, 37.610229867673091 ], [ 95.870799068569525, 38.215528205953099 ], [ 96.900342392941539, 38.267518504200538 ], [ 98.009896979034721, 38.751987681592723 ], [ 100.470999074494415, 38.891896543474353 ], [ 103.671390190347765, 37.726946607662512 ], [ 104.933008220790853, 36.828486812566538 ], [ 102.947715667666074, 39.371239260288071 ], [ 100.351425579652428, 40.763284382386246 ], [ 98.762978695317798, 41.126168032326994 ], [ 92.292164394417753, 40.096022974810708 ] ] ] } },
{ "type": "Feature", "properties": { }, "geometry": { "type": "Polygon", "coordinates": [ [ [ 124.646143308909132, 36.726498590280961 ], [ 123.462794268665107, 36.566670529228695 ], [ 123.393323176024055, 35.7678443830983 ], [ 121.746815863197895, 34.576721114644236 ], [ 120.392487000953309, 32.119160863855853 ], [ 119.840063344493856, 32.195354788575052 ], [ 119.206128423027408, 29.922228099993262 ], [ 120.45666458333838, 27.940598599234704 ], [ 123.678134915036239, 28.73507012804474 ], [ 124.870572545019741, 28.636150923015926 ], [ 125.237052397646451, 29.353260595940068 ], [ 126.450136941332943, 32.788548354331617 ], [ 126.856922015508275, 35.275649351413527 ], [ 126.345970057403889, 37.493403871599689 ], [ 124.646143308909132, 36.726498590280961 ] ] ] } },
{ "type": "Feature", "properties": { }, "geometry": { "type": "Polygon", "coordinates": [ [ [ 127.593765148064691, 33.069431454036327 ], [ 126.524442849337262, 32.708496811481638 ], [ 125.946379850786045, 32.004748876139061 ], [ 125.347160736978338, 32.258661780850048 ], [ 123.24549375479495, 27.685388699557805 ], [ 124.132955433436521, 25.346760697089607 ], [ 124.308549290046912, 23.353802164450435 ], [ 125.526622305886065, 25.495454036566482 ], [ 124.887442097565426, 26.752148708829363 ], [ 126.383322191302057, 28.453926114264924 ], [ 126.491876894737899, 29.826606297782323 ], [ 127.264722896405033, 31.115789182355883 ], [ 127.593765148064691, 33.069431454036327 ] ] ] } },
{ "type": "Feature", "properties": { }, "geometry": { "type": "Polygon", "coordinates": [ [ [ 28.9907223783262, 64.35713392776681 ], [ 28.076946825649319, 63.661544983883566 ], [ 25.747849111680129, 63.184709842427928 ], [ 35.033919113771518, 60.327345670732363 ], [ 36.534866848414907, 58.798306445468171 ], [ 37.531091761243395, 58.844171831678764 ], [ 39.549186634696085, 57.706243159011684 ], [ 43.526442802805278, 56.599778706296618 ], [ 45.076451375525949, 56.562538778032113 ], [ 48.936081682745993, 54.104373805225855 ], [ 51.847542970844742, 53.322082496307651 ], [ 58.462612742970933, 52.605709367556805 ], [ 65.188107732934952, 50.387281526228897 ], [ 67.65505173837532, 50.623541392827953 ], [ 71.389563051008921, 50.295217591041229 ], [ 73.843117629563935, 50.640785981920928 ], [ 73.210228185803018, 52.965744470525856 ], [ 70.840225151809491, 52.275029808752159 ], [ 67.109999303463198, 52.020857276913446 ], [ 62.995717159596325, 53.091020079751942 ], [ 61.480683861035359, 54.639610926471846 ], [ 60.675152746085416, 56.925466404541886 ], [ 36.484894068681889, 61.395232639805897 ], [ 35.313166412548362, 62.074756203987285 ], [ 35.439979694310452, 64.313563625507342 ], [ 28.9907223783262, 64.35713392776681 ] ] ] } },
{ "type": "Feature", "properties": { }, "geometry": { "type": "Polygon", "coordinates": [ [ [ 21.636967840398672, 62.941668749107379 ], [ 19.478008654634891, 62.997694207432282 ], [ 20.17669416042143, 61.667942046843486 ], [ 19.859079138082148, 60.849457880925414 ], [ 20.61859437415162, 59.331218502805001 ], [ 24.661022092459934, 56.032577797934152 ], [ 27.173842787474928, 55.989940725811017 ], [ 28.720200983002194, 56.697873736007935 ], [ 28.732154328402824, 57.035621698825118 ], [ 26.753637371011404, 57.182106931484377 ], [ 24.860757829719233, 58.078671857730306 ], [ 22.84841687978383, 60.121726468423738 ], [ 22.264153373899642, 62.266681430872161 ], [ 21.636967840398672, 62.941668749107379 ] ] ] } },
{ "type": "Feature", "properties": { }, "geometry": { "type": "Polygon", "coordinates": [ [ [ 25.747849111680129, 63.184709842427928 ], [ 21.636967840398672, 62.941668749107379 ], [ 22.264153373899642, 62.266681430872161 ], [ 22.84841687978383, 60.121726468423738 ], [ 24.860757829719233, 58.078671857730306 ], [ 25.894329531722981, 57.457092781187946 ], [ 27.152465679114115, 57.114849282192445 ], [ 28.637408991346657, 57.193955957819021 ], [ 34.895963574611983, 58.715394749401447 ], [ 35.987112025789763, 58.553754797736197 ], [ 36.597999500545313, 58.118373565798343 ], [ 36.658896479733855, 58.815740456240192 ], [ 36.912529799720119, 58.854166690035044 ], [ 36.534866848414907, 58.798306445468171 ], [ 35.033919113771518, 60.327345670732363 ], [ 25.747849111680129, 63.184709842427928 ] ] ] } },
{ "type": "Feature", "properties": { }, "geometry": { "type": "Polygon", "coordinates": [ [ [ 19.478008654634891, 62.997694207432282 ], [ 12.092367798192566, 63.790861338422907 ], [ 9.264987555106128, 63.796768213253117 ], [ 12.981159749438781, 63.208868415590118 ], [ 15.569034946185269, 61.729583988914179 ], [ 13.940760018595078, 60.078995384282258 ], [ 10.392050017927522, 59.371812750337668 ], [ 13.335396463904233, 57.45210236367646 ], [ 14.893506135283168, 55.926744323743293 ], [ 15.240593515193522, 54.565570567623126 ], [ 11.868462483613159, 51.342886245700193 ], [ 11.51992139406585, 50.113100109786721 ], [ 19.865062245007213, 50.371785709461868 ], [ 21.057783830113131, 50.74272416060348 ], [ 24.908673033956749, 50.900956184803746 ], [ 39.039341807236632, 53.269998375372978 ], [ 38.3697011956748, 54.085074487840345 ], [ 37.221103525235499, 57.38524836695214 ], [ 36.37098767784051, 58.288090504029427 ], [ 35.363339256373351, 58.70963428948324 ], [ 28.343918555406002, 57.154396285152281 ], [ 28.732154328402824, 57.035621698825118 ], [ 28.720200983002194, 56.697873736007935 ], [ 27.887596124493083, 56.118328286612368 ], [ 24.661022092459934, 56.032577797934152 ], [ 20.61859437415162, 59.331218502805001 ], [ 19.859079138082148, 60.849457880925414 ], [ 20.17669416042143, 61.667942046843486 ], [ 19.478008654634891, 62.997694207432282 ] ] ] } },
{ "type": "Feature", "properties": { }, "geometry": { "type": "Polygon", "coordinates": [ [ [ 6.302370987843647, 59.881397478407742 ], [ 9.558232335404723, 57.419462353108301 ], [ 10.900372694183762, 54.472333826899927 ], [ 8.609002087076949, 53.28866029113513 ], [ 11.615690127881434, 51.038790740138673 ], [ 15.240593515193522, 54.565570567623126 ], [ 14.893506135283168, 55.926744323743293 ], [ 13.335396463904233, 57.45210236367646 ], [ 10.392050017927522, 59.371812750337668 ], [ 7.478666797382607, 60.781908894576929 ], [ 7.362330623230388, 61.578876244308653 ], [ 6.303260211478356, 60.287123869455954 ], [ 6.302370987843647, 59.881397478407742 ] ] ] } },
{ "type": "Feature", "properties": { }, "geometry": { "type": "Polygon", "coordinates": [ [ [ 137.706303880054065, -71.365240904531476 ], [ 137.619166846893762, -71.110886469145555 ], [ 134.682989504161242, -71.786384128872072 ], [ 135.657957067262487, -72.547268520082937 ], [ 138.15259589082703, -73.142777793887404 ], [ 139.775765323339556, -72.675368651297859 ], [ 140.348554690875602, -72.093555752676366 ], [ 137.706303880054065, -71.365240904531476 ] ] ] } },
{ "type": "Feature", "properties": { }, "geometry": { "type": "Polygon", "coordinates": [ [ [ -46.166533093341897, -48.118977790273533 ], [ -52.925491391359721, -48.1543608114481 ], [ -53.821132588930048, -54.868329761705191 ], [ -53.429399319131178, -56.239993569042731 ], [ -46.09991243589247, -55.978353044131026 ], [ -42.328173722219184, -56.46918291271016 ], [ -36.018513668549318, -53.727950642333653 ], [ -37.290120482322038, -51.462830564201269 ], [ -37.05352500865741, -50.089355745159537 ], [ -37.675310171718998, -49.275019843471213 ], [ -40.122038055313389, -49.044876774756716 ], [ -41.93372209299973, -49.238379373439031 ], [ -46.166533093341897, -48.118977790273533 ] ] ] } },
{ "type": "Feature", "properties": { }, "geometry": { "type": "Polygon", "coordinates": [ [ [ -132.023663704403162, -83.398667642164071 ], [ -119.211768181110358, -82.501620056362341 ], [ -112.247770135046693, -81.553691283537759 ], [ -109.561968512413586, -80.965915947600934 ], [ -107.562259282426311, -80.017614743342264 ], [ -101.583885935636914, -78.348780709553509 ], [ -97.865099502818836, -76.830535376359222 ], [ -99.368709424930714, -76.447262522995942 ], [ -113.533873953099175, -77.937811161523172 ], [ -121.116832071207014, -78.424310273205975 ], [ -139.187994750552377, -78.796235151520477 ], [ -132.023663704403162, -83.398667642164071 ] ] ] } },
{ "type": "Feature", "properties": { }, "geometry": { "type": "MultiPolygon", "coordinates": [ [ [ [ 179.99999999, -80.57301638792157 ], [ 164.599274736970074, -80.593342174300219 ], [ 160.10387636168349, -81.493553704968676 ], [ 153.490390336739381, -82.077538122279975 ], [ 144.239912417589892, -81.20536952012371 ], [ 137.30727059067965, -81.941124584428536 ], [ 135.40471023720022, -82.480010840675945 ], [ 129.791950188535566, -82.724280775827296 ], [ 112.689377097779271, -82.815259784647665 ], [ 89.850827353975703, -81.644515668726541 ], [ 83.75303872249647, -81.899162822432032 ], [ 80.92195530958648, -82.4868357407166 ], [ 78.881106940058004, -83.355761136571843 ], [ 77.003555474962326, -85.034026284353246 ], [ 76.292314143536842, -86.487969241221236 ], [ 73.213255791901261, -87.532202120992906 ], [ 105.849546394756942, -88.818747632368982 ], [ 179.99999999, -89.127987792319985 ], [ 179.99999999, -80.57301638792157 ] ] ], [ [ [ -179.99999999, -89.127987792319985 ], [ -125.448418305774567, -88.178589704565084 ], [ -107.881337871345877, -87.056048659123462 ], [ -127.899692946020025, -84.636430237271142 ], [ -137.237327039767507, -84.656144742680283 ], [ -140.097738970002439, -84.224798320935136 ], [ -136.859655710842503, -83.627014159981556 ], [ -132.023663704403248, -83.398667642164071 ], [ -137.060186943857559, -80.729409967979052 ], [ -153.194228818887211, -80.928598786977062 ], [ -167.37062251914179, -80.42295285185844 ], [ -179.99999999, -80.57301638792157 ], [ -179.99999999, -89.127987792319985 ] ] ] ] } },
{ "type": "Feature", "properties": { }, "geometry": { "type": "Polygon", "coordinates": [ [ [ -54.646182760354669, 5.778029818989863 ], [ -56.669046687923476, 6.057343594047207 ], [ -59.304616729868961, 6.866498738059365 ], [ -59.333014788138428, 5.182185563126191 ], [ -55.978221536559595, 4.116750760263558 ], [ -55.424565869277494, 3.539074263239564 ], [ -54.451580758596734, 4.265356571724614 ], [ -54.583154041528395, 4.786099959989719 ], [ -54.34155775602111, 5.022512720260734 ], [ -54.646182760354669, 5.778029818989863 ] ] ] } },
{ "type": "Feature", "properties": { }, "geometry": { "type": "Polygon", "coordinates": [ [ [ 118.095716365781868, 32.110479335921291 ], [ 115.396334075609147, 31.323851963202127 ], [ 119.315777342728737, 28.760723613666094 ], [ 119.182545959023187, 27.663050846222596 ], [ 119.798675117654554, 26.640086962017929 ], [ 120.536342427068647, 25.9272683366511 ], [ 121.952515048784591, 25.335757641845277 ], [ 121.673295322620746, 26.11990029426158 ], [ 121.920957317893894, 26.530189190519852 ], [ 121.248441877500696, 28.003783969229701 ], [ 119.760410641110823, 30.37338075766505 ], [ 118.095716365781868, 32.110479335921291 ] ] ] } },
{ "type": "Feature", "properties": { }, "geometry": { "type": "Polygon", "coordinates": [ [ [ 120.484166761500262, 25.972928937713146 ], [ 119.182545959023187, 27.663050846222596 ], [ 119.315777342728737, 28.760723613666094 ], [ 116.163554875823777, 31.015013065974653 ], [ 114.039581846244303, 31.501699654399584 ], [ 108.872016010739671, 31.128702306519468 ], [ 107.865599334827706, 31.979266578519187 ], [ 108.747357705148048, 29.29835812049404 ], [ 111.72947146241728, 26.231450611531351 ], [ 114.925572353089578, 26.481431564217711 ], [ 120.484166761500262, 25.972928937713146 ] ] ] } },
{ "type": "Feature", "properties": { }, "geometry": { "type": "Polygon", "coordinates": [ [ [ 112.767447629688405, 25.138776828397877 ], [ 110.034143232685949, 26.110487547342174 ], [ 111.890446838444589, 23.921037549019566 ], [ 115.336527498209136, 22.198629731039038 ], [ 112.767447629688405, 25.138776828397877 ] ] ] } },
{ "type": "Feature", "properties": { }, "geometry": { "type": "Polygon", "coordinates": [ [ [ -37.500476515431075, 67.167963011389375 ], [ -38.737717789556086, 67.817289565444227 ], [ -39.294017417746005, 66.187327754734198 ], [ -38.220503696951937, 66.59015311459558 ], [ -37.982441458369827, 66.319725172726535 ], [ -38.365167527013021, 65.852004684861527 ], [ -37.134867335402099, 64.578731454307928 ], [ -36.203755622128512, 64.493864828213731 ], [ -36.290035560896101, 64.016305905120646 ], [ -35.479345829067228, 64.533846846908844 ], [ -35.419474383808534, 64.999692971266469 ], [ -35.663742449619598, 65.563236268725646 ], [ -36.866788700268636, 65.861038666041765 ], [ -37.500476515431075, 67.167963011389375 ] ] ] } },
{ "type": "Feature", "properties": { }, "geometry": { "type": "Polygon", "coordinates": [ [ [ 129.482496953764581, 39.759361471724489 ], [ 129.382780447078147, 40.537401316671378 ], [ 129.753990225362003, 41.584081114423135 ], [ 133.794544523993665, 43.227522676418346 ], [ 134.949681110135629, 44.712109304878794 ], [ 137.083936341308117, 49.691482319675359 ], [ 136.359164925717295, 50.880681762214323 ], [ 135.020194927013279, 50.018396506294337 ], [ 126.908952683734398, 48.17485741310373 ], [ 125.666257321879115, 47.526548909204173 ], [ 124.488428594720602, 44.066875049515822 ], [ 121.995486909263548, 40.856442060691862 ], [ 121.251506232428767, 37.387529345666714 ], [ 120.687006981476088, 36.130186184305003 ], [ 119.016687145307031, 33.678090889633836 ], [ 121.189761536077341, 33.73282855737947 ], [ 124.566631892656844, 34.586473004515547 ], [ 125.823738662604754, 35.38945040941195 ], [ 127.025725985325337, 37.373996542820798 ], [ 129.169813174190324, 39.078230672876522 ], [ 129.482496953764581, 39.759361471724489 ] ] ] } },
{ "type": "Feature", "properties": { }, "geometry": { "type": "Polygon", "coordinates": [ [ [ 117.936703740584889, 32.357926283936109 ], [ 121.251506232428767, 37.387529345666714 ], [ 121.995486909263548, 40.856442060691862 ], [ 120.707496969035589, 39.695114690631236 ], [ 116.960326587945175, 33.978466565364982 ], [ 115.438554472457611, 33.054076441017159 ], [ 117.936703740584889, 32.357926283936109 ] ] ] } },
{ "type": "Feature", "properties": { }, "geometry": { "type": "Polygon", "coordinates": [ [ [ 131.23687275625872, 40.953021291071281 ], [ 130.997273206985852, 42.235392957882866 ], [ 129.753990225362003, 41.584081114423135 ], [ 129.382780447078147, 40.537401316671378 ], [ 130.231262678677126, 38.075096454740155 ], [ 130.986422294303708, 38.444845796778317 ], [ 131.23687275625872, 40.953021291071281 ] ] ] } },
{ "type": "Feature", "properties": { }, "geometry": { "type": "Polygon", "coordinates": [ [ [ 130.231262678677126, 38.075096454740155 ], [ 129.482496953764581, 39.759361471724489 ], [ 129.169813174190324, 39.078230672876522 ], [ 127.025725985325337, 37.373996542820798 ], [ 125.823738662604754, 35.38945040941195 ], [ 124.566631892656844, 34.586473004515547 ], [ 122.549337982112348, 34.009597046085716 ], [ 122.570502011029518, 32.667435380477556 ], [ 127.745841712268032, 34.815172883373116 ], [ 128.369674308578908, 36.702668933906345 ], [ 130.231262678677126, 38.075096454740155 ] ] ] } },
{ "type": "Feature", "properties": { }, "geometry": { "type": "Polygon", "coordinates": [ [ [ 119.68447305045359, 33.228748981190343 ], [ 121.284880938091007, 34.186886079005681 ], [ 117.933951142495459, 33.865554166465664 ], [ 116.933826224246886, 32.638262872620018 ], [ 119.68447305045359, 33.228748981190343 ] ] ] } },
{ "type": "Feature", "properties": { }, "geometry": { "type": "Polygon", "coordinates": [ [ [ 119.993562455796265, -37.96557411172315 ], [ 115.195839640543255, -37.331805825125294 ], [ 114.294167200086321, -37.789315226985117 ], [ 113.740242668617981, -38.722421419601901 ], [ 114.378997207905869, -39.474391035025853 ], [ 115.674334178511245, -39.930726765151832 ], [ 116.48059174908424, -41.36818871428116 ], [ 115.77404728719543, -41.895050760929337 ], [ 115.921425444150643, -42.244178126564783 ], [ 117.236023519400362, -42.665643191113098 ], [ 117.514826572562583, -43.132865700978421 ], [ 123.264815150216251, -44.715090877897389 ], [ 126.942377657018994, -44.708529947481431 ], [ 129.874504100175216, -44.181649489278463 ], [ 129.505982866268681, -42.876298651900832 ], [ 128.644523800061961, -42.213434202114719 ], [ 128.599946198713695, -41.59875097620538 ], [ 127.443529707028318, -40.705388193197784 ], [ 122.940370830113224, -39.311324728829099 ], [ 119.993562455796265, -37.96557411172315 ] ] ] } },
{ "type": "Feature", "properties": { }, "geometry": { "type": "Polygon", "coordinates": [ [ [ 12.932723630195699, 14.656795855999853 ], [ 12.761648090115232, 15.470505731705561 ], [ 10.639143870147118, 15.463263326254372 ], [ 9.32178039350306, 14.294669759524309 ], [ 10.171927330471675, 13.327565142573834 ], [ 11.162544102178662, 12.911521649711968 ], [ 11.717533396813069, 13.949523286769725 ], [ 12.932723630195699, 14.656795855999853 ] ] ] } },
{ "type": "Feature", "properties": { }, "geometry": { "type": "Polygon", "coordinates": [ [ [ 11.652002043762137, 13.635703365783494 ], [ 12.935035443005319, 13.06518232383393 ], [ 13.361206514231927, 15.635281924568543 ], [ 12.613448958429672, 16.35359236873343 ], [ 12.412681540878065, 15.801415177390862 ], [ 11.885510586003669, 15.767887970948788 ], [ 11.891686092435728, 16.42800009038768 ], [ 12.213393078351505, 16.694419198345056 ], [ 11.723536149772919, 17.117932427243176 ], [ 11.394764195839898, 16.222777991658756 ], [ 11.533281660640542, 15.292326681364509 ], [ 10.925195912273171, 15.062127477953325 ], [ 11.652002043762137, 13.635703365783494 ] ] ] } },
{ "type": "Feature", "properties": { }, "geometry": { "type": "Polygon", "coordinates": [ [ [ 20.315499266830159, 8.495410000351319 ], [ 21.000498473871559, 6.562280615393592 ], [ 22.573077361481129, 4.786146678297315 ], [ 23.650526900317878, 5.350395634456811 ], [ 21.773906017899964, 7.300047002050269 ], [ 21.544853104541897, 8.264021475454131 ], [ 20.315499266830159, 8.495410000351319 ] ] ] } },
{ "type": "Feature", "properties": { }, "geometry": { "type": "Polygon", "coordinates": [ [ [ 24.039228343828508, 5.177067925749236 ], [ 23.873616805738454, 5.554750526459774 ], [ 22.626800919595038, 4.965622817340618 ], [ 23.922440082218717, 3.003649793206448 ], [ 24.921520473905161, 2.469402265540767 ], [ 25.206851281834769, 3.173799885245834 ], [ 27.178029692620932, 3.129102633521361 ], [ 26.877250173938609, 4.684920909735366 ], [ 26.38320434429011, 4.080943469792216 ], [ 24.039228343828508, 5.177067925749236 ] ] ] } },
{ "type": "Feature", "properties": { }, "geometry": { "type": "Polygon", "coordinates": [ [ [ 22.988951715910826, 4.368867293057066 ], [ 24.566584337252273, 2.570566037700194 ], [ 24.992606561141219, 3.136974130411113 ], [ 23.705135456385786, 4.628923132666958 ], [ 23.152566227611615, 4.553060085584027 ], [ 22.988951715910826, 4.368867293057066 ] ] ] } },
{ "type": "Feature", "properties": { }, "geometry": { "type": "Polygon", "coordinates": [ [ [ 30.455657819197803, 3.727595219849438 ], [ 27.16160971531124, 4.959503815447485 ], [ 25.811044967038271, 4.45672079310507 ], [ 24.519694715218133, 4.499510073344053 ], [ 23.100245817441852, 1.66857924666884 ], [ 23.989732411328241, 1.226735779772179 ], [ 25.378267830852572, 1.173609293495269 ], [ 26.287670284280804, 2.133670997009742 ], [ 26.989281840003898, 1.46155045708196 ], [ 27.880500579397225, 1.287707503006343 ], [ 28.242671873291524, -0.139133139066932 ], [ 29.607540276226171, -0.482427442111918 ], [ 32.662615001880532, 0.440466597927059 ], [ 35.699417036073442, 0.892840010001984 ], [ 34.79228149181337, 1.777870995810392 ], [ 32.190612397895705, 1.68652436013936 ], [ 31.386641835977038, 2.020550521501674 ], [ 30.564474879887261, 2.866588430615119 ], [ 30.455657819197803, 3.727595219849438 ] ] ] } },
{ "type": "Feature", "properties": { }, "geometry": { "type": "Polygon", "coordinates": [ [ [ 35.841520518225522, 2.972577365560264 ], [ 33.932485732569994, 4.623050793082392 ], [ 31.370513267354042, 4.603916864982332 ], [ 31.542171627342331, 3.753137897799477 ], [ 32.424522531768147, 2.969146260571648 ], [ 33.251191955688689, 2.694280907189005 ], [ 35.841520518225522, 2.972577365560264 ] ] ] } },
{ "type": "Feature", "properties": { }, "geometry": { "type": "Polygon", "coordinates": [ [ [ 47.39669221523112, 30.29119919684226 ], [ 45.517894444093194, 29.818625695899236 ], [ 44.434597004883507, 28.968044671294226 ], [ 42.485565116538105, 28.182674462690027 ], [ 37.821378397251962, 26.889359886534908 ], [ 41.979170033257589, 26.325782717865778 ], [ 43.442833281500839, 26.652326769783393 ], [ 48.311302612116059, 26.822667496231926 ], [ 51.577305202208763, 28.940541580300891 ], [ 47.39669221523112, 30.29119919684226 ] ] ] } },
{ "type": "Feature", "properties": { }, "geometry": { "type": "Polygon", "coordinates": [ [ [ 47.553050135056395, 30.77321373839462 ], [ 39.807493577918152, 30.456944458520923 ], [ 37.713684549316447, 28.518718346296055 ], [ 33.653136736826077, 27.672015210465567 ], [ 37.821378397251962, 26.889359886534908 ], [ 42.485565116538105, 28.182674462690027 ], [ 44.434597004883507, 28.968044671294226 ], [ 45.517894444093194, 29.818625695899236 ], [ 47.390402456040974, 30.272023490528127 ], [ 47.553050135056395, 30.77321373839462 ] ] ] } },
{ "type": "Feature", "properties": { }, "geometry": { "type": "Polygon", "coordinates": [ [ [ 41.182011594593853, 26.473394106853103 ], [ 39.620793130152045, 26.149961498840884 ], [ 37.069870735661837, 24.517447196731389 ], [ 34.595128212841161, 23.983195933926993 ], [ 32.387077753602469, 22.176465870865496 ], [ 34.425899874341759, 20.211835488977808 ], [ 34.392350461114127, 20.649385053258214 ], [ 35.309040672610749, 21.612798827730611 ], [ 35.82388137065233, 22.968381679048125 ], [ 39.346511064099111, 24.784931802144534 ], [ 41.182011594593853, 26.473394106853103 ] ] ] } },
{ "type": "Feature", "properties": { }, "geometry": { "type": "Polygon", "coordinates": [ [ [ 37.797777368440926, 26.892726581741169 ], [ 33.66439057302761, 25.807792507993945 ], [ 33.58334197037567, 25.218803491371062 ], [ 35.615436757358367, 24.289281983536526 ], [ 37.069870735661837, 24.517447196731389 ], [ 39.620793130152045, 26.149961498840884 ], [ 40.847663830291189, 26.462097789086862 ], [ 37.797777368440926, 26.892726581741169 ] ] ] } },
{ "type": "Feature", "properties": { }, "geometry": { "type": "Polygon", "coordinates": [ [ [ 8.682654234748243, 53.323791705552395 ], [ 2.584291773413122, 56.796812211422676 ], [ 2.295083983857051, 56.520093959669474 ], [ 2.773730928093014, 54.75283198136416 ], [ 8.636185775929023, 52.537735448428272 ], [ 10.04271524766143, 50.983033616678853 ], [ 10.152694017351946, 50.09691895467585 ], [ 11.460460853200674, 49.097216462957746 ], [ 11.615690127881434, 51.038790740138673 ], [ 8.682654234748243, 53.323791705552395 ] ] ] } },
{ "type": "Feature", "properties": { }, "geometry": { "type": "Polygon", "coordinates": [ [ [ 64.980687100089682, 22.725056272801137 ], [ 64.153242689554176, 24.050521948322455 ], [ 61.505229290006085, 23.919674334913029 ], [ 59.769337371515398, 24.378709338959482 ], [ 58.652515718075307, 25.049372852488244 ], [ 57.17803452939728, 26.744896775775391 ], [ 52.049252813993427, 27.030110941493636 ], [ 50.26550234929006, 28.068729801813593 ], [ 48.255791233071484, 26.722605532773361 ], [ 50.024000289356522, 25.577270568101756 ], [ 53.745069658560681, 24.089972656235958 ], [ 56.119119444938306, 24.3654364265483 ], [ 59.828987622008135, 23.187115945812145 ], [ 64.376765824777081, 23.008183270299899 ], [ 64.980687100089682, 22.725056272801137 ] ] ] } },
{ "type": "Feature", "properties": { }, "geometry": { "type": "Polygon", "coordinates": [ [ [ 54.835879177964465, 28.321065697356623 ], [ 52.673802797542493, 28.238405215309456 ], [ 51.577305202208763, 28.940541580300891 ], [ 50.26550234929006, 28.068729801813593 ], [ 52.049252813993427, 27.030110941493636 ], [ 57.17803452939728, 26.744896775775391 ], [ 57.954962756153137, 27.659028832923671 ], [ 57.881318977341522, 28.263124076977348 ], [ 59.352599890267392, 29.793636985584246 ], [ 58.637545622711976, 30.028709982266573 ], [ 60.227766299912851, 30.933916129099185 ], [ 59.255016112473754, 31.38142076256916 ], [ 58.75799532218371, 31.215734438138696 ], [ 54.835879177964465, 28.321065697356623 ] ] ] } },
{ "type": "Feature", "properties": { }, "geometry": { "type": "Polygon", "coordinates": [ [ [ 5.7750743212223, 35.741883835776633 ], [ 6.61454771687174, 36.686208676179717 ], [ 2.166258534286666, 36.608825554020008 ], [ 1.041025641600661, 35.87322078857067 ], [ 0.474312546870722, 35.053133063670465 ], [ -1.600177857260241, 34.244908991447097 ], [ -4.996466558118478, 29.731999535004963 ], [ -3.920652246639803, 27.414573790542857 ], [ -3.024178092894081, 26.78512000720913 ], [ -2.16445493717573, 27.01988997840192 ], [ -1.29510949028039, 26.686811932830228 ], [ 0.663863825720101, 24.258994229618217 ], [ 2.506138593586815, 26.226344815160289 ], [ 2.133928844623646, 28.613485788165089 ], [ 2.296292034939772, 29.269836370668532 ], [ 3.109479516588761, 30.138608326593133 ], [ 2.587744132767604, 33.310281589445182 ], [ 4.186598273489081, 34.965419048997475 ], [ 5.7750743212223, 35.741883835776633 ] ] ] } },
{ "type": "Feature", "properties": { }, "geometry": { "type": "Polygon", "coordinates": [ [ [ 66.900450864454086, -53.266758399080317 ], [ 66.714932379390632, -54.232387146353581 ], [ 67.33466755965199, -54.752634767369358 ], [ 67.932928093899292, -53.467008459196691 ], [ 67.239093150245765, -51.863690645016909 ], [ 64.622192047980519, -51.646124049432579 ], [ 58.331763818324774, -48.915896551351622 ], [ 55.146053342062395, -46.22355266119348 ], [ 53.687446727002452, -43.423247042711488 ], [ 53.840537349764901, -38.632270245414709 ], [ 52.757922066067174, -37.143984615791446 ], [ 53.483430068055, -36.44915787541413 ], [ 52.10252952342038, -36.004353577081133 ], [ 52.293673487468276, -35.445499630812179 ], [ 52.065353142197033, -35.261596278339603 ], [ 51.426356543947492, -35.33715080616274 ], [ 49.940200042300539, -34.520683522216103 ], [ 49.94979133470131, -34.786497362311792 ], [ 50.891381353708432, -35.293690374033638 ], [ 51.021730020176072, -36.204510322700379 ], [ 51.679409339093418, -35.924931684864134 ], [ 51.875379144696602, -36.112636031163063 ], [ 51.29820433833968, -37.666848646679604 ], [ 51.58595901769614, -38.65487460097728 ], [ 51.048034691443867, -40.691751412956251 ], [ 51.240805639584387, -41.333544054953322 ], [ 50.634770042883183, -42.16227506026538 ], [ 50.716150436319438, -43.105033491878665 ], [ 53.069706231911759, -47.055235930634218 ], [ 53.648900106885918, -47.503698725186069 ], [ 54.15701763030674, -49.071764985666242 ], [ 57.804914920191891, -51.526231238431478 ], [ 63.272084651436344, -53.107429999628295 ], [ 64.443566106333847, -52.990123728839961 ], [ 65.717392309476907, -52.350128224028623 ], [ 66.900450864454086, -53.266758399080317 ] ] ] } },
{ "type": "Feature", "properties": { }, "geometry": { "type": "Polygon", "coordinates": [ [ [ 20.961996640363786, 27.377542759510149 ], [ 19.238360249676667, 27.986520320688435 ], [ 15.780010906384826, 25.905503204068971 ], [ 13.910151097963741, 25.566109059212479 ], [ 16.688060910342656, 23.995411909134056 ], [ 18.954700960055931, 25.901476041605346 ], [ 20.51081817666411, 26.414867595888833 ], [ 22.367786514221109, 27.449574337306483 ], [ 20.961996640363786, 27.377542759510149 ] ] ] } },
{ "type": "Feature", "properties": { }, "geometry": { "type": "Polygon", "coordinates": [ [ [ 13.066946681707616, 26.083624048055011 ], [ 11.746389506470734, 26.158820971556999 ], [ 10.977412253071279, 26.565161635830815 ], [ 9.66781904879015, 26.308408689884331 ], [ 4.634098354101262, 24.254288390674404 ], [ 3.570493997221368, 23.445345403572698 ], [ 3.003522452513109, 22.478116913580561 ], [ 3.675766443703539, 22.092088910817466 ], [ 7.431266678860235, 21.332089945854989 ], [ 7.897511610234525, 20.740244187423546 ], [ 7.669952993293235, 20.257457349566728 ], [ 8.32192331468921, 20.467794891132502 ], [ 12.258625012105297, 19.532621921245767 ], [ 15.031102646490785, 19.882809018400064 ], [ 16.460591080553495, 19.135436859528717 ], [ 16.780466197175866, 19.414402761006574 ], [ 16.54208393099541, 20.07530052804972 ], [ 16.809416201268853, 20.576735920064522 ], [ 17.365251119092562, 20.399937625268397 ], [ 18.108184868380317, 21.258005937823544 ], [ 17.02612065473242, 21.253008812741786 ], [ 17.169245557117534, 21.725410066092941 ], [ 16.526967068289078, 21.219214923337194 ], [ 16.12783387541981, 22.352689743277356 ], [ 16.688060910342656, 23.995411909134056 ], [ 13.066946681707616, 26.083624048055011 ] ] ] } },
{ "type": "Feature", "properties": { }, "geometry": { "type": "Polygon", "coordinates": [ [ [ 22.896171678621752, 28.967449341465599 ], [ 22.228130003835432, 29.64950047143607 ], [ 20.903980415913956, 29.846182660417973 ], [ 19.238360249676667, 27.986520320688435 ], [ 19.936993476521874, 27.532311123536203 ], [ 22.210423226586478, 27.374993159536828 ], [ 22.896171678621752, 28.967449341465599 ] ] ] } },
{ "type": "Feature", "properties": { }, "geometry": { "type": "Polygon", "coordinates": [ [ [ -21.658581369890392, -39.777749977630798 ], [ -23.37303546346913, -38.730471556024099 ], [ -33.141501189528242, -36.021124040907154 ], [ -40.523851595851973, -33.090945270691392 ], [ -43.116486466432967, -43.503092161501243 ], [ -41.620843657690138, -44.151217459634296 ], [ -41.442801462908854, -43.494918950154663 ], [ -37.475789403968548, -44.306288067727927 ], [ -30.094461058124043, -47.817597925073578 ], [ -29.6895837843363, -48.327591698582417 ], [ -28.802817278450121, -47.349436664264459 ], [ -28.811937972569012, -46.362160973783119 ], [ -27.591096218091717, -45.703508913897316 ], [ -27.097665839154825, -44.769346131172369 ], [ -25.987677760486818, -43.969312534441698 ], [ -24.702535413605666, -41.954955577630038 ], [ -23.186561726679631, -40.944329006412815 ], [ -22.283822807692314, -40.781487298544455 ], [ -21.658581369890392, -39.777749977630798 ] ] ] } },
{ "type": "Feature", "properties": { }, "geometry": { "type": "Polygon", "coordinates": [ [ [ 4.252916639774514, 11.755535907127742 ], [ 4.238513162852079, 12.062721555151496 ], [ 3.476044315855321, 12.418127081015328 ], [ 1.385170846596559, 12.737039533872679 ], [ 0.651091210601887, 12.522357119831312 ], [ 4.664135636023967, 10.621773543419758 ], [ 5.359738075116652, 10.571733823491979 ], [ 6.485876275807673, 9.497851822576946 ], [ 6.904382918256701, 9.488041950754784 ], [ 6.45287017248879, 10.297101113510212 ], [ 4.252916639774514, 11.755535907127742 ] ] ] } },
{ "type": "Feature", "properties": { }, "geometry": { "type": "Polygon", "coordinates": [ [ [ -1.684003712210054, 15.534749071843557 ], [ -2.83348015251952, 16.0922960277247 ], [ -2.21358814389939, 15.221582112204779 ], [ -2.742839857186715, 14.688183474386612 ], [ -4.249355759416187, 15.762559862614829 ], [ -5.026798755333585, 15.636829338709376 ], [ -1.660940381008304, 12.909431259498296 ], [ -0.243834203036032, 12.892482390896101 ], [ 0.649883864680463, 12.520310945799983 ], [ 0.771494357918968, 12.726121211697931 ], [ 0.109135565544496, 13.386862818609876 ], [ -0.921735951585121, 13.459447974931885 ], [ -1.646084089687225, 13.971282811338485 ], [ -1.684003712210054, 15.534749071843557 ] ] ] } },
{ "type": "Feature", "properties": { }, "geometry": { "type": "Polygon", "coordinates": [ [ [ -58.589665131073637, 25.180299426254656 ], [ -60.255740668719753, 30.399853700442478 ], [ -59.69971685446253, 27.088100089138507 ], [ -59.880406154540651, 26.376394929289479 ], [ -58.589665131073637, 25.180299426254656 ] ] ] } },
{ "type": "Feature", "properties": { }, "geometry": { "type": "Polygon", "coordinates": [ [ [ 43.423527375419312, 34.526421032829674 ], [ 46.093694416673642, 34.38785791648727 ], [ 48.127329415135314, 34.922146969757357 ], [ 48.338804524975536, 35.606866449117298 ], [ 43.423527375419312, 34.526421032829674 ] ] ] } },
{ "type": "Feature", "properties": { }, "geometry": { "type": "Polygon", "coordinates": [ [ [ 22.399467509237098, 31.029463495040403 ], [ 20.595318945766699, 30.864020796380288 ], [ 19.505209412150712, 30.362918796767662 ], [ 15.837413524863937, 26.749197550832623 ], [ 13.066946681707616, 26.083624048055011 ], [ 13.910151097963741, 25.566109059212479 ], [ 15.069276659016586, 25.631422085971092 ], [ 17.122022815542298, 26.544742591249914 ], [ 18.956884540800335, 27.700223798937341 ], [ 20.903980415913956, 29.846182660417973 ], [ 22.228130003835432, 29.64950047143607 ], [ 22.896171678621752, 28.967449341465599 ], [ 22.862298199548352, 30.049432447695253 ], [ 22.399467509237098, 31.029463495040403 ] ] ] } },
{ "type": "Feature", "properties": { }, "geometry": { "type": "Polygon", "coordinates": [ [ [ -18.815961763194323, 64.919218061853783 ], [ -17.861657823073365, 64.799964431971148 ], [ -17.663406955621383, 66.586161909692876 ], [ -20.719408996197114, 67.751612372601372 ], [ -21.013077327874043, 68.278782706219502 ], [ -18.38078685280307, 68.8960924399139 ], [ -23.580219285133918, 69.253173892164227 ], [ -26.322842496841428, 66.941398068213289 ], [ -31.12950526600849, 64.457271242311151 ], [ -30.908259268090152, 62.845008123464083 ], [ -33.976948820552686, 60.015604823360739 ], [ -30.695479464529829, 59.465305357102658 ], [ -29.304840348335386, 61.251028843681389 ], [ -26.510189377595484, 63.645080671883356 ], [ -18.815961763194323, 64.919218061853783 ] ] ] } },
{ "type": "Feature", "properties": { }, "geometry": { "type": "Polygon", "coordinates": [ [ [ -43.379192040102353, 58.191378260654226 ], [ -41.585490321280453, 60.124350316010805 ], [ -39.09645097886122, 61.064989695393052 ], [ -38.628043568534153, 61.818936432042221 ], [ -40.395848267555039, 61.604472199199805 ], [ -41.36822930477841, 61.818105992145242 ], [ -43.42692474134784, 62.736329269000706 ], [ -45.935007831673268, 64.717848406081217 ], [ -45.907772206703058, 64.350371366944984 ], [ -47.004812605757898, 64.122213211203075 ], [ -49.541251157549176, 64.988378529168571 ], [ -48.502592074015432, 64.088365595188279 ], [ -47.827598791854392, 62.39042681007686 ], [ -47.447797672383047, 62.231352013212458 ], [ -47.566194581948054, 61.008592691003315 ], [ -44.072971066354427, 59.01903288702951 ], [ -43.379192040102353, 58.191378260654226 ] ] ] } },
{ "type": "Feature", "properties": { }, "geometry": { "type": "Polygon", "coordinates": [ [ [ -52.92772449300989, 30.511601336064302 ], [ -49.336615467133399, 33.67637331308039 ], [ -49.778871193469023, 34.580565283211172 ], [ -52.901404486539008, 34.454576326192182 ], [ -54.779483598936672, 34.856454454234687 ], [ -57.833550256195579, 36.143986449678287 ], [ -59.351557930039995, 37.331530751477381 ], [ -61.026547590693056, 36.634870005408892 ], [ -61.175913816152224, 36.231643580357208 ], [ -59.979234285307811, 34.7249706093207 ], [ -59.89200259358681, 31.055577237111134 ], [ -60.609661297825326, 29.577134717898801 ], [ -59.410145393815434, 29.617316459758868 ], [ -57.890168797510505, 28.84690408506107 ], [ -57.217115143811846, 27.048669943063977 ], [ -56.571090775560407, 26.453275622937099 ], [ -56.492387772600914, 27.510418557214962 ], [ -54.843045471180602, 29.816366846857921 ], [ -52.92772449300989, 30.511601336064302 ] ] ] } },
{ "type": "Feature", "properties": { }, "geometry": { "type": "Polygon", "coordinates": [ [ [ -50.381189911874579, 35.45857406290046 ], [ -49.148743125913455, 32.796488554690903 ], [ -48.204614210615148, 32.268379299415201 ], [ -48.698600136226865, 34.923100388871532 ], [ -48.342285664249587, 36.900637532574741 ], [ -50.229730572797735, 36.117793969563564 ], [ -50.381189911874579, 35.45857406290046 ] ] ] } },
{ "type": "Feature", "properties": { }, "geometry": { "type": "Polygon", "coordinates": [ [ [ -55.739923306119607, 25.506881221549854 ], [ -57.217115143811846, 27.048669943063977 ], [ -57.890168797510505, 28.84690408506107 ], [ -59.766892414823616, 29.700861105089075 ], [ -60.879735493235067, 29.502526906872266 ], [ -59.448862029529458, 27.3307916670392 ], [ -59.440575771513039, 24.653768494635575 ], [ -58.127789692077258, 23.976880059858242 ], [ -57.239383379434251, 21.580928795844297 ], [ -52.750488741846574, 15.273049702243936 ], [ -52.787540468264289, 16.555626222057889 ], [ -51.738637635883833, 19.504285979828239 ], [ -51.712146307731565, 20.479559323556725 ], [ -53.04919137840303, 22.656185705701951 ], [ -55.213690948315204, 23.905816708541877 ], [ -55.739923306119607, 25.506881221549854 ] ] ] } },
{ "type": "Feature", "properties": { }, "geometry": { "type": "Polygon", "coordinates": [ [ [ -49.148743125913455, 32.796488554690903 ], [ -49.336615467133399, 33.67637331308039 ], [ -52.688927755357682, 30.674063079092456 ], [ -54.843045471180602, 29.816366846857921 ], [ -56.492387772600914, 27.510418557214962 ], [ -56.648613518294297, 26.65632790261364 ], [ -55.739923306119607, 25.506881221549854 ], [ -55.213690948315204, 23.905816708541877 ], [ -53.04919137840303, 22.656185705701951 ], [ -52.394199790980615, 24.141543921625725 ], [ -48.93117715835097, 26.683968718196443 ], [ -48.162434617124624, 31.746875718685768 ], [ -48.204614210615148, 32.268379299415201 ], [ -49.148743125913455, 32.796488554690903 ] ] ] } },
{ "type": "Feature", "properties": { }, "geometry": { "type": "Polygon", "coordinates": [ [ [ -60.01317239607517, 30.523610524188143 ], [ -59.979234285307811, 34.7249706093207 ], [ -61.175913816152224, 36.231643580357208 ], [ -61.026547590693056, 36.634870005408892 ], [ -59.351557930039995, 37.331530751477381 ], [ -61.297399022935693, 38.828170234632665 ], [ -62.515811774840742, 36.917346386565725 ], [ -62.614438702244477, 34.408507504445993 ], [ -61.414958680254131, 30.15719985683042 ], [ -60.879735493235067, 29.502526906872266 ], [ -60.01317239607517, 30.523610524188143 ] ] ] } },
{ "type": "Feature", "properties": { }, "geometry": { "type": "Polygon", "coordinates": [ [ [ -46.283220570554718, 68.997737992611249 ], [ -43.520456179440728, 67.44777136620678 ], [ -40.758562358695002, 66.582478900047249 ], [ -42.613264943395123, 68.008547310375434 ], [ -46.283220570554718, 68.997737992611249 ] ] ] } },
{ "type": "Feature", "properties": { }, "geometry": { "type": "Polygon", "coordinates": [ [ [ -169.350781407715402, -80.071822591210903 ], [ -171.125592881567968, -79.91614514521865 ], [ -176.806693836149719, -80.060837728096956 ], [ -170.92048933614376, -80.548050024341279 ], [ -169.350781407715402, -80.071822591210903 ] ] ] } },
{ "type": "Feature", "properties": { }, "geometry": { "type": "Polygon", "coordinates": [ [ [ -55.200116405440319, -13.459334393404363 ], [ -54.276904008087556, -12.131390314767337 ], [ -52.948368502533306, -9.735218667102455 ], [ -55.16591177699781, -11.482480596995146 ], [ -55.200116405440319, -13.459334393404363 ] ] ] } },
{ "type": "Feature", "properties": { }, "geometry": { "type": "Polygon", "coordinates": [ [ [ -38.220503696951937, 66.59015311459558 ], [ -39.320862500086385, 66.141637219360476 ], [ -39.032612755891996, 64.42986845573941 ], [ -37.915928146341656, 65.312034218121681 ], [ -38.365167527013021, 65.852004684861527 ], [ -37.982441458369827, 66.319725172726535 ], [ -38.220503696951937, 66.59015311459558 ] ] ] } },
{ "type": "Feature", "properties": { }, "geometry": { "type": "Polygon", "coordinates": [ [ [ 103.959287035364198, 32.17059998556158 ], [ 101.33754476605074, 34.009000545074862 ], [ 105.210727804464796, 30.514652580809933 ], [ 106.609443506581144, 27.572053801301088 ], [ 107.247120897136, 27.010779569314039 ], [ 110.050232951725221, 26.090273707476985 ], [ 108.380243547274276, 27.576740924568504 ], [ 108.02709406615844, 28.949216524275585 ], [ 106.727394685580251, 30.794368348210945 ], [ 105.743748399913102, 31.607859237398124 ], [ 103.959287035364198, 32.17059998556158 ] ] ] } },
{ "type": "Feature", "properties": { }, "geometry": { "type": "Polygon", "coordinates": [ [ [ 112.239491636214026, 25.359984830232964 ], [ 106.985388944585154, 25.685313599931543 ], [ 105.529086897526113, 26.302266917570265 ], [ 113.700418974529384, 18.700440620010813 ], [ 113.574799285096134, 16.989839573602328 ], [ 115.2535534139719, 17.98566368316509 ], [ 114.315297913659222, 19.292063851881299 ], [ 114.335795807344041, 20.329496764428711 ], [ 113.603889047557061, 22.699900220587718 ], [ 112.239491636214026, 25.359984830232964 ] ] ] } },
{ "type": "Feature", "properties": { }, "geometry": { "type": "Polygon", "coordinates": [ [ [ 114.629841550855275, 33.487311071027811 ], [ 107.94999201835131, 33.942081413257689 ], [ 109.381999161121669, 32.780985971022417 ], [ 117.956375812806868, 32.465383030374987 ], [ 114.629841550855275, 33.487311071027811 ] ] ] } },
{ "type": "Feature", "properties": { }, "geometry": { "type": "Polygon", "coordinates": [ [ [ -31.138897520675688, 68.685748212353161 ], [ -33.933753476532864, 66.829574675515971 ], [ -34.952412940629358, 64.067633968551092 ], [ -35.983961961697865, 63.772172118783786 ], [ -34.761668124207219, 63.142374269051416 ], [ -34.148195203604679, 63.163394892069519 ], [ -33.809975697319537, 63.532913633052956 ], [ -33.91401936890567, 65.219017933714767 ], [ -32.676383388017172, 66.746940640347887 ], [ -30.259460766737174, 67.984473726637319 ], [ -31.138897520675688, 68.685748212353161 ] ] ] } },
{ "type": "Feature", "properties": { }, "geometry": { "type": "Polygon", "coordinates": [ [ [ -0.027531192528343, 25.90821315014524 ], [ -1.905735044312108, 26.653176528671466 ], [ -5.942588836424683, 25.560260569597357 ], [ -8.737510022688136, 24.431618125927081 ], [ -14.352241000545403, 24.509674532795657 ], [ -20.713522785569818, 21.660467082648161 ], [ -21.8856727027507, 20.051167708051153 ], [ -22.339077916465399, 18.694338889177232 ], [ -19.287981396753189, 18.522223866249224 ], [ -18.262129582460915, 18.01847294162831 ], [ -15.480021983054623, 19.631081700838727 ], [ -12.546226179692889, 18.666805108861034 ], [ -10.541741501370067, 20.005489933285791 ], [ -8.102198929424009, 20.308313507106185 ], [ -6.492289609071948, 19.466818583212884 ], [ -4.178495066015304, 17.547876155933508 ], [ -3.398109719434716, 17.564833249654814 ], [ -2.552678758656419, 16.850034175059559 ], [ -1.065704376201758, 18.368642704458814 ], [ -0.870415888434764, 19.274024076753705 ], [ 1.458182307876927, 20.725199798071369 ], [ 2.071391900693283, 21.913616285086562 ], [ 1.852511513668745, 23.889528528681645 ], [ -0.027531192528343, 25.90821315014524 ] ] ] } },
{ "type": "Feature", "properties": { }, "geometry": { "type": "Polygon", "coordinates": [ [ [ 137.058020776865305, 71.928714398172701 ], [ 137.63785278118749, 72.268649859648278 ], [ 143.190990937991728, 73.530754694997384 ], [ 141.332274419060013, 74.649807942209748 ], [ 137.29342504063888, 73.062419270890999 ], [ 136.979190552038858, 72.566943076492421 ], [ 137.058020776865305, 71.928714398172701 ] ] ] } },
{ "type": "Feature", "properties": { }, "geometry": { "type": "Polygon", "coordinates": [ [ [ 163.127583233363509, 57.496237750179844 ], [ 166.302353166483897, 59.339291322030149 ], [ 162.90506507075699, 61.80453299102259 ], [ 161.66405847686093, 59.128788455988136 ], [ 161.479824949352604, 57.221630796791906 ], [ 163.127583233363509, 57.496237750179844 ] ] ] } },
{ "type": "Feature", "properties": { }, "geometry": { "type": "Polygon", "coordinates": [ [ [ 128.572349535072163, -48.49653362125153 ], [ 128.5724633289895, -46.168218704829734 ], [ 125.327125978342082, -46.156612689347519 ], [ 125.17311434738906, -46.682235100893571 ], [ 124.442804398540048, -46.99704667034559 ], [ 124.540771594868943, -47.394675957117087 ], [ 123.320615945088491, -48.113651340556672 ], [ 123.057699039882849, -49.301786482970222 ], [ 123.865684637324236, -49.74105166619092 ], [ 126.420087233725468, -49.462019090104569 ], [ 127.373312626054513, -48.335886898572824 ], [ 128.572349535072163, -48.49653362125153 ] ] ] } },
{ "type": "Feature", "properties": { }, "geometry": { "type": "Polygon", "coordinates": [ [ [ 146.247940296406853, -53.451896711067 ], [ 146.355669059715694, -53.023863238329824 ], [ 144.819090852674066, -53.592193844670241 ], [ 142.088746137593319, -53.919396744694055 ], [ 141.874083884418013, -54.574206515577991 ], [ 142.059196711588527, -55.46956490056678 ], [ 142.62730210033078, -55.984272709285591 ], [ 142.658007605710793, -57.880164737369391 ], [ 144.339498999479929, -57.722194527741117 ], [ 147.06821611663193, -56.804486243415212 ], [ 144.859755790137257, -54.609014889896393 ], [ 146.247940296406853, -53.451896711067 ] ] ] } },
{ "type": "Feature", "properties": { }, "geometry": { "type": "Polygon", "coordinates": [ [ [ 135.105019340262999, -74.408308976093636 ], [ 134.402941699653041, -74.416386714333171 ], [ 109.3069933391033, -73.569443081892928 ], [ 113.655333848242378, -76.103327613723806 ], [ 116.337164534764241, -77.20820756059301 ], [ 120.798148701060512, -78.814657646903939 ], [ 124.420950402297436, -79.187590659418191 ], [ 129.166757215051433, -79.306915785886048 ], [ 131.45992421542158, -78.905985869117146 ], [ 134.557236624324162, -77.021983606058924 ], [ 134.580142245103275, -75.596214846753668 ], [ 135.105019340262999, -74.408308976093636 ] ] ] } },
{ "type": "Feature", "properties": { }, "geometry": { "type": "Polygon", "coordinates": [ [ [ 110.952363517892294, -71.957803918075555 ], [ 107.654688281063329, -69.943632504380247 ], [ 108.232588433701665, -71.178205665972229 ], [ 107.415312634279005, -74.346713551237286 ], [ 107.615336368222074, -75.759193857716468 ], [ 108.488523929402319, -76.387552360471147 ], [ 110.205663734334351, -75.795615333167561 ], [ 111.442416669731458, -74.165966841614875 ], [ 111.589502937529289, -73.017048249697552 ], [ 110.952363517892294, -71.957803918075555 ] ] ] } },
{ "type": "Feature", "properties": { }, "geometry": { "type": "Polygon", "coordinates": [ [ [ 119.241841381428245, -75.313125408590651 ], [ 113.96998385258334, -74.805351326771529 ], [ 114.853835391169866, -75.938198976414228 ], [ 114.652565071291662, -77.086910660719298 ], [ 112.970990621038808, -78.738368996628395 ], [ 119.286571266181554, -79.294024786674015 ], [ 121.518571848000022, -80.065899623225675 ], [ 124.93513755475611, -80.311157962377791 ], [ 127.29766886616774, -79.928319201542308 ], [ 127.162071111141103, -79.664397760089827 ], [ 127.922506158272924, -78.828376411609057 ], [ 122.220969247676095, -77.309465276047277 ], [ 119.713997391465909, -75.94754339135315 ], [ 119.241841381428245, -75.313125408590651 ] ] ] } },
{ "type": "Feature", "properties": { }, "geometry": { "type": "Polygon", "coordinates": [ [ [ 133.64284919369473, -79.629135941867645 ], [ 135.05280010684092, -79.284064910541602 ], [ 134.923846937517226, -78.954462970137314 ], [ 135.361835567215905, -77.976285359158211 ], [ 135.08873196473121, -77.716293812843716 ], [ 129.013017338608392, -77.321705700888913 ], [ 128.406317462633893, -76.866036258635347 ], [ 128.927987662484838, -76.459812465520713 ], [ 127.915992420945173, -75.64206349666712 ], [ 127.234183771452933, -77.270056898394699 ], [ 126.782328219168861, -77.539317418782716 ], [ 123.201464421859882, -79.08263637412216 ], [ 120.658403600005428, -79.434663837291467 ], [ 122.188212746225744, -80.346543246315264 ], [ 122.510840103251894, -80.016627000132218 ], [ 124.134848311011737, -79.713786397289851 ], [ 133.64284919369473, -79.629135941867645 ] ] ] } },
{ "type": "Feature", "properties": { }, "geometry": { "type": "Polygon", "coordinates": [ [ [ 77.173258984767969, 48.305107329513739 ], [ 75.393373613046862, 47.97366469212507 ], [ 73.550427373596222, 48.052268829969627 ], [ 72.027991643107327, 47.085377260610194 ], [ 67.798723849651608, 46.186462338842766 ], [ 64.396286393311499, 46.96725343779579 ], [ 63.743829352462825, 47.599064544268202 ], [ 63.55929456331706, 48.474295714509104 ], [ 64.380495990304212, 49.180204125526416 ], [ 62.669099823813042, 49.878740984668966 ], [ 62.302966045908356, 48.547774372507277 ], [ 61.246609413062821, 47.417634742399748 ], [ 62.718287819907694, 45.906368711477036 ], [ 66.404123830804963, 44.908385473834848 ], [ 70.557433074268801, 45.4874114720132 ], [ 74.255445021234976, 46.488803263133917 ], [ 73.339265694165064, 45.83376258069373 ], [ 77.173258984767969, 48.305107329513739 ] ] ] } },
{ "type": "Feature", "properties": { }, "geometry": { "type": "Polygon", "coordinates": [ [ [ 64.380495990304212, 49.180204125526416 ], [ 63.55929456331706, 48.474295714509104 ], [ 63.743829352462825, 47.599064544268202 ], [ 64.396286393311499, 46.96725343779579 ], [ 67.798723849651608, 46.186462338842766 ], [ 72.027991643107327, 47.085377260610194 ], [ 70.969830033702408, 47.068303225322055 ], [ 68.677784850720897, 47.68031812339791 ], [ 68.429693986503992, 47.902926178645437 ], [ 68.578874444262993, 48.883525015055639 ], [ 67.660387774395915, 48.5817963785369 ], [ 64.380495990304212, 49.180204125526416 ] ] ] } },
{ "type": "Feature", "properties": { }, "geometry": { "type": "Polygon", "coordinates": [ [ [ 74.217421806796779, 50.056493173988365 ], [ 69.214025802935467, 49.18772488150632 ], [ 68.578874444262993, 48.883525015055639 ], [ 68.429693986503992, 47.902926178645437 ], [ 69.965111164355051, 47.288216053421117 ], [ 72.027991643107327, 47.085377260610194 ], [ 73.550427373596222, 48.052268829969627 ], [ 74.217421806796779, 50.056493173988365 ] ] ] } },
{ "type": "Feature", "properties": { }, "geometry": { "type": "Polygon", "coordinates": [ [ [ 64.081883221454817, 50.809895719551491 ], [ 62.200348872820577, 50.804626307012946 ], [ 60.376292120825156, 50.382052855157731 ], [ 61.63988947448253, 48.425187536042102 ], [ 61.264546307245404, 47.642574078596382 ], [ 62.302966045908356, 48.547774372507277 ], [ 62.669099823813042, 49.878740984668966 ], [ 64.380495990304212, 49.180204125526416 ], [ 67.660387774395915, 48.5817963785369 ], [ 69.214025802935467, 49.18772488150632 ], [ 74.217421806796779, 50.056493173988365 ], [ 74.025830154293629, 50.720609060236107 ], [ 72.776242772373692, 50.354469152037403 ], [ 67.65505173837532, 50.623541392827953 ], [ 66.052076152018088, 50.303882122325241 ], [ 64.081883221454817, 50.809895719551491 ] ] ] } },
{ "type": "Feature", "properties": { }, "geometry": { "type": "Polygon", "coordinates": [ [ [ 84.033368657881113, 52.946400223470157 ], [ 81.869849955911562, 52.26998199965611 ], [ 75.845301084251389, 52.187760039978272 ], [ 75.717214445734669, 51.748548107916427 ], [ 74.025387970521578, 50.722076264527075 ], [ 74.217421806796779, 50.056493173988365 ], [ 73.550427373596222, 48.052268829969627 ], [ 76.152399597132842, 48.084078659302648 ], [ 79.432774050891382, 49.097006246703145 ], [ 80.062040564284814, 49.852428432098108 ], [ 81.606005276142994, 50.417551168223781 ], [ 84.033368657881113, 52.946400223470157 ] ] ] } },
{ "type": "Feature", "properties": { }, "geometry": { "type": "Polygon", "coordinates": [ [ [ 84.278135501247945, 54.270290712659467 ], [ 80.130129152747216, 52.887693369751474 ], [ 77.871590954851769, 52.889850683678581 ], [ 75.845301084251389, 52.187760039978272 ], [ 82.307135494669268, 52.333090667876029 ], [ 88.175777309011011, 54.197614515111638 ], [ 84.278135501247945, 54.270290712659467 ] ] ] } },
{ "type": "Feature", "properties": { }, "geometry": { "type": "Polygon", "coordinates": [ [ [ 76.472043114899847, 54.171079267071647 ], [ 73.210228185803018, 52.965744470525856 ], [ 73.843117629563935, 50.640785981920928 ], [ 75.717214445734669, 51.748548107916427 ], [ 76.047816092352448, 52.346396314872855 ], [ 77.871590954851769, 52.889850683678581 ], [ 80.130129152747216, 52.887693369751474 ], [ 81.22084534371551, 53.335562195008961 ], [ 76.472043114899847, 54.171079267071647 ] ] ] } },
{ "type": "Feature", "properties": { }, "geometry": { "type": "Polygon", "coordinates": [ [ [ 130.525452151996689, 62.544629972354663 ], [ 128.230938622178712, 63.374712542401419 ], [ 125.562269414811169, 67.33618200145898 ], [ 118.306559027466818, 62.927238244578 ], [ 113.754910919686409, 61.058561701373783 ], [ 110.874806602513061, 58.133089354100271 ], [ 106.42126616220736, 55.801758466636684 ], [ 103.976036789753834, 55.006706929622929 ], [ 101.886625530492978, 53.267764019923113 ], [ 100.23688438378899, 52.712919275972446 ], [ 102.254340972472789, 52.724127673151983 ], [ 114.973875315232135, 58.897369193315036 ], [ 123.4722159983464, 61.216035687642794 ], [ 130.525452151996689, 62.544629972354663 ] ] ] } },
{ "type": "Feature", "properties": { }, "geometry": { "type": "Polygon", "coordinates": [ [ [ 62.973813220506585, 57.762786891897932 ], [ 60.675152746085416, 56.925466404541886 ], [ 61.480683861035359, 54.639610926471846 ], [ 62.995717159596325, 53.091020079751942 ], [ 63.533288262862236, 54.29788151971475 ], [ 63.623268643663756, 56.90311618578648 ], [ 62.973813220506585, 57.762786891897932 ] ] ] } },
{ "type": "Feature", "properties": { }, "geometry": { "type": "Polygon", "coordinates": [ [ [ 85.892387014360708, 72.611631221371681 ], [ 80.004650606173769, 73.512573316510512 ], [ 78.93782953088585, 73.361632694498624 ], [ 79.004599393390009, 72.801818512461409 ], [ 78.076331424913604, 72.043867254798812 ], [ 78.748862862279921, 70.318103513521748 ], [ 80.310753875236855, 68.386193634663911 ], [ 84.78126048064631, 65.912974045251275 ], [ 85.499914857764963, 64.362436742930498 ], [ 85.673038854141524, 63.061606951913944 ], [ 86.108971509179824, 63.595893628364756 ], [ 85.849724074061513, 65.227021666050163 ], [ 84.785501040646679, 66.731653011364955 ], [ 82.795437700917162, 67.674247031508173 ], [ 82.604769457935333, 70.300302799907016 ], [ 83.13488276632502, 71.201069153578203 ], [ 85.892387014360708, 72.611631221371681 ] ] ] } },
{ "type": "Feature", "properties": { }, "geometry": { "type": "Polygon", "coordinates": [ [ [ 9.292698649693286, 67.449387514176806 ], [ 8.840419262439083, 66.261686339968662 ], [ 9.11471340207156, 65.838523245326982 ], [ 9.454388157930087, 67.127872712445196 ], [ 9.292698649693286, 67.449387514176806 ] ] ] } },
{ "type": "Feature", "properties": { }, "geometry": { "type": "Polygon", "coordinates": [ [ [ 6.950563371332168, 9.406393056515146 ], [ -0.338412709012281, 9.988091008632802 ], [ -3.377151360201553, 11.66730042729238 ], [ -7.577169140684583, 12.421152141293421 ], [ -9.340637446982637, 13.275221371243868 ], [ -11.343587724150812, 13.23279437719261 ], [ -12.862208264303982, 12.186899161694763 ], [ -16.201112222899322, 11.447448938100425 ], [ -17.939494170152035, 10.693760298123602 ], [ -18.612721172153371, 10.136761600510235 ], [ -21.674741266558097, 5.31524692031942 ], [ -23.381202781663237, 4.024150012213244 ], [ -26.532378214524297, 0.168604971340154 ], [ -25.899189274148167, -1.065179548480303 ], [ -24.657101497916148, -2.257081290966376 ], [ -25.016416893660381, -3.307760180116087 ], [ -24.675684371523054, -3.531751813488867 ], [ -24.731998596075744, -4.061102490997461 ], [ -23.527286501631501, -5.194333869400539 ], [ -23.973699625136508, -5.790571765236519 ], [ -22.768034593828524, -8.275240207400623 ], [ -22.90345474184932, -8.751115196001988 ], [ -21.533627869244626, -9.933637436538627 ], [ -18.892843488639787, -10.841978281018681 ], [ -17.832320305284405, -11.606149187481153 ], [ -17.55084829704753, -12.42749281274379 ], [ -18.313044322639549, -13.034237239047989 ], [ -18.195336643346611, -13.209134217528717 ], [ -15.657157225090188, -13.597712277355239 ], [ -13.942300378340853, -13.289390245326954 ], [ -10.685986296259719, -15.168220320200556 ], [ -9.882346456583516, -15.164312421332198 ], [ -9.533731368364307, -15.8717749486883 ], [ -0.798594506732588, -15.512849498608368 ], [ 0.145151887123813, -15.112528719768209 ], [ 2.70973692633276, -13.195053219429216 ], [ 3.894196300708154, -11.613025744849029 ], [ 4.089806729801172, -8.520693565505697 ], [ 3.88246315716234, -7.14869462245919 ], [ 4.261173439311105, -5.233178172384977 ], [ 4.048434765940423, -0.622627603372683 ], [ 7.05029062856361, 4.651339293366184 ], [ 8.555281414034521, 6.685227762567006 ], [ 6.950563371332168, 9.406393056515146 ] ] ] } },
{ "type": "Feature", "properties": { }, "geometry": { "type": "Polygon", "coordinates": [ [ [ -51.587564656133125, 1.886950140402224 ], [ -50.368497625306645, 3.026339082925565 ], [ -50.735107680227564, 4.371841721320834 ], [ -52.555217224606317, 5.763741114776714 ], [ -54.217904402246447, 5.878030504059963 ], [ -53.816389638946006, 5.168762746835871 ], [ -54.024883292630015, 4.902870894623428 ], [ -53.826053674470899, 4.403767175164679 ], [ -54.695587041518976, 3.556797689716305 ], [ -52.879701052702345, 2.173658471522562 ], [ -51.587564656133125, 1.886950140402224 ] ] ] } },
{ "type": "Feature", "properties": { }, "geometry": { "type": "Polygon", "coordinates": [ [ [ 118.097749701293793, 32.927161471338835 ], [ 109.185326993968872, 32.756838576503078 ], [ 108.550515562632398, 32.954522833054305 ], [ 109.417588624579793, 31.671077732658453 ], [ 110.665795656269438, 31.589392453158506 ], [ 115.014855881108772, 32.163273989105342 ], [ 118.097749701293793, 32.927161471338835 ] ] ] } },
{ "type": "Feature", "properties": { }, "geometry": { "type": "Polygon", "coordinates": [ [ [ 117.099471722401617, 33.156921925250295 ], [ 113.815764403338108, 32.296748749248771 ], [ 108.496409196818632, 31.724593303961729 ], [ 109.260925904377601, 31.058713784076851 ], [ 113.760086380231769, 31.326933407515998 ], [ 117.870261640869103, 32.630260977662296 ], [ 117.099471722401617, 33.156921925250295 ] ] ] } },
{ "type": "Feature", "properties": { }, "geometry": { "type": "Polygon", "coordinates": [ [ [ 117.601132220114394, 32.610322167249194 ], [ 115.335351107859424, 31.961698538003144 ], [ 114.12887953263909, 31.526245428241172 ], [ 114.986032117573203, 31.255522119771012 ], [ 118.186609648181189, 32.132236258991952 ], [ 117.601132220114394, 32.610322167249194 ] ] ] } },
{ "type": "Feature", "properties": { }, "geometry": { "type": "Polygon", "coordinates": [ [ [ -37.297886794589708, 64.751331931390268 ], [ -37.804521195368473, 64.453946431417791 ], [ -37.44804372883759, 64.169430474830449 ], [ -36.406189956355995, 64.151835932925238 ], [ -36.203755622128512, 64.493864828213731 ], [ -37.297886794589708, 64.751331931390268 ] ] ] } },
{ "type": "Feature", "properties": { }, "geometry": { "type": "Polygon", "coordinates": [ [ [ 122.110534641583286, 58.447293845833336 ], [ 120.152650209559326, 58.30119385781618 ], [ 117.74154174283197, 57.599970948824641 ], [ 112.505499664889498, 55.683573277765426 ], [ 107.780614313596928, 53.536673583914379 ], [ 105.161669151036179, 53.347529839441869 ], [ 104.068681709854246, 51.616929971805675 ], [ 104.610902926363295, 49.563456466409654 ], [ 107.18111032755948, 47.422795835443466 ], [ 109.680965172163155, 46.409723486335452 ], [ 121.147941197235781, 45.825353476426429 ], [ 122.097279169221295, 46.086978706272433 ], [ 122.42898587260045, 46.917541179734897 ], [ 121.817975839793718, 51.455034375315215 ], [ 120.711732063320014, 53.165339451983684 ], [ 121.056537052400699, 56.271301423338706 ], [ 122.110534641583286, 58.447293845833336 ] ] ] } },
{ "type": "Feature", "properties": { }, "geometry": { "type": "Polygon", "coordinates": [ [ [ 6.451495087803184, 9.437090403050203 ], [ 5.359738075116652, 10.571733823491979 ], [ 1.481072651855036, 11.97415291185993 ], [ 0.343630172122599, 12.753715196960675 ], [ -1.660940381008304, 12.909431259498296 ], [ -5.026798755333585, 15.636829338709376 ], [ -9.004692592065236, 13.077918562459272 ], [ -6.579893263355882, 12.167433572045931 ], [ -3.377151360201553, 11.66730042729238 ], [ -0.338412709012281, 9.988091008632802 ], [ 6.451495087803184, 9.437090403050203 ] ] ] } },
{ "type": "Feature", "properties": { }, "geometry": { "type": "Polygon", "coordinates": [ [ [ 116.740895455113474, 21.239687416546019 ], [ 113.324648149481689, 22.97236246931336 ], [ 114.159265465497697, 20.810661353953609 ], [ 114.711682779662425, 18.399935089956152 ], [ 114.61933674487193, 17.366051370574478 ], [ 114.982386375248979, 16.664681486815574 ], [ 121.981247947397534, 15.597372452701034 ], [ 117.098284292724514, 20.443829322964046 ], [ 116.740895455113474, 21.239687416546019 ] ] ] } },
{ "type": "Feature", "properties": { }, "geometry": { "type": "Polygon", "coordinates": [ [ [ -48.149201222062942, -3.13300093700982 ], [ -46.023830231357103, -2.40716834593638 ], [ -47.625510624678519, 2.259637311532448 ], [ -49.435317198289546, 0.700477284298405 ], [ -48.599678174696038, -0.71674129564921 ], [ -48.149201222062942, -3.13300093700982 ] ] ] } },
{ "type": "Feature", "properties": { }, "geometry": { "type": "Polygon", "coordinates": [ [ [ 92.161540886435432, -39.487985545822248 ], [ 100.72510309760267, -36.672922916222909 ], [ 102.45153455854495, -35.993336723491886 ], [ 101.228318106688874, -36.418188866946949 ], [ 98.158303173878039, -35.570695327072926 ], [ 97.416210331780675, -35.706743705067517 ], [ 91.255817135383765, -33.911789707343274 ], [ 92.397787881917509, -38.176607608507496 ], [ 92.161540886435432, -39.487985545822248 ] ] ] } },
{ "type": "Feature", "properties": { }, "geometry": { "type": "Polygon", "coordinates": [ [ [ 109.720526459201608, -30.840823281371588 ], [ 107.671228720081118, -29.393214750369928 ], [ 107.855599236828198, -28.679464040652363 ], [ 105.113737286621088, -27.293876473795081 ], [ 104.279446461522355, -26.331758167490324 ], [ 104.814816943586806, -32.614286460315235 ], [ 108.935490044014628, -33.028052437844948 ], [ 109.528175326312834, -33.036020028584744 ], [ 110.034969918710146, -32.611103122930942 ], [ 112.844626666922622, -32.886195978696122 ], [ 111.289135268924227, -31.350974280787955 ], [ 109.720526459201608, -30.840823281371588 ] ] ] } },
{ "type": "Feature", "properties": { }, "geometry": { "type": "Polygon", "coordinates": [ [ [ 117.109590423910078, -36.006517869735887 ], [ 113.987925310421986, -35.709326460771329 ], [ 110.880279822634577, -34.883289319509807 ], [ 111.913015889905282, -36.295836573511949 ], [ 112.958952362445871, -38.877461924651449 ], [ 113.560283596864195, -38.763725256450869 ], [ 114.430754497796016, -37.992851743829483 ], [ 115.462962298610094, -37.755518103272024 ], [ 117.109590423910078, -36.006517869735887 ] ] ] } },
{ "type": "Feature", "properties": { }, "geometry": { "type": "Polygon", "coordinates": [ [ [ 116.772496228065421, -35.858409295227858 ], [ 112.82855435242486, -34.3291960356526 ], [ 111.71099468543899, -34.237834968482062 ], [ 111.338734299190691, -34.682223759870283 ], [ 110.523027473377311, -34.055661151626573 ], [ 107.8269628298019, -34.470841623146796 ], [ 108.262687751901609, -34.930348999491329 ], [ 110.641406356586501, -35.894743145358078 ], [ 113.919925518760593, -36.191487002064413 ], [ 116.772496228065421, -35.858409295227858 ] ] ] } },
{ "type": "Feature", "properties": { }, "geometry": { "type": "Polygon", "coordinates": [ [ [ 7.572233992031517, 69.729847081236329 ], [ 7.050291018008955, 68.22885205600889 ], [ 7.26521604395812, 67.157422390408271 ], [ 8.315324869174633, 66.274476455095908 ], [ 9.074025984743423, 66.35875908785539 ], [ 10.45345949163079, 67.335476490683419 ], [ 12.310540349117622, 67.764137066751346 ], [ 11.980546451457515, 68.467352160878931 ], [ 10.192647238445081, 69.778842684514473 ], [ 7.572233992031517, 69.729847081236329 ] ] ] } },
{ "type": "Feature", "properties": { }, "geometry": { "type": "Polygon", "coordinates": [ [ [ -7.009660054630567, 68.177898738531567 ], [ -5.098576140174419, 68.139818853662831 ], [ -3.490824692732839, 68.880440752673266 ], [ 0.268312509758379, 69.808866419157638 ], [ 2.137790434069381, 70.679113475281682 ], [ 2.744003076071737, 71.294985422405702 ], [ -8.51228207983033, 70.01411809373235 ], [ -7.009660054630567, 68.177898738531567 ] ] ] } },
{ "type": "Feature", "properties": { }, "geometry": { "type": "Polygon", "coordinates": [ [ [ -8.51228207983033, 70.01411809373235 ], [ -3.876130973673969, 70.41420912112298 ], [ 0.266950899475923, 71.0031472061778 ], [ -9.912577182661298, 71.46664634760694 ], [ -8.51228207983033, 70.01411809373235 ] ] ] } },
{ "type": "Feature", "properties": { }, "geometry": { "type": "Polygon", "coordinates": [ [ [ -29.123231277648344, 70.76866861222868 ], [ -19.520247753121154, 72.303167971955304 ], [ -18.550789941837927, 72.866856876734218 ], [ -15.936159669195696, 73.586928331002724 ], [ -11.598961593261562, 74.044898394664955 ], [ -10.28311072612429, 74.570499495570232 ], [ -16.654651314456057, 75.359936122140724 ], [ -25.693832221902255, 75.38576207850241 ], [ -27.591468089356866, 74.589144006169775 ], [ -26.914913947890266, 73.792174977412458 ], [ -28.024730910462647, 73.365608893684026 ], [ -30.964415821367709, 72.918780680765266 ], [ -34.146304060203015, 72.857856730676076 ], [ -35.095313003183925, 72.074468665284343 ], [ -29.123231277648344, 70.76866861222868 ] ] ] } },
{ "type": "Feature", "properties": { }, "geometry": { "type": "Polygon", "coordinates": [ [ [ 90.422245050301683, 17.247560906759198 ], [ 86.29005751243028, 17.618178216779327 ], [ 82.865883850916788, 19.182524912536028 ], [ 81.176350494779157, 19.469531649610353 ], [ 81.667959910465143, 18.896621020790519 ], [ 83.18289096701389, 18.346466520641606 ], [ 85.287933133775908, 17.041985233143642 ], [ 87.323544070060279, 15.365278747733875 ], [ 90.281556467577076, 14.503444339357538 ], [ 93.838417745231439, 14.445643040123919 ], [ 98.762229761699857, 15.422460721613307 ], [ 100.054414725416166, 16.599762445573297 ], [ 101.95079902714285, 16.050698185344238 ], [ 103.677872177146455, 14.636531735435598 ], [ 102.863911309002944, 16.104901256776785 ], [ 99.907656220742368, 17.840383038376384 ], [ 98.123043208159302, 18.089774846206161 ], [ 96.577203734241905, 17.660783366010619 ], [ 92.921599974398433, 17.752544093445039 ], [ 90.422245050301683, 17.247560906759198 ] ] ] } },
{ "type": "Feature", "properties": { }, "geometry": { "type": "Polygon", "coordinates": [ [ [ -59.448862029529458, 27.3307916670392 ], [ -61.660659440967713, 30.611864717418637 ], [ -61.486038370620001, 28.740298113602361 ], [ -60.887394456112879, 27.967428172839661 ], [ -59.430714281825523, 23.81440026579963 ], [ -59.448862029529458, 27.3307916670392 ] ] ] } },
{ "type": "Feature", "properties": { }, "geometry": { "type": "Polygon", "coordinates": [ [ [ 112.820887970509361, 45.966397042673492 ], [ 108.445947480374045, 44.774111339575605 ], [ 105.335597395498681, 42.653376809650076 ], [ 103.021312589440384, 41.719722056923814 ], [ 98.820733701179734, 40.8657467952983 ], [ 100.839195532878634, 40.362263474301081 ], [ 102.26570601966533, 39.640036242103328 ], [ 104.024747191125897, 38.073444828808888 ], [ 105.10788062586316, 36.23212975653027 ], [ 107.870898982102972, 34.82136772998291 ], [ 110.559179891136395, 33.990829841440224 ], [ 112.985900170816635, 33.850035380464668 ], [ 115.438554472457611, 33.054076441017159 ], [ 116.960326587945175, 33.978466565364982 ], [ 120.707496969035589, 39.695114690631236 ], [ 122.426376868111092, 41.259240388811953 ], [ 124.488428594720602, 44.066875049515822 ], [ 125.666257321879115, 47.526548909204173 ], [ 122.405425843900773, 46.71584808110866 ], [ 122.053223624401298, 45.825088581219823 ], [ 121.108799820085721, 45.562668868559726 ], [ 112.820887970509361, 45.966397042673492 ] ] ] } },
{ "type": "Feature", "properties": { }, "geometry": { "type": "Polygon", "coordinates": [ [ [ 25.596801959381537, -6.528118215875799 ], [ 24.138626659902751, -6.586756223363165 ], [ 25.027911041550702, -5.938272638361391 ], [ 24.348667121609179, -5.622347016111109 ], [ 23.803477737431493, -6.406434963397315 ], [ 23.219170980218657, -8.29652041144716 ], [ 23.668221311164423, -10.192299902345415 ], [ 25.129297909877131, -8.696710750717488 ], [ 25.596801959381537, -6.528118215875799 ] ] ] } },
{ "type": "Feature", "properties": { }, "geometry": { "type": "Polygon", "coordinates": [ [ [ -54.681810953844462, 14.190961471086135 ], [ -54.504828701105808, 14.963967925014487 ], [ -55.523986596705683, 16.892176260889347 ], [ -56.505512852100061, 20.079530296356022 ], [ -56.319199642847522, 21.073127138958252 ], [ -57.67712848768528, 23.743648649537391 ], [ -57.584254104713828, 19.381492109072987 ], [ -57.981399451517575, 18.510692389477803 ], [ -56.3044274870647, 13.915080968912005 ], [ -55.024742548393633, 11.987051886204405 ], [ -55.167018646539127, 11.773258446966972 ], [ -54.86964717019886, 11.687520194244211 ], [ -54.193970010675656, 12.252127322118829 ], [ -54.488744717921783, 12.772473060346309 ], [ -54.02764323956265, 12.809889542563099 ], [ -54.154367453892846, 13.849982827557675 ], [ -54.413846291467159, 14.318868623245081 ], [ -54.681810953844462, 14.190961471086135 ] ] ] } },
{ "type": "Feature", "properties": { }, "geometry": { "type": "Polygon", "coordinates": [ [ [ 164.041622467285322, 60.931397849105792 ], [ 166.427496602976277, 63.828514304418512 ], [ 168.104266133324614, 65.679809450409323 ], [ 167.190352935218755, 65.718985449898213 ], [ 166.811681021449175, 65.307603899442128 ], [ 165.9232855607261, 65.193056889331686 ], [ 162.890286507927811, 62.719696407476292 ], [ 161.728118222915924, 62.599729803335869 ], [ 164.041622467285322, 60.931397849105792 ] ] ] } },
{ "type": "Feature", "properties": { }, "geometry": { "type": "Polygon", "coordinates": [ [ [ -27.238043145846454, -63.263938524817647 ], [ -23.607906417087818, -62.274381615673917 ], [ -21.697498652263018, -58.563791473118535 ], [ -29.412407222717658, -58.5780359013064 ], [ -33.224464952737144, -58.132583163146791 ], [ -39.96425603952936, -58.07653776987496 ], [ -38.055075245075471, -60.841702570977027 ], [ -38.602258710608517, -62.336866015789283 ], [ -38.379944135385081, -63.050156344784256 ], [ -37.729051727804844, -63.411012355263807 ], [ -34.450266648600959, -63.947254256816123 ], [ -27.238043145846454, -63.263938524817647 ] ] ] } },
{ "type": "Feature", "properties": { }, "geometry": { "type": "Polygon", "coordinates": [ [ [ 51.623457366920043, -57.925618615142518 ], [ 48.998005572131873, -56.808059395187122 ], [ 45.895079651259771, -57.073946914957105 ], [ 45.142313892913904, -57.341116970409963 ], [ 44.827858400880316, -57.830816180679577 ], [ 46.286032622282249, -58.47807016421006 ], [ 47.953327265772899, -59.843115310027791 ], [ 49.667794576868062, -59.547871627117942 ], [ 50.722118023229015, -60.101462109651919 ], [ 53.108333762777448, -59.351768061267791 ], [ 51.623457366920043, -57.925618615142518 ] ] ] } },
{ "type": "Feature", "properties": { }, "geometry": { "type": "Polygon", "coordinates": [ [ [ 56.86473838691127, -61.079810251559643 ], [ 55.368431095399195, -59.375333138882333 ], [ 54.514122356985993, -59.223835513667204 ], [ 53.711167942581483, -59.251080217564656 ], [ 51.177370583248063, -60.458342486284259 ], [ 51.75046678986422, -61.312424568596455 ], [ 51.730716528294053, -62.332720863410884 ], [ 52.446214587314181, -62.856799574733593 ], [ 56.017623061977062, -63.112889740990077 ], [ 56.389841459106982, -62.82123238805503 ], [ 55.813133530592445, -61.911129470065653 ], [ 56.355311460093844, -61.837572605700814 ], [ 56.86473838691127, -61.079810251559643 ] ] ] } },
{ "type": "Feature", "properties": { }, "geometry": { "type": "Polygon", "coordinates": [ [ [ 43.834315403680606, -54.53856298339047 ], [ 42.461729299831191, -54.024391529317157 ], [ 41.90327330931018, -53.56917887168197 ], [ 41.735502588776704, -52.901590440371415 ], [ 41.255083364125333, -52.700898197730467 ], [ 40.786447509016391, -52.829314437599905 ], [ 39.347247012946838, -54.304941187938468 ], [ 39.864495015016374, -54.720174720974363 ], [ 42.207030713213562, -55.14581269694937 ], [ 43.379200136405508, -55.799619416568341 ], [ 45.707666128197147, -56.303010714415244 ], [ 47.394718308584252, -56.242326900106235 ], [ 48.879603915975601, -55.602378224009286 ], [ 48.039294504298468, -54.872044005989338 ], [ 43.834315403680606, -54.53856298339047 ] ] ] } },
{ "type": "Feature", "properties": { }, "geometry": { "type": "Polygon", "coordinates": [ [ [ -41.850198829921972, 85.101062521661305 ], [ -57.411885242668376, 84.100217709037523 ], [ -67.783484912259084, 82.784949514908874 ], [ -68.439727952622931, 82.006427154942287 ], [ -70.107491615762171, 80.986354877476259 ], [ -66.211503800191366, 81.13114335466102 ], [ -62.608230526941675, 82.048402952934453 ], [ -59.000529273823261, 82.485547910999287 ], [ -37.048013396075262, 83.491538980389038 ], [ -41.684718612532542, 84.315705475780646 ], [ -42.536092671905642, 84.872249513771436 ], [ -41.850198829921972, 85.101062521661305 ] ] ] } },
{ "type": "Feature", "properties": { }, "geometry": { "type": "Polygon", "coordinates": [ [ [ -82.391211590120065, 82.089187017031122 ], [ -70.107491615762171, 80.986354877476259 ], [ -68.439727952622931, 82.006427154942287 ], [ -67.783484912259084, 82.784949514908874 ], [ -57.411885242668376, 84.100217709037523 ], [ -41.850198829921972, 85.101062521661305 ], [ -35.335773988890772, 85.850432417154224 ], [ -38.030796008483229, 86.13623705866182 ], [ -57.10234509114018, 85.073444981722588 ], [ -76.313656397958638, 83.511613110574359 ], [ -82.391211590120065, 82.089187017031122 ] ] ] } },
{ "type": "Feature", "properties": { }, "geometry": { "type": "Polygon", "coordinates": [ [ [ -8.967231355735693, 88.95306403114914 ], [ -72.85337279252856, 89.197871393075232 ], [ -36.384621060755364, 88.553162131440843 ], [ -26.74219359419482, 88.074146285256418 ], [ -24.250002526748457, 87.358298964394578 ], [ -26.801986728128153, 87.033797641391573 ], [ -26.482581265745882, 86.864930827500771 ], [ -27.29721621572347, 86.408864223326162 ], [ -41.180418205554851, 85.306215021354888 ], [ -42.536092671905642, 84.872249513771436 ], [ -41.684718612532542, 84.315705475780646 ], [ -38.958019675964572, 83.882826853036477 ], [ -18.110715955220904, 84.763041538395058 ], [ 8.711232589901885, 85.235600052043324 ], [ -5.615229620064299, 85.549926138666677 ], [ 0.482662979047863, 85.953296181955395 ], [ -11.946950001293331, 86.193061621826033 ], [ -8.393997656772004, 86.466607969348772 ], [ -9.806793993861099, 86.65375820238711 ], [ -3.004342508850745, 87.224382427424999 ], [ 15.186862959572116, 86.82673762684945 ], [ 15.081980596636711, 85.764828967963084 ], [ 16.490747881471684, 85.453891037469873 ], [ 12.272481860578178, 85.236888393155652 ], [ 32.465150745500893, 84.960475506237728 ], [ 37.117172655314903, 85.190329234109925 ], [ 31.6304487752782, 85.633544180545357 ], [ 25.254086961408234, 87.105651712719251 ], [ -13.720893381490127, 88.288291758938243 ], [ -4.188836442104545, 88.600167300236706 ], [ -8.967231355735693, 88.95306403114914 ] ] ] } },
{ "type": "Feature", "properties": { }, "geometry": { "type": "Polygon", "coordinates": [ [ [ 10.616894788221616, 85.035966588415747 ], [ 16.490747881471684, 85.453891037469873 ], [ 15.081980596636711, 85.764828967963084 ], [ 15.186862959572116, 86.82673762684945 ], [ 7.092128206540139, 87.187151377322508 ], [ -3.004342508850745, 87.224382427424999 ], [ -9.806793993861099, 86.65375820238711 ], [ -8.393997656772004, 86.466607969348772 ], [ -11.946950001293331, 86.193061621826033 ], [ 0.482662979047863, 85.953296181955395 ], [ -5.615229620064299, 85.549926138666677 ], [ 5.955068523835449, 85.491416085366254 ], [ 10.616894788221616, 85.035966588415747 ] ] ] } },
{ "type": "Feature", "properties": { }, "geometry": { "type": "Polygon", "coordinates": [ [ [ 41.292026390930161, 84.931650335294947 ], [ 22.613108437210887, 85.165989917266344 ], [ 22.365922928559037, 84.908378303102793 ], [ 28.421600022287127, 84.351070643177934 ], [ 42.444945495478812, 84.627794255669329 ], [ 41.292026390930161, 84.931650335294947 ] ] ] } },
{ "type": "Feature", "properties": { }, "geometry": { "type": "Polygon", "coordinates": [ [ [ -34.363540777089668, 63.15629871649169 ], [ -35.977009890591859, 63.7676307486173 ], [ -36.223029644445084, 63.202699448968346 ], [ -34.734099981957065, 62.589488869887568 ], [ -34.352616248915595, 62.662312861965894 ], [ -34.363540777089668, 63.15629871649169 ] ] ] } },
{ "type": "Feature", "properties": { }, "geometry": { "type": "Polygon", "coordinates": [ [ [ -34.952412940629358, 64.067633968551092 ], [ -33.933753476532864, 66.829574675515971 ], [ -31.864928147334652, 68.015300774988603 ], [ -31.238410896056919, 68.604936355759719 ], [ -33.454407379785572, 67.441898136059891 ], [ -35.243897957692575, 65.815483597173966 ], [ -35.858750122291298, 63.995463748269671 ], [ -34.952412940629358, 64.067633968551092 ] ] ] } },
{ "type": "Feature", "properties": { }, "geometry": { "type": "Polygon", "coordinates": [ [ [ -53.065909629811799, -56.236886085642723 ], [ -53.362240712423436, -56.584521573832028 ], [ -53.284674293033305, -57.308206816308264 ], [ -53.750427189425459, -57.913700615065608 ], [ -53.333173746263178, -58.757085986034681 ], [ -53.345729808861911, -59.726977921545028 ], [ -52.300560378811426, -62.112800846573435 ], [ -51.390638531458265, -63.193966279958765 ], [ -49.607082624872675, -64.395601246948686 ], [ -45.527649869428352, -65.531465793186371 ], [ -38.598153376301966, -66.411399379409644 ], [ -37.417359451275786, -64.943783804352364 ], [ -39.184934310898676, -64.306618463732391 ], [ -42.977192802630412, -64.039605648742452 ], [ -46.974083956288887, -63.134340687046731 ], [ -49.112548462695813, -61.824301319802544 ], [ -50.383708115696685, -59.958915455218282 ], [ -50.799658787339581, -58.695475071112696 ], [ -50.895077086053185, -56.161528945945172 ], [ -53.065909629811799, -56.236886085642723 ] ] ] } },
{ "type": "Feature", "properties": { }, "geometry": { "type": "Polygon", "coordinates": [ [ [ 82.007308325434209, 14.23557277048133 ], [ 82.990674771874694, 15.207788490276343 ], [ 82.543437086787705, 15.623234052416798 ], [ 81.349714097583941, 15.689614052854203 ], [ 81.249749524060064, 14.466301016188385 ], [ 81.613993209434341, 14.672996180612174 ], [ 82.007308325434209, 14.23557277048133 ] ] ] } },
{ "type": "Feature", "properties": { }, "geometry": { "type": "Polygon", "coordinates": [ [ [ 78.89158246441464, 14.819062405447735 ], [ 80.834191787514968, 14.714328041642194 ], [ 81.747399837324153, 16.008277087414069 ], [ 78.89158246441464, 14.819062405447735 ] ] ] } },
{ "type": "Feature", "properties": { }, "geometry": { "type": "Polygon", "coordinates": [ [ [ 96.76994921075989, 34.598704322728402 ], [ 94.207132171856557, 33.934715205229963 ], [ 94.010016873024711, 33.039064546782754 ], [ 94.514494993323339, 33.79511762233367 ], [ 95.566593841508961, 33.92026464283876 ], [ 99.538851902259168, 32.872698853300825 ], [ 99.088675045611183, 33.790906035683442 ], [ 96.76994921075989, 34.598704322728402 ] ] ] } },
{ "type": "Feature", "properties": { }, "geometry": { "type": "Polygon", "coordinates": [ [ [ 100.522545809874416, 33.432567416165391 ], [ 98.920162743683449, 34.437481305514765 ], [ 96.75668374791357, 34.556038394746395 ], [ 100.522545809874416, 33.432567416165391 ] ] ] } },
{ "type": "Feature", "properties": { }, "geometry": { "type": "Polygon", "coordinates": [ [ [ 101.953512668593362, 32.504653663043229 ], [ 99.103767127170585, 33.927821230038738 ], [ 98.026766351414807, 34.027871855152817 ], [ 99.088675045611183, 33.790906035683442 ], [ 99.460519257874381, 33.367464653318883 ], [ 101.148496309680397, 29.962647565336407 ], [ 101.983192084703575, 30.817108949519099 ], [ 101.953512668593362, 32.504653663043229 ] ] ] } },
{ "type": "Feature", "properties": { }, "geometry": { "type": "Polygon", "coordinates": [ [ [ 115.456194081819419, 16.004259981532503 ], [ 112.999739968095852, 14.813503282722458 ], [ 113.587552518710496, 14.703986341488646 ], [ 112.235158154317304, 13.870869825037079 ], [ 114.903615016370637, 13.432528251369215 ], [ 117.120743689328037, 13.489792897419614 ], [ 118.89100287903193, 12.67893069721878 ], [ 119.778775929225361, 13.032382242693597 ], [ 122.986999932351893, 12.387404616845027 ], [ 117.971096530504639, 14.299780100562353 ], [ 115.456194081819419, 16.004259981532503 ] ] ] } },
{ "type": "Feature", "properties": { }, "geometry": { "type": "Polygon", "coordinates": [ [ [ 124.063573837391928, 12.206630729587117 ], [ 121.968023411161667, 15.598498575024763 ], [ 115.000462302932107, 16.661923682989759 ], [ 115.50349599151329, 15.93569653924351 ], [ 117.971096530504639, 14.299780100562353 ], [ 124.063573837391928, 12.206630729587117 ] ] ] } },
{ "type": "Feature", "properties": { }, "geometry": { "type": "Polygon", "coordinates": [ [ [ -53.486235304102372, 56.366441979136113 ], [ -57.635514951583637, 53.606328517543204 ], [ -57.839676178866881, 53.07523314937044 ], [ -56.452811301996157, 51.490422658969258 ], [ -56.588228707684245, 49.509550388797557 ], [ -56.027033175901749, 48.924368486040834 ], [ -55.454501330811667, 49.593967228287589 ], [ -55.786132856894461, 50.676839842055472 ], [ -55.339496036702343, 52.215079522844931 ], [ -54.513549884835264, 53.495302515374405 ], [ -54.382761743773173, 54.507034676579025 ], [ -53.486235304102372, 56.366441979136113 ] ] ] } },
{ "type": "Feature", "properties": { }, "geometry": { "type": "Polygon", "coordinates": [ [ [ 103.954949553144317, 56.708677977420336 ], [ 102.523651084013309, 55.8933483318106 ], [ 101.146214481812066, 54.234958598149255 ], [ 98.876196434496208, 53.053913073626177 ], [ 97.358770517824411, 52.919777153315181 ], [ 94.179285322712829, 51.96330920481752 ], [ 90.687425174806151, 51.876812657096117 ], [ 87.650753199924395, 50.916109776963722 ], [ 91.971419537694828, 50.734289684157488 ], [ 94.909249582439088, 51.325339425603339 ], [ 97.567520683910985, 52.311089873598107 ], [ 100.943866171728828, 52.895126009428438 ], [ 102.147685883229968, 53.441282226316929 ], [ 103.976036789753834, 55.006706929622929 ], [ 104.224972211569181, 55.52603086570236 ], [ 103.697785604719698, 56.523950800713216 ], [ 103.954949553144317, 56.708677977420336 ] ] ] } },
{ "type": "Feature", "properties": { }, "geometry": { "type": "Polygon", "coordinates": [ [ [ 125.562269414811169, 67.33618200145898 ], [ 125.549554584926142, 68.269236937996837 ], [ 127.805131048741586, 70.873557587541612 ], [ 127.030355715755732, 72.554563529524117 ], [ 126.160263851368981, 73.382291502820763 ], [ 120.623051923470342, 71.266886178851792 ], [ 120.35822137334128, 70.701036287986426 ], [ 120.94120187990444, 68.522931306346891 ], [ 119.962719644483101, 66.879438797336292 ], [ 117.333411499565329, 65.332959943495624 ], [ 109.977881355126783, 61.975680190195192 ], [ 106.236567051611203, 59.525142632131285 ], [ 103.697785604719698, 56.523950800713216 ], [ 104.224972211569181, 55.52603086570236 ], [ 103.976036789753834, 55.006706929622929 ], [ 106.42126616220736, 55.801758466636684 ], [ 110.874806602513061, 58.133089354100271 ], [ 113.754910919686409, 61.058561701373783 ], [ 118.306559027466818, 62.927238244578 ], [ 125.562269414811169, 67.33618200145898 ] ] ] } },
{ "type": "Feature", "properties": { }, "geometry": { "type": "Polygon", "coordinates": [ [ [ 104.478335696784356, 57.628493496673549 ], [ 101.7954730625341, 56.022257612639571 ], [ 97.084366114070193, 53.856484563229273 ], [ 87.935180963657047, 51.854039188640876 ], [ 87.49011395150103, 50.936115493403761 ], [ 90.687425174806151, 51.876812657096117 ], [ 94.179285322712829, 51.96330920481752 ], [ 99.112179179391219, 53.143597174583803 ], [ 101.146214481812066, 54.234958598149255 ], [ 102.523651084013309, 55.8933483318106 ], [ 103.954949553144317, 56.708677977420336 ], [ 104.478335696784356, 57.628493496673549 ] ] ] } },
{ "type": "Feature", "properties": { }, "geometry": { "type": "Polygon", "coordinates": [ [ [ 96.568276426802939, 60.739972569202337 ], [ 91.384499835616282, 56.725033799811307 ], [ 83.131969068598835, 53.004478456537491 ], [ 86.206846653757296, 52.053390006984131 ], [ 87.935180963657047, 51.854039188640876 ], [ 96.156303105576157, 53.536601362553682 ], [ 100.252991163062376, 55.265636162342616 ], [ 103.785822199630616, 57.137502079114981 ], [ 106.236567051611203, 59.525142632131285 ], [ 108.790789164618687, 61.293391401410034 ], [ 117.333411499565329, 65.332959943495624 ], [ 119.962719644483101, 66.879438797336292 ], [ 120.94120187990444, 68.522931306346891 ], [ 120.426435949336067, 71.004879764854024 ], [ 121.004357008742076, 71.54876609009149 ], [ 123.055200532515059, 72.35727254071206 ], [ 107.798233002179472, 69.37870916843336 ], [ 104.283889319182038, 67.505109956849736 ], [ 103.925054613922768, 66.766062083575093 ], [ 102.916754938804019, 65.95908290606809 ], [ 102.947601347203047, 65.058718911985224 ], [ 102.411015098660883, 64.678509019816744 ], [ 99.708196207107392, 63.01381529473533 ], [ 97.332940705112719, 62.196681977369892 ], [ 96.568276426802939, 60.739972569202337 ] ] ] } },
{ "type": "Feature", "properties": { }, "geometry": { "type": "Polygon", "coordinates": [ [ [ 87.389011566252975, 63.12400306943055 ], [ 83.843040727854188, 62.006645219554365 ], [ 81.000412608167963, 61.808179037913852 ], [ 80.084431826586666, 61.352457595518871 ], [ 76.625006453076054, 58.663905128452974 ], [ 74.671362684840275, 56.404659941443448 ], [ 78.428649484797219, 54.396496540911848 ], [ 83.322466102669424, 54.285041729504549 ], [ 83.732361445234375, 55.214414397855862 ], [ 81.847576706464537, 55.364275475798493 ], [ 78.437943746644734, 56.218367517903253 ], [ 87.092315375083729, 60.169770493696085 ], [ 91.484165226348907, 63.25719806686481 ], [ 87.389011566252975, 63.12400306943055 ] ] ] } },
{ "type": "Feature", "properties": { }, "geometry": { "type": "Polygon", "coordinates": [ [ [ 85.892387014360708, 72.611631221371681 ], [ 83.13488276632502, 71.201069153578203 ], [ 82.604769457935333, 70.300302799907016 ], [ 82.795437700917162, 67.674247031508173 ], [ 84.938447075680301, 66.607872439687384 ], [ 85.88754668697112, 65.122611318142475 ], [ 86.080055413681464, 63.466028650343411 ], [ 85.19710314053988, 62.500374332932786 ], [ 87.389011566252975, 63.12400306943055 ], [ 91.484165226348907, 63.25719806686481 ], [ 92.953419059359149, 64.954245817221292 ], [ 93.62001118452352, 67.657726647301232 ], [ 95.291647561757898, 70.003777069471425 ], [ 85.892387014360708, 72.611631221371681 ] ] ] } },
{ "type": "Feature", "properties": { }, "geometry": { "type": "Polygon", "coordinates": [ [ [ 131.901768810204032, 77.696274938111316 ], [ 128.349617113984863, 78.913626698953451 ], [ 125.862663747282269, 78.854914223137655 ], [ 125.936842204881998, 79.808630232983461 ], [ 124.084655477665834, 79.274058508273924 ], [ 118.765806676755631, 79.861600008832696 ], [ 118.378778579166323, 78.047351762566024 ], [ 116.219315072852069, 76.48531925144033 ], [ 108.334566846689825, 74.184880990113896 ], [ 102.533555000953413, 73.301147386341412 ], [ 97.361557525250461, 71.58611097976106 ], [ 96.677312722817874, 70.416421230647813 ], [ 95.291647561757898, 70.003777069471425 ], [ 94.63050026423268, 69.359976387704151 ], [ 93.62001118452352, 67.657726647301232 ], [ 93.246207134242397, 65.76099245310813 ], [ 95.880660677253928, 66.615982400739654 ], [ 98.859531531947454, 68.315308005755099 ], [ 99.454187846518991, 68.701350242151207 ], [ 99.352096418357547, 69.601071961067589 ], [ 100.473833439682906, 70.418147031774879 ], [ 100.84282860604732, 71.160366720875771 ], [ 104.931647345871497, 73.058145077236176 ], [ 112.242677935035474, 74.383402880707479 ], [ 123.89955900099848, 75.947192505198785 ], [ 131.901768810204032, 77.696274938111316 ] ] ] } },
{ "type": "Feature", "properties": { }, "geometry": { "type": "Polygon", "coordinates": [ [ [ 81.000412608167963, 61.808179037913852 ], [ 79.149815414579578, 61.838655974374674 ], [ 77.823594419999452, 61.150721009847175 ], [ 75.226033366189967, 60.578907382001397 ], [ 72.682747939088685, 58.558886065612739 ], [ 72.338038635693025, 57.386893996633816 ], [ 71.086155807091785, 55.566906310166686 ], [ 71.103261974980228, 54.838948070040317 ], [ 73.422931565889911, 54.468902858186745 ], [ 75.98679599696753, 55.50544275239011 ], [ 74.930853399644903, 56.125812141016432 ], [ 74.769252224687662, 56.559586531638061 ], [ 76.625006453076054, 58.663905128452974 ], [ 79.391426485027154, 60.940827973104902 ], [ 81.000412608167963, 61.808179037913852 ] ] ] } },
{ "type": "Feature", "properties": { }, "geometry": { "type": "Polygon", "coordinates": [ [ [ 84.278135501247945, 54.270290712659467 ], [ 78.428649484797219, 54.396496540911848 ], [ 75.627482798145323, 55.671058709952632 ], [ 75.98679599696753, 55.50544275239011 ], [ 72.862637997107683, 54.195027180326107 ], [ 75.443638172184777, 54.337596874358432 ], [ 80.646540628713055, 53.27931893970699 ], [ 84.278135501247945, 54.270290712659467 ] ] ] } },
{ "type": "Feature", "properties": { }, "geometry": { "type": "Polygon", "coordinates": [ [ [ 71.868548432842076, 56.792320366212827 ], [ 70.681996051165413, 57.346346555067399 ], [ 68.741973277898254, 57.361382181423295 ], [ 69.495206183755514, 57.007945798561842 ], [ 69.065551668375988, 54.722169084480818 ], [ 71.769742293563269, 54.068860144837657 ], [ 73.422931565889911, 54.468902858186745 ], [ 71.103261974980228, 54.838948070040317 ], [ 71.086155807091785, 55.566906310166686 ], [ 72.034287772736164, 56.980962094089492 ], [ 71.868548432842076, 56.792320366212827 ] ] ] } },
{ "type": "Feature", "properties": { }, "geometry": { "type": "Polygon", "coordinates": [ [ [ 72.52159385068768, 58.068501180498131 ], [ 67.017980033086332, 58.696263453255419 ], [ 64.990166153807778, 57.999025255403851 ], [ 68.741973277898254, 57.361382181423295 ], [ 70.681996051165413, 57.346346555067399 ], [ 71.868548432842076, 56.792320366212827 ], [ 72.52159385068768, 58.068501180498131 ] ] ] } },
{ "type": "Feature", "properties": { }, "geometry": { "type": "Polygon", "coordinates": [ [ [ 75.357326226397291, 60.662743790654318 ], [ 69.41538863252822, 59.507487078909143 ], [ 66.762787679283605, 58.613093166852316 ], [ 72.52159385068768, 58.068501180498131 ], [ 72.771527064018386, 58.671060530015424 ], [ 75.357326226397291, 60.662743790654318 ] ] ] } },
{ "type": "Feature", "properties": { }, "geometry": { "type": "Polygon", "coordinates": [ [ [ 65.076977580541183, 58.024682684517103 ], [ 62.973813220506585, 57.762786891897932 ], [ 63.623268643663756, 56.90311618578648 ], [ 63.533288262862236, 54.29788151971475 ], [ 64.238108024003253, 54.521468856078101 ], [ 65.303567700096949, 55.484844036556026 ], [ 66.362088950888236, 55.819536026159831 ], [ 67.449683301324214, 55.651346673742864 ], [ 69.065551668375988, 54.722169084480818 ], [ 69.245534519853933, 54.957601448671006 ], [ 69.495206183755514, 57.007945798561842 ], [ 69.136867036480581, 57.1949485802662 ], [ 65.076977580541183, 58.024682684517103 ] ] ] } },
{ "type": "Feature", "properties": { }, "geometry": { "type": "Polygon", "coordinates": [ [ [ 82.071396580594893, 48.056597965512935 ], [ 78.633051850629599, 47.113563977709894 ], [ 75.570890747032095, 45.110804521993479 ], [ 72.677206311261372, 41.362640704810794 ], [ 72.943402717049764, 40.399364939395305 ], [ 75.319309322239349, 39.14796974889606 ], [ 81.318322555018824, 40.986681569110011 ], [ 82.340701743102002, 42.52894454495754 ], [ 86.397249064371579, 46.558467352566311 ], [ 86.787521543175927, 47.12483185548966 ], [ 86.848426836302423, 49.009053076781377 ], [ 82.843855546494936, 48.532943207195139 ], [ 82.071396580594893, 48.056597965512935 ] ] ] } },
{ "type": "Feature", "properties": { }, "geometry": { "type": "Polygon", "coordinates": [ [ [ 84.354272823237395, 44.49262415376846 ], [ 82.340701743102002, 42.52894454495754 ], [ 81.318322555018824, 40.986681569110011 ], [ 75.319309322239349, 39.14796974889606 ], [ 76.200361992400701, 38.681752319185946 ], [ 77.478993579829165, 39.118407272966252 ], [ 79.898616540362113, 39.207605654703443 ], [ 89.173625598958324, 43.658266878401285 ], [ 99.368707634924078, 45.445351124633781 ], [ 102.827686327681562, 46.733349521371302 ], [ 106.123368071825567, 48.890638761728994 ], [ 110.838233548446993, 50.112731007635482 ], [ 107.180319497848217, 49.494483233850623 ], [ 105.053179960607821, 48.669318106628843 ], [ 103.098781073419175, 48.742200832776263 ], [ 97.728472178498819, 47.9466820423497 ], [ 94.375223564505077, 46.323362588338746 ], [ 86.790772043234043, 45.332344992524092 ], [ 85.122067578984684, 44.540085859825105 ], [ 84.354272823237395, 44.49262415376846 ] ] ] } },
{ "type": "Feature", "properties": { }, "geometry": { "type": "Polygon", "coordinates": [ [ [ 96.905828901140055, 50.616203917528075 ], [ 93.399292915907225, 50.619841041818397 ], [ 91.107279928785118, 49.998736499984176 ], [ 84.354272823237395, 44.49262415376846 ], [ 85.122067578984684, 44.540085859825105 ], [ 86.790772043234043, 45.332344992524092 ], [ 94.375223564505077, 46.323362588338746 ], [ 97.728472178498819, 47.9466820423497 ], [ 103.098781073419175, 48.742200832776263 ], [ 105.053179960607821, 48.669318106628843 ], [ 109.348360972326518, 50.013064073421575 ], [ 107.448972739677671, 50.270764094270049 ], [ 104.727046462333632, 51.259855907859816 ], [ 96.905828901140055, 50.616203917528075 ] ] ] } },
{ "type": "Feature", "properties": { }, "geometry": { "type": "Polygon", "coordinates": [ [ [ 130.632648003351136, 62.256918235270483 ], [ 123.612735366189696, 60.962745892648982 ], [ 115.123364406278128, 58.690661159648052 ], [ 102.340486397641342, 52.595514777146995 ], [ 104.366613157836298, 52.872205262812912 ], [ 105.564615755592129, 53.491556409778823 ], [ 107.780614313596928, 53.536673583914379 ], [ 112.505499664889498, 55.683573277765426 ], [ 117.74154174283197, 57.599970948824641 ], [ 120.152650209559326, 58.30119385781618 ], [ 122.883942475423524, 58.432855940463732 ], [ 126.54633361110136, 60.404818235782585 ], [ 131.33573047245082, 60.085379860417 ], [ 131.564117400619011, 60.90987134911142 ], [ 132.586784508355777, 61.479702546695464 ], [ 130.632648003351136, 62.256918235270483 ] ] ] } },
{ "type": "Feature", "properties": { }, "geometry": { "type": "Polygon", "coordinates": [ [ [ 98.137739218437176, 32.63192029601047 ], [ 101.557964035125721, 29.259267008422619 ], [ 100.311777657920388, 31.940003541636944 ], [ 99.538851902259168, 32.872698853300825 ], [ 98.796823308278618, 33.169551456378841 ], [ 98.137739218437176, 32.63192029601047 ] ] ] } },
{ "type": "Feature", "properties": { }, "geometry": { "type": "Polygon", "coordinates": [ [ [ 101.398306171044666, 28.657798353137185 ], [ 100.484925571701922, 28.612675364929324 ], [ 100.518416109107875, 27.919355614341594 ], [ 100.800536164966488, 28.275336909995815 ], [ 101.398306171044666, 28.657798353137185 ] ] ] } },
{ "type": "Feature", "properties": { }, "geometry": { "type": "Polygon", "coordinates": [ [ [ 101.398306171044666, 28.657798353137185 ], [ 100.518416109107875, 27.919355614341594 ], [ 100.700249480699057, 27.329082448719916 ], [ 100.940473287018747, 27.861651387897947 ], [ 101.905755414195383, 28.522130510439442 ], [ 101.398306171044666, 28.657798353137185 ] ] ] } },
{ "type": "Feature", "properties": { }, "geometry": { "type": "Polygon", "coordinates": [ [ [ 102.414793699870259, 26.0467132704789 ], [ 101.570104597070753, 27.623849643970409 ], [ 101.186549928816007, 28.081352218924785 ], [ 100.700249480699057, 27.329082448719916 ], [ 102.414793699870259, 26.0467132704789 ] ] ] } },
{ "type": "Feature", "properties": { }, "geometry": { "type": "Polygon", "coordinates": [ [ [ -47.566194581948054, 61.008592691003315 ], [ -48.416273803253951, 61.693073678607696 ], [ -50.12328099146589, 61.373504299444008 ], [ -49.159446140926057, 60.059365946801691 ], [ -50.446802526150471, 60.212114537938483 ], [ -50.266108237304977, 58.980405420080217 ], [ -52.051734611012996, 58.986474531449439 ], [ -52.155228784049214, 58.459579259808471 ], [ -51.477153248550287, 57.973991063772296 ], [ -51.39309018227636, 57.465022267945002 ], [ -51.931279775994653, 56.529323729093448 ], [ -52.313848641210875, 54.823028887964171 ], [ -50.805326515596171, 57.687938898014288 ], [ -49.260935561420361, 58.360405822678551 ], [ -49.143442974297159, 58.748492482774118 ], [ -48.778968147844182, 58.446070517650256 ], [ -48.665880642553006, 57.287841843195999 ], [ -47.623760937833168, 58.121102944671094 ], [ -47.566194581948054, 61.008592691003315 ] ] ] } },
{ "type": "Feature", "properties": { }, "geometry": { "type": "Polygon", "coordinates": [ [ [ 14.672470563118676, 34.541854180563831 ], [ 9.702823693024856, 34.249847604071164 ], [ 9.900040091156857, 33.362826684776216 ], [ 11.752270028080957, 32.878480326964002 ], [ 19.109730793628486, 32.375817463583104 ], [ 19.78023377925377, 32.734191790522679 ], [ 20.816080281356726, 32.570711943721989 ], [ 20.736224078964078, 33.685900567947193 ], [ 14.672470563118676, 34.541854180563831 ] ] ] } },
{ "type": "Feature", "properties": { }, "geometry": { "type": "Polygon", "coordinates": [ [ [ 16.549138033299045, 11.248051799747209 ], [ 15.954850740643916, 11.172778976552468 ], [ 16.036626972000612, 9.682600672264575 ], [ 16.533180158647003, 8.119692548811789 ], [ 17.560351222548448, 7.716571862254069 ], [ 18.086259328316213, 9.698464904401595 ], [ 17.521596847953383, 10.199928337448384 ], [ 16.802620230881534, 10.2911193403143 ], [ 16.549138033299045, 11.248051799747209 ] ] ] } },
{ "type": "Feature", "properties": { }, "geometry": { "type": "Polygon", "coordinates": [ [ [ -29.046067981704216, -56.515694988913836 ], [ -32.136429729427974, -56.893341294531403 ], [ -31.966054338376946, -58.443288787145569 ], [ -29.655235488769566, -58.787273241145442 ], [ -21.879042020632461, -59.0186027246165 ], [ -20.789166466091071, -57.332506046677636 ], [ -24.866912766147831, -57.271359211579593 ], [ -29.046067981704216, -56.515694988913836 ] ] ] } },
{ "type": "Feature", "properties": { }, "geometry": { "type": "Polygon", "coordinates": [ [ [ -31.747967770118517, -58.308662427517135 ], [ -32.090778201015155, -56.766976115960155 ], [ -33.189830052856465, -55.898905752451725 ], [ -34.051957198405013, -54.413672765477941 ], [ -35.93227079758902, -53.344225216144658 ], [ -40.260630356798742, -55.507000835892178 ], [ -39.776089438910255, -56.783568268734122 ], [ -39.96425603952936, -58.07653776987496 ], [ -31.747967770118517, -58.308662427517135 ] ] ] } },
{ "type": "Feature", "properties": { }, "geometry": { "type": "Polygon", "coordinates": [ [ [ 29.546818661113416, 77.875396641332671 ], [ 33.343922983639018, 78.535747355661783 ], [ 39.434842760341489, 78.789805519735665 ], [ 63.916560014330898, 79.152256486416348 ], [ 67.71938822934483, 78.956106298513504 ], [ 69.716743396485697, 79.176937781059848 ], [ 72.738838416768417, 80.135303048279241 ], [ 72.698281891459672, 80.789321966178335 ], [ 73.527447468265152, 81.425839475322519 ], [ 65.983460421347999, 80.453212998961661 ], [ 57.699728517544173, 79.844047071356357 ], [ 42.330934429050593, 79.724479335006322 ], [ 34.010562789215328, 79.184120038267793 ], [ 31.798049672693416, 78.843493093573912 ], [ 29.901976362179155, 78.258705476666009 ], [ 29.546818661113416, 77.875396641332671 ] ] ] } },
{ "type": "Feature", "properties": { }, "geometry": { "type": "Polygon", "coordinates": [ [ [ -7.050105338280481, 69.359172059267536 ], [ 0.305057640494358, 70.048284632446851 ], [ 8.94740855283289, 69.741496452564036 ], [ 6.499765503616645, 71.248021972504958 ], [ -5.35441711083186, 73.151136469743562 ], [ -10.28311072612429, 74.570499495570232 ], [ -11.598961593261562, 74.044898394664955 ], [ -15.936159669195696, 73.586928331002724 ], [ -18.207106049695529, 72.966357381062082 ], [ -17.54849804635813, 72.350106262140329 ], [ -17.390462544303617, 71.713788441207043 ], [ -19.638937332696077, 69.559554161038818 ], [ -18.320560982123485, 69.754589187328875 ], [ -13.699079635364988, 69.124403021685467 ], [ -7.050105338280481, 69.359172059267536 ] ] ] } },
{ "type": "Feature", "properties": { }, "geometry": { "type": "Polygon", "coordinates": [ [ [ -9.64835490808966, 68.250861789851271 ], [ -8.776286985020876, 68.469265402482705 ], [ -9.181444732824033, 69.105206757314008 ], [ -10.617696810817169, 69.638907335813016 ], [ -12.444921289490475, 69.32770358164862 ], [ -9.64835490808966, 68.250861789851271 ] ] ] } },
{ "type": "Feature", "properties": { }, "geometry": { "type": "Polygon", "coordinates": [ [ [ -9.81242464281357, 67.077241190678592 ], [ -8.254611530557654, 67.313304201481898 ], [ -5.905485499469357, 67.296122103933499 ], [ -9.414518822629539, 67.751615668731205 ], [ -11.88445226496655, 67.65789455017314 ], [ -9.81242464281357, 67.077241190678592 ] ] ] } },
{ "type": "Feature", "properties": { }, "geometry": { "type": "Polygon", "coordinates": [ [ [ -32.036454431483143, 1.505071832352283 ], [ -35.97904483615126, 1.685727518472288 ], [ -36.072568437095988, 1.445176868744664 ], [ -39.35840917504283, 1.831335812971936 ], [ -42.951206099257135, -0.496114890274802 ], [ -46.71665524625481, -1.090613835463691 ], [ -48.23010120105139, -4.311522774721343 ], [ -52.309489562883044, -8.571672238161616 ], [ -55.200116405440319, -13.459334393404363 ], [ -53.610797593232903, -18.374824766107501 ], [ -51.148848312997153, -22.628766142209269 ], [ -47.167794058893101, -26.89531858657109 ], [ -46.70204020938931, -28.136394703243184 ], [ -46.922743934329162, -29.923058787142292 ], [ -44.248898083801066, -31.303444905025778 ], [ -36.041901530930474, -34.955616025059079 ], [ -30.144216605856297, -36.941656114611227 ], [ -23.37303546346913, -38.730471556024099 ], [ -21.658581369890392, -39.777749977630798 ], [ -20.494823482239504, -39.140581006450965 ], [ -18.662797213660859, -36.872727414530061 ], [ -18.2269159446247, -37.026301471793154 ], [ -18.464538323078127, -37.87417946841682 ], [ -17.281959574391536, -38.338579090476877 ], [ -14.918608107521154, -38.20214903683906 ], [ -13.375060522714389, -38.743890328408874 ], [ -13.04865600273653, -37.149359127267793 ], [ -13.364325938181969, -36.678427922929565 ], [ -11.219470584690809, -33.80826896117555 ], [ -11.608978183844165, -32.968932930695743 ], [ -11.189595076579629, -31.346240947795323 ], [ -11.490701390737044, -29.712058503513923 ], [ -10.658782934349111, -28.361155369693268 ], [ -10.845532669219496, -24.16318861256056 ], [ -9.63139395339992, -23.238020239907716 ], [ -9.205072501224668, -21.909534382220013 ], [ -5.842565601022761, -19.743482668694035 ], [ -5.749429633164398, -19.386341240016201 ], [ -6.399004506647424, -18.596700639192637 ], [ -6.946070962204732, -15.570906699443347 ], [ -8.8078523516674, -15.666392338830674 ], [ -10.710744268509169, -13.772644648736732 ], [ -12.006496397985183, -13.075290537475208 ], [ -14.984804814704766, -12.990093286197656 ], [ -16.731811182557159, -10.753367432962921 ], [ -18.286994927083498, -9.916173954410194 ], [ -20.000621163580384, -7.977661563472568 ], [ -21.729306189578118, -6.956092425996014 ], [ -22.161098480273033, -4.965898374994536 ], [ -23.742725103748938, -3.586327415451203 ], [ -23.312258532626714, -2.329809773275632 ], [ -23.927697110972808, -1.776029015042768 ], [ -26.082355255967016, -0.471109295508892 ], [ -26.663720248604285, -2.380554157971178 ], [ -28.090251613373908, -2.259749673057748 ], [ -30.319875461845196, -0.768413720885699 ], [ -31.565513538907641, 0.805549278611912 ], [ -32.519917685447986, 0.991870927560481 ], [ -32.036454431483143, 1.505071832352283 ] ] ] } },
{ "type": "Feature", "properties": { }, "geometry": { "type": "Polygon", "coordinates": [ [ [ 131.581272597530443, 16.184567993069496 ], [ 130.739618883480574, 17.385332739580154 ], [ 131.211106137917085, 18.718764121973329 ], [ 130.036576554255277, 17.224759871101913 ], [ 128.493488981964703, 14.233837184914224 ], [ 127.23840250226641, 13.187842795806922 ], [ 127.68563546896138, 8.967407922170649 ], [ 128.254678705986777, 8.279140143873619 ], [ 131.098095031438618, 8.439134126511009 ], [ 133.31992172002154, 9.436328860036705 ], [ 133.67517404437055, 10.123408643248677 ], [ 133.203961938481797, 11.96997974165583 ], [ 132.036042699115313, 12.869451186702811 ], [ 131.110443314348259, 14.302612058186437 ], [ 131.061402679016226, 15.015214867723639 ], [ 131.581272597530443, 16.184567993069496 ] ] ] } },
{ "type": "Feature", "properties": { }, "geometry": { "type": "Polygon", "coordinates": [ [ [ -45.628046445187501, -58.768259318554286 ], [ -47.842698659071964, -57.87069117144766 ], [ -50.391078583589838, -57.706966220679526 ], [ -52.76102732760156, -57.958321407484355 ], [ -57.496893429776868, -62.041895618878009 ], [ -60.308841696818043, -68.118762167739149 ], [ -64.35160991811783, -70.339037896194981 ], [ -56.649893866973827, -72.642477831393904 ], [ -52.097213008000246, -75.195535591657958 ], [ -45.848117525117502, -74.507794308576791 ], [ -45.504506387572768, -74.148396890849085 ], [ -41.329900669661647, -73.564255119808237 ], [ -38.505828761285734, -72.616665781724791 ], [ -37.907943075038993, -71.413963529913445 ], [ -37.952019414143912, -70.472962567925805 ], [ -39.092467433495308, -67.957842104969799 ], [ -42.166319625456083, -64.35857409841455 ], [ -43.497674390545427, -63.457985242851109 ], [ -43.787990468850623, -61.990759729449323 ], [ -45.093611417995895, -60.569078687377498 ], [ -44.805753207549081, -60.016180166250791 ], [ -45.628046445187501, -58.768259318554286 ] ] ] } },
{ "type": "Feature", "properties": { }, "geometry": { "type": "Polygon", "coordinates": [ [ [ 12.451537754662054, -77.643821386957612 ], [ 121.625813099908854, -81.232576293627176 ], [ 121.308186595537222, -81.135288249032868 ], [ 124.342631759182339, -80.370590026290671 ], [ 118.537190517261735, -80.065152469569085 ], [ 116.067695335907189, -79.423173373577313 ], [ 117.186094000784536, -78.655266579338033 ], [ 117.225642355303691, -78.233844817271944 ], [ 116.189818400945214, -77.948108104658672 ], [ 114.596706916320656, -76.17636930713995 ], [ 112.894145380615939, -75.801073680817254 ], [ 110.631955313163701, -74.501588181043942 ], [ 109.665992675302945, -73.438182193445002 ], [ 109.743790661527669, -71.966044696284129 ], [ 108.65863478894731, -71.548278592472926 ], [ 108.343872168528293, -70.583422817229632 ], [ 103.170601086685011, -67.068407424037161 ], [ 99.955781682072384, -63.87650935537291 ], [ 91.875739357193595, -63.210018056996269 ], [ 87.126099719159896, -63.138282069682802 ], [ 82.769966641613408, -61.845674013956298 ], [ 76.70585292783143, -60.637759046773482 ], [ 71.026344581560863, -58.878362858487201 ], [ 67.121028221457593, -56.828059486331583 ], [ 62.262436079159677, -56.044656789467872 ], [ 61.727998969566741, -57.191744574063065 ], [ 56.973377354691166, -57.371084408864775 ], [ 53.284155519934437, -57.050177618797917 ], [ 47.055838561611147, -55.554051736848265 ], [ 46.718111360681846, -55.384676065270895 ], [ 46.827232119771146, -54.709383047455475 ], [ 45.275930364426742, -54.164444745525842 ], [ 43.710587702295044, -54.52707849996861 ], [ 42.779481250163634, -53.864810497835187 ], [ 40.222959180503587, -53.72227062532194 ], [ 33.74393462341115, -52.452654763744249 ], [ 33.052653560219234, -53.103684912343304 ], [ 28.00246811697874, -51.880084578577389 ], [ 23.109123518017658, -53.38842757380116 ], [ 21.252389906138177, -54.790490929954345 ], [ 20.177403280079471, -54.584581357800317 ], [ 19.52030394155738, -55.213050443611174 ], [ 16.991995105879074, -54.493926365184706 ], [ 16.814295305652216, -54.039304675048108 ], [ 17.204826923321004, -52.777125629423871 ], [ 16.99811808760289, -52.402778221313525 ], [ 16.437517703875564, -52.315028021372513 ], [ 15.636183610245858, -53.202455446790935 ], [ 15.53713641491836, -54.012488454040309 ], [ 14.249786390936894, -56.132695052588183 ], [ 11.033747735739768, -57.485474116604216 ], [ 7.336274930332618, -57.515792334705331 ], [ 4.599484623263926, -57.034698486321695 ], [ -2.328259194664226, -58.281661525557801 ], [ -4.023521641126689, -58.482844342895078 ], [ -5.442566484836536, -58.283669970275703 ], [ 12.451537754662054, -77.643821386957612 ] ] ] } },
{ "type": "Feature", "properties": { }, "geometry": { "type": "Polygon", "coordinates": [ [ [ 179.99999999, -88.360619087230432 ], [ 145.689769607265333, -88.30583376266803 ], [ 105.018590879157685, -87.363377425695802 ], [ 99.505488537776159, -86.923441134427634 ], [ 100.310090221526664, -86.569045378082421 ], [ 100.301644669735779, -85.707784466583561 ], [ 99.652279202057699, -84.652095563440739 ], [ 90.416688472186834, -84.721781506533731 ], [ 25.758707597146792, -80.859331844962611 ], [ 16.966239634832473, -80.839004439419554 ], [ -14.380672435855205, -82.018395207867925 ], [ -10.690823483465092, -81.228723446395861 ], [ -10.610326457904694, -80.16144323203045 ], [ -6.244031101089185, -79.050912582244479 ], [ -8.7067303230014, -78.235704701596276 ], [ -12.384104152341012, -77.883432993155992 ], [ -13.917822966870569, -78.073434068770197 ], [ -13.387519199098094, -78.842995729336266 ], [ -19.077208730672091, -79.240429908753782 ], [ -20.796635161380657, -78.739563259194796 ], [ -20.508733375282709, -78.464819412137061 ], [ -20.725427355784333, -78.195232760905 ], [ -23.772051164925841, -78.343232801620061 ], [ -30.430182242757276, -76.227151065406048 ], [ -32.867329373906166, -76.518785568036989 ], [ -33.507047949199269, -76.973292132378717 ], [ -32.290902167146243, -77.150806571458261 ], [ -36.405259991040985, -77.352428556117516 ], [ -38.383144977535508, -77.338910505119742 ], [ -38.318993469715693, -77.10201478445471 ], [ -35.265947275361498, -76.788951030347022 ], [ -34.630118879862763, -76.330017840531866 ], [ -40.603488697150532, -76.47778227012094 ], [ -35.847861551957521, -75.407048056046222 ], [ -37.189950102493569, -75.106504410355711 ], [ -40.777264562351533, -75.587673871873335 ], [ -44.582755258507362, -75.435087910562387 ], [ -50.765694373179592, -76.366682487266274 ], [ -57.503239934032266, -79.244346043749417 ], [ -66.427122430168907, -81.985735218248905 ], [ -66.756871569343957, -82.898977177812299 ], [ -69.658902334736581, -84.475655820960341 ], [ -76.828925866053254, -87.1266689850451 ], [ -79.583533162884123, -87.699200153473868 ], [ -87.668635378271773, -88.365309867314863 ], [ -110.167986077179464, -88.899840510287021 ], [ -150.309780848810249, -88.047906094775982 ], [ -154.899822738415565, -87.645493950378878 ], [ -161.305783385825578, -87.789148182651147 ], [ -179.99999999, -88.360619087230432 ], [ -179.99999999, -90.0 ], [ 179.99999999, -90.0 ], [ 179.99999999, -88.360619087230432 ] ] ] } },
{ "type": "Feature", "properties": { }, "geometry": { "type": "Polygon", "coordinates": [ [ [ 15.150201108282536, -37.635505952545216 ], [ 16.36242920493352, -36.121514968406366 ], [ 16.580989244307496, -34.722035877882305 ], [ 19.66524291274489, -30.150641848265114 ], [ 14.044036394042299, -30.044714852040787 ], [ 13.063473809029052, -30.423658987117495 ], [ 12.736186677847302, -31.094922714395064 ], [ 10.255667450732181, -31.714702244410454 ], [ 7.794741860869522, -33.969930319125183 ], [ 6.155218537703552, -37.695716427129462 ], [ 6.952416038876629, -38.725698781221993 ], [ 8.767333438237488, -42.452528806761194 ], [ 9.285814678686631, -42.021334997949857 ], [ 11.92826663094926, -41.490033337398827 ], [ 12.738331938418225, -39.705945943940876 ], [ 15.150201108282536, -37.635505952545216 ] ] ] } },
{ "type": "Feature", "properties": { }, "geometry": { "type": "Polygon", "coordinates": [ [ [ -50.868948764719221, 44.507057863580485 ], [ -52.199925802063639, 42.759849843284975 ], [ -52.144735596708045, 42.310752207520878 ], [ -51.64738464687268, 42.399412519834442 ], [ -51.47342181939527, 42.058155849805821 ], [ -52.137925014987097, 41.926312956483706 ], [ -51.966331154876762, 41.077803045441833 ], [ -50.84525683754454, 41.306964650958605 ], [ -50.727418510288864, 41.946712163000981 ], [ -50.03504934288101, 41.542307587386922 ], [ -49.694779310596651, 42.975552053885977 ], [ -50.000664461907235, 43.326539419413464 ], [ -50.644755154339222, 42.290679380711047 ], [ -50.30862774306118, 43.366270384116447 ], [ -49.832721776395083, 43.762473142814635 ], [ -50.523102669625047, 45.281122124533084 ], [ -50.709105746373616, 46.675219458956249 ], [ -51.016373941055207, 46.360681733569606 ], [ -50.868948764719221, 44.507057863580485 ] ] ] } },
{ "type": "Feature", "properties": { }, "geometry": { "type": "Polygon", "coordinates": [ [ [ -38.448981125324039, 69.434362706065315 ], [ -39.780040050455554, 69.516687985179047 ], [ -39.901692065952531, 69.343326763796213 ], [ -38.71856521005946, 68.684463563500543 ], [ -38.448981125324039, 69.434362706065315 ] ] ] } },
{ "type": "Feature", "properties": { }, "geometry": { "type": "Polygon", "coordinates": [ [ [ -47.543307338733598, 61.130149853101919 ], [ -47.447797672383047, 62.231352013212458 ], [ -47.827598791854392, 62.39042681007686 ], [ -48.326122945602648, 63.724828437725975 ], [ -51.512901723379976, 65.020225207047957 ], [ -59.093478663659639, 64.852602021348915 ], [ -55.253324666056841, 63.849607734956884 ], [ -52.772417825491125, 62.567679084951848 ], [ -52.09089940195603, 61.168400591737971 ], [ -52.051734611012996, 58.986474531449439 ], [ -50.266108237304977, 58.980405420080217 ], [ -50.446802526150471, 60.212114537938483 ], [ -49.159446140926057, 60.059365946801691 ], [ -50.12328099146589, 61.373504299444008 ], [ -48.416273803253951, 61.693073678607696 ], [ -47.543307338733598, 61.130149853101919 ] ] ] } },
{ "type": "Feature", "properties": { }, "geometry": { "type": "Polygon", "coordinates": [ [ [ -28.508293565665511, -47.447022042782791 ], [ -29.022173935901534, -46.98717947313817 ], [ -37.045426764868814, -44.321349330950149 ], [ -41.153858111617929, -43.953898621304717 ], [ -41.276680237988856, -45.427975303246704 ], [ -38.652141297370008, -49.141396462073395 ], [ -29.830848248172007, -49.431511360786018 ], [ -28.508293565665511, -47.447022042782791 ] ] ] } },
{ "type": "Feature", "properties": { }, "geometry": { "type": "Polygon", "coordinates": [ [ [ -41.192021135044733, -44.622091141869625 ], [ -44.647054493181997, -43.600896288329331 ], [ -50.618080646085588, -39.137493417113703 ], [ -51.158172286862566, -42.766387695479601 ], [ -52.186827060542932, -43.966400793338472 ], [ -53.495891281411886, -47.075608219410903 ], [ -46.872427546353435, -47.45513552941032 ], [ -42.862111857814575, -48.834983334580677 ], [ -41.042976038202859, -48.756963026953663 ], [ -38.652141297370008, -49.141396462073395 ], [ -41.276680237988856, -45.427975303246704 ], [ -41.192021135044733, -44.622091141869625 ] ] ] } },
{ "type": "Feature", "properties": { }, "geometry": { "type": "Polygon", "coordinates": [ [ [ -28.878951495872823, -49.003254579672642 ], [ -37.675310171718998, -49.275019843471213 ], [ -37.05352500865741, -50.089355745159537 ], [ -37.290120482322038, -51.462830564201269 ], [ -36.618685285306356, -52.998095540628718 ], [ -36.018513668549318, -53.727950642333653 ], [ -34.662672101714705, -54.366471909697999 ], [ -33.436504021287156, -56.346736016002843 ], [ -32.393549496393341, -57.240330966077615 ], [ -30.866567756604891, -57.204065547342601 ], [ -29.877569449389391, -56.72677708582853 ], [ -30.840142390490531, -56.587205714552617 ], [ -30.908127260038146, -54.874106290250829 ], [ -31.668640083111296, -53.214780198417991 ], [ -32.091573407078045, -52.923622863697602 ], [ -30.85440640391149, -51.848428481974942 ], [ -28.878951495872823, -49.003254579672642 ] ] ] } },
{ "type": "Feature", "properties": { }, "geometry": { "type": "Polygon", "coordinates": [ [ [ 27.050876839570467, 81.396637803026167 ], [ 25.447346678383692, 80.360712487033211 ], [ 26.293618299233536, 80.031848120682 ], [ 25.921141371662173, 79.607897304158769 ], [ 31.230930409451663, 79.803479293783951 ], [ 31.680409893800771, 79.594105274124388 ], [ 31.798049672693416, 78.843493093573912 ], [ 42.330934429050593, 79.724479335006322 ], [ 57.699728517544173, 79.844047071356357 ], [ 65.983460421347999, 80.453212998961661 ], [ 73.527447468265152, 81.425839475322519 ], [ 80.645258844255977, 83.090351852732212 ], [ 83.817635681242933, 83.52624804701469 ], [ 103.23292583287666, 81.893761988543417 ], [ 120.111320671496472, 79.745913003696828 ], [ 120.134957396008289, 80.368880588614374 ], [ 112.331488222076842, 82.246960674651689 ], [ 110.665097891448966, 83.32347866072584 ], [ 103.803033775716656, 85.30780284048727 ], [ 104.256019283222102, 85.639005135760954 ], [ 108.558156581431803, 85.936521043436997 ], [ 104.690394740104011, 86.365616101236455 ], [ 107.957681724915474, 87.149870882863794 ], [ 121.520381743197646, 87.529787695275516 ], [ 103.838224084174726, 87.631018677789783 ], [ 80.239374404595523, 87.280343753083727 ], [ 66.7191275966821, 86.535799473329689 ], [ 65.648277752121459, 86.128468106390841 ], [ 69.030529777855619, 85.858604123425437 ], [ 68.44557492519948, 85.53119676620878 ], [ 56.926615784344129, 83.630268465835854 ], [ 39.017719217673687, 81.248759286299773 ], [ 27.050876839570467, 81.396637803026167 ] ] ] } },
{ "type": "Feature", "properties": { }, "geometry": { "type": "Polygon", "coordinates": [ [ [ 151.916160767455239, 83.655324859691191 ], [ 131.267828346482474, 84.972300492322333 ], [ 122.675935344794524, 85.092514070374136 ], [ 117.114381091376046, 84.567201948758012 ], [ 119.644030007736987, 82.492166064876741 ], [ 120.012466886004546, 81.396816621046383 ], [ 125.735897362971059, 79.397157886179684 ], [ 125.402675426107592, 78.77737654612406 ], [ 128.814026423209498, 78.244297586709351 ], [ 130.715787489713108, 78.749247931394606 ], [ 131.474946637902889, 79.993828607567025 ], [ 135.548897917141289, 81.884332848152837 ], [ 141.948051686485286, 82.794428240468392 ], [ 155.76294104881876, 83.098196408277687 ], [ 151.916160767455239, 83.655324859691191 ] ] ] } },
{ "type": "Feature", "properties": { }, "geometry": { "type": "Polygon", "coordinates": [ [ [ 8.418223167527055, 52.734741340611045 ], [ 5.491581234127445, 53.545214277838674 ], [ 3.686106659579586, 53.390732968619261 ], [ 3.689385384958201, 53.666776009152443 ], [ -1.12103070830274, 53.020448683904384 ], [ -8.006800924778275, 50.819471417111075 ], [ -9.98749953884492, 49.592813844156808 ], [ -9.688220976677387, 48.442251088107227 ], [ -8.520122681995346, 46.917562745290489 ], [ -8.146612250251623, 40.89427275186344 ], [ -11.735119317434014, 36.39771230201049 ], [ -11.753195744856351, 35.633749200017625 ], [ -10.376467467525028, 34.827106703229759 ], [ -7.373210028181977, 30.648980182912393 ], [ -3.630694802688184, 29.751739945276505 ], [ -2.804601128335678, 30.469766742262003 ], [ -0.966811886687441, 33.431871777990139 ], [ 0.801652110095759, 34.524689696365805 ], [ 3.856691919236776, 37.221335103953471 ], [ 6.28518970928697, 38.268187329266027 ], [ 7.741209930021403, 39.503325604363276 ], [ 8.422427697755559, 40.877608991736921 ], [ 8.188601574375445, 42.74122367403357 ], [ 8.835869390223204, 43.570551264371417 ], [ 10.376456831502869, 44.165623886345145 ], [ 14.028403434751867, 46.78838660604611 ], [ 12.871665436598493, 48.278180365090826 ], [ 12.45993121374419, 49.956368549606523 ], [ 11.471045402988304, 50.992941152796632 ], [ 8.755510277089403, 52.236118001601504 ], [ 8.418223167527055, 52.734741340611045 ] ] ] } },
{ "type": "Feature", "properties": { }, "geometry": { "type": "Polygon", "coordinates": [ [ [ 7.362330623230388, 61.578876244308653 ], [ 7.478666797382607, 60.781908894576929 ], [ 10.392050017927522, 59.371812750337668 ], [ 13.940760018595078, 60.078995384282258 ], [ 15.569034946185269, 61.729583988914179 ], [ 12.981159749438781, 63.208868415590118 ], [ 8.652766411102201, 63.848246158557934 ], [ 8.787318479423753, 63.331912150903904 ], [ 7.362330623230388, 61.578876244308653 ] ] ] } },
{ "type": "Feature", "properties": { }, "geometry": { "type": "Polygon", "coordinates": [ [ [ -12.320658920847727, 56.547076720361716 ], [ -9.530790164301331, 55.909627813992323 ], [ -8.401019478857103, 56.336538381490591 ], [ -5.839163623698609, 58.846347721414801 ], [ -3.742043564780285, 60.108888086085713 ], [ -8.953226088997834, 60.429223167312493 ], [ -16.096264487515537, 61.892709333448138 ], [ -19.596642368118228, 62.294580220604736 ], [ -22.019948027289431, 61.598044901995905 ], [ -22.05903824143585, 60.504465753662963 ], [ -20.921365730144608, 60.05707322788507 ], [ -20.143220569897636, 58.684426575950425 ], [ -17.354242033180537, 57.748347640478755 ], [ -15.258921579423644, 57.755347957649548 ], [ -13.163227516278425, 57.33355245766019 ], [ -12.320658920847727, 56.547076720361716 ] ] ] } },
{ "type": "Feature", "properties": { }, "geometry": { "type": "Polygon", "coordinates": [ [ [ 2.584291773413122, 56.796812211422676 ], [ 8.682654234748243, 53.323791705552395 ], [ 10.900372694183762, 54.472333826899927 ], [ 9.173265750124346, 57.934115808088166 ], [ 6.302370987843647, 59.881397478407742 ], [ 5.929776905307064, 58.833341985927127 ], [ 4.3637952234428, 58.263212000402397 ], [ 2.584291773413122, 56.796812211422676 ] ] ] } },
{ "type": "Feature", "properties": { }, "geometry": { "type": "Polygon", "coordinates": [ [ [ -21.902554804537658, 59.696011448524523 ], [ -22.093329555728499, 61.947018673183905 ], [ -20.011378633332388, 62.664903004354578 ], [ -24.371259695355889, 62.506923988045493 ], [ -28.726076992061422, 61.731694026198248 ], [ -32.102980649992091, 61.869889874328464 ], [ -34.820421613726964, 62.557247113371275 ], [ -38.357839163235234, 61.984307153827075 ], [ -39.09645097886122, 61.064989695393052 ], [ -40.935380081063791, 60.571112082301696 ], [ -43.223690191711249, 58.579823061250529 ], [ -43.380852468402288, 57.951411215536474 ], [ -42.36660663920955, 56.903831446079487 ], [ -42.215609610820444, 56.01637476171323 ], [ -42.486385765083675, 55.03946616570645 ], [ -44.031891999121122, 53.684689662705686 ], [ -46.951133519704001, 52.381463620132578 ], [ -48.73729516544212, 47.732372222274144 ], [ -47.438812308837058, 43.259186658214183 ], [ -48.166010574544366, 40.186206854151195 ], [ -48.699229222241733, 35.484411947911376 ], [ -48.162434617124624, 31.746875718685768 ], [ -48.93117715835097, 26.683968718196443 ], [ -52.394199790980615, 24.141543921625725 ], [ -53.04919137840303, 22.656185705701951 ], [ -51.666251825976858, 20.052463671616554 ], [ -52.787540468264289, 16.555626222057889 ], [ -52.750488741846574, 15.273049702243936 ], [ -51.871372391302963, 14.698374250353204 ], [ -50.253950367703837, 14.312417784555203 ], [ -48.762560100829717, 12.843463899649995 ], [ -48.764863108467303, 12.338333842297956 ], [ -47.965139454954091, 11.313164081323558 ], [ -45.524755173013119, 12.981376444210689 ], [ -44.286283040808357, 13.134218317326029 ], [ -40.452994270369402, 12.302596778906265 ], [ -38.39893810281049, 11.193134816189623 ], [ -36.648335161052465, 11.062031441458192 ], [ -39.039738275679511, 14.677793749896582 ], [ -41.262021692459939, 16.561412158065842 ], [ -37.288809409403484, 15.622392779231522 ], [ -33.488181807133323, 15.847824803695802 ], [ -31.594905444909951, 16.411528019745031 ], [ -24.976855677352841, 19.505999136100321 ], [ -21.93319455515384, 20.179205539930994 ], [ -20.713522785569818, 21.660467082648161 ], [ -14.657319189172654, 24.407791965080069 ], [ -8.737510022688136, 24.431618125927081 ], [ -5.942588836424683, 25.560260569597357 ], [ -1.905735044312108, 26.653176528671466 ], [ -2.706118957281165, 27.182301301703035 ], [ -3.247195244141745, 28.209406769696926 ], [ -3.51326065059046, 29.787251014534764 ], [ -6.027889439831908, 32.605297038651649 ], [ -8.118647146014084, 35.772569580196141 ], [ -8.416540263382879, 37.186309421336333 ], [ -11.266263831643636, 38.230631628092688 ], [ -12.773122911161312, 39.41717647881638 ], [ -16.239557148525947, 43.168081277189422 ], [ -16.168382050013044, 44.28279784051994 ], [ -14.07716948452372, 47.855424808557459 ], [ -14.125735865398431, 48.393251856714585 ], [ -15.361280560799619, 49.329272726087787 ], [ -16.562953959913706, 49.570100046250012 ], [ -17.00309466647661, 50.626547485405254 ], [ -16.447520080594483, 52.005510276226474 ], [ -13.415973325768917, 53.649448412966443 ], [ -22.445789455567763, 58.325507417898045 ], [ -21.902554804537658, 59.696011448524523 ] ] ] } },
{ "type": "Feature", "properties": { }, "geometry": { "type": "Polygon", "coordinates": [ [ [ 22.365922928559037, 84.908378303102793 ], [ 22.613108437210887, 85.165989917266344 ], [ 1.520099769861473, 85.178350914366973 ], [ -18.110715955220904, 84.763041538395058 ], [ -38.958019675964572, 83.882826853036477 ], [ -37.048013396075262, 83.491538980389038 ], [ -25.250417840329661, 83.581735766446741 ], [ 4.722116266504639, 84.570263294265729 ], [ 28.237758372457396, 83.911303729134005 ], [ 46.400676238441179, 84.253125518468323 ], [ 55.473268000195461, 85.280044734155666 ], [ 57.200728863612056, 85.938755001706141 ], [ 57.31836845332721, 86.40247381956101 ], [ 47.729256950799012, 87.508493821163498 ], [ 47.203523480838747, 87.951146541267278 ], [ 53.651599947055054, 89.416299825370828 ], [ -8.967231355735693, 88.95306403114914 ], [ -4.188836442104545, 88.600167300236706 ], [ -13.720893381490127, 88.288291758938243 ], [ 25.254086961408234, 87.105651712719251 ], [ 31.6304487752782, 85.633544180545357 ], [ 42.444945495478812, 84.627794255669329 ], [ 28.421600022287127, 84.351070643177934 ], [ 22.365922928559037, 84.908378303102793 ] ] ] } },
{ "type": "Feature", "properties": { }, "geometry": { "type": "Polygon", "coordinates": [ [ [ -3.819750345003727, 69.539021435496451 ], [ -1.677290075852518, 68.810318375127807 ], [ 2.745907186788494, 68.155598679617441 ], [ 3.795891812786615, 67.58107589529061 ], [ 5.034970010115427, 66.266960457035424 ], [ 4.723158448712785, 65.990603455479757 ], [ 4.634381842008819, 64.494193311330264 ], [ 5.69534476216574, 64.821801316511596 ], [ 8.670654157348565, 64.553377590496851 ], [ 13.775904200959967, 65.253012514349379 ], [ 15.580641023352262, 65.022749245218947 ], [ 14.51039597402098, 65.38886765601076 ], [ 10.270523839352107, 65.803699995399072 ], [ 9.635513932596632, 66.097472493751852 ], [ 9.585216254343205, 66.41333464189799 ], [ 8.315324869174633, 66.274476455095908 ], [ 7.26521604395812, 67.157422390408271 ], [ 7.050291018008955, 68.22885205600889 ], [ 7.572233992031517, 69.729847081236329 ], [ 0.305057640494358, 70.048284632446851 ], [ -3.819750345003727, 69.539021435496451 ] ] ] } },
{ "type": "Feature", "properties": { }, "geometry": { "type": "Polygon", "coordinates": [ [ [ 19.094061101943424, 32.441354952396694 ], [ 11.789251157532775, 32.947308105136962 ], [ 9.93664729949368, 33.434624567441716 ], [ 9.553153789307681, 31.873988593695227 ], [ 6.737463971910778, 29.846136700669511 ], [ 4.938354357254553, 27.969029357968218 ], [ 3.529744636163291, 27.376250060326349 ], [ 0.663863825720101, 24.258994229618217 ], [ 2.074995344115894, 22.509811267388844 ], [ 2.614640367882029, 22.268848509185823 ], [ 4.634098354101262, 24.254288390674404 ], [ 9.66781904879015, 26.308408689884331 ], [ 10.977412253071279, 26.565161635830815 ], [ 11.746389506470734, 26.158820971556999 ], [ 13.066946681707616, 26.083624048055011 ], [ 15.837413524863937, 26.749197550832623 ], [ 19.505209412150712, 30.362918796767662 ], [ 20.595318945766699, 30.864020796380288 ], [ 24.405638091832117, 31.588145286454576 ], [ 21.095851152348907, 32.593361503512583 ], [ 19.822468221761905, 32.789353063004455 ], [ 19.094061101943424, 32.441354952396694 ] ] ] } },
{ "type": "Feature", "properties": { }, "geometry": { "type": "Polygon", "coordinates": [ [ [ 136.680536357600403, 63.2497437856413 ], [ 138.25502827735238, 63.899996948091953 ], [ 140.019391933915614, 65.415740647549413 ], [ 144.100743547182589, 70.498199236400296 ], [ 144.17501208815662, 71.935924598709548 ], [ 143.190990937991728, 73.530754694997384 ], [ 137.63785278118749, 72.268649859648278 ], [ 137.154315479853409, 71.82409548110887 ], [ 137.489929214219558, 69.365129192455996 ], [ 137.026871673851304, 66.552174274698089 ], [ 136.469019672069663, 65.083645009854934 ], [ 136.680536357600403, 63.2497437856413 ] ] ] } },
{ "type": "Feature", "properties": { }, "geometry": { "type": "Polygon", "coordinates": [ [ [ 7.054735859479047, 19.107511137977809 ], [ 4.846879242123114, 22.676422398561225 ], [ 2.809162263834984, 23.647222336755462 ], [ -0.671787847382984, 24.300746948320281 ], [ -1.437721788252607, 23.77531751793277 ], [ -4.132009097079475, 20.307951133134093 ], [ -5.4928259877368, 19.33224451821366 ], [ -4.488358898919569, 18.321286239852519 ], [ -3.581351470467972, 18.259887202786125 ], [ -2.017595215395264, 16.481419018646324 ], [ -0.72143994031068, 15.869574603784185 ], [ 0.701204503571397, 15.843314698716707 ], [ 4.56562369961019, 14.989507211791642 ], [ 6.963649782830585, 15.649276890557035 ], [ 9.918811723334311, 15.584727400123928 ], [ 10.048769784983449, 15.948569281986922 ], [ 9.632303651075141, 15.970691143155586 ], [ 9.218132287384098, 17.459556725211808 ], [ 7.054735859479047, 19.107511137977809 ] ] ] } },
{ "type": "Feature", "properties": { }, "geometry": { "type": "Polygon", "coordinates": [ [ [ -52.750488741846574, 15.273049702243936 ], [ -57.239383379434251, 21.580928795844297 ], [ -58.127789692077258, 23.976880059858242 ], [ -59.440575771513039, 24.653768494635575 ], [ -59.466195828382787, 22.38599360142312 ], [ -58.403032013836494, 19.624346062320605 ], [ -58.77570014810496, 19.086882153162371 ], [ -58.097169128316843, 17.411856422132725 ], [ -58.153394969078903, 16.043593685029357 ], [ -57.559450225364849, 14.913464236995896 ], [ -57.817912048812197, 14.507903325343742 ], [ -57.487783620015584, 13.436992509766755 ], [ -57.786442387286968, 12.976664249243862 ], [ -57.259991456863524, 12.425426886524876 ], [ -57.111416150958853, 11.349983929402725 ], [ -56.855146652438172, 11.793387750970011 ], [ -51.308500649376249, 8.105621389282881 ], [ -49.117280879915796, 6.992283706142312 ], [ -48.208007532698943, 5.988821212871806 ], [ -47.838598926802263, 6.952586714809964 ], [ -48.896305700471373, 8.20977427978479 ], [ -48.953543376239722, 9.699708720385329 ], [ -48.638543796411099, 10.810222960287266 ], [ -47.965139454954091, 11.313164081323558 ], [ -48.764863108467303, 12.338333842297956 ], [ -48.762560100829717, 12.843463899649995 ], [ -50.253950367703837, 14.312417784555203 ], [ -51.871372391302963, 14.698374250353204 ], [ -52.750488741846574, 15.273049702243936 ] ] ] } },
{ "type": "Feature", "properties": { }, "geometry": { "type": "Polygon", "coordinates": [ [ [ 107.819711220897489, 16.870742639727638 ], [ 107.414978219322052, 17.443923296482936 ], [ 108.106225412367323, 19.325140692493552 ], [ 107.1169679846994, 20.848845452998457 ], [ 108.186079684118994, 20.191475806534005 ], [ 105.282519982573007, 22.6549802146621 ], [ 101.556643587861117, 26.897428802331422 ], [ 100.700249480699057, 27.329082448719916 ], [ 100.767846650522486, 25.568026838804442 ], [ 101.454494492417354, 23.84227443606105 ], [ 103.04246912972441, 22.185129557875545 ], [ 105.496718162087447, 20.386082567862438 ], [ 107.269631879743699, 16.733739729031061 ], [ 107.819711220897489, 16.870742639727638 ] ] ] } },
{ "type": "Feature", "properties": { }, "geometry": { "type": "Polygon", "coordinates": [ [ [ 112.239491636214026, 25.359984830232964 ], [ 110.588755878083632, 26.856950338811256 ], [ 107.704907434594375, 27.604997526192086 ], [ 107.021761637295711, 28.125993565505347 ], [ 105.382450813825827, 30.975685438163783 ], [ 101.203041550224697, 34.22233681218259 ], [ 99.002055644626012, 34.492480609508519 ], [ 101.953512668593362, 32.504653663043229 ], [ 101.983192084703575, 30.817108949519099 ], [ 101.148496309680397, 29.962647565336407 ], [ 101.557964035125721, 29.259267008422619 ], [ 103.342342561114506, 27.843015651194992 ], [ 106.985388944585154, 25.685313599931543 ], [ 112.239491636214026, 25.359984830232964 ] ] ] } },
{ "type": "Feature", "properties": { }, "geometry": { "type": "Polygon", "coordinates": [ [ [ -36.81708434488732, 7.008340941837824 ], [ -38.048895912925303, 10.111212997326586 ], [ -38.479621247044207, 10.560991086207256 ], [ -39.609513764751846, 10.778145899710799 ], [ -41.677492382849898, 11.805381253675193 ], [ -44.200020110181008, 11.467191269223198 ], [ -46.228646633998842, 10.652368169075396 ], [ -47.557186352544697, 9.305526899136296 ], [ -47.39317254977172, 8.874514155655445 ], [ -48.156785337733332, 8.328075343585395 ], [ -47.790810371606923, 6.412952002704764 ], [ -46.620164091930832, 4.339319321108138 ], [ -45.860043426739651, 3.636093509603372 ], [ -44.625105388248294, 3.384279200660075 ], [ -43.898992940180676, 3.58664011617548 ], [ -41.533016873003803, 5.29535878734646 ], [ -38.945804360857267, 6.25476056798043 ], [ -37.201040484209301, 6.315844528130877 ], [ -34.647675876324769, 5.861128873916519 ], [ -35.873466480667865, 6.882017611398696 ], [ -36.459693352389202, 8.025484232000178 ], [ -36.81708434488732, 7.008340941837824 ] ] ] } },
{ "type": "Feature", "properties": { }, "geometry": { "type": "Polygon", "coordinates": [ [ [ 124.791294097782412, 20.885377597430708 ], [ 126.220371324664768, 21.446749144315053 ], [ 124.30465113302067, 22.38347526362131 ], [ 121.952515048784591, 25.335757641845277 ], [ 120.484166761500262, 25.972928937713146 ], [ 114.925572353089578, 26.481431564217711 ], [ 110.5509730172367, 26.098787002612429 ], [ 112.767447629688405, 25.138776828397877 ], [ 115.364934648719256, 22.159641885483563 ], [ 123.406970922286717, 21.637571555062099 ], [ 124.791294097782412, 20.885377597430708 ] ] ] } },
{ "type": "Feature", "properties": { }, "geometry": { "type": "Polygon", "coordinates": [ [ [ -51.500922132179966, 8.229232842023409 ], [ -57.04485017791513, 11.924133623553988 ], [ -57.16562195786274, 11.757675500420325 ], [ -57.585836659582363, 10.270579381013867 ], [ -56.968741834565478, 8.964306978550072 ], [ -52.903792956741434, 4.309153280690638 ], [ -50.428108334782259, 2.832154744085661 ], [ -48.908927992688852, 2.59798628955179 ], [ -45.802481462390176, 1.243289360359972 ], [ -45.086593428409422, 1.193371658122889 ], [ -47.336184310556597, 2.776319318059314 ], [ -48.166047841947609, 3.878417390411075 ], [ -48.671788814580289, 4.996737418117207 ], [ -48.115835669947025, 5.746591986773319 ], [ -49.063494513391909, 6.946160229960642 ], [ -51.500922132179966, 8.229232842023409 ] ] ] } },
{ "type": "Feature", "properties": { }, "geometry": { "type": "Polygon", "coordinates": [ [ [ 28.070247978549329, -23.141436509339243 ], [ 26.653691628972329, -21.442956267312745 ], [ 26.826933598939068, -19.616463607820645 ], [ 26.111200816480331, -21.113548838365901 ], [ 25.55084145521942, -23.748261371134866 ], [ 24.784689972989046, -24.209193213605008 ], [ 24.357288271394243, -25.912549578287773 ], [ 23.31259282849436, -27.593066653280136 ], [ 25.168948752583916, -27.486052239282401 ], [ 28.533692855576696, -27.865490093583979 ], [ 27.905680361700224, -26.965830226445032 ], [ 27.818903273172001, -26.272978225891929 ], [ 28.329571608293001, -25.838757148521243 ], [ 28.308029520442329, -25.169105657415574 ], [ 27.97127354001665, -24.014872471222855 ], [ 28.070247978549329, -23.141436509339243 ] ] ] } },
{ "type": "Feature", "properties": { }, "geometry": { "type": "Polygon", "coordinates": [ [ [ 118.005282763450253, -37.380005019710836 ], [ 116.928653948661321, -36.55371289389808 ], [ 112.542491728372966, -35.463143728147315 ], [ 111.98740469927175, -36.368904815561407 ], [ 113.986181558248987, -37.050162251947121 ], [ 118.005282763450253, -37.380005019710836 ] ] ] } },
{ "type": "Feature", "properties": { }, "geometry": { "type": "Polygon", "coordinates": [ [ [ 108.664233243252411, -33.391114628438352 ], [ 107.689668630397449, -33.190620861557314 ], [ 106.699282529583328, -34.038062438087948 ], [ 104.830240784782788, -34.36782555193259 ], [ 102.935496939863228, -33.839110992925349 ], [ 104.18976853790754, -35.623396560881048 ], [ 107.995070201235166, -35.244270476677414 ], [ 110.645607409284764, -36.706240055894717 ], [ 111.913015889905282, -36.295836573511949 ], [ 110.874091925567015, -34.876360680836697 ], [ 108.664233243252411, -33.391114628438352 ] ] ] } },
{ "type": "Feature", "properties": { }, "geometry": { "type": "Polygon", "coordinates": [ [ [ 16.562673456138548, -40.649999291250602 ], [ 16.325859359900786, -38.430247457163176 ], [ 15.150201108282536, -37.635505952545216 ], [ 12.738331938418225, -39.705945943940876 ], [ 11.92826663094926, -41.490033337398827 ], [ 9.285814678686631, -42.021334997949857 ], [ 8.767333438237488, -42.452528806761194 ], [ 8.827325297568141, -43.725118351580207 ], [ 6.960849826880453, -46.769718786869767 ], [ 6.581656352004217, -48.085539639354153 ], [ 5.129322944890466, -48.808945633546514 ], [ 5.328719550271626, -49.931875833331837 ], [ 4.674711417432481, -50.482143411485275 ], [ 2.595897409599159, -51.094677862321078 ], [ 1.727062540493516, -51.935768271446349 ], [ 2.421268615508019, -53.640733583374519 ], [ 7.079159842782426, -52.136642185366689 ], [ 11.040909165337153, -52.200479527109984 ], [ 13.724663529140832, -51.669038001666983 ], [ 16.56783841468739, -46.668907738223368 ], [ 16.17107051223006, -45.464222125242465 ], [ 16.386176600119693, -44.56776442588621 ], [ 17.144881287312714, -43.919948046714403 ], [ 17.681739990650193, -41.333439339364098 ], [ 16.562673456138548, -40.649999291250602 ] ] ] } },
{ "type": "Feature", "properties": { }, "geometry": { "type": "Polygon", "coordinates": [ [ [ 93.759204109149948, -41.746974996262644 ], [ 94.988895859616832, -42.518050711713649 ], [ 103.907192132817059, -41.728923620661099 ], [ 108.387380640892914, -41.886654514890154 ], [ 110.067831423498276, -41.498652409967747 ], [ 113.703398258093443, -39.21093234067736 ], [ 113.104722723128646, -39.179115652444018 ], [ 111.517477335342463, -37.079615438546583 ], [ 110.429543360990266, -37.75770172429327 ], [ 108.731926867341556, -37.238610348018796 ], [ 108.54184054714689, -39.103941669681305 ], [ 106.554196055033742, -40.180939773405399 ], [ 103.806315060814228, -40.398548345976302 ], [ 101.448497204712268, -40.070741061935969 ], [ 98.890617620469428, -40.468584560606644 ], [ 96.118826570554504, -39.696187765330627 ], [ 93.759204109149948, -41.746974996262644 ] ] ] } },
{ "type": "Feature", "properties": { }, "geometry": { "type": "Polygon", "coordinates": [ [ [ 96.445409614582928, -40.53357679161649 ], [ 93.938591583443454, -40.080146574382027 ], [ 93.347573705829845, -40.560610919894955 ], [ 94.941997494485108, -42.9553565357038 ], [ 96.445409614582928, -40.53357679161649 ] ] ] } },
{ "type": "Feature", "properties": { }, "geometry": { "type": "Polygon", "coordinates": [ [ [ 149.448125936662052, -57.001421567744977 ], [ 144.756647649203273, -57.677041047450878 ], [ 143.889119068976953, -58.146986590138603 ], [ 143.753524263035757, -58.613588078953512 ], [ 141.100376056696717, -59.34014725662189 ], [ 141.796374605345534, -59.62500803053279 ], [ 141.124501481180971, -61.293623195068001 ], [ 142.408597864921404, -61.828130576728256 ], [ 142.16429564145119, -62.574943870202617 ], [ 142.483790640086767, -63.034802955139163 ], [ 140.515983497602804, -63.968077007371463 ], [ 140.500668490017119, -64.357784394033686 ], [ 139.843677140885319, -64.739494508221867 ], [ 140.392227202415029, -67.008056018549823 ], [ 139.05166021233569, -68.951363491022391 ], [ 137.527577704361079, -69.356902361860435 ], [ 137.826099521388016, -70.017702992508703 ], [ 137.177588490337627, -70.394929694356932 ], [ 137.169289666645028, -70.690365933112702 ], [ 138.074067180363102, -70.806401124934794 ], [ 137.462490305956777, -70.941908883172331 ], [ 137.637639532492017, -71.283278207289086 ], [ 140.104313362136168, -71.777868111944528 ], [ 139.681876257837558, -72.431583701485721 ], [ 138.981598350036961, -72.669037219055539 ], [ 152.661784142062004, -68.866718039891467 ], [ 158.886315071449502, -66.244266178607035 ], [ 158.489364719485252, -64.473704049297552 ], [ 158.806379270284424, -64.540775239216259 ], [ 158.730111009042361, -63.41842822798246 ], [ 158.449437840940249, -62.928815667815726 ], [ 156.843928000899581, -61.957422926511292 ], [ 156.453741992544082, -61.386961600134299 ], [ 152.790393468875806, -60.18756470455677 ], [ 151.740353299964369, -59.567321692555787 ], [ 149.808241531499903, -57.949569032320298 ], [ 149.448125936662052, -57.001421567744977 ] ] ] } },
{ "type": "Feature", "properties": { }, "geometry": { "type": "Polygon", "coordinates": [ [ [ 145.002275409128885, -60.071914102163525 ], [ 144.937318452273928, -58.371083322715826 ], [ 144.167392695662897, -58.165936314211294 ], [ 142.261498841862959, -58.897755354606659 ], [ 140.490324141198641, -59.119944223292912 ], [ 139.887347485055699, -59.649005428116034 ], [ 141.787443831494784, -61.966397952540419 ], [ 143.454860712821898, -63.448936937672634 ], [ 143.97063402442646, -63.362928587247502 ], [ 145.7141572698647, -62.739298343128631 ], [ 147.07445103577399, -61.626288352049883 ], [ 146.557915711136673, -61.211885731689144 ], [ 146.442368229084565, -60.458534192721281 ], [ 145.002275409128885, -60.071914102163525 ] ] ] } },
{ "type": "Feature", "properties": { }, "geometry": { "type": "Polygon", "coordinates": [ [ [ 145.18156405277216, -66.523791727843332 ], [ 145.252123590172914, -65.634251553091246 ], [ 144.357167471708721, -64.143262068698363 ], [ 144.972049275863355, -63.554156183251401 ], [ 144.919424284393244, -63.165106535887396 ], [ 142.40249231483449, -63.695654289128854 ], [ 141.265703229972331, -64.820014376698694 ], [ 141.009778803574704, -65.634000119790088 ], [ 141.445297228422049, -66.253312818800495 ], [ 142.418640857723631, -66.592664680330003 ], [ 145.18156405277216, -66.523791727843332 ] ] ] } },
{ "type": "Feature", "properties": { }, "geometry": { "type": "Polygon", "coordinates": [ [ [ 154.672172820764132, -72.81449316434859 ], [ 153.715436583433046, -72.044778257212187 ], [ 154.981960033989878, -70.64463521462234 ], [ 153.825703079785171, -70.371829548945485 ], [ 154.129785541426855, -69.317344853873237 ], [ 153.420511668127745, -68.890437348398336 ], [ 145.144694944009956, -71.027988903494574 ], [ 127.54202800887154, -73.588886940363523 ], [ 128.165277698477183, -74.506719198108797 ], [ 128.293785702969302, -75.599763702000985 ], [ 127.859119947205272, -76.003640786332653 ], [ 129.5027116212961, -76.756406619091251 ], [ 129.963349307314957, -77.847092445080605 ], [ 133.189503673493789, -78.717655029813258 ], [ 129.374077529382902, -79.977466710065258 ], [ 129.165621346315589, -80.783548281410006 ], [ 129.690735695321507, -81.095107462918634 ], [ 132.021092621372162, -81.410845687655467 ], [ 136.80557603634503, -81.428667212418944 ], [ 140.406637617624426, -80.977219665358092 ], [ 142.306140550089737, -80.101425842355908 ], [ 145.584918863416618, -79.680475916030346 ], [ 149.77131612825815, -77.399007856791087 ], [ 154.660949175172334, -78.212500873256815 ], [ 165.405408557506831, -79.256359763862093 ], [ 172.628930595960384, -78.837209474836982 ], [ 171.775837303880564, -77.933359080752879 ], [ 168.724046677440214, -76.527201683893765 ], [ 168.100590294688686, -75.667319755607707 ], [ 168.359425909955178, -75.27509764556396 ], [ 169.666935899077231, -74.918978186684484 ], [ 165.171026503842882, -74.910883959771212 ], [ 165.116023168690077, -75.894870838067035 ], [ 166.189988744852883, -77.911478843643948 ], [ 164.858619332523347, -77.490804765577764 ], [ 159.42497535875313, -77.310248455578389 ], [ 159.037929830419074, -76.935845587232507 ], [ 154.443961057221657, -76.492989650404468 ], [ 152.216341569873663, -75.86429230355607 ], [ 149.423230949807305, -73.724596081619069 ], [ 149.909105336602806, -73.606612003922095 ], [ 149.899809436158762, -73.152407711819421 ], [ 151.120431424560309, -72.967044455549967 ], [ 151.466517393796266, -72.582822400463655 ], [ 154.672172820764132, -72.81449316434859 ] ] ] } },
{ "type": "Feature", "properties": { }, "geometry": { "type": "Polygon", "coordinates": [ [ [ 140.147797149406699, -68.963859928148594 ], [ 144.036360134916151, -68.318559460360888 ], [ 144.750427256616092, -66.666769855091928 ], [ 141.970059803232033, -66.718030257973467 ], [ 142.135786006869921, -66.987956754719761 ], [ 140.147797149406699, -68.963859928148594 ] ] ] } },
{ "type": "Feature", "properties": { }, "geometry": { "type": "Polygon", "coordinates": [ [ [ 129.511252755023747, 36.85238055142019 ], [ 127.334354935428877, 36.230584190536753 ], [ 127.138547800566926, 33.934467143818615 ], [ 126.410613930546006, 32.410583408008556 ], [ 126.584758560066774, 31.764594971626948 ], [ 127.966918807955452, 33.878159790808446 ], [ 129.12732714629513, 34.354641436267471 ], [ 130.71419983499058, 36.756822291553021 ], [ 130.051247706346743, 36.444052889381602 ], [ 129.511252755023747, 36.85238055142019 ] ] ] } },
{ "type": "Feature", "properties": { }, "geometry": { "type": "Polygon", "coordinates": [ [ [ -33.091413091755598, 8.927152079743696 ], [ -34.439833777075975, 10.953911588476773 ], [ -38.39893810281049, 11.193134816189623 ], [ -37.335749427134829, 10.590364547498746 ], [ -36.990211817174711, 9.147228629842134 ], [ -37.295688799311044, 8.164133854766979 ], [ -36.379665221790475, 7.257818058463879 ], [ -34.790681147634253, 6.679859656909562 ], [ -33.510987566361436, 5.266572507675978 ], [ -31.533720188899427, 7.168414954913051 ], [ -30.502902254633277, 6.880953727802042 ], [ -30.861712112323467, 7.835406793748021 ], [ -31.538464594394632, 7.910929790305728 ], [ -31.626828052612971, 8.515865499092232 ], [ -33.091413091755598, 8.927152079743696 ] ] ] } },
{ "type": "Feature", "properties": { }, "geometry": { "type": "Polygon", "coordinates": [ [ [ -7.24894981943839, 52.132575729679672 ], [ -7.328390689895863, 52.636374953816023 ], [ -9.026977579994977, 51.889977293596537 ], [ -12.446834741868397, 53.674433220427915 ], [ -15.781843171937817, 52.252226380758991 ], [ -16.584204000591129, 50.920454616066799 ], [ -16.32363900205085, 49.839631352141382 ], [ -15.163065881152765, 49.516620320472498 ], [ -14.081690280538069, 48.49991305589198 ], [ -14.117409812696282, 47.961635480442446 ], [ -16.723747760732227, 44.552451455745626 ], [ -16.943987021337655, 43.447850926281447 ], [ -13.947223494939859, 39.472011901328941 ], [ -12.582206488763944, 38.185437576507809 ], [ -9.864473781650855, 36.947345163967839 ], [ -9.640107068791369, 37.913219182122745 ], [ -8.906034908042477, 38.674718405383004 ], [ -8.474161625126589, 39.718934595820301 ], [ -6.611789211257971, 41.735568019594055 ], [ -6.218594715663164, 42.644869139362044 ], [ -6.490147586766378, 47.006673528705527 ], [ -8.298933295109117, 50.123327715361746 ], [ -8.307042843021598, 50.694466248639181 ], [ -7.24894981943839, 52.132575729679672 ] ] ] } },
{ "type": "Feature", "properties": { }, "geometry": { "type": "Polygon", "coordinates": [ [ [ 7.075644750485577, 58.041981154386974 ], [ -3.487353684381643, 59.994030782073182 ], [ -5.652378966352689, 58.764267486069933 ], [ -6.831437731162898, 57.650860574139614 ], [ -6.323697745396228, 57.509775191311874 ], [ -4.817927258517905, 57.91812978067906 ], [ 1.872045629532039, 57.506431656446686 ], [ 7.075644750485577, 58.041981154386974 ] ] ] } },
{ "type": "Feature", "properties": { }, "geometry": { "type": "Polygon", "coordinates": [ [ [ -5.229280480821277, 52.60662956559112 ], [ -1.675180021956444, 54.062224684690285 ], [ -3.195858774966011, 54.406396998840293 ], [ -5.642444660372372, 54.409288317400254 ], [ -8.967884622319069, 53.665323597629502 ], [ -16.782246678603681, 55.376237250079768 ], [ -18.56973391912506, 55.27661367511049 ], [ -13.197658771393217, 51.90698959867251 ], [ -9.758622494030753, 50.235737872020998 ], [ -8.186705066373353, 51.038186020161561 ], [ -8.065615465901471, 50.537881474942587 ], [ -5.229280480821277, 52.60662956559112 ] ] ] } },
{ "type": "Feature", "properties": { }, "geometry": { "type": "Polygon", "coordinates": [ [ [ -1.972086077669048, 54.808615778305665 ], [ 0.917368584734929, 55.810239945793583 ], [ -1.172770675347047, 55.623290981430486 ], [ -4.303516190354045, 55.851466952696477 ], [ -5.089204139933631, 56.335539703315717 ], [ -8.624335199673832, 54.865140296834085 ], [ -8.919081667926276, 55.096856358959407 ], [ -9.893712700136955, 54.353146288186402 ], [ -8.506692410353194, 54.285839194179893 ], [ -6.027267234027173, 55.075067304281049 ], [ -3.539929631948667, 55.122166732192227 ], [ -1.972086077669048, 54.808615778305665 ] ] ] } },
{ "type": "Feature", "properties": { }, "geometry": { "type": "Polygon", "coordinates": [ [ [ 6.925307147379579, 57.660286311224091 ], [ 1.778074516863643, 57.120034497212636 ], [ -4.841492009487339, 57.530318506202775 ], [ -6.33172189041108, 57.122366856223913 ], [ -6.833938675561361, 57.263647765740167 ], [ -7.888476434179935, 56.19968731127323 ], [ -9.296105669374224, 55.603219167192364 ], [ -8.696253847667689, 55.302179355513346 ], [ -5.083632252371917, 56.742572341687179 ], [ -4.303403280245162, 56.251709719715905 ], [ 0.319247544771014, 56.077488574399013 ], [ 6.95506646688948, 57.351641870287587 ], [ 6.925307147379579, 57.660286311224091 ] ] ] } },
{ "type": "Feature", "properties": { }, "geometry": { "type": "Polygon", "coordinates": [ [ [ -33.976948820552686, 60.015604823360739 ], [ -30.908259268090152, 62.845008123464083 ], [ -31.12950526600849, 64.457271242311151 ], [ -26.322842496841428, 66.941398068213289 ], [ -23.580219285133918, 69.253173892164227 ], [ -25.076272998152167, 69.682251473367629 ], [ -28.409366992592595, 69.685429005307682 ], [ -31.061731150199876, 68.699444911731774 ], [ -30.259460766737174, 67.984473726637319 ], [ -32.676383388017172, 66.746940640347887 ], [ -33.91401936890567, 65.219017933714767 ], [ -33.809975697319537, 63.532913633052956 ], [ -34.363540777089668, 63.15629871649169 ], [ -34.352616248915595, 62.662312861965894 ], [ -35.439804319178627, 62.732701128118208 ], [ -36.223029644445084, 63.202699448968346 ], [ -36.792801521179157, 62.073714038155344 ], [ -36.445151192341115, 60.757527872883088 ], [ -35.974730704582562, 60.305377184969828 ], [ -33.976948820552686, 60.015604823360739 ] ] ] } },
{ "type": "Feature", "properties": { }, "geometry": { "type": "Polygon", "coordinates": [ [ [ -29.879301891719461, 6.716656864047952 ], [ -31.533720188899427, 7.168414954913051 ], [ -33.510987566361436, 5.266572507675978 ], [ -29.939396574175156, 1.744542212884971 ], [ -28.351005042971632, 3.919951154664944 ], [ -29.879301891719461, 6.716656864047952 ] ] ] } },
{ "type": "Feature", "properties": { }, "geometry": { "type": "Polygon", "coordinates": [ [ [ -87.487796969989731, -79.369420795980986 ], [ -90.527520693358568, -80.377993817389452 ], [ -96.261767845818071, -81.473455766119685 ], [ -100.746772672468225, -82.78978246807138 ], [ -110.334866197228607, -83.584690081570841 ], [ -115.046082383559011, -84.715166417283783 ], [ -139.386421662285187, -86.957811823824628 ], [ -154.899822738415565, -87.645493950378878 ], [ -150.309780848810249, -88.047906094775982 ], [ -121.3042286958582, -88.855866242031169 ], [ -99.565235112729198, -88.791628946500182 ], [ -87.668635378271773, -88.365309867314863 ], [ -79.583533162884123, -87.699200153473868 ], [ -76.828925866053254, -87.1266689850451 ], [ -69.658902334736581, -84.475655820960341 ], [ -66.756871569343957, -82.898977177812299 ], [ -66.293591598791764, -81.995872433169993 ], [ -87.487796969989731, -79.369420795980986 ] ] ] } },
{ "type": "Feature", "properties": { }, "geometry": { "type": "Polygon", "coordinates": [ [ [ -57.055815405391392, -74.014692437349396 ], [ -66.25684613915432, -71.999444291054132 ], [ -66.909001563266983, -72.627865461810941 ], [ -68.404625000466069, -73.240516654168474 ], [ -68.871158843028724, -74.332282349734967 ], [ -69.335908367834165, -74.485879988717102 ], [ -75.882040645202494, -76.089059570488885 ], [ -79.470165052326962, -77.657161143026286 ], [ -87.71715693485406, -79.322816219340723 ], [ -66.427122430168907, -81.985735218248905 ], [ -57.503239934032266, -79.244346043749417 ], [ -50.765694373179592, -76.366682487266274 ], [ -57.055815405391392, -74.014692437349396 ] ] ] } },
{ "type": "Feature", "properties": { }, "geometry": { "type": "Polygon", "coordinates": [ [ [ 135.749419966774411, 78.846294267295988 ], [ 134.521438844367083, 78.862244212278625 ], [ 130.029889427366868, 78.425285045881239 ], [ 132.586586898895803, 77.396543226682837 ], [ 133.370357036828267, 78.207279302651145 ], [ 135.749419966774411, 78.846294267295988 ] ] ] } },
{ "type": "Feature", "properties": { }, "geometry": { "type": "Polygon", "coordinates": [ [ [ 136.814661417411713, 74.594978600537999 ], [ 136.686550346279347, 75.154475329574808 ], [ 137.752372121238778, 76.017769875755732 ], [ 141.869164040385584, 77.233101220071276 ], [ 140.133861324631056, 78.12968179710461 ], [ 135.83149360706355, 78.845102310472328 ], [ 133.370357036828267, 78.207279302651145 ], [ 132.586586898895803, 77.396543226682837 ], [ 136.814661417411713, 74.594978600537999 ] ] ] } },
{ "type": "Feature", "properties": { }, "geometry": { "type": "MultiPolygon", "coordinates": [ [ [ [ 179.99999999, -76.637925544778909 ], [ 174.548013185244912, -75.95664028038378 ], [ 170.731564551811431, -74.694874691007783 ], [ 162.05013709182299, -74.255160560372317 ], [ 160.956947944972171, -74.365336064204115 ], [ 159.899051064206446, -75.045190913201765 ], [ 160.371289941811881, -75.909948274239937 ], [ 163.035732757723451, -77.342481187512533 ], [ 163.994126304279831, -79.277368274756867 ], [ 164.125554066777028, -80.880616170899103 ], [ 176.76962057435, -81.224674074694803 ], [ 178.242363233925573, -81.695811571540602 ], [ 177.522580799073836, -81.145636798444997 ], [ 179.99999999, -77.772546708866386 ], [ 179.99999999, -76.637925544778909 ] ] ], [ [ [ -179.99999999, -76.637925544778909 ], [ -179.97107253875086, -77.730847293136264 ], [ -178.877080102435173, -76.652710447360022 ], [ -179.99999999, -76.637925544778909 ] ] ] ] } },
{ "type": "Feature", "properties": { }, "geometry": { "type": "Polygon", "coordinates": [ [ [ 159.098027348459254, -79.821176228077135 ], [ 148.491955681831456, -78.577276284357168 ], [ 143.86796992159546, -77.67013398769447 ], [ 138.395050035154554, -79.85631225680072 ], [ 139.025924872804154, -79.964741941053333 ], [ 139.258574938329417, -80.316999093065803 ], [ 138.244714810014841, -81.052251075094688 ], [ 131.765110794244066, -82.538793778952012 ], [ 131.604597224491187, -82.91049327836167 ], [ 132.367737633328346, -83.36829296912282 ], [ 130.097449883374793, -84.344397969307607 ], [ 131.597377056562124, -85.197659472109322 ], [ 133.822818020387786, -85.585571876398689 ], [ 157.570593863374455, -84.712478231513117 ], [ 162.09848274928197, -84.138956780212425 ], [ 165.641606953182475, -83.153304595414099 ], [ 166.797662579105918, -82.088486130539465 ], [ 167.08834081239354, -80.55756532789988 ], [ 166.941926839905477, -79.531626315902983 ], [ 159.098027348459254, -79.821176228077135 ] ] ] } },
{ "type": "Feature", "properties": { }, "geometry": { "type": "Polygon", "coordinates": [ [ [ 145.62634355248494, -49.281961298036869 ], [ 145.157901848075255, -49.30187942644983 ], [ 144.470344464065221, -50.833571764160233 ], [ 143.292562938148478, -52.008132753365189 ], [ 141.572337608265997, -52.695184833278731 ], [ 141.165568644149118, -54.18521588736597 ], [ 143.21936628169783, -54.17518073386703 ], [ 144.777926363387849, -53.607435607125204 ], [ 145.490829193846224, -52.780704873911354 ], [ 146.181748957133408, -50.394176097860587 ], [ 146.145848984407934, -49.836459760726697 ], [ 145.62634355248494, -49.281961298036869 ] ] ] } },
{ "type": "Feature", "properties": { }, "geometry": { "type": "Polygon", "coordinates": [ [ [ 135.098286696416693, -48.249931869681177 ], [ 133.482183161790857, -48.304218616999712 ], [ 132.14957017804673, -47.974159811586219 ], [ 131.660238996503494, -48.887955645747539 ], [ 137.027531083854456, -50.088205199963454 ], [ 138.016754376795888, -50.787224195830625 ], [ 138.900169525696953, -50.119410964585263 ], [ 137.478683851455628, -49.149309783214065 ], [ 135.098286696416693, -48.249931869681177 ] ] ] } },
{ "type": "Feature", "properties": { }, "geometry": { "type": "Polygon", "coordinates": [ [ [ 142.749927945989327, -48.421171417554099 ], [ 140.143762911274962, -49.777396042808078 ], [ 138.527513241459076, -50.208158103692647 ], [ 137.982538619724465, -51.261142725349387 ], [ 138.827111417302575, -52.009289267477378 ], [ 140.093790370229726, -52.383318480311189 ], [ 141.341867450308001, -52.269764223432375 ], [ 141.989521774716849, -51.67381333601098 ], [ 142.847134694117813, -51.499290915500872 ], [ 142.814230070794281, -51.243268231871802 ], [ 143.784140829317408, -51.266079733152139 ], [ 144.506655859749713, -50.202430664043128 ], [ 143.0940885472709, -49.550359780131267 ], [ 143.217082674066148, -48.854321757221769 ], [ 142.749927945989327, -48.421171417554099 ] ] ] } },
{ "type": "Feature", "properties": { }, "geometry": { "type": "Polygon", "coordinates": [ [ [ 129.908445750578551, -47.194700776336106 ], [ 128.009102972221768, -46.428228083004242 ], [ 127.818778507844726, -48.225562775242643 ], [ 129.270557599614904, -48.610506370303469 ], [ 132.022662997066021, -48.619809592776924 ], [ 132.473703560049472, -47.697901927772456 ], [ 130.627038016479645, -47.025403477684748 ], [ 129.908445750578551, -47.194700776336106 ] ] ] } },
{ "type": "Feature", "properties": { }, "geometry": { "type": "Polygon", "coordinates": [ [ [ 128.237974863650408, -37.25955515799776 ], [ 121.558438787737316, -34.157806356113369 ], [ 120.224427410491288, -33.983828827354351 ], [ 118.338546624789558, -34.682235490345796 ], [ 121.403702603458896, -35.173720039832595 ], [ 124.267714541615589, -36.48407448482093 ], [ 128.615548422409347, -37.838210003833957 ], [ 129.29058685932327, -38.412231488323343 ], [ 128.237974863650408, -37.25955515799776 ] ] ] } },
{ "type": "Feature", "properties": { }, "geometry": { "type": "Polygon", "coordinates": [ [ [ 149.300660533503333, 60.618523023607729 ], [ 148.105961083544685, 60.530486344762039 ], [ 144.204277419729806, 60.685261785800897 ], [ 146.275343389925439, 59.274754993377783 ], [ 146.872244966352099, 58.22251395923886 ], [ 147.422368619511218, 59.310792041746907 ], [ 150.078606321309792, 59.059104991836648 ], [ 150.850217054846667, 59.525398638866626 ], [ 149.300660533503333, 60.618523023607729 ] ] ] } },
{ "type": "Feature", "properties": { }, "geometry": { "type": "Polygon", "coordinates": [ [ [ -32.594147216568629, -65.691023072451273 ], [ -37.734712080844332, -65.879684654738767 ], [ -39.519268073867892, -65.500078613074265 ], [ -42.166319625456083, -64.35857409841455 ], [ -39.092467433495308, -67.957842104969799 ], [ -38.342445091974483, -69.239818832692436 ], [ -37.907943075038993, -71.413963529913445 ], [ -38.505828761285734, -72.616665781724791 ], [ -39.658203556889404, -73.130049304489845 ], [ -45.504506387572768, -74.148396890849085 ], [ -45.848117525117502, -74.507794308576791 ], [ -42.385246082925633, -74.808296372691217 ], [ -37.972892093279533, -74.534462940928037 ], [ -37.621919497960448, -74.829917323370765 ], [ -42.800363261660095, -75.693107714695074 ], [ -37.081385724887603, -75.789813478718585 ], [ -38.018830177987837, -76.215316839641261 ], [ -41.367088750783807, -76.629478159517419 ], [ -40.762307593201974, -76.685178993193759 ], [ -35.486862356853365, -76.694030290094773 ], [ -36.498047088166338, -76.469111168226405 ], [ -35.544333100026449, -76.048667134674858 ], [ -33.00229734266793, -75.863673775011009 ], [ -31.942383042694438, -76.400199232025145 ], [ -24.601958718064388, -76.870717482871569 ], [ -26.666229701172348, -76.197667519637406 ], [ -26.414301932665754, -75.909300371361027 ], [ -23.518627905402472, -75.619546047515087 ], [ -14.659941105811471, -76.140374107907846 ], [ -32.594147216568629, -65.691023072451273 ] ] ] } },
{ "type": "Feature", "properties": { }, "geometry": { "type": "Polygon", "coordinates": [ [ [ -107.127959119587175, -87.09937662848948 ], [ -106.979416539227557, -86.410579460317791 ], [ -107.578939969653632, -85.991507726379425 ], [ -111.315695136617876, -85.271335039417664 ], [ -119.600548185525412, -84.721449696514313 ], [ -127.872956879746283, -84.642862317810525 ], [ -107.127959119587175, -87.09937662848948 ] ] ] } },
{ "type": "Feature", "properties": { }, "geometry": { "type": "Polygon", "coordinates": [ [ [ 37.110386774323594, -27.87216891601329 ], [ 36.728840608755775, -26.686220568636919 ], [ 35.606300079089003, -27.575669328442043 ], [ 32.315581877063046, -27.356973468292082 ], [ 31.387726834929644, -27.6938742802935 ], [ 30.381263318605264, -27.393733155877744 ], [ 28.212752905051829, -27.423880067822175 ], [ 23.815712151723659, -27.82129587028977 ], [ 23.900516008876245, -27.319336291159345 ], [ 21.637439181008098, -28.200502025508872 ], [ 19.926686823961397, -30.408326679912403 ], [ 18.875980534757733, -29.651509566320751 ], [ 15.825113336354169, -34.230895251649088 ], [ 15.613827605986854, -35.630987290674454 ], [ 14.416208384930243, -37.148542325160271 ], [ 15.587862811770462, -37.939809482836601 ], [ 15.833567839015386, -40.158872525123087 ], [ 16.919483238253775, -41.02749514395969 ], [ 17.871577031288695, -40.058091612774177 ], [ 19.514469804984213, -39.110314019530186 ], [ 20.211942988435379, -39.085525205430287 ], [ 24.093153012399121, -37.108458629248744 ], [ 27.587480052496115, -36.090412356316023 ], [ 31.510999437923054, -34.315409767931534 ], [ 36.737763478567807, -29.228635951929753 ], [ 36.620254240794651, -28.58244173882218 ], [ 37.110386774323594, -27.87216891601329 ] ] ] } },
{ "type": "Feature", "properties": { }, "geometry": { "type": "Polygon", "coordinates": [ [ [ 141.385064207422602, -70.324379238627884 ], [ 141.342872779497839, -70.029276700958732 ], [ 141.916808850246753, -69.640199359864866 ], [ 141.520423972545416, -68.986141924815783 ], [ 141.752722585317457, -68.833703703673962 ], [ 139.013869656842957, -69.319240082623196 ], [ 138.855824578674458, -71.207280898272529 ], [ 142.291822210887631, -70.422859958606438 ], [ 141.385064207422602, -70.324379238627884 ] ] ] } },
{ "type": "Feature", "properties": { }, "geometry": { "type": "Polygon", "coordinates": [ [ [ 14.327708035261676, -27.295408448617675 ], [ 11.360289595224387, -21.566581376807729 ], [ 10.600813724562348, -20.854450513350294 ], [ 6.161244182496151, -20.212715291927662 ], [ 1.448789441503604, -18.858145073847087 ], [ -0.904608334376246, -17.017985724746818 ], [ -2.240354968312715, -14.995485032569263 ], [ -9.873270280062572, -14.727742567276607 ], [ -9.233977097964756, -15.768982170088066 ], [ -7.81429800030846, -16.185726292321608 ], [ -7.128312974091299, -19.023922522489165 ], [ -8.99703240236737, -20.593077343046907 ], [ -10.397628980202287, -20.841418507084661 ], [ -11.536919763307925, -22.028190682783904 ], [ -11.710748219867572, -22.625615659814873 ], [ -12.772607866816495, -22.799355089895958 ], [ -13.270686722476968, -23.356451605573763 ], [ -12.719137814744398, -26.660560472255142 ], [ -13.292805197463448, -26.998382328494554 ], [ -14.007195384403282, -29.129937458922299 ], [ -14.886043738043702, -29.998097233992624 ], [ -15.292625358428293, -32.573424615057085 ], [ -16.05415451702692, -32.767954649398966 ], [ -16.549342335286759, -33.92028179775054 ], [ -18.87837908455338, -34.930616616186299 ], [ -19.399172998180852, -35.488896973799989 ], [ -20.740274199153216, -35.878691518970086 ], [ -25.797579393544908, -42.818211301323387 ], [ -29.349132227260959, -46.388034463142972 ], [ -30.423313166909441, -46.99472771981025 ], [ -31.750232676693457, -48.695555640476883 ], [ -31.699196206915364, -49.185327612547795 ], [ -32.531907303218873, -49.632536207153919 ], [ -32.323810299070615, -49.826249889911963 ], [ -33.154600786612271, -50.786605648850575 ], [ -33.076987200558833, -51.184484145209446 ], [ -34.088885970059998, -51.775781643579236 ], [ -33.908757835019543, -52.20483569456011 ], [ -35.017647350927241, -53.356159940739062 ], [ -35.352115500958185, -53.962459178577205 ], [ -34.881508515503029, -54.8408395595116 ], [ -35.112929742689097, -55.465156332677289 ], [ -32.665803975998926, -56.768935447967685 ], [ -28.44870434658074, -57.757069538157623 ], [ -19.631307463970177, -58.630849448828123 ], [ -11.135037864169291, -58.140181709578911 ], [ -9.062585369992137, -57.752819048329044 ], [ -5.334031904722723, -55.988130936694418 ], [ -2.745418206122281, -56.675658434146875 ], [ 0.19847342143354, -55.739140188140475 ], [ 2.421268615508019, -53.640733583374519 ], [ 1.727062540493516, -51.935768271446349 ], [ 2.595897409599159, -51.094677862321078 ], [ 4.674711417432481, -50.482143411485275 ], [ 5.328719550271626, -49.931875833331837 ], [ 5.129322944890466, -48.808945633546514 ], [ 6.581656352004217, -48.085539639354153 ], [ 6.960849826880453, -46.769718786869767 ], [ 8.827325297568141, -43.725118351580207 ], [ 8.767333438237488, -42.452528806761194 ], [ 6.952416038876629, -38.725698781221993 ], [ 6.155218537703552, -37.695716427129462 ], [ 7.359782151001702, -34.627147132506259 ], [ 10.255667450732181, -31.714702244410454 ], [ 12.736186677847302, -31.094922714395064 ], [ 13.063473809029052, -30.423658987117495 ], [ 14.044036394042299, -30.044714852040787 ], [ 14.959746159998261, -30.094106594871565 ], [ 14.327708035261676, -27.295408448617675 ] ] ] } },
{ "type": "Feature", "properties": { }, "geometry": { "type": "Polygon", "coordinates": [ [ [ 12.451537754662054, -77.643821386957612 ], [ -5.442566484836536, -58.283669970275703 ], [ -6.390398850585898, -58.229631796325954 ], [ -6.878875899608934, -58.620804608174055 ], [ -10.064307415740204, -59.151592767360093 ], [ -13.219913202046586, -60.413257812195894 ], [ -14.836510328729869, -62.475631604777853 ], [ -28.911969751363102, -64.279723265993951 ], [ -32.594147216568629, -65.691023072451273 ], [ -14.659941105811471, -76.140374107907846 ], [ -23.518627905402472, -75.619546047515087 ], [ -26.414301932665754, -75.909300371361027 ], [ -26.666229701172348, -76.197667519637406 ], [ -24.601958718064388, -76.870717482871569 ], [ -31.942383042694438, -76.400199232025145 ], [ -31.764073165692288, -76.669965970302812 ], [ -28.423137251713158, -78.222346896663254 ], [ -25.3056384525919, -78.208407699667049 ], [ -25.961664303187366, -78.73691584188964 ], [ -25.27358745107076, -79.244065475124756 ], [ -20.679961151007792, -79.389606366469877 ], [ -18.756290173024301, -79.157680462538579 ], [ -18.433103591778277, -78.383397248373342 ], [ -16.694229703836175, -78.263828203610913 ], [ -13.325393663909027, -78.766888299956918 ], [ -12.08742301264752, -79.138324392764787 ], [ -11.746507359851963, -79.668170404749006 ], [ -17.749382782247832, -80.558395591817202 ], [ -19.675566296769567, -81.583174822252786 ], [ -24.9703574505217, -82.177877534455163 ], [ 10.889816381676725, -82.349936501092103 ], [ 118.022542138828243, -86.718963090411293 ], [ 130.679725255601767, -86.331304798290205 ], [ 118.749088208116873, -83.973344518240992 ], [ 111.013011424295556, -83.715196049638863 ], [ 113.238204390953626, -82.67155280138131 ], [ 12.451537754662054, -77.643821386957612 ] ] ] } },
{ "type": "Feature", "properties": { }, "geometry": { "type": "Polygon", "coordinates": [ [ [ 13.98709023586289, 5.676506161045989 ], [ 12.075698244710106, 6.774094842711746 ], [ 11.7394484514359, 6.076587944727262 ], [ 10.836247238779217, 5.545950942193275 ], [ 8.300473639874767, 5.601024052508637 ], [ 7.235583732294999, 4.331342039022894 ], [ 3.974432822861854, -0.786324234362038 ], [ 3.955713506423423, -5.401726974930272 ], [ 3.480432949561528, -7.295885050085052 ], [ 3.617653999960145, -8.676503121026281 ], [ 3.262570369716398, -11.75506068155755 ], [ 1.996131289411972, -13.275743958235671 ], [ -0.667300700259409, -15.06227652551831 ], [ -2.704019600990738, -15.436364417844159 ], [ -1.315248422235225, -17.427524448924395 ], [ 1.089972997462122, -19.212399125581744 ], [ 5.84580886119682, -20.455244987802576 ], [ 10.306992636907244, -20.990428785285104 ], [ 11.086617121577241, -21.684033809815812 ], [ 14.221987101546683, -27.339226712238201 ], [ 14.941963127538765, -30.121587683370709 ], [ 19.704895083991786, -30.062644145069605 ], [ 20.722941270053667, -30.797980558903259 ], [ 22.375077639159016, -28.553093391081131 ], [ 24.619157612196723, -27.62178490355916 ], [ 25.115982087137535, -26.794102733490288 ], [ 25.375081356499155, -24.568110100613897 ], [ 26.049542696658538, -23.998428714534487 ], [ 26.139570831047767, -21.314583839487941 ], [ 26.59081473823171, -19.729376551409466 ], [ 26.637283600670177, -20.438851835531018 ], [ 26.517387610008939, -18.493197424364642 ], [ 25.51754783474912, -17.449560713201663 ], [ 26.113726962245629, -14.340221812067718 ], [ 25.647788631416141, -11.549810420815955 ], [ 25.058327642902068, -8.67858942789938 ], [ 24.220807545899614, -6.917358803888022 ], [ 24.297767910737903, -5.295512904143303 ], [ 24.741146832634495, -4.123005658156853 ], [ 23.236963513486863, -3.429794305988748 ], [ 21.972066812105286, -3.81549615315039 ], [ 19.498715609794502, -1.65554218027929 ], [ 19.597352599652229, -1.356211474990749 ], [ 18.042362277099503, -0.468464058517306 ], [ 16.168349329040588, 2.01071116151715 ], [ 15.777033074069141, 3.349828127019005 ], [ 14.405897255977752, 3.922641009637031 ], [ 13.781835071538669, 4.640574425714359 ], [ 13.98709023586289, 5.676506161045989 ] ] ] } },
{ "type": "Feature", "properties": { }, "geometry": { "type": "Polygon", "coordinates": [ [ [ 114.487673819459772, -31.114389707467602 ], [ 114.02553569668332, -29.837211830918712 ], [ 110.100887727086402, -29.337244492148521 ], [ 108.366353969631291, -29.843309223627521 ], [ 109.011776800559474, -30.850285958708998 ], [ 110.247956703766363, -31.656220812224113 ], [ 111.267068937251494, -31.53829471979093 ], [ 111.665422854899688, -30.586425291868654 ], [ 114.487673819459772, -31.114389707467602 ] ] ] } },
{ "type": "Feature", "properties": { }, "geometry": { "type": "Polygon", "coordinates": [ [ [ 108.660382881356185, -33.370081426148182 ], [ 108.502433780302269, -33.031591254487971 ], [ 105.707057120873657, -32.67676796761107 ], [ 105.037840819939944, -31.663667690195165 ], [ 103.001395050941554, -30.266428285932101 ], [ 102.020652745576299, -30.046717823383176 ], [ 103.062635869776045, -31.398472475338473 ], [ 102.27709190055036, -32.745612523734103 ], [ 102.935496939863228, -33.839110992925349 ], [ 104.830240784782788, -34.36782555193259 ], [ 106.699282529583328, -34.038062438087948 ], [ 107.689668630397449, -33.190620861557314 ], [ 108.660382881356185, -33.370081426148182 ] ] ] } },
{ "type": "Feature", "properties": { }, "geometry": { "type": "Polygon", "coordinates": [ [ [ 111.094335512585914, -31.688817624430634 ], [ 107.777952789170541, -30.870673879921771 ], [ 106.68938650614021, -30.220407746442831 ], [ 107.096585193757761, -31.15864621729882 ], [ 108.106636877781426, -31.782301597337618 ], [ 111.501558849793085, -32.404175824548105 ], [ 111.094335512585914, -31.688817624430634 ] ] ] } },
{ "type": "Feature", "properties": { }, "geometry": { "type": "Polygon", "coordinates": [ [ [ 137.108864517989474, -40.853163383260103 ], [ 137.704995235235259, -38.633516935677484 ], [ 134.920091808004315, -41.491000983174892 ], [ 137.108864517989474, -40.853163383260103 ] ] ] } },
{ "type": "Feature", "properties": { }, "geometry": { "type": "Polygon", "coordinates": [ [ [ -49.144423274214176, 69.551841789915443 ], [ -47.731050110815168, 68.332381483678077 ], [ -46.036141734591318, 67.739032240128552 ], [ -45.237081014625559, 66.905266622120692 ], [ -44.406175029458481, 66.712170499432219 ], [ -45.461354804311306, 68.343791781773604 ], [ -47.103705964430794, 70.035812631464495 ], [ -48.889654698928815, 69.962388576009076 ], [ -49.144423274214176, 69.551841789915443 ] ] ] } },
{ "type": "Feature", "properties": { }, "geometry": { "type": "Polygon", "coordinates": [ [ [ -53.515544043252667, 45.38546423014585 ], [ -54.147583724831335, 45.01076415943924 ], [ -54.629220974625248, 45.322406640593321 ], [ -55.038408984416101, 43.206429492930674 ], [ -55.534440531996808, 42.790591237211039 ], [ -56.279702312903453, 42.778618078668572 ], [ -57.37574541324733, 44.721929186267751 ], [ -57.367256202258133, 45.821580908094234 ], [ -58.111600695641698, 47.038621837880036 ], [ -57.547143094941845, 44.541783655219263 ], [ -58.064429686035297, 45.223601135330441 ], [ -58.322655221507972, 44.777097764513606 ], [ -58.065413429211397, 43.926656792026904 ], [ -59.137966419008862, 41.703460632463162 ], [ -61.297399022935693, 38.828170234632665 ], [ -57.833550256195579, 36.143986449678287 ], [ -55.703947519782211, 35.140408430115649 ], [ -52.433206666804793, 34.439014938566636 ], [ -53.42661451438326, 35.748284679386714 ], [ -52.844157809026186, 37.254122454819964 ], [ -51.850065352939453, 38.47924634032465 ], [ -53.126278222849479, 39.196724370946136 ], [ -53.605350298374105, 40.228450653381351 ], [ -53.439357293856958, 40.802057717727997 ], [ -52.528895781944691, 41.591355535935186 ], [ -53.404708748603795, 42.121578109960652 ], [ -53.076306969578809, 43.354891471637004 ], [ -52.559472760245221, 43.772548854608409 ], [ -53.515544043252667, 45.38546423014585 ] ] ] } },
{ "type": "Feature", "properties": { }, "geometry": { "type": "Polygon", "coordinates": [ [ [ -54.258564129616516, 55.725550627841635 ], [ -54.342663750561286, 58.513835220526083 ], [ -55.437038309555675, 56.693372607868106 ], [ -56.240361387508727, 56.048334387628614 ], [ -57.635514951583637, 53.606328517543204 ], [ -54.258564129616516, 55.725550627841635 ] ] ] } },
{ "type": "Feature", "properties": { }, "geometry": { "type": "Polygon", "coordinates": [ [ [ -50.283251054883337, 47.231449549042878 ], [ -50.541633642245088, 46.765967576430349 ], [ -50.576365942431416, 46.409915785872727 ], [ -50.193369068639157, 46.807944691178442 ], [ -50.283251054883337, 47.231449549042878 ] ] ] } },
{ "type": "Feature", "properties": { }, "geometry": { "type": "Polygon", "coordinates": [ [ [ -38.871118721310417, 67.026845179751803 ], [ -38.744911074959774, 68.042673407572423 ], [ -40.283964660690089, 68.606886538211995 ], [ -40.989371355337312, 69.572861389812402 ], [ -44.636570314244395, 70.363911072288332 ], [ -44.069948368941979, 69.642238169832012 ], [ -42.023078110672806, 69.167795727020973 ], [ -39.751649971681424, 67.288912913717311 ], [ -38.871118721310417, 67.026845179751803 ] ] ] } },
{ "type": "Feature", "properties": { }, "geometry": { "type": "Polygon", "coordinates": [ [ [ -41.526834782930344, 67.325445275370356 ], [ -41.488827812745484, 67.733357951420871 ], [ -42.48295566523776, 67.84557332131196 ], [ -41.526834782930344, 67.325445275370356 ] ] ] } },
{ "type": "Feature", "properties": { }, "geometry": { "type": "Polygon", "coordinates": [ [ [ 136.49154298442474, 51.121948952086264 ], [ 135.548928809464059, 52.478514499261436 ], [ 134.404465798494385, 56.036421896359144 ], [ 132.599324444305864, 56.685898118281358 ], [ 132.39318281245454, 55.290373185810282 ], [ 129.771724001359701, 49.013956895732029 ], [ 135.141523664166272, 50.262262290460725 ], [ 136.49154298442474, 51.121948952086264 ] ] ] } },
{ "type": "Feature", "properties": { }, "geometry": { "type": "Polygon", "coordinates": [ [ [ 127.933346931666307, 60.505680268220239 ], [ 125.548910583617399, 60.010574706477783 ], [ 122.883942475423524, 58.432855940463732 ], [ 122.110534641583286, 58.447293845833336 ], [ 121.599103340109878, 57.74999228368646 ], [ 121.056537052400699, 56.271301423338706 ], [ 120.711732063320014, 53.165339451983684 ], [ 121.817975839793718, 51.455034375315215 ], [ 122.42898587260045, 46.917541179734897 ], [ 125.026235504323267, 47.469139848450652 ], [ 126.9822125167059, 48.431536510147353 ], [ 129.771724001359701, 49.013956895732029 ], [ 131.278888712822123, 52.494978268369806 ], [ 132.39318281245454, 55.290373185810282 ], [ 132.599324444305864, 56.685898118281358 ], [ 131.030252122537803, 57.378592918827351 ], [ 130.472735091488772, 57.958842325659255 ], [ 131.762899650109688, 59.596898402826888 ], [ 131.33573047245082, 60.085379860417 ], [ 127.933346931666307, 60.505680268220239 ] ] ] } },
{ "type": "Feature", "properties": { }, "geometry": { "type": "Polygon", "coordinates": [ [ [ 84.325389774175036, 36.29117348487781 ], [ 82.222499745352295, 35.833199753641388 ], [ 80.965925400818577, 35.967446904223131 ], [ 79.385150943758461, 35.500975168426294 ], [ 78.146759577019068, 34.241670527967827 ], [ 80.06030591293937, 34.498944404774662 ], [ 84.419663196281832, 34.255057472485781 ], [ 86.95062461697718, 34.709665684514171 ], [ 94.970094202402066, 37.533469849667078 ], [ 93.759147175758187, 38.108161859732327 ], [ 92.410043553893573, 37.932221642372014 ], [ 89.205137051268309, 36.641565600532061 ], [ 88.281795279686676, 36.61663418842992 ], [ 88.484048547798366, 36.866811839108237 ], [ 87.568039900487022, 37.192509619857077 ], [ 86.462381634363894, 37.201972808562189 ], [ 84.325389774175036, 36.29117348487781 ] ] ] } },
{ "type": "Feature", "properties": { }, "geometry": { "type": "Polygon", "coordinates": [ [ [ 97.024249366092889, 38.238922226554344 ], [ 99.61641597865885, 38.648873437551039 ], [ 102.569525247965899, 38.034433286544981 ], [ 100.788472021467172, 38.885317306596924 ], [ 98.182021669839941, 38.783638447161515 ], [ 97.024249366092889, 38.238922226554344 ] ] ] } },
{ "type": "Feature", "properties": { }, "geometry": { "type": "Polygon", "coordinates": [ [ [ 97.651115025415749, 18.087382547123784 ], [ 96.822631511139946, 18.279759149398412 ], [ 95.854097746262696, 17.740082065293475 ], [ 96.836053396293124, 17.702197887880516 ], [ 97.651115025415749, 18.087382547123784 ] ] ] } },
{ "type": "Feature", "properties": { }, "geometry": { "type": "Polygon", "coordinates": [ [ [ 85.048025055120647, 13.895351440286781 ], [ 83.082126202507169, 14.862229295802244 ], [ 82.992236735300665, 14.741394960857948 ], [ 83.285910269448593, 14.03941799115797 ], [ 85.048025055120647, 13.895351440286781 ] ] ] } },
{ "type": "Feature", "properties": { }, "geometry": { "type": "Polygon", "coordinates": [ [ [ -55.551345538242543, 44.049291522419118 ], [ -54.908359400223176, 46.464267679520894 ], [ -55.871260863076955, 47.447159603407314 ], [ -55.899749291320909, 48.720134489640913 ], [ -56.588228707684245, 49.509550388797557 ], [ -56.452811301996157, 51.490422658969258 ], [ -57.838336605808543, 53.074665207122315 ], [ -58.541183296122966, 51.134871919372785 ], [ -58.466474603961132, 48.179396099112203 ], [ -57.703967662783384, 46.962950166518148 ], [ -57.711120969756195, 45.863293276277737 ], [ -57.219308529272602, 45.305581959884726 ], [ -56.9992749259549, 44.352534528171333 ], [ -56.591728741355084, 43.920501644593706 ], [ -55.551345538242543, 44.049291522419118 ] ] ] } },
{ "type": "Feature", "properties": { }, "geometry": { "type": "Polygon", "coordinates": [ [ [ 120.391623659503253, -31.298374492849671 ], [ 116.935063794187144, -30.900136201540946 ], [ 115.243547994613834, -32.535294146775414 ], [ 116.710250090214814, -32.225617992380521 ], [ 117.498459663884645, -32.584673215912076 ], [ 118.586329627420099, -32.520613261685462 ], [ 120.391623659503253, -31.298374492849671 ] ] ] } },
{ "type": "Feature", "properties": { }, "geometry": { "type": "Polygon", "coordinates": [ [ [ 121.470904954253669, 34.225770547540947 ], [ 120.087255769883967, 33.368046859192098 ], [ 116.867323673453328, 32.536525670143192 ], [ 120.346520979535811, 30.892606454446398 ], [ 121.507582851559988, 32.883840459644418 ], [ 121.470904954253669, 34.225770547540947 ] ] ] } },
{ "type": "Feature", "properties": { }, "geometry": { "type": "Polygon", "coordinates": [ [ [ 122.342498273239954, 29.584022505853849 ], [ 122.477057808540621, 30.066311655479488 ], [ 122.1054290788787, 30.950380543806713 ], [ 122.693775740150386, 32.244018046877173 ], [ 122.571804951446722, 32.668902632599128 ], [ 121.389994997345525, 30.68562278637841 ], [ 122.342498273239954, 29.584022505853849 ] ] ] } },
{ "type": "Feature", "properties": { }, "geometry": { "type": "MultiPolygon", "coordinates": [ [ [ [ 179.99999999, 87.165228430091659 ], [ 175.534704610194723, 87.098359176110648 ], [ 176.245635007432838, 86.65773031088861 ], [ 170.111983105868092, 86.236747046467329 ], [ 154.730902785178813, 86.049812527028564 ], [ 137.983053837583867, 86.438476214478996 ], [ 126.763039392979493, 86.267458134832182 ], [ 120.972923192274791, 85.574333744724953 ], [ 122.432668957154661, 85.094195328499566 ], [ 131.267828346482474, 84.972300492322333 ], [ 151.916160767455239, 83.655324859691191 ], [ 155.76294104881876, 83.098196408277687 ], [ 164.308631668170733, 83.150259301049971 ], [ 164.30361183522146, 83.539773111407641 ], [ 175.460124106159469, 84.162099131450219 ], [ 179.99999999, 84.092437733296649 ], [ 179.99999999, 87.165228430091659 ] ] ], [ [ [ -179.99999999, 84.092437733296649 ], [ -174.076694121955455, 83.937823232444487 ], [ -159.392436035211347, 84.982131213125797 ], [ -136.466149627018893, 84.765444255256995 ], [ -136.276809011508107, 85.063441631625196 ], [ -136.959669567880212, 85.840546856994862 ], [ -142.275621635167454, 86.594456277673018 ], [ -179.99999999, 87.165228430091659 ], [ -179.99999999, 84.092437733296649 ] ] ] ] } },
{ "type": "Feature", "properties": { }, "geometry": { "type": "Polygon", "coordinates": [ [ [ -146.966448189198559, 89.100051805675349 ], [ -145.789673758225064, 88.602374050251441 ], [ -114.633084916567952, 87.579037386016296 ], [ -99.029956463541268, 86.124341014771787 ], [ -71.482861156532607, 87.315113397625822 ], [ -78.10223897511672, 87.878012104968349 ], [ -101.072030185125001, 88.421582726642697 ], [ -89.559445295096907, 88.868158346772915 ], [ -146.966448189198559, 89.100051805675349 ] ] ] } },
{ "type": "Feature", "properties": { }, "geometry": { "type": "Polygon", "coordinates": [ [ [ -179.99999999, 89.838118715677169 ], [ -146.966448189198559, 89.100051805675349 ], [ -89.559445295096907, 88.868158346772915 ], [ -66.842161946924492, 89.081459236428159 ], [ -72.85337279252856, 89.197871393075232 ], [ -10.337225773174778, 88.942683089360557 ], [ 179.99999999, 90.0 ], [ -179.99999999, 89.838118715677169 ] ] ] } },
{ "type": "Feature", "properties": { }, "geometry": { "type": "Polygon", "coordinates": [ [ [ -38.030796008483229, 86.13623705866182 ], [ -52.823965804172111, 87.126154182822077 ], [ -71.482861156532607, 87.315113397625822 ], [ -99.029956463541268, 86.124341014771787 ], [ -99.520751387777693, 85.285853133723535 ], [ -103.655815652602342, 84.277198315160064 ], [ -93.703531576347899, 83.037350035000841 ], [ -82.391211590120065, 82.089187017031122 ], [ -76.313656397958638, 83.511613110574359 ], [ -57.10234509114018, 85.073444981722588 ], [ -38.030796008483229, 86.13623705866182 ] ] ] } },
{ "type": "Feature", "properties": { }, "geometry": { "type": "Polygon", "coordinates": [ [ [ -101.072030185125001, 88.421582726642697 ], [ -78.10223897511672, 87.878012104968349 ], [ -71.482861156532607, 87.315113397625822 ], [ -52.823965804172111, 87.126154182822077 ], [ -35.335773988890772, 85.850432417154224 ], [ -27.29721621572347, 86.408864223326162 ], [ -26.482581265745882, 86.864930827500771 ], [ -26.801986728128153, 87.033797641391573 ], [ -24.250002526748457, 87.358298964394578 ], [ -26.74219359419482, 88.074146285256418 ], [ -36.384621060755364, 88.553162131440843 ], [ -68.413160605629017, 89.073790612671047 ], [ -97.75303714321592, 88.707761851967305 ], [ -101.072030185125001, 88.421582726642697 ] ] ] } },
{ "type": "Feature", "properties": { }, "geometry": { "type": "Polygon", "coordinates": [ [ [ -54.194586505925059, 60.050311536608731 ], [ -54.456988375812017, 56.099993933374193 ], [ -54.258564129616516, 55.725550627841635 ], [ -53.192742305088338, 56.678495859368383 ], [ -52.450142085612761, 58.879828274000175 ], [ -53.349996847692786, 60.186322944392565 ], [ -54.194586505925059, 60.050311536608731 ] ] ] } },
{ "type": "Feature", "properties": { }, "geometry": { "type": "Polygon", "coordinates": [ [ [ -35.102721027664643, 72.075871408293082 ], [ -39.075234953610881, 69.183369181051958 ], [ -34.146695545855778, 70.185831664569008 ], [ -29.144685469755345, 70.774042857705268 ], [ -35.102721027664643, 72.075871408293082 ] ] ] } },
{ "type": "Feature", "properties": { }, "geometry": { "type": "Polygon", "coordinates": [ [ [ -9.921351486888856, 71.475074374279814 ], [ -15.376791667790847, 71.928997439076554 ], [ -22.313160583949671, 72.047598942709485 ], [ -29.103698023413539, 69.615705399688665 ], [ -27.33486586474773, 69.59063176191178 ], [ -21.90935368904368, 70.406765164947871 ], [ -8.512282079830344, 70.014118093732321 ], [ -9.921351486888856, 71.475074374279814 ] ] ] } },
{ "type": "Feature", "properties": { }, "geometry": { "type": "Polygon", "coordinates": [ [ [ -8.874738489428028, -58.126980220749871 ], [ -9.571449934630524, -57.924489310618569 ], [ -17.415408638882685, -58.285358121807334 ], [ -21.978096804483524, -58.161523008356859 ], [ -27.665375682739256, -63.036961361749015 ], [ -23.676158726923269, -62.732528282658322 ], [ -20.46252168757319, -61.861720542630557 ], [ -14.885922100877702, -61.260801434374514 ], [ -12.384723942698651, -60.628759191149946 ], [ -9.33381824603514, -58.768280610168091 ], [ -8.874738489428028, -58.126980220749871 ] ] ] } },
{ "type": "Feature", "properties": { }, "geometry": { "type": "Polygon", "coordinates": [ [ [ -16.702993120566774, 65.49082052184707 ], [ -10.86780547558312, 65.65039765197055 ], [ -8.501909537991791, 67.179162018161804 ], [ -9.389868179872799, 68.130344124359425 ], [ -17.196760284436412, 67.27569192204966 ], [ -20.237947448811248, 66.219831331321927 ], [ -18.424807704718109, 64.374059587720467 ], [ -16.73211483974076, 64.625698949472266 ], [ -16.702993120566774, 65.49082052184707 ] ] ] } },
{ "type": "Feature", "properties": { }, "geometry": { "type": "Polygon", "coordinates": [ [ [ -12.401409234371311, 69.312069784327662 ], [ -14.957530326814146, 69.051250250945856 ], [ -17.169743729682356, 68.386211287382935 ], [ -23.402663644279826, 67.949214560031734 ], [ -24.858803434663802, 66.952908105216892 ], [ -24.000723127586312, 66.534325047773905 ], [ -20.103970667490174, 66.021654401366291 ], [ -20.237947448811248, 66.219831331321927 ], [ -17.196760284436412, 67.27569192204966 ], [ -9.389868179872799, 68.130344124359425 ], [ -12.401409234371311, 69.312069784327662 ] ] ] } },
{ "type": "Feature", "properties": { }, "geometry": { "type": "Polygon", "coordinates": [ [ [ -11.922020346032159, 67.667924175519971 ], [ -12.948667128167109, 67.473621604686301 ], [ -13.909845378837238, 65.948570831618383 ], [ -9.812424642813577, 67.077241190678592 ], [ -11.922020346032159, 67.667924175519971 ] ] ] } },
{ "type": "Feature", "properties": { }, "geometry": { "type": "Polygon", "coordinates": [ [ [ 121.981247947397534, 15.597372452701034 ], [ 124.063573837391928, 12.206630729587117 ], [ 126.067415949639539, 11.938189881756678 ], [ 127.791690225855589, 12.278266747071662 ], [ 128.902971167365877, 10.844601275899551 ], [ 129.782698576112011, 12.42811377682928 ], [ 130.195400787068991, 14.64444178315903 ], [ 129.718553150337044, 15.744523522163124 ], [ 128.969131060005054, 15.828569654637484 ], [ 124.714118659409621, 14.86262153722055 ], [ 124.040941259639411, 15.732357146874728 ], [ 121.981247947397534, 15.597372452701034 ] ] ] } },
{ "type": "Feature", "properties": { }, "geometry": { "type": "Polygon", "coordinates": [ [ [ 132.721184848791125, 5.783697025312915 ], [ 132.179911009986455, 6.491238115624029 ], [ 131.888503565064838, 10.721088935464905 ], [ 130.879727055388088, 10.059712000697205 ], [ 129.87384674978864, 9.94574234165297 ], [ 127.162208126741959, 10.508514972203939 ], [ 126.44906420302074, 10.389136634812404 ], [ 126.484063855997618, 9.849017222531794 ], [ 128.85588749302471, 7.534836944956864 ], [ 132.721184848791125, 5.783697025312915 ] ] ] } },
{ "type": "Feature", "properties": { }, "geometry": { "type": "Polygon", "coordinates": [ [ [ 116.769001890300572, 21.200629247107354 ], [ 117.098284292724514, 20.443829322964046 ], [ 121.981247947397534, 15.597372452701034 ], [ 124.040941259639411, 15.732357146874728 ], [ 124.714118659409621, 14.86262153722055 ], [ 128.969131060005054, 15.828569654637484 ], [ 129.714909636698366, 15.744974815387375 ], [ 128.928749106630221, 17.163556316587577 ], [ 124.757247120706097, 20.668076947214118 ], [ 116.769001890300572, 21.200629247107354 ] ] ] } },
{ "type": "Feature", "properties": { }, "geometry": { "type": "Polygon", "coordinates": [ [ [ 128.774148016099417, 30.485873787330515 ], [ 128.655863147230122, 28.196458335978402 ], [ 127.455079199154369, 25.647470004897169 ], [ 129.063570278266894, 26.589787893139661 ], [ 129.470011013945225, 27.205150260669125 ], [ 129.403821504044004, 29.617731855826378 ], [ 128.774148016099417, 30.485873787330515 ] ] ] } },
{ "type": "Feature", "properties": { }, "geometry": { "type": "Polygon", "coordinates": [ [ [ 103.298828178373157, -36.693005968672587 ], [ 104.388935286882869, -34.138247356427968 ], [ 104.69899833531808, -34.069933098378506 ], [ 104.25827385903591, -33.843268436002518 ], [ 94.214514278427174, -34.634375842506557 ], [ 91.37515533903597, -33.949382224971629 ], [ 93.537312139565884, -38.038075515575727 ], [ 97.193936265526048, -37.902843060766997 ], [ 97.84612968478956, -37.559503040025561 ], [ 97.413016212089147, -37.63926547542286 ], [ 97.827228362165457, -36.276710562963608 ], [ 100.922043915549921, -35.484493142495651 ], [ 102.417372766471743, -36.298773850273136 ], [ 101.852559527237403, -36.717013927809319 ], [ 103.298828178373157, -36.693005968672587 ] ] ] } },
{ "type": "Feature", "properties": { }, "geometry": { "type": "Polygon", "coordinates": [ [ [ 63.460332655039572, 30.955545977617952 ], [ 62.105754291594188, 31.064181509371902 ], [ 64.099994240439429, 29.338753883559388 ], [ 65.125127819885677, 27.923998224302764 ], [ 68.577587030282217, 32.324204116238377 ], [ 69.698310293329428, 33.135740476456405 ], [ 70.208204520228534, 34.612069955964557 ], [ 65.73502216508237, 31.940398096276969 ], [ 63.460332655039572, 30.955545977617952 ] ] ] } },
{ "type": "Feature", "properties": { }, "geometry": { "type": "Polygon", "coordinates": [ [ [ 72.663831993083207, 26.619457271222231 ], [ 71.803386374497137, 26.927111092294734 ], [ 69.836384306115562, 25.29049902706058 ], [ 69.389487196138091, 25.297423003579606 ], [ 67.362969327098298, 23.169664079395208 ], [ 65.37973853440802, 22.579982483543461 ], [ 64.016887519859281, 23.006203138204221 ], [ 64.845660456004452, 21.795522154884953 ], [ 65.117385505189006, 19.982581038706805 ], [ 66.036315376015153, 19.026582034291394 ], [ 67.589480295785776, 19.078605750256155 ], [ 69.118929959074805, 19.551628736147933 ], [ 72.251674746449694, 21.240896651255074 ], [ 73.454412652288212, 23.132127959525921 ], [ 73.214730529380361, 23.202202586229269 ], [ 73.857835749164991, 24.605126030937924 ], [ 72.663831993083207, 26.619457271222231 ] ] ] } },
{ "type": "Feature", "properties": { }, "geometry": { "type": "Polygon", "coordinates": [ [ [ -49.595977224378771, 50.968027071562318 ], [ -49.920413864376378, 51.875150335134919 ], [ -50.003413361589068, 50.99941302775251 ], [ -50.571586112112307, 50.23020688912959 ], [ -50.905990537420728, 48.954453558755468 ], [ -50.885396342928914, 47.162766900481905 ], [ -51.421255735978427, 45.318207095867791 ], [ -53.076306969578809, 43.354891471637004 ], [ -53.404708748603795, 42.121578109960652 ], [ -52.528895781944691, 41.591355535935186 ], [ -51.987022047849976, 42.3693251383757 ], [ -52.199925802063639, 42.759849843284975 ], [ -51.824909729207512, 43.513872832065111 ], [ -50.703313316699948, 44.852999240987515 ], [ -51.016373941055207, 46.360681733569606 ], [ -50.022303862362193, 47.421252617204843 ], [ -49.994402069971962, 47.801040815176194 ], [ -50.435629506010315, 47.76411877066765 ], [ -50.053130635096622, 48.237955665782287 ], [ -50.148717201871065, 49.796372583715083 ], [ -49.595977224378771, 50.968027071562318 ] ] ] } },
{ "type": "Feature", "properties": { }, "geometry": { "type": "Polygon", "coordinates": [ [ [ -50.571586112112307, 50.23020688912959 ], [ -51.924149531528762, 48.640181734120844 ], [ -51.846976983372258, 46.745631530085888 ], [ -52.825596797536392, 44.299066153584356 ], [ -52.559472760245221, 43.772548854608409 ], [ -51.421255735978427, 45.318207095867791 ], [ -50.885396342928914, 47.162766900481905 ], [ -50.905990537420728, 48.954453558755468 ], [ -50.571586112112307, 50.23020688912959 ] ] ] } },
{ "type": "Feature", "properties": { }, "geometry": { "type": "Polygon", "coordinates": [ [ [ -48.665880642553006, 57.287841843195999 ], [ -48.778968147844182, 58.446070517650256 ], [ -49.143442974297159, 58.748492482774118 ], [ -49.260935561420361, 58.360405822678551 ], [ -50.805326515596171, 57.687938898014288 ], [ -53.64842675669945, 51.961588668342074 ], [ -53.622668268970422, 51.137301017377283 ], [ -54.133490149128157, 49.831226196533564 ], [ -54.654063517917088, 49.402596878793844 ], [ -54.229512291823696, 48.449569882956297 ], [ -54.759083202934598, 48.011328264591704 ], [ -54.981870937699725, 47.053088010271232 ], [ -54.314793373103072, 45.369665504493938 ], [ -54.45759261368184, 45.116626814602206 ], [ -54.147583724831335, 45.01076415943924 ], [ -53.606737839764627, 45.516767462354501 ], [ -52.825596797536392, 44.299066153584356 ], [ -51.846976983372258, 46.745631530085888 ], [ -51.924149531528762, 48.640181734120844 ], [ -50.384659146846033, 50.377226491364418 ], [ -49.812787999478473, 51.620926485951209 ], [ -51.688359296162027, 54.088066960700694 ], [ -51.360666664875119, 55.805643919879245 ], [ -50.833278648505811, 56.134375947639292 ], [ -49.926343199783368, 55.841717233920178 ], [ -48.665880642553006, 57.287841843195999 ] ] ] } },
{ "type": "Feature", "properties": { }, "geometry": { "type": "Polygon", "coordinates": [ [ [ -49.87280343890302, 53.106465016564023 ], [ -49.828505196626317, 53.715282183826595 ], [ -48.828055742335579, 55.066788075102309 ], [ -48.999259339659282, 56.373138544848672 ], [ -48.504202957988376, 56.701622782950004 ], [ -48.066532739773251, 57.890969434228069 ], [ -49.787164543259834, 56.293344943340351 ], [ -50.632920959582592, 53.870533710717552 ], [ -49.595977224378771, 50.968027071562318 ], [ -49.273813080138211, 51.854946219712645 ], [ -49.87280343890302, 53.106465016564023 ] ] ] } },
{ "type": "Feature", "properties": { }, "geometry": { "type": "Polygon", "coordinates": [ [ [ -42.412951294261873, 57.0560022475944 ], [ -44.072971066354427, 59.01903288702951 ], [ -47.566194581948054, 61.008592691003315 ], [ -47.613368237957246, 56.896187864926439 ], [ -47.16834448515791, 56.069734527320158 ], [ -46.513893509482166, 55.694502151867823 ], [ -46.950001401664551, 54.645708001900154 ], [ -48.043112889468603, 53.606703754033155 ], [ -49.474722715824186, 48.669667853549946 ], [ -50.171469618830507, 49.021914532314156 ], [ -50.148717201871065, 49.796372583715083 ], [ -50.242388484732381, 48.694561818412545 ], [ -50.053130635096622, 48.237955665782287 ], [ -50.435629506010315, 47.76411877066765 ], [ -49.994402069971962, 47.801040815176194 ], [ -50.022303862362193, 47.421252617204843 ], [ -50.193369068639157, 46.807944691178442 ], [ -50.601487332061097, 46.56214751296374 ], [ -50.603524042432397, 45.966311660857833 ], [ -49.832721776395083, 43.762473142814635 ], [ -50.704678720077602, 42.42553479900284 ], [ -49.908424027640073, 43.310717742894212 ], [ -49.694779310596651, 42.975552053885977 ], [ -50.03504934288101, 41.542307587386922 ], [ -50.727418510288864, 41.946712163000981 ], [ -50.84525683754454, 41.306964650958605 ], [ -51.966331154876762, 41.077803045441833 ], [ -52.137925014987097, 41.926312956483706 ], [ -51.47342181939527, 42.058155849805821 ], [ -51.803764891016307, 42.436810450190912 ], [ -53.537788297430261, 40.609278437125923 ], [ -53.126278222849479, 39.196724370946136 ], [ -51.850065352939453, 38.47924634032465 ], [ -52.844157809026186, 37.254122454819964 ], [ -53.42661451438326, 35.748284679386714 ], [ -52.433206666804793, 34.439014938566636 ], [ -49.778871193469023, 34.580565283211172 ], [ -50.381189911874579, 35.45857406290046 ], [ -50.229730572797735, 36.117793969563564 ], [ -48.342285664249587, 36.900637532574741 ], [ -48.166010574544366, 40.186206854151195 ], [ -47.438812308837058, 43.259186658214183 ], [ -48.691334720145122, 47.284449511076033 ], [ -48.59819203006041, 48.466993402013252 ], [ -46.951133519704001, 52.381463620132578 ], [ -44.031891999121122, 53.684689662705686 ], [ -42.294673809299439, 55.329715718815017 ], [ -42.412951294261873, 57.0560022475944 ] ] ] } },
{ "type": "Feature", "properties": { }, "geometry": { "type": "Polygon", "coordinates": [ [ [ -46.513893509482166, 55.694502151867823 ], [ -47.613368237957246, 56.896187864926439 ], [ -47.527832923677828, 55.089478159474972 ], [ -48.043112889468603, 53.606703754033155 ], [ -46.950001401664551, 54.645708001900154 ], [ -46.513893509482166, 55.694502151867823 ] ] ] } },
{ "type": "Feature", "properties": { }, "geometry": { "type": "Polygon", "coordinates": [ [ [ -49.684481429345524, 51.749651432289681 ], [ -50.632920959582592, 53.870533710717552 ], [ -49.926343199783368, 55.841717233920178 ], [ -50.833278648505811, 56.134375947639292 ], [ -51.360666664875119, 55.805643919879245 ], [ -51.688359296162027, 54.088066960700694 ], [ -49.684481429345524, 51.749651432289681 ] ] ] } },
{ "type": "Feature", "properties": { }, "geometry": { "type": "Polygon", "coordinates": [ [ [ 95.644754287726073, -38.546478588890267 ], [ 92.131113671095505, -37.928877000964761 ], [ 88.856932168945633, -38.719598886541306 ], [ 86.85790163990238, -38.865661505041807 ], [ 82.71589118328211, -38.261866790422438 ], [ 83.828418292518833, -39.027761449839616 ], [ 86.712293839836931, -40.018136134844383 ], [ 89.651129675118199, -39.615628903946892 ], [ 93.401175822627621, -39.823428562117599 ], [ 95.644754287726073, -38.546478588890267 ] ] ] } },
{ "type": "Feature", "properties": { }, "geometry": { "type": "Polygon", "coordinates": [ [ [ 123.678134915036239, 28.73507012804474 ], [ 120.25172595193132, 27.874890338769703 ], [ 122.220197516391565, 25.745838203571108 ], [ 124.372450327777685, 27.595193139198514 ], [ 124.870572545019741, 28.636150923015926 ], [ 123.678134915036239, 28.73507012804474 ] ] ] } },
{ "type": "Feature", "properties": { }, "geometry": { "type": "Polygon", "coordinates": [ [ [ 106.257276079943495, 33.948969794372218 ], [ 105.127855907533657, 33.677388352858763 ], [ 101.842561377742172, 33.884755526765481 ], [ 103.959287035364198, 32.17059998556158 ], [ 105.743748399913102, 31.607859237398124 ], [ 106.727394685580251, 30.794368348210945 ], [ 108.02709406615844, 28.949216524275585 ], [ 108.380243547274276, 27.576740924568504 ], [ 110.034143232685949, 26.110487547342174 ], [ 111.72947146241728, 26.231450611531351 ], [ 108.747357705148048, 29.29835812049404 ], [ 107.601782696303303, 32.557189910915071 ], [ 106.257276079943495, 33.948969794372218 ] ] ] } },
{ "type": "Feature", "properties": { }, "geometry": { "type": "Polygon", "coordinates": [ [ [ 107.269631879743699, 16.733739729031061 ], [ 105.879898235759086, 19.943481441856683 ], [ 102.632126152441259, 22.564087372314127 ], [ 101.096452252408326, 24.407179131535262 ], [ 100.484925571701922, 28.612675364929324 ], [ 100.268345129073623, 28.505140958766827 ], [ 99.75040403618685, 27.650091190416546 ], [ 98.946974881321523, 22.718274997209175 ], [ 99.678618454423045, 20.729894222347657 ], [ 103.827121276835342, 20.060291265402082 ], [ 106.151152333553696, 17.942691924854557 ], [ 106.458431148774395, 16.687425625529876 ], [ 107.269631879743699, 16.733739729031061 ] ] ] } },
{ "type": "Feature", "properties": { }, "geometry": { "type": "Polygon", "coordinates": [ [ [ 79.713732414019532, 35.58178370086992 ], [ 76.39831230517953, 36.223767356617486 ], [ 74.749893278700952, 35.576226876541725 ], [ 74.176512128640653, 34.706086160229532 ], [ 74.200709532169057, 32.243635622125829 ], [ 76.221782059205054, 34.196033369099617 ], [ 77.467381278382717, 34.451072975425056 ], [ 78.146759577019068, 34.241670527967827 ], [ 78.602547224511667, 34.96300852415154 ], [ 79.713732414019532, 35.58178370086992 ] ] ] } },
{ "type": "Feature", "properties": { }, "geometry": { "type": "Polygon", "coordinates": [ [ [ 62.413691574017008, 35.231109294794166 ], [ 58.901250492884053, 36.474152439923614 ], [ 58.756320658553925, 33.821932716345906 ], [ 58.214105493630711, 32.733030262314529 ], [ 56.231999848268863, 32.089321534337245 ], [ 57.969450199565365, 31.897655565115265 ], [ 59.255016112473754, 31.38142076256916 ], [ 60.767069916154604, 31.520992547847367 ], [ 61.600725476339449, 31.105787484698634 ], [ 63.460332655039572, 30.955545977617952 ], [ 65.73502216508237, 31.940398096276969 ], [ 70.709670947757047, 35.104593049933541 ], [ 70.624339416228992, 35.913060343620792 ], [ 69.689261196003713, 35.873197977643628 ], [ 69.49741015837877, 34.752466280475865 ], [ 68.918532841274626, 34.081601477596003 ], [ 62.413691574017008, 35.231109294794166 ] ] ] } },
{ "type": "Feature", "properties": { }, "geometry": { "type": "Polygon", "coordinates": [ [ [ 53.911739566863446, 31.676192372661166 ], [ 49.895618479180925, 32.250988647899035 ], [ 49.391387333764264, 30.829080900110846 ], [ 51.225690861087095, 31.164324697190043 ], [ 50.336826239086918, 29.402033492379068 ], [ 52.673802797542493, 28.238405215309456 ], [ 55.269557040114904, 28.476608175089652 ], [ 57.737245429337179, 30.575804105866002 ], [ 59.255016112473754, 31.38142076256916 ], [ 57.969450199565365, 31.897655565115265 ], [ 56.231999848268863, 32.089321534337245 ], [ 53.911739566863446, 31.676192372661166 ] ] ] } },
{ "type": "Feature", "properties": { }, "geometry": { "type": "Polygon", "coordinates": [ [ [ 51.225690861087095, 31.164324697190043 ], [ 47.552597968957244, 30.771805133452457 ], [ 47.39669221523112, 30.29119919684226 ], [ 50.336826239086918, 29.402033492379068 ], [ 51.225690861087095, 31.164324697190043 ] ] ] } },
{ "type": "Feature", "properties": { }, "geometry": { "type": "Polygon", "coordinates": [ [ [ 40.273134545761259, 31.015394289918376 ], [ 39.303110058952981, 30.500691596074478 ], [ 42.372418970381283, 30.322654812668031 ], [ 46.159199404668904, 30.850502897657147 ], [ 49.391387333764264, 30.829080900110846 ], [ 49.895618479180925, 32.250988647899035 ], [ 47.922806945481419, 32.781929737005221 ], [ 44.494163027561676, 31.643535075766035 ], [ 42.923847704551108, 31.630525982768631 ], [ 40.273134545761259, 31.015394289918376 ] ] ] } },
{ "type": "Feature", "properties": { }, "geometry": { "type": "Polygon", "coordinates": [ [ [ 44.463281816858114, 33.469991437808488 ], [ 41.93392484066802, 33.460389090632574 ], [ 41.330101625914466, 34.1514982380003 ], [ 39.586770546247671, 30.862621171060724 ], [ 42.923847704551108, 31.630525982768631 ], [ 44.494163027561676, 31.643535075766035 ], [ 47.922806945481419, 32.781929737005221 ], [ 49.895618479180925, 32.250988647899035 ], [ 50.144987095283774, 32.914903894523178 ], [ 48.489764499082611, 34.029339693114416 ], [ 44.463281816858114, 33.469991437808488 ] ] ] } },
{ "type": "Feature", "properties": { }, "geometry": { "type": "Polygon", "coordinates": [ [ [ 43.423527375419312, 34.526421032829674 ], [ 41.330101625914466, 34.1514982380003 ], [ 41.52210469141319, 33.662974384086674 ], [ 42.683187235894096, 33.356192750979481 ], [ 48.489764499082611, 34.029339693114416 ], [ 48.091701168006956, 34.276537686352903 ], [ 48.127329415135314, 34.922146969757357 ], [ 46.093694416673642, 34.38785791648727 ], [ 43.423527375419312, 34.526421032829674 ] ] ] } },
{ "type": "Feature", "properties": { }, "geometry": { "type": "Polygon", "coordinates": [ [ [ 48.489764499082611, 34.029339693114416 ], [ 49.827806047976544, 34.249625973162651 ], [ 54.662600016253833, 33.760520370242098 ], [ 55.902491677308731, 34.100914756057854 ], [ 56.67063579578295, 34.781978876852875 ], [ 57.214552860163671, 36.350951909269874 ], [ 55.130849631859753, 35.602307190197365 ], [ 49.050439355892706, 35.18111185685094 ], [ 48.127329415135314, 34.922146969757357 ], [ 48.091701168006956, 34.276537686352903 ], [ 48.489764499082611, 34.029339693114416 ] ] ] } },
{ "type": "Feature", "properties": { }, "geometry": { "type": "Polygon", "coordinates": [ [ [ 57.214552860163671, 36.350951909269874 ], [ 56.67063579578295, 34.781978876852875 ], [ 55.902491677308731, 34.100914756057854 ], [ 54.662600016253833, 33.760520370242098 ], [ 49.827806047976544, 34.249625973162651 ], [ 48.489764499082611, 34.029339693114416 ], [ 50.144987095283774, 32.914903894523178 ], [ 49.895618479180925, 32.250988647899035 ], [ 50.894334621300615, 31.936276415088098 ], [ 53.911739566863446, 31.676192372661166 ], [ 56.231999848268863, 32.089321534337245 ], [ 58.214105493630711, 32.733030262314529 ], [ 58.756320658553925, 33.821932716345906 ], [ 58.901250492884053, 36.474152439923614 ], [ 57.214552860163671, 36.350951909269874 ] ] ] } },
{ "type": "Feature", "properties": { }, "geometry": { "type": "Polygon", "coordinates": [ [ [ 76.708392836363458, 37.431938092307163 ], [ 74.89835922974288, 36.895744144587816 ], [ 73.181199617143932, 35.257569996186135 ], [ 73.43818531725303, 33.857542305969005 ], [ 73.006195505360012, 31.947374225433556 ], [ 73.266509782176414, 33.057487401941216 ], [ 74.171565359112265, 33.054710217667186 ], [ 74.394064994700116, 35.225823713422272 ], [ 75.425738613041915, 36.002541318883658 ], [ 76.831823549995491, 36.225423760745223 ], [ 79.477686144180154, 35.727409706194514 ], [ 76.708392836363458, 37.431938092307163 ] ] ] } },
{ "type": "Feature", "properties": { }, "geometry": { "type": "Polygon", "coordinates": [ [ [ 56.28338384428077, 37.713965789441609 ], [ 48.338804524975536, 35.606866449117298 ], [ 48.127329415135314, 34.922146969757357 ], [ 55.130849631859753, 35.602307190197365 ], [ 57.214552860163671, 36.350951909269874 ], [ 58.901250492884053, 36.474152439923614 ], [ 60.819778471521118, 35.602264293409576 ], [ 68.918532841274626, 34.081601477596003 ], [ 69.49741015837877, 34.752466280475865 ], [ 69.810189832667319, 36.680104199770703 ], [ 69.567098463903321, 37.611874132334812 ], [ 65.269127966453084, 36.293688536869425 ], [ 63.077142432148001, 36.001512166294219 ], [ 59.491182899694643, 36.593457960000833 ], [ 56.28338384428077, 37.713965789441609 ] ] ] } },
{ "type": "Feature", "properties": { }, "geometry": { "type": "Polygon", "coordinates": [ [ [ 38.464002105483758, 58.493018384310723 ], [ 36.658896479733855, 58.815740456240192 ], [ 36.593060147234809, 58.051161328127804 ], [ 37.759049868271411, 56.402392792268301 ], [ 37.645526222701932, 55.785534349558127 ], [ 38.651559134048973, 53.524620306790318 ], [ 44.430446525387275, 49.767741692511152 ], [ 49.336266785127457, 46.117180469712437 ], [ 50.034825648703425, 44.601525036007459 ], [ 53.863442755138777, 41.232655217005977 ], [ 56.28338384428077, 37.713965789441609 ], [ 59.491182899694643, 36.593457960000833 ], [ 63.077142432148001, 36.001512166294219 ], [ 60.010445976807247, 37.080594224442848 ], [ 54.959732026858255, 41.756435752728926 ], [ 52.861297660935882, 45.517476484592144 ], [ 48.607489273214661, 50.218862846496393 ], [ 45.933118365738096, 52.411912690747513 ], [ 39.279021477364743, 56.356518385046648 ], [ 38.464002105483758, 58.493018384310723 ] ] ] } },
{ "type": "Feature", "properties": { }, "geometry": { "type": "Polygon", "coordinates": [ [ [ 64.081883221454817, 50.809895719551491 ], [ 58.462612742970933, 52.605709367556805 ], [ 51.847542970844742, 53.322082496307651 ], [ 48.936081682745993, 54.104373805225855 ], [ 45.076451375525949, 56.562538778032113 ], [ 43.526442802805278, 56.599778706296618 ], [ 40.375408967780082, 57.460480925346921 ], [ 38.464002105483758, 58.493018384310723 ], [ 39.279021477364743, 56.356518385046648 ], [ 45.933118365738096, 52.411912690747513 ], [ 48.607489273214661, 50.218862846496393 ], [ 51.325523089744323, 47.235072674181168 ], [ 54.085423783920497, 47.651144419893861 ], [ 54.675855176331638, 48.045369566744135 ], [ 54.470492344782855, 48.772242692117757 ], [ 54.832063226998351, 49.115628975729045 ], [ 56.069231771387606, 49.477876503288059 ], [ 56.18862655872374, 49.859012611497242 ], [ 57.287210558572205, 50.372795650063459 ], [ 64.081883221454817, 50.809895719551491 ] ] ] } },
{ "type": "Feature", "properties": { }, "geometry": { "type": "Polygon", "coordinates": [ [ [ 54.675855176331638, 48.045369566744135 ], [ 54.085423783920497, 47.651144419893861 ], [ 51.325523089744323, 47.235072674181168 ], [ 52.861297660935882, 45.517476484592144 ], [ 53.896691673556859, 43.778443842190363 ], [ 53.733393866957883, 44.067090332719381 ], [ 55.024832146479689, 43.154355760223389 ], [ 54.613222472840476, 44.081671065987948 ], [ 55.659740494942575, 43.37789697542663 ], [ 56.123004968646661, 43.584686694652646 ], [ 56.148784654506251, 43.917033506392713 ], [ 54.675855176331638, 48.045369566744135 ] ] ] } },
{ "type": "Feature", "properties": { }, "geometry": { "type": "Polygon", "coordinates": [ [ [ 55.796976612000357, 49.443993894461627 ], [ 54.470492344782855, 48.772242692117757 ], [ 55.014082501791563, 46.809203945352309 ], [ 56.060897702300586, 44.715900675279407 ], [ 56.123004968646661, 43.584686694652646 ], [ 55.659740494942575, 43.37789697542663 ], [ 59.301494292589993, 42.089198085891162 ], [ 64.600169940065541, 42.121907520689412 ], [ 60.954622032626851, 43.034576871101983 ], [ 58.755233953085096, 45.354640456101151 ], [ 58.25303621557677, 47.350843081458436 ], [ 57.550946028439967, 48.355563949190554 ], [ 55.796976612000357, 49.443993894461627 ] ] ] } },
{ "type": "Feature", "properties": { }, "geometry": { "type": "Polygon", "coordinates": [ [ [ 31.554602819536427, 27.132016890102332 ], [ 37.713684549316447, 28.518718346296055 ], [ 39.716388174792812, 30.409941079144541 ], [ 39.303110058952981, 30.500691596074478 ], [ 41.625457061861169, 34.380528323503199 ], [ 50.895089416099722, 36.014651616284468 ], [ 56.28338384428077, 37.713965789441609 ], [ 53.863442755138777, 41.232655217005977 ], [ 50.034825648703425, 44.601525036007459 ], [ 49.336266785127457, 46.117180469712437 ], [ 39.039341807236632, 53.269998375372978 ], [ 24.908673033956749, 50.900956184803746 ], [ 21.057783830113131, 50.74272416060348 ], [ 19.865062245007213, 50.371785709461868 ], [ 11.51992139406585, 50.113100109786721 ], [ 11.460360670421325, 49.097801309999092 ], [ 13.107740933064743, 47.889043030111473 ], [ 11.759489083619268, 46.599208273726241 ], [ 11.042564861120766, 42.766323490418699 ], [ 9.396063581327907, 38.665559545271414 ], [ 9.280140529262299, 37.377028714375349 ], [ 9.741299235961186, 34.321955856342882 ], [ 14.715686913723966, 34.605849709952423 ], [ 20.781476729100056, 33.739354684338053 ], [ 20.858529939524281, 32.624025511704005 ], [ 24.405638091832117, 31.588145286454576 ], [ 22.399467509237098, 31.029463495040403 ], [ 22.96818190792937, 29.200485982153136 ], [ 22.310565110014981, 27.289560599481398 ], [ 22.808000009379143, 27.634488933211259 ], [ 23.027551127352517, 28.559516497795137 ], [ 23.717788113375658, 29.412057047394107 ], [ 26.570096239395571, 30.831589652255822 ], [ 28.169338867551705, 30.468295555151794 ], [ 30.960166432182742, 29.074203546572541 ], [ 31.741743089246778, 27.594923226745891 ], [ 31.554602819536427, 27.132016890102332 ] ] ] } },
{ "type": "Feature", "properties": { }, "geometry": { "type": "Polygon", "coordinates": [ [ [ 82.843855546494936, 48.532943207195139 ], [ 80.686511288368422, 48.400490522589052 ], [ 76.723768641095802, 47.09022809327908 ], [ 71.470218040996613, 41.346075362039841 ], [ 68.789892824067152, 41.341039387063532 ], [ 68.308275809615154, 39.348089825010952 ], [ 66.297438476025405, 38.694343875262732 ], [ 61.756350238693003, 39.017211582507265 ], [ 58.838636144965172, 39.666564318418445 ], [ 56.784973920199313, 41.437968588002178 ], [ 55.588470125882914, 42.024832890149007 ], [ 55.024832146479689, 43.154355760223389 ], [ 53.733393866957883, 44.067090332719381 ], [ 54.959732026858255, 41.756435752728926 ], [ 60.441249734373073, 36.767866593137256 ], [ 63.077142432148001, 36.001512166294219 ], [ 65.269127966453084, 36.293688536869425 ], [ 69.567098463903321, 37.611874132334812 ], [ 69.442571754076113, 38.065573889695578 ], [ 71.101009928954682, 39.781696694643706 ], [ 72.943402717049764, 40.399364939395305 ], [ 72.677206311261372, 41.362640704810794 ], [ 75.233145111507753, 44.771858630049309 ], [ 76.666350123799006, 46.040208818137131 ], [ 79.222183930240448, 47.353522507557138 ], [ 82.071396580594893, 48.056597965512935 ], [ 82.843855546494936, 48.532943207195139 ] ] ] } },
{ "type": "Feature", "properties": { }, "geometry": { "type": "Polygon", "coordinates": [ [ [ 75.066969996270984, 45.573402249265605 ], [ 71.645428260392805, 42.986581393787318 ], [ 70.537236758359512, 42.895553446400108 ], [ 69.418908777967587, 42.20725842416185 ], [ 66.528131761672697, 41.872354036053892 ], [ 59.301494292589993, 42.089198085891162 ], [ 56.212541641779126, 43.097282684106503 ], [ 54.613222472840476, 44.081671065987948 ], [ 55.289116825158267, 42.330255262487157 ], [ 58.838636144965172, 39.666564318418445 ], [ 61.756350238693003, 39.017211582507265 ], [ 66.297438476025405, 38.694343875262732 ], [ 68.308275809615154, 39.348089825010952 ], [ 68.789892824067152, 41.341039387063532 ], [ 71.470218040996613, 41.346075362039841 ], [ 73.911248499064826, 43.877201441690985 ], [ 75.066969996270984, 45.573402249265605 ] ] ] } },
{ "type": "Feature", "properties": { }, "geometry": { "type": "Polygon", "coordinates": [ [ [ 91.462010279736475, 54.890544431099883 ], [ 84.033368657881113, 52.946400223470157 ], [ 81.606005276142994, 50.417551168223781 ], [ 80.062040564284814, 49.852428432098108 ], [ 77.490898415724061, 47.368295391729681 ], [ 80.686511288368422, 48.400490522589052 ], [ 86.848426836302423, 49.009053076781377 ], [ 86.787521543175927, 47.12483185548966 ], [ 85.453183258186968, 45.498383497221766 ], [ 91.107279928785118, 49.998736499984176 ], [ 92.006413354146417, 50.353242965542606 ], [ 94.32904590013608, 50.71798858369629 ], [ 96.905828901140055, 50.616203917528075 ], [ 104.788522575184231, 51.202657798954469 ], [ 102.455489204455304, 52.72237590667492 ], [ 101.453864507561292, 54.191263060542369 ], [ 101.252785106774567, 55.844586038541721 ], [ 102.324084733743788, 57.158119499661581 ], [ 100.50526581699333, 56.478145525206678 ], [ 94.162622807356598, 55.884435974147848 ], [ 91.462010279736475, 54.890544431099883 ] ] ] } },
{ "type": "Feature", "properties": { }, "geometry": { "type": "Polygon", "coordinates": [ [ [ 59.057415103347324, 50.487649490368753 ], [ 57.287210558572205, 50.372795650063459 ], [ 55.796976612000357, 49.443993894461627 ], [ 57.550946028439967, 48.355563949190554 ], [ 58.25303621557677, 47.350843081458436 ], [ 58.755233953085096, 45.354640456101151 ], [ 60.954622032626851, 43.034576871101983 ], [ 65.508885126843097, 41.925130329427923 ], [ 68.694310343561185, 42.070354996533645 ], [ 70.537236758359512, 42.895553446400108 ], [ 71.645428260392805, 42.986581393787318 ], [ 73.875720558688371, 44.481297332381359 ], [ 79.432774050891382, 49.097006246703145 ], [ 77.24869201275952, 48.350878658661223 ], [ 74.851548102781479, 46.913398283380005 ], [ 73.339265694165064, 45.83376258069373 ], [ 71.802504085205797, 44.157133237024773 ], [ 69.965717248098713, 43.628647269798314 ], [ 66.965768340530914, 43.64553969336837 ], [ 63.899796740876695, 44.043979751147738 ], [ 61.070367444657272, 45.290041014206317 ], [ 59.892057248275705, 46.994203614355129 ], [ 60.496635579916102, 48.227961829044979 ], [ 60.314692384700002, 48.729245346247097 ], [ 59.057415103347324, 50.487649490368753 ] ] ] } },
{ "type": "Feature", "properties": { }, "geometry": { "type": "Polygon", "coordinates": [ [ [ 60.376292120825156, 50.382052855157731 ], [ 59.057415103347324, 50.487649490368753 ], [ 60.496635579916102, 48.227961829044979 ], [ 59.892057248275705, 46.994203614355129 ], [ 60.111780737223498, 46.405560174541982 ], [ 61.65977333059908, 44.826092440510038 ], [ 63.899796740876695, 44.043979751147738 ], [ 66.965768340530914, 43.64553969336837 ], [ 70.473967000190044, 43.723203611053968 ], [ 72.22464887090139, 44.460519937547332 ], [ 74.255445021234976, 46.488803263133917 ], [ 70.557433074268801, 45.4874114720132 ], [ 66.404123830804963, 44.908385473834848 ], [ 64.766876292427497, 45.15469287787262 ], [ 62.718287819907694, 45.906368711477036 ], [ 61.300010319838172, 47.190254697889884 ], [ 61.63988947448253, 48.425187536042102 ], [ 60.376292120825156, 50.382052855157731 ] ] ] } },
{ "type": "Feature", "properties": { }, "geometry": { "type": "Polygon", "coordinates": [ [ [ 126.024838738573877, 73.342138289729832 ], [ 127.030355715755732, 72.554563529524117 ], [ 127.805131048741586, 70.873557587541612 ], [ 126.081192054555345, 69.094395819441147 ], [ 125.406746834291823, 67.592806961329202 ], [ 128.230938622178712, 63.374712542401419 ], [ 132.514335396940567, 61.77630185232325 ], [ 135.200059989921044, 62.473371149759984 ], [ 134.791930275450341, 64.335303437200622 ], [ 135.077595484693802, 65.816611092929222 ], [ 134.942228226044165, 68.634422242997118 ], [ 134.000359317889433, 71.053247658764491 ], [ 130.533909317969346, 73.477796706626194 ], [ 128.939738452737402, 74.232923422717661 ], [ 126.024838738573877, 73.342138289729832 ] ] ] } },
{ "type": "Feature", "properties": { }, "geometry": { "type": "Polygon", "coordinates": [ [ [ 14.412186082447953, 72.128679904515934 ], [ 12.515034286810131, 70.803636730690798 ], [ 21.053424416910833, 70.924747775968726 ], [ 24.261784061476252, 70.376379362409679 ], [ 26.295551943312869, 69.632816313146535 ], [ 27.821164869637006, 68.651248050593608 ], [ 29.86977926699474, 66.499208314718786 ], [ 29.439728686936768, 64.905262867030686 ], [ 28.9907223783262, 64.35713392776681 ], [ 35.439979694310452, 64.313563625507342 ], [ 35.313166412548362, 62.074756203987285 ], [ 36.484894068681889, 61.395232639805897 ], [ 60.675152746085416, 56.925466404541886 ], [ 69.41538863252822, 59.507487078909143 ], [ 77.428570598009571, 61.044785226176174 ], [ 79.149815414579578, 61.838655974374674 ], [ 83.843040727854188, 62.006645219554365 ], [ 85.19710314053988, 62.500374332932786 ], [ 85.673038854141524, 63.061606951913944 ], [ 85.499914857764963, 64.362436742930498 ], [ 84.78126048064631, 65.912974045251275 ], [ 80.718171025525152, 68.079824707497352 ], [ 78.748862862279921, 70.318103513521748 ], [ 78.076331424913604, 72.043867254798812 ], [ 79.004599393390009, 72.801818512461409 ], [ 79.068765596629504, 73.413899179596697 ], [ 80.864526032665069, 73.500070221660948 ], [ 83.541717626262795, 73.107653858674738 ], [ 92.034449363341963, 71.088207253073918 ], [ 95.291647561757898, 70.003777069471425 ], [ 96.320422372304336, 70.15747630593691 ], [ 97.072773771275251, 71.387402229642305 ], [ 97.982230218613921, 71.875484940181948 ], [ 102.533555000953413, 73.301147386341412 ], [ 111.130993861317179, 74.856215255046578 ], [ 116.219315072852069, 76.48531925144033 ], [ 118.378778579166323, 78.047351762566024 ], [ 118.846430462512288, 79.707804577487792 ], [ 103.23292583287666, 81.893761988543417 ], [ 83.817635681242933, 83.52624804701469 ], [ 80.645258844255977, 83.090351852732212 ], [ 73.527447468265152, 81.425839475322519 ], [ 72.698281891459672, 80.789321966178335 ], [ 72.738838416768417, 80.135303048279241 ], [ 69.716743396485697, 79.176937781059848 ], [ 67.71938822934483, 78.956106298513504 ], [ 53.941616357027954, 79.04295638413177 ], [ 33.343922983639018, 78.535747355661783 ], [ 29.546818661113416, 77.875396641332671 ], [ 30.060393009003693, 76.757224805854136 ], [ 29.654941400432893, 76.332078069512136 ], [ 30.596406390235401, 76.067611355692264 ], [ 30.687601478498873, 75.768044249192798 ], [ 28.873098904629909, 73.444959519284211 ], [ 14.528877654613662, 74.590461472245565 ], [ 15.78366080272329, 74.067290576197138 ], [ 14.412186082447953, 72.128679904515934 ] ] ] } },
{ "type": "Feature", "properties": { }, "geometry": { "type": "Polygon", "coordinates": [ [ [ 9.11471340207156, 65.838523245326982 ], [ 9.337826877146323, 65.06099099580878 ], [ 8.754787741695004, 64.743117942505322 ], [ 8.652766411102201, 63.848246158557934 ], [ 21.636967840398672, 62.941668749107379 ], [ 25.747849111680129, 63.184709842427928 ], [ 28.076946825649319, 63.661544983883566 ], [ 29.439728686936768, 64.905262867030686 ], [ 29.86977926699474, 66.499208314718786 ], [ 27.113661353094606, 69.22018545642149 ], [ 25.122407416531072, 70.098582898453657 ], [ 21.940593208255351, 70.81738032844423 ], [ 17.625319457004384, 71.005987976601844 ], [ 14.009390802910172, 70.820548280346642 ], [ 11.986372483160764, 69.750645190423853 ], [ 9.581538007455755, 67.87598193534528 ], [ 9.11471340207156, 65.838523245326982 ] ] ] } },
{ "type": "Feature", "properties": { }, "geometry": { "type": "Polygon", "coordinates": [ [ [ -40.523851595851973, -33.090945270691392 ], [ -46.922743934329162, -29.923058787142292 ], [ -48.005608395328174, -34.060244289116568 ], [ -49.765201437286791, -37.712630153555658 ], [ -44.787325944150346, -42.767796513124367 ], [ -43.116486466432967, -43.503092161501243 ], [ -40.523851595851973, -33.090945270691392 ] ] ] } },
{ "type": "Feature", "properties": { }, "geometry": { "type": "Polygon", "coordinates": [ [ [ 11.581990750590105, 46.157905153049143 ], [ 12.400628892137215, 47.469556604682616 ], [ 10.353436402528182, 45.392638412517236 ], [ 7.10677429342099, 42.952132274765987 ], [ 7.24649120297189, 42.195980474339798 ], [ 8.485030929159711, 41.444654227901864 ], [ 7.766059588131498, 40.409836135906183 ], [ 8.223389810432797, 39.683209627397979 ], [ 5.596239304529672, 38.257839560404577 ], [ 3.571272886925468, 37.636441960847584 ], [ 2.16277756775631, 36.609002586622829 ], [ 8.012913006869125, 36.81426081222709 ], [ 9.191631887246007, 34.298411030352469 ], [ 9.93664729949368, 33.434624567441716 ], [ 9.312052401967689, 38.246499016641749 ], [ 11.042564861120766, 42.766323490418699 ], [ 11.581990750590105, 46.157905153049143 ] ] ] } },
{ "type": "Feature", "properties": { }, "geometry": { "type": "Polygon", "coordinates": [ [ [ 9.93664729949368, 33.434624567441716 ], [ 9.191631887246007, 34.298411030352469 ], [ 8.012913006869125, 36.81426081222709 ], [ 6.61454771687174, 36.686208676179717 ], [ 5.340132137047337, 35.348483202652574 ], [ 3.821731953027709, 34.671354531962599 ], [ 2.587744132767604, 33.310281589445182 ], [ 3.109479516588761, 30.138608326593133 ], [ 2.296292034939772, 29.269836370668532 ], [ 2.133928844623646, 28.613485788165089 ], [ 2.502736432677211, 26.237237202075349 ], [ 3.529744636163291, 27.376250060326349 ], [ 4.938354357254553, 27.969029357968218 ], [ 6.737463971910778, 29.846136700669511 ], [ 9.553153789307681, 31.873988593695227 ], [ 9.93664729949368, 33.434624567441716 ] ] ] } },
{ "type": "Feature", "properties": { }, "geometry": { "type": "Polygon", "coordinates": [ [ [ 25.129297909877131, -8.696710750717488 ], [ 26.461874524771545, -7.376786757511757 ], [ 28.164771226200525, -4.543274320654543 ], [ 25.596801959381537, -6.528118215875799 ], [ 25.129297909877131, -8.696710750717488 ] ] ] } },
{ "type": "Feature", "properties": { }, "geometry": { "type": "Polygon", "coordinates": [ [ [ 51.875379144696602, -36.112636031163063 ], [ 51.679409339093418, -35.924931684864134 ], [ 51.021730020176072, -36.204510322700379 ], [ 50.891381353708432, -35.293690374033638 ], [ 50.028687056387874, -34.718707794327713 ], [ 49.72167318901473, -34.981883449844759 ], [ 50.840640428241691, -35.514459452105889 ], [ 50.527461227841052, -37.591125691940185 ], [ 50.986447839263825, -38.809584369356656 ], [ 50.192998257371791, -41.040500346403135 ], [ 50.548364821938449, -43.028239239525853 ], [ 51.309081832812453, -44.513833101387419 ], [ 51.714682183162246, -46.749711464316896 ], [ 53.015536104051968, -47.764875545775269 ], [ 54.062199024433546, -49.162221668180749 ], [ 55.307293121590206, -50.222391656682746 ], [ 57.883993672936924, -51.746712082828353 ], [ 62.350490535947806, -53.384038414480969 ], [ 66.452023432706369, -53.239731556930288 ], [ 66.87085178921528, -53.697062798044961 ], [ 66.900450864454086, -53.266758399080317 ], [ 65.717392309476907, -52.350128224028623 ], [ 64.443566106333847, -52.990123728839961 ], [ 63.272084651436344, -53.107429999628295 ], [ 57.804914920191891, -51.526231238431478 ], [ 54.15701763030674, -49.071764985666242 ], [ 53.648900106885918, -47.503698725186069 ], [ 53.069706231911759, -47.055235930634218 ], [ 51.178276741588192, -44.093878684968665 ], [ 50.608150833694033, -42.662717448518762 ], [ 51.240805639584387, -41.333544054953322 ], [ 51.048034691443867, -40.691751412956251 ], [ 51.58595901769614, -38.65487460097728 ], [ 51.29820433833968, -37.666848646679604 ], [ 51.875379144696602, -36.112636031163063 ] ] ] } },
{ "type": "Feature", "properties": { }, "geometry": { "type": "Polygon", "coordinates": [ [ [ 28.797955939983122, 25.656119371205556 ], [ 26.75397007392046, 25.890093104543919 ], [ 27.15487991242604, 24.504416086176281 ], [ 30.155370067358774, 22.793598497493623 ], [ 32.24137379465477, 24.532283037163442 ], [ 33.28672825275828, 24.915001122546336 ], [ 33.154277200825085, 25.214793625483502 ], [ 32.2988765566339, 25.191194182547054 ], [ 31.316138313621362, 25.815128736455922 ], [ 31.386086153572613, 26.405309398016076 ], [ 28.797955939983122, 25.656119371205556 ] ] ] } },
{ "type": "Feature", "properties": { }, "geometry": { "type": "Polygon", "coordinates": [ [ [ 31.153798257601565, 28.28945095729496 ], [ 27.903448007869571, 26.791951500510137 ], [ 26.811249205163854, 26.659305218821832 ], [ 26.75397007392046, 25.890093104543919 ], [ 29.046131576587115, 25.684846152417638 ], [ 35.520783138369616, 27.55384226781705 ], [ 31.153798257601565, 28.28945095729496 ] ] ] } },
{ "type": "Feature", "properties": { }, "geometry": { "type": "Polygon", "coordinates": [ [ [ 25.825651134791766, 25.912053904534762 ], [ 25.366594060163436, 25.974481408524873 ], [ 24.913822784096386, 25.569519275466934 ], [ 24.224431958774428, 25.772736868376526 ], [ 23.801208221477655, 25.466847066898239 ], [ 27.534499492203189, 22.994403119011384 ], [ 28.378853345359421, 23.363519368675 ], [ 26.51661489317927, 24.770938611054355 ], [ 25.825651134791766, 25.912053904534762 ] ] ] } },
{ "type": "Feature", "properties": { }, "geometry": { "type": "Polygon", "coordinates": [ [ [ 23.830695068175238, 25.374773844190113 ], [ 23.354276785602966, 23.757215086503304 ], [ 23.697596209601091, 23.076510160687356 ], [ 26.919664252994366, 20.085995205699096 ], [ 27.278491673731196, 22.660185730808664 ], [ 27.557245726245114, 22.897345906118428 ], [ 23.830695068175238, 25.374773844190113 ] ] ] } },
{ "type": "Feature", "properties": { }, "geometry": { "type": "Polygon", "coordinates": [ [ [ 24.268900281988458, 23.290139874195813 ], [ 21.50100326599576, 22.670614049146266 ], [ 20.685407995341421, 21.55131678266142 ], [ 20.030740941227446, 19.657278248358306 ], [ 17.559747543752092, 17.336708676570403 ], [ 17.190059708677961, 16.613032269882623 ], [ 17.495761336411459, 16.555757036806913 ], [ 17.710600051714625, 15.846459796508036 ], [ 18.286661165265251, 16.378991180460257 ], [ 18.331762074110181, 17.075529394877027 ], [ 21.354152990135127, 18.244675627261881 ], [ 22.130384424385259, 19.21068236699071 ], [ 22.995790677672677, 21.62445565284068 ], [ 24.268900281988458, 23.290139874195813 ] ] ] } },
{ "type": "Feature", "properties": { }, "geometry": { "type": "Polygon", "coordinates": [ [ [ 17.339875065023168, 8.85799782245045 ], [ 17.959652512387507, 11.672998996842487 ], [ 17.68527280619222, 13.793823520247566 ], [ 16.996285226923053, 14.239495592614754 ], [ 16.92772847779236, 14.890548726092181 ], [ 15.59247014221215, 15.8205745984936 ], [ 15.381619231252866, 15.576701615654677 ], [ 16.146276878758567, 15.043516176309319 ], [ 15.878083218326674, 14.431738964201902 ], [ 15.724119291386989, 14.757270809123341 ], [ 15.052686529512222, 14.721135444314896 ], [ 15.189168741083749, 11.866845382357695 ], [ 15.558476190502013, 11.755382069927931 ], [ 15.469986274857019, 10.185801970184714 ], [ 16.036475984257901, 9.861301807346727 ], [ 16.242140285337609, 8.455192429576375 ], [ 16.890519195026439, 8.007612666811507 ], [ 17.662922368754185, 6.679098916806642 ], [ 17.339875065023168, 8.85799782245045 ] ] ] } },
{ "type": "Feature", "properties": { }, "geometry": { "type": "Polygon", "coordinates": [ [ [ 19.807995411648079, 7.489193364481594 ], [ 18.767934550319637, 11.058010096107392 ], [ 18.834676287760466, 12.117219933649286 ], [ 19.288545774546254, 13.070265773642845 ], [ 19.20202831336524, 14.128049299786618 ], [ 17.478286758880955, 14.618075675089655 ], [ 16.307637843198709, 15.969389288721239 ], [ 15.739427694842291, 15.936518398540917 ], [ 16.378592634279141, 15.047437712301504 ], [ 16.92772847779236, 14.890548726092181 ], [ 16.996285226923053, 14.239495592614754 ], [ 17.68527280619222, 13.793823520247566 ], [ 17.959652512387507, 11.672998996842487 ], [ 17.565158686764601, 9.868141812818847 ], [ 18.101448213651771, 9.777253475941192 ], [ 18.221521318531963, 8.79557832225095 ], [ 18.918531591157283, 8.610673504478575 ], [ 19.807995411648079, 7.489193364481594 ] ] ] } },
{ "type": "Feature", "properties": { }, "geometry": { "type": "Polygon", "coordinates": [ [ [ 13.840112902934948, 17.462906571403195 ], [ 15.117585608915483, 18.608373870010762 ], [ 14.723004642633521, 19.30388445676363 ], [ 11.885326735453056, 19.324888937970147 ], [ 11.421449211955309, 17.383948249129723 ], [ 13.200989248507558, 15.778576304485666 ], [ 14.071553586966145, 16.927748425468913 ], [ 13.840112902934948, 17.462906571403195 ] ] ] } },
{ "type": "Feature", "properties": { }, "geometry": { "type": "Polygon", "coordinates": [ [ [ 19.807995411648079, 7.489193364481594 ], [ 20.119203152300312, 7.335334689710018 ], [ 20.768543893177043, 7.909829996023748 ], [ 20.402556898184283, 9.343471014566193 ], [ 20.873609602899901, 9.962973362593214 ], [ 20.312465637491236, 11.818113536846466 ], [ 20.686010363466362, 12.615869746570825 ], [ 19.20202831336524, 14.128049299786618 ], [ 19.288545774546254, 13.070265773642845 ], [ 18.834676287760466, 12.117219933649286 ], [ 18.767934550319637, 11.058010096107392 ], [ 19.807995411648079, 7.489193364481594 ] ] ] } },
{ "type": "Feature", "properties": { }, "geometry": { "type": "Polygon", "coordinates": [ [ [ 11.679881658174905, 18.322265413660897 ], [ 13.281647293569588, 16.561124281239906 ], [ 14.460086624161443, 18.494497182018097 ], [ 12.866166484317818, 18.8981849780636 ], [ 12.320848223336213, 18.686036985909084 ], [ 12.194428615101248, 18.24860401730826 ], [ 11.679881658174905, 18.322265413660897 ] ] ] } },
{ "type": "Feature", "properties": { }, "geometry": { "type": "Polygon", "coordinates": [ [ [ 9.893556372086692, 16.247492831258423 ], [ 11.066189579824654, 16.291184504471527 ], [ 12.977693564794469, 16.852678201581835 ], [ 11.608172948220226, 18.414205853613343 ], [ 10.105197143469134, 18.577047566956175 ], [ 10.042400562774972, 18.09994993106957 ], [ 9.601336364477845, 18.401563535409625 ], [ 8.907914785633412, 16.995673791953056 ], [ 9.893556372086692, 16.247492831258423 ] ] ] } },
{ "type": "Feature", "properties": { }, "geometry": { "type": "Polygon", "coordinates": [ [ [ 8.782222795675176, 14.343664555390811 ], [ 7.187303883606069, 16.523121899527858 ], [ 6.053311247883663, 15.83615563944505 ], [ 7.024581759254911, 14.533213361339525 ], [ 8.782222795675176, 14.343664555390811 ] ] ] } },
{ "type": "Feature", "properties": { }, "geometry": { "type": "Polygon", "coordinates": [ [ [ 9.022027563830173, 16.117452241539297 ], [ 8.284790975173463, 16.924538088515003 ], [ 7.187303883606069, 16.523121899527858 ], [ 8.870160988523658, 14.460820444854717 ], [ 8.96886845899478, 15.285950578784218 ], [ 8.543132625666768, 15.929544372775734 ], [ 9.022027563830173, 16.117452241539297 ] ] ] } },
{ "type": "Feature", "properties": { }, "geometry": { "type": "Polygon", "coordinates": [ [ [ 7.024581759254911, 14.533213361339525 ], [ 6.053311247883663, 15.83615563944505 ], [ 4.976951069837234, 14.309392122088267 ], [ 5.094624814485996, 14.109424622485889 ], [ 5.75453933516039, 14.471609833292336 ], [ 7.024581759254911, 14.533213361339525 ] ] ] } },
{ "type": "Feature", "properties": { }, "geometry": { "type": "Polygon", "coordinates": [ [ [ 11.212613265497554, 13.678140634346455 ], [ 10.931356820117712, 14.071729872041635 ], [ 9.932317032916703, 13.957651886642122 ], [ 8.756729153428317, 13.788657900741212 ], [ 8.72479633666469, 13.377873415569427 ], [ 9.220832599474234, 13.06456204860786 ], [ 11.212613265497554, 13.678140634346455 ] ] ] } },
{ "type": "Feature", "properties": { }, "geometry": { "type": "Polygon", "coordinates": [ [ [ 6.78272328873916, 12.575359407805646 ], [ 7.227338212024262, 12.494684173280096 ], [ 6.808040204943557, 13.285907462185035 ], [ 6.394326656356077, 13.352828601746371 ], [ 6.78272328873916, 12.575359407805646 ] ] ] } },
{ "type": "Feature", "properties": { }, "geometry": { "type": "Polygon", "coordinates": [ [ [ 7.668024417611216, 12.739951476974557 ], [ 7.082004271017689, 13.44217680610997 ], [ 6.651934578317486, 13.461741261177306 ], [ 7.218837619873013, 12.762986627642139 ], [ 7.668024417611216, 12.739951476974557 ] ] ] } },
{ "type": "Feature", "properties": { }, "geometry": { "type": "Polygon", "coordinates": [ [ [ 8.245911132236538, 12.665688370062117 ], [ 7.523794304589566, 13.398967451973448 ], [ 7.082004271017689, 13.44217680610997 ], [ 7.668024417611216, 12.739951476974557 ], [ 8.245911132236538, 12.665688370062117 ] ] ] } },
{ "type": "Feature", "properties": { }, "geometry": { "type": "Polygon", "coordinates": [ [ [ 7.984756546963018, 13.660974142658322 ], [ 7.416071540058148, 13.367487681326759 ], [ 8.310104610119497, 12.843624116295056 ], [ 9.228326573381789, 12.917944499752339 ], [ 8.679906758209219, 13.13208911341931 ], [ 8.629559437947112, 13.541121367588994 ], [ 7.984756546963018, 13.660974142658322 ] ] ] } },
{ "type": "Feature", "properties": { }, "geometry": { "type": "Polygon", "coordinates": [ [ [ 115.674334178511245, -39.930726765151832 ], [ 114.378997207905869, -39.474391035025853 ], [ 113.050498504641439, -40.529339905882139 ], [ 112.66040608677514, -40.237808000441248 ], [ 112.682567909425686, -39.562593147141079 ], [ 109.832727735632957, -41.14138357240612 ], [ 108.161522180478727, -41.529372466716055 ], [ 103.705965631967857, -41.373099139339629 ], [ 94.838259773417008, -42.17154185635723 ], [ 93.272625995899375, -41.397692156671553 ], [ 89.094869568440075, -44.677104822515545 ], [ 88.096987211797924, -44.657762482459496 ], [ 85.704483953981466, -43.666386490985929 ], [ 83.530270148660406, -42.211897779013754 ], [ 82.548818447273078, -41.948666087505217 ], [ 81.790540339048846, -42.292231200734783 ], [ 82.009879012589025, -43.212416797441371 ], [ 81.385409027375601, -43.715889884974366 ], [ 79.728380497743188, -44.224722640613429 ], [ 78.167272771194064, -44.182241484390715 ], [ 77.787717536743614, -44.475638308180613 ], [ 77.134082000273736, -45.445780992400024 ], [ 78.438354927749884, -47.130923419808546 ], [ 73.785366071076908, -49.055193555734107 ], [ 72.886954100997187, -48.984075949550224 ], [ 72.545477957660609, -48.57471550703341 ], [ 73.388688326503356, -46.295894583931585 ], [ 69.80991046915635, -46.499554282185855 ], [ 72.558356110243267, -51.449367677170812 ], [ 73.223314856069663, -54.275893130171376 ], [ 73.022968482804785, -54.314287715042269 ], [ 73.283174392927108, -55.46084956123174 ], [ 72.885404384378191, -56.001806072695992 ], [ 72.304673042518957, -55.890576657552486 ], [ 71.795037268883988, -56.445465811962528 ], [ 70.137524078134717, -56.940280397672225 ], [ 69.899428422728164, -56.405447553833241 ], [ 67.582480229754637, -56.622525318615196 ], [ 66.993180047446515, -56.289815175569785 ], [ 66.660593381723785, -55.437792831886242 ], [ 65.145068973213142, -55.138950910504313 ], [ 62.965436960211107, -56.245626271154947 ], [ 62.83351338649129, -57.20227956612451 ], [ 64.475153264060751, -57.478754212383862 ], [ 66.15864238193295, -58.323511609143779 ], [ 67.732308705371736, -58.336057324269959 ], [ 67.813688909204075, -58.631064159822799 ], [ 66.395696596558452, -59.058124536550253 ], [ 66.428373985310969, -59.366114519659966 ], [ 67.606786859924725, -61.049924364284728 ], [ 67.559236642469671, -61.493738024244507 ], [ 68.589104447521635, -62.100670319514649 ], [ 72.154648666090438, -63.341950784859264 ], [ 77.772519217633061, -63.929713923302444 ], [ 82.641319146675158, -65.261014112646393 ], [ 87.405841917024219, -65.630035236696301 ], [ 94.912745583411294, -67.410700155576151 ], [ 99.417620054491238, -69.43374904662177 ], [ 105.919216536221086, -71.225108167032957 ], [ 106.712515035496693, -72.315336594258753 ], [ 108.591457461987133, -73.103220300535483 ], [ 108.932103049336646, -73.870399187512547 ], [ 135.227275036397259, -74.726436027387322 ], [ 135.230136210952537, -73.944137389842609 ], [ 137.820872809728456, -72.749533158115895 ], [ 138.155027399414536, -71.28795197402836 ], [ 138.848972990797392, -70.713975195472656 ], [ 138.847893112637223, -69.915194793951642 ], [ 141.581619568537945, -67.79341320184291 ], [ 142.600295295410604, -66.340556802970511 ], [ 142.384360109096633, -65.225759470953221 ], [ 143.105955856132397, -64.11139746629037 ], [ 143.333914674291833, -62.638302880250464 ], [ 141.915805232547456, -61.189067004345944 ], [ 141.770187731060247, -59.953585137053018 ], [ 141.007162360433853, -59.109713819199499 ], [ 142.970548791852934, -57.957529967519307 ], [ 142.156420851880114, -56.012392435796855 ], [ 140.977838292343307, -54.681334876470231 ], [ 140.694413285395399, -53.732037708394039 ], [ 139.470214300936391, -52.62351448543393 ], [ 139.082505375679887, -51.431921555836873 ], [ 137.797484296319226, -50.28726103365851 ], [ 131.974600006607687, -49.033859132560039 ], [ 129.371009522481756, -47.698339220472235 ], [ 125.80359534726999, -48.355013294607552 ], [ 125.272432161549546, -47.543649701920238 ], [ 125.359697946353748, -46.923336556111344 ], [ 126.275241054722741, -46.033194584098666 ], [ 126.050973474533208, -45.661527503812309 ], [ 126.641869293545042, -45.241004094106849 ], [ 126.61998120702026, -44.704989893042807 ], [ 123.264815150216251, -44.715090877897389 ], [ 117.514826572562583, -43.132865700978421 ], [ 117.236023519400362, -42.665643191113098 ], [ 115.921425444150643, -42.244178126564783 ], [ 115.77404728719543, -41.895050760929337 ], [ 116.48059174908424, -41.36818871428116 ], [ 115.674334178511245, -39.930726765151832 ] ] ] } },
{ "type": "Feature", "properties": { }, "geometry": { "type": "Polygon", "coordinates": [ [ [ 66.498325281430724, 55.828202472762278 ], [ 65.303567700096949, 55.484844036556026 ], [ 64.238108024003253, 54.521468856078101 ], [ 63.533288262862236, 54.29788151971475 ], [ 63.039325343060582, 53.118824921409427 ], [ 67.109999303463198, 52.020857276913446 ], [ 68.390731075810507, 52.079466874326918 ], [ 70.840225151809491, 52.275029808752159 ], [ 76.472043114899847, 54.171079267071647 ], [ 74.404740790204514, 54.375209906591337 ], [ 71.159178106745131, 54.138461222845244 ], [ 66.498325281430724, 55.828202472762278 ] ] ] } },
{ "type": "Feature", "properties": { }, "geometry": { "type": "Polygon", "coordinates": [ [ [ -49.474722715824186, 48.669667853549946 ], [ -47.527832923677828, 55.089478159474972 ], [ -47.623760937833168, 58.121102944671094 ], [ -48.066532739773251, 57.890969434228069 ], [ -48.504202957988376, 56.701622782950004 ], [ -48.999259339659282, 56.373138544848672 ], [ -48.828055742335579, 55.066788075102309 ], [ -49.828505196626317, 53.715282183826595 ], [ -49.726511161196981, 52.524464384658401 ], [ -49.273813080138211, 51.854946219712645 ], [ -50.093613205870795, 50.086390172774045 ], [ -50.171469618830507, 49.021914532314156 ], [ -49.474722715824186, 48.669667853549946 ] ] ] } },
{ "type": "Feature", "properties": { }, "geometry": { "type": "Polygon", "coordinates": [ [ [ -8.512282079830344, 70.014118093732321 ], [ -21.90935368904368, 70.406765164947871 ], [ -27.22140087135741, 69.618239626758012 ], [ -25.076272998152167, 69.682251473367629 ], [ -23.291192645602617, 69.212023904156297 ], [ -16.397245895566492, 68.833188874983577 ], [ -12.246292399912667, 68.171715816759288 ], [ -9.480980678705633, 68.368571042631288 ], [ -6.993839482668918, 68.156781888021968 ], [ -8.512282079830344, 70.014118093732321 ] ] ] } },
{ "type": "Feature", "properties": { }, "geometry": { "type": "Polygon", "coordinates": [ [ [ -9.492057146242711, 53.767990066679396 ], [ -8.485955387847119, 54.490733326620649 ], [ -10.496638523211306, 54.541817082732571 ], [ -12.322871838617075, 55.989808340173234 ], [ -14.299546434614649, 56.475216320587961 ], [ -16.322668104582561, 56.534207522795704 ], [ -18.281209980301444, 57.21415146476275 ], [ -19.269218566319925, 57.992149834159541 ], [ -19.495471287389922, 58.954205356495926 ], [ -20.535777097606495, 59.438399798889499 ], [ -20.545018362182446, 58.27739182677724 ], [ -21.274246208454446, 56.934294771929956 ], [ -18.56973391912506, 55.27661367511049 ], [ -16.782246678603681, 55.376237250079768 ], [ -9.492057146242711, 53.767990066679396 ] ] ] } },
{ "type": "Feature", "properties": { }, "geometry": { "type": "Polygon", "coordinates": [ [ [ -45.773865933796102, -55.840658199081282 ], [ -50.895077086053185, -56.161528945945172 ], [ -50.799658787339581, -58.695475071112696 ], [ -50.383708115696685, -59.958915455218282 ], [ -49.112548462695813, -61.824301319802544 ], [ -46.974083956288887, -63.134340687046731 ], [ -42.977192802630412, -64.039605648742452 ], [ -38.864665135248941, -64.423438660335435 ], [ -34.450266648600959, -63.947254256816123 ], [ -37.729051727804844, -63.411012355263807 ], [ -38.379944135385081, -63.050156344784256 ], [ -38.602258710608517, -62.336866015789283 ], [ -38.055075245075471, -60.841702570977027 ], [ -39.950576769604673, -58.379750703550755 ], [ -39.776089438910255, -56.783568268734122 ], [ -40.260630356798742, -55.507000835892178 ], [ -41.984691209203824, -56.237215930261925 ], [ -45.773865933796102, -55.840658199081282 ] ] ] } },
{ "type": "Feature", "properties": { }, "geometry": { "type": "Polygon", "coordinates": [ [ [ -22.339077916465399, 18.694338889177232 ], [ -21.762839422753171, 20.258526102385943 ], [ -24.976855677352841, 19.505999136100321 ], [ -31.594905444909951, 16.411528019745031 ], [ -34.335220678099276, 15.678721949913486 ], [ -38.015655510753795, 15.706188826185867 ], [ -41.262021692459939, 16.561412158065842 ], [ -39.471303520808021, 15.17196015865766 ], [ -36.464582645338297, 11.131478802483665 ], [ -34.439833777075975, 10.953911588476773 ], [ -33.091413091755598, 8.927152079743696 ], [ -31.626828052612971, 8.515865499092232 ], [ -31.553254643896032, 11.098936097339315 ], [ -31.199728987380222, 11.685018815156825 ], [ -31.509652077738046, 12.069636881364925 ], [ -30.537188386338844, 12.732026316537297 ], [ -28.181765562489684, 13.161914322847814 ], [ -25.567629960834513, 15.398714415827053 ], [ -25.223334929627068, 16.791345054034785 ], [ -24.270433219890158, 18.118684394794641 ], [ -23.196578745743839, 18.691018282677888 ], [ -22.339077916465399, 18.694338889177232 ] ] ] } },
{ "type": "Feature", "properties": { }, "geometry": { "type": "Polygon", "coordinates": [ [ [ 20.786569578468395, -55.637742082323193 ], [ 26.493116388722655, -55.300352030211414 ], [ 26.313889404474086, -54.262691027135027 ], [ 24.923410241265675, -52.565210868442676 ], [ 24.834391564934094, -53.127577344017887 ], [ 24.235808486367478, -53.572924230182728 ], [ 20.473199115235555, -52.510459266549894 ], [ 19.167534432698567, -52.800133510837647 ], [ 18.901384723541732, -53.380931382367748 ], [ 18.264880116501061, -53.53419375374326 ], [ 18.178616965763382, -54.334056792966102 ], [ 18.82782424795074, -55.048119346349992 ], [ 20.786569578468395, -55.637742082323193 ] ] ] } },
{ "type": "Feature", "properties": { }, "geometry": { "type": "Polygon", "coordinates": [ [ [ 32.76245202153126, -40.908297471275496 ], [ 32.341171519398486, -39.002587300789223 ], [ 31.694466807333256, -38.611797436207205 ], [ 30.667195734201862, -38.40244928307014 ], [ 29.450318894777986, -38.836486648155315 ], [ 31.727317174459838, -40.915240206814524 ], [ 32.76245202153126, -40.908297471275496 ] ] ] } },
{ "type": "Feature", "properties": { }, "geometry": { "type": "Polygon", "coordinates": [ [ [ 126.067415949639539, 11.938189881756678 ], [ 119.778775929225361, 13.032382242693597 ], [ 118.89100287903193, 12.67893069721878 ], [ 125.374425105657906, 10.395298902282827 ], [ 129.535757453413879, 10.075385040982349 ], [ 128.827280910122397, 10.623786942030465 ], [ 127.791690225855589, 12.278266747071662 ], [ 126.067415949639539, 11.938189881756678 ] ] ] } },
{ "type": "Feature", "properties": { }, "geometry": { "type": "Polygon", "coordinates": [ [ [ 21.145992202470257, -52.166694245435295 ], [ 30.475766119553217, -44.029309654462608 ], [ 30.192857969512364, -43.567387692441848 ], [ 30.815204356926444, -41.90586546670265 ], [ 30.592482657888461, -41.69250478674347 ], [ 30.874248721123752, -41.37304384432192 ], [ 30.416637249751677, -41.03032466808299 ], [ 30.592650938023894, -40.744652486438561 ], [ 29.721173506766693, -40.368343331307152 ], [ 29.151238848236417, -40.39288474771309 ], [ 27.476315270723909, -41.59821237351197 ], [ 27.363090646917215, -41.978436605421628 ], [ 25.304719438575486, -42.673627344635214 ], [ 23.864139201416414, -42.800824190846747 ], [ 22.109900895629448, -42.343068997716919 ], [ 20.439238215623313, -42.968793286723809 ], [ 20.114154434074614, -43.917499532528609 ], [ 20.217416110787507, -45.778476444269515 ], [ 19.75206208212941, -46.449477155415437 ], [ 17.229882547577752, -47.782397443611998 ], [ 17.20644379482755, -48.820556150408912 ], [ 16.470577808405999, -49.940812294290247 ], [ 16.815893169616171, -51.751094322677616 ], [ 18.218348492133359, -52.442669783822979 ], [ 19.332464090724113, -52.134612471452598 ], [ 21.145992202470257, -52.166694245435295 ] ] ] } },
{ "type": "Feature", "properties": { }, "geometry": { "type": "Polygon", "coordinates": [ [ [ 20.686010363466362, 12.615869746570825 ], [ 18.956429011342923, 15.231752962704368 ], [ 18.238515587365082, 15.147991304315017 ], [ 16.849462342096313, 16.184933523057744 ], [ 15.739427694842291, 15.936518398540917 ], [ 16.307637843198709, 15.969389288721239 ], [ 17.478286758880955, 14.618075675089655 ], [ 19.223274083127041, 14.126373510775622 ], [ 20.686010363466362, 12.615869746570825 ] ] ] } },
{ "type": "Feature", "properties": { }, "geometry": { "type": "MultiPolygon", "coordinates": [ [ [ [ 179.99999999, -77.273641766014904 ], [ 177.884315215226536, -77.640914058824904 ], [ 176.789517668356154, -77.936323181583532 ], [ 179.99999999, -78.751958024928641 ], [ 179.99999999, -77.273641766014904 ] ] ], [ [ [ -179.99999999, -78.751958024928641 ], [ -170.990453438868116, -80.187049284084992 ], [ -163.831453575572084, -80.81433896195982 ], [ -157.016363212086191, -80.747193299420914 ], [ -157.803078822654129, -80.076563629277913 ], [ -163.602236660090711, -78.252661627080812 ], [ -174.801463247091334, -76.909915135692074 ], [ -179.99999999, -77.273641766014904 ], [ -179.99999999, -78.751958024928641 ] ] ] ] } },
{ "type": "Feature", "properties": { }, "geometry": { "type": "Polygon", "coordinates": [ [ [ 160.940573218470234, -83.805546593108048 ], [ 174.6158104803024, -83.329084295341772 ], [ 174.40005050178263, -82.64291632892342 ], [ 175.936924134028203, -82.231620635752449 ], [ 175.605422881431224, -81.173486751968341 ], [ 169.838755346478223, -81.64722511882691 ], [ 161.96667266739874, -82.86994730055126 ], [ 160.940573218470234, -83.805546593108048 ] ] ] } },
{ "type": "Feature", "properties": { }, "geometry": { "type": "Polygon", "coordinates": [ [ [ 173.867010395360495, -81.507279047513649 ], [ 172.925758506736571, -81.095230563904778 ], [ 170.021143699479126, -80.864554775608113 ], [ 164.613912500051242, -80.849356848963794 ], [ 164.340082359108465, -81.858309605884386 ], [ 162.282040870021063, -82.882994643226311 ], [ 159.304889614560182, -83.513654608133152 ], [ 137.237250068204418, -85.265689068928111 ], [ 160.619692435600001, -84.066441755472695 ], [ 171.202939472492631, -82.882585601307966 ], [ 172.678830087834484, -82.24520024696713 ], [ 172.12867805689757, -82.042193507510291 ], [ 173.867010395360495, -81.507279047513649 ] ] ] } },
{ "type": "Feature", "properties": { }, "geometry": { "type": "MultiPolygon", "coordinates": [ [ [ [ 179.99999999, -79.548167753342256 ], [ 177.415906707110906, -79.844854247408094 ], [ 177.415896089131763, -79.844854581201361 ], [ 179.475192478708948, -80.092654597012171 ], [ 179.99999999, -80.475182148979513 ], [ 179.99999999, -79.548167753342256 ] ] ], [ [ [ -179.99999999, -80.475182148979513 ], [ -177.11750780558566, -81.333532995448294 ], [ -175.895635108271563, -80.996943648191106 ], [ -177.659843210400169, -80.042314202242508 ], [ -177.359403018996517, -79.772217527012771 ], [ -179.453258433974526, -79.480464323193559 ], [ -179.99999999, -79.548167753342256 ], [ -179.99999999, -80.475182148979513 ] ] ] ] } },
{ "type": "Feature", "properties": { }, "geometry": { "type": "Polygon", "coordinates": [ [ [ 18.578806537965399, 5.378173636537782 ], [ 18.572065846456674, 5.404977166346449 ], [ 18.578482968259195, 5.374578215604896 ], [ 18.578806537965399, 5.378173636537782 ] ] ] } },
{ "type": "Feature", "properties": { }, "geometry": { "type": "Polygon", "coordinates": [ [ [ 18.578482968259195, 5.374578215604896 ], [ 18.577718740306263, 5.366080831498959 ], [ 18.601947040858853, 5.277787839558163 ], [ 18.578482968259195, 5.374578215604896 ] ] ] } },
{ "type": "Feature", "properties": { }, "geometry": { "type": "Polygon", "coordinates": [ [ [ 25.799754610941513, 0.679047263303577 ], [ 24.138897268715656, 1.381140013431349 ], [ 23.317802699177651, 0.344801152368717 ], [ 21.930241765953394, 0.275965129197091 ], [ 24.316012779728993, -0.398887713558437 ], [ 25.20055139637552, -1.336580275636127 ], [ 24.538705686281812, -1.813446175217105 ], [ 23.799478490884983, -3.17202469715658 ], [ 23.236963513486863, -3.429794305988748 ], [ 25.492274095159772, -4.237598853711391 ], [ 24.759544942250269, -5.055265620353697 ], [ 25.350257262660531, -5.108358561413165 ], [ 25.916154836296176, -4.909733918702397 ], [ 27.623975070357261, -3.247825756020414 ], [ 28.952344021534131, -0.590461249341004 ], [ 27.676761881181555, -0.931155181551172 ], [ 26.286719949731097, -0.710160676536889 ], [ 25.799754610941513, 0.679047263303577 ] ] ] } },
{ "type": "Feature", "properties": { }, "geometry": { "type": "Polygon", "coordinates": [ [ [ 24.229293414646314, 2.773683900711494 ], [ 22.929017505366485, 4.327580705704601 ], [ 23.351422614503299, 3.583129869789354 ], [ 24.229293414646314, 2.773683900711494 ] ] ] } },
{ "type": "Feature", "properties": { }, "geometry": { "type": "Polygon", "coordinates": [ [ [ 22.626696573090967, 4.969598785909765 ], [ 21.655804071031675, 5.171255750851848 ], [ 23.006075732254626, 3.464214932462383 ], [ 24.912125417855837, 2.397374944275656 ], [ 23.343100317554541, 3.613342994590649 ], [ 22.626696573090967, 4.969598785909765 ] ] ] } },
{ "type": "Feature", "properties": { }, "geometry": { "type": "Polygon", "coordinates": [ [ [ 17.773394712336334, 7.159519843478597 ], [ 17.324708801750152, 7.899320170714717 ], [ 16.438990236020349, 7.440167979941576 ], [ 16.344620200976085, 7.638676512507901 ], [ 17.059976265490899, 5.850269130928755 ], [ 17.186375136362027, 6.321074844092164 ], [ 17.809805075374832, 5.764691957335362 ], [ 17.773394712336334, 7.159519843478597 ] ] ] } },
{ "type": "Feature", "properties": { }, "geometry": { "type": "Polygon", "coordinates": [ [ [ -31.299034822136182, 1.687728278517107 ], [ -34.191664780238028, 2.725651723773466 ], [ -35.97904483615126, 1.685727518472288 ], [ -32.036454431483143, 1.505071832352283 ], [ -32.519917685447986, 0.991870927560481 ], [ -31.555916307374758, 0.794923068673279 ], [ -31.299034822136182, 1.687728278517107 ] ] ] } },
{ "type": "Feature", "properties": { }, "geometry": { "type": "Polygon", "coordinates": [ [ [ -39.281690748486106, 11.699777676769267 ], [ -39.196351105446603, 11.697651468165569 ], [ -39.663085589951912, 11.894991149403724 ], [ -39.281690748486106, 11.699777676769267 ] ] ] } },
{ "type": "Feature", "properties": { }, "geometry": { "type": "Polygon", "coordinates": [ [ [ 137.943123670158485, -50.983621822084615 ], [ 137.965150631631701, -50.899711692321574 ], [ 137.922757511932218, -50.97843870857789 ], [ 137.943123670158485, -50.983621822084615 ] ] ] } },
{ "type": "Feature", "properties": { }, "geometry": { "type": "Polygon", "coordinates": [ [ [ 108.546038329970727, -37.275335170150385 ], [ 108.522230987074522, -37.172501489189976 ], [ 108.508771767812675, -37.170022778758366 ], [ 108.546038329970727, -37.275335170150385 ] ] ] } },
{ "type": "Feature", "properties": { }, "geometry": { "type": "Polygon", "coordinates": [ [ [ -55.630833940046777, 18.443006480076342 ], [ -55.803570973414068, 18.908406979525918 ], [ -55.874552513166421, 19.045686178443919 ], [ -55.823411063204063, 18.824329201036242 ], [ -55.630833940046777, 18.443006480076342 ] ] ] } },
{ "type": "Feature", "properties": { }, "geometry": { "type": "Polygon", "coordinates": [ [ [ -43.919130731903593, 3.817255182809653 ], [ -46.122531454861075, 3.720604973481421 ], [ -46.756359412396961, 3.434432978445799 ], [ -47.625510624678519, 2.259637311532448 ], [ -46.023830231357103, -2.40716834593638 ], [ -44.532455844591475, -1.949283850085726 ], [ -43.451765016368398, -0.985062207178341 ], [ -41.980683802318467, 0.52536448786048 ], [ -41.20053711162371, 1.943285287135036 ], [ -41.309247464327903, 3.049860403044354 ], [ -43.919130731903593, 3.817255182809653 ] ] ] } },
{ "type": "Feature", "properties": { }, "geometry": { "type": "Polygon", "coordinates": [ [ [ -56.268242253077062, 8.534145478727279 ], [ -56.180187570702842, 8.982891025925156 ], [ -57.687274299563136, 10.137893248830487 ], [ -60.071751933566084, 14.462219891985546 ], [ -59.315033057571185, 12.647476005020794 ], [ -59.569354495564603, 11.719984265684122 ], [ -59.304616729868961, 6.866498738059365 ], [ -54.546738981985989, 5.767067605792095 ], [ -56.268242253077062, 8.534145478727279 ] ] ] } },
{ "type": "Feature", "properties": { }, "geometry": { "type": "Polygon", "coordinates": [ [ [ -54.190533547836026, 5.89380330525436 ], [ -52.555217224606317, 5.763741114776714 ], [ -53.862752642767902, 7.097740873497328 ], [ -54.676766195239999, 7.307279901544949 ], [ -56.191012161503728, 8.398647752424822 ], [ -54.190533547836026, 5.89380330525436 ] ] ] } },
{ "type": "Feature", "properties": { }, "geometry": { "type": "Polygon", "coordinates": [ [ [ 134.570820046434733, 79.452154219300937 ], [ 136.560740653540705, 79.944739668855902 ], [ 133.472445790843096, 80.569468990984205 ], [ 128.023174965820601, 82.25696586314541 ], [ 126.117349371018264, 81.06067806073878 ], [ 125.862663747282269, 78.854914223137655 ], [ 128.349617113984863, 78.913626698953451 ], [ 130.029889427366868, 78.425285045881239 ], [ 135.749419966774411, 78.846294267295988 ], [ 134.570820046434733, 79.452154219300937 ] ] ] } },
{ "type": "Feature", "properties": { }, "geometry": { "type": "Polygon", "coordinates": [ [ [ 77.273272496911062, 81.621548093995244 ], [ 87.46113084922483, 79.582783429803712 ], [ 74.480652827582148, 82.404171591848396 ], [ 77.273272496911062, 81.621548093995244 ] ] ] } }
]
}
