{
"type": "FeatureCollection",
"name": "land_50Ma",
"crs": { "type": "name", "properties": { "name": "urn:ogc:def:crs:OGC:1.3:CRS84" } },
"features": [
{ "type": "Feature", "properties": { }, "geometry": { "type": "Polygon", "coordinates": [ [ [ 136.346351104097266, 41.879860575934934 ], [ 138.589059859913988, 44.556211086030913 ], [ 137.660658123821321, 45.4543922290271 ], [ 137.477921578654048, 46.355708018918541 ], [ 137.833714960170994, 48.209834579841626 ], [ 137.590403236911726, 48.348389860624572 ], [ 137.627359287451441, 52.849889572559974 ], [ 134.80363496845311, 51.311628253316904 ], [ 135.457968804745519, 48.243294177117939 ], [ 134.412903610104365, 43.2112122687248 ], [ 136.346351104097266, 41.879860575934934 ] ] ] } },
{ "type": "Feature", "properties": { }, "geometry": { "type": "Polygon", "coordinates": [ [ [ 4.638010652864801, 35.117209686459589 ], [ 3.509289284037064, 36.747146792970604 ], [ 2.266595920390816, 35.463249114797009 ], [ -0.370422546054879, 33.803555869520153 ], [ -1.505526542212849, 32.638392222039059 ], [ -0.800661651682833, 32.501167661156011 ], [ -0.197601181161432, 33.028524019175784 ], [ 0.517976795868663, 32.672495951634289 ], [ 1.599810883217395, 33.627259530270159 ], [ 1.938665714537932, 33.459329051883252 ], [ 4.638010652864801, 35.117209686459589 ] ] ] } },
{ "type": "Feature", "properties": { }, "geometry": { "type": "Polygon", "coordinates": [ [ [ 38.303189174691084, 27.568790774565706 ], [ 35.819362413959361, 28.993016463184841 ], [ 31.071293787732664, 27.410564333526409 ], [ 30.17297717196918, 25.340488392300909 ], [ 29.396865850123309, 22.116797972440921 ], [ 27.604312630743145, 18.549732991979969 ], [ 29.0079800499933, 14.398060533967765 ], [ 29.90688450277635, 13.977233180777981 ], [ 30.351639758773729, 12.941462159553211 ], [ 30.340579202782227, 11.764800482408248 ], [ 32.170799578117894, 9.317680230987618 ], [ 32.392777059326114, 7.853032253704281 ], [ 33.307322683600646, 6.263930458212603 ], [ 33.215582082824511, 5.320521220728159 ], [ 32.589812449906937, 4.677146310829043 ], [ 32.730274702510542, 3.810256760020684 ], [ 33.518016516367098, 2.13295688359792 ], [ 34.113126654206944, 2.045260416528734 ], [ 35.2397099453013, 2.165062354132465 ], [ 35.694201008931401, 2.751379610886288 ], [ 37.387040328564048, 2.743134569267663 ], [ 40.575278656049754, 3.554852163398746 ], [ 42.010402956553605, 3.361816527572208 ], [ 43.338493500754851, 4.980831819853889 ], [ 45.134970158792868, 4.855474271133962 ], [ 46.544012153332609, 5.322845015580036 ], [ 47.543623365998251, 4.88643246520439 ], [ 47.762923459553541, 5.709973821321551 ], [ 48.951575729591518, 7.784312194749911 ], [ 49.756327178853503, 8.56201342204956 ], [ 50.35194983516292, 10.019238676680992 ], [ 51.205892670135555, 10.420481194873014 ], [ 48.860432557025106, 10.968246552757183 ], [ 47.583926066752433, 11.737439402507849 ], [ 47.392918039604226, 13.013918474125491 ], [ 48.22447984791561, 14.656872130665718 ], [ 48.27963972298879, 16.088654193667299 ], [ 45.0827924241432, 18.445294577119686 ], [ 42.881205042596505, 21.38295916876427 ], [ 40.822193781768235, 22.438316759768149 ], [ 38.827135684727992, 25.647085517733391 ], [ 38.114726850783278, 27.226764812713224 ], [ 38.303189174691084, 27.568790774565706 ] ] ] } },
{ "type": "Feature", "properties": { }, "geometry": { "type": "Polygon", "coordinates": [ [ [ 55.390492560034325, 36.806587379623316 ], [ 53.653423105487569, 37.453559813240055 ], [ 54.318564280709253, 36.671585972619319 ], [ 52.284866919301699, 36.496289043904966 ], [ 52.836279953866189, 36.004677357755853 ], [ 50.575327129074338, 35.218023211324763 ], [ 50.318874623473448, 34.647970688505993 ], [ 49.07925731531131, 34.131538290955952 ], [ 49.624628073535639, 32.027930548157585 ], [ 50.358582656725083, 30.985105268845793 ], [ 51.786850901044623, 29.888154347941512 ], [ 54.356123068203068, 28.959369743732175 ], [ 54.397971852771178, 27.389875756669987 ], [ 54.787773391759977, 27.146657678431819 ], [ 56.923834004625334, 26.890764231487442 ], [ 58.143396690237921, 27.150697332196152 ], [ 59.844199480341331, 27.99769423738659 ], [ 57.459707647571648, 30.424323850164807 ], [ 56.711761883798765, 34.87090899141382 ], [ 56.165109494441602, 36.041583558611535 ], [ 55.390492560034325, 36.806587379623316 ] ] ] } },
{ "type": "Feature", "properties": { }, "geometry": { "type": "Polygon", "coordinates": [ [ [ 63.700058468976117, 30.505792099799869 ], [ 64.847635379852946, 31.816678085678532 ], [ 66.955396731641329, 35.246285133215991 ], [ 69.356707816675964, 37.17993707730524 ], [ 65.651422607343008, 35.940219166217048 ], [ 64.328821303393482, 34.846424850199448 ], [ 62.851360734575941, 34.57737466782892 ], [ 57.25357399939481, 32.047694527863328 ], [ 57.459707647571648, 30.424323850164807 ], [ 59.447618971408801, 28.221926584100743 ], [ 60.251144029134643, 27.813368874298529 ], [ 62.870092180127678, 28.496307255945425 ], [ 63.49459528386614, 27.878406850760722 ], [ 63.700058468976117, 30.505792099799869 ] ] ] } },
{ "type": "Feature", "properties": { }, "geometry": { "type": "Polygon", "coordinates": [ [ [ 8.788042237426458, 30.95548599183849 ], [ 8.260614332337978, 32.144952542562628 ], [ 5.802513543650457, 31.406145261674073 ], [ 2.712843504254647, 31.101993649744159 ], [ 6.506622270459632, 28.544752821707466 ], [ 6.273370122282744, 27.697851258708543 ], [ 8.917290384352624, 28.66837158055176 ], [ 9.622716601961049, 29.510385853164287 ], [ 9.676869131131534, 30.235409634375088 ], [ 8.788042237426458, 30.95548599183849 ] ] ] } },
{ "type": "Feature", "properties": { }, "geometry": { "type": "Polygon", "coordinates": [ [ [ 62.712108070095987, 14.349314005165642 ], [ 62.114756478475591, 14.583352980646504 ], [ 58.079938366186745, 11.433238877966694 ], [ 56.228845533127839, 7.569317659658899 ], [ 56.330551866335455, 7.112198822764302 ], [ 55.498455146825258, 6.63347527428358 ], [ 55.273084538735233, 6.120046019534604 ], [ 57.059521984011731, 1.724236945510787 ], [ 57.502953052744239, -0.595819457611779 ], [ 58.658940827536156, -2.872826950787432 ], [ 58.85562382816849, -6.777491833044947 ], [ 59.50060950125755, -9.896868836749938 ], [ 58.917682194339697, -10.769414141000292 ], [ 58.411671502841443, -12.841089608351847 ], [ 58.583173778799228, -13.406430572450882 ], [ 59.062100625683485, -13.58400324482421 ], [ 59.725471094579511, -13.292536946910202 ], [ 60.748722735888741, -13.756132153887959 ], [ 63.211468090113257, -11.428134155155478 ], [ 64.898680822879598, -10.867347259210604 ], [ 64.576573706572134, -9.828251264972181 ], [ 65.471062625150921, -8.753199525679833 ], [ 65.789928595806217, -6.753591385695668 ], [ 66.126816359023735, -6.297445652015282 ], [ 69.167436713686826, -5.006657745377665 ], [ 71.973621520676943, -3.260461827377293 ], [ 74.218780826313633, -2.921364029453692 ], [ 75.776348705774581, -1.841567499690596 ], [ 76.523476871840543, -1.844947938505197 ], [ 77.530950118384013, 0.02211415909749 ], [ 81.636191717200845, 2.852646534749867 ], [ 82.677816695745193, 3.072381723944132 ], [ 82.172027569177075, 3.941107549979586 ], [ 79.970883425198068, 2.847403282200028 ], [ 76.806445106460288, 3.091928210043707 ], [ 74.639811538488033, 3.616777418594882 ], [ 70.76527670960202, 5.290025286644812 ], [ 66.599643927148719, 9.380477415715349 ], [ 65.803822154368078, 11.556425259164222 ], [ 64.785975211863317, 12.345830515226602 ], [ 63.761547722104297, 14.184776297200619 ], [ 62.676109238749561, 14.081134907404254 ], [ 62.712108070095987, 14.349314005165642 ] ] ] } },
{ "type": "Feature", "properties": { }, "geometry": { "type": "Polygon", "coordinates": [ [ [ 86.965694251175265, 36.600536684847995 ], [ 80.039477201401823, 36.162635183714897 ], [ 81.259398103273938, 35.700720492723988 ], [ 81.879454041947568, 35.079978346260376 ], [ 81.565419064692691, 34.929344176549861 ], [ 82.385375572759557, 34.61938815140492 ], [ 85.858239699678606, 34.630739662374708 ], [ 87.106748760446692, 34.312751031704437 ], [ 87.848724686391051, 33.452018916192074 ], [ 88.958392339683783, 33.671429670504224 ], [ 91.045423529943378, 33.415045044089155 ], [ 93.176816596385976, 32.704298342392612 ], [ 94.129449890206217, 31.985787115104838 ], [ 95.884726884679182, 29.345679145345173 ], [ 95.477523743099425, 32.309278769492266 ], [ 94.060799674385834, 34.427106923718206 ], [ 92.948584896321819, 35.286343855199675 ], [ 86.965694251175265, 36.600536684847995 ] ] ] } },
{ "type": "Feature", "properties": { }, "geometry": { "type": "Polygon", "coordinates": [ [ [ 112.932931603836934, 22.074458529222856 ], [ 111.911449935183029, 22.253486837171316 ], [ 111.554914773979974, 21.524226364187854 ], [ 109.755463893739986, 20.879580824406268 ], [ 107.707163623281374, 18.97918498542014 ], [ 107.272961169881981, 19.216201223219848 ], [ 105.889110134930718, 17.283606835886079 ], [ 106.234987999679404, 15.044380548492342 ], [ 109.274298481654682, 14.828718671946069 ], [ 110.260687647428526, 14.389389193143117 ], [ 110.816705949564948, 14.961825754330093 ], [ 113.01260908347713, 17.86775831745717 ], [ 114.213828072454703, 20.105907682269784 ], [ 114.284733379578995, 21.069940641609016 ], [ 114.496416284519952, 21.539794602016219 ], [ 114.592333722418857, 22.33948824145644 ], [ 112.932931603836934, 22.074458529222856 ] ] ] } },
{ "type": "Feature", "properties": { }, "geometry": { "type": "Polygon", "coordinates": [ [ [ 113.435961946082486, 19.282724232265583 ], [ 112.41247472368066, 19.228392554020232 ], [ 111.683487164215421, 18.720000498893924 ], [ 111.263410229158552, 19.12503728850826 ], [ 107.896432241893521, 15.397780817713986 ], [ 107.889737925721533, 12.928045573288209 ], [ 107.394244888049002, 10.988323092749722 ], [ 109.161972546249018, 12.668544483309695 ], [ 109.012832637790765, 14.042424721292116 ], [ 110.870788878491723, 15.234767477466791 ], [ 111.41624250917782, 16.506767668183436 ], [ 112.50414910198532, 17.518430133817073 ], [ 113.435961946082486, 19.282724232265583 ] ] ] } },
{ "type": "Feature", "properties": { }, "geometry": { "type": "Polygon", "coordinates": [ [ [ 69.719544817599925, 74.631231404143747 ], [ 66.693399621237859, 74.690176523966812 ], [ 63.194270563148621, 75.395934388550145 ], [ 63.158792026869001, 72.680343230368365 ], [ 62.721578945904589, 71.958051414387498 ], [ 63.084096431772203, 71.545767101334292 ], [ 62.975314039819523, 70.162104450247455 ], [ 60.888862520675104, 68.62028819855874 ], [ 61.880788525769027, 68.252584189260673 ], [ 61.994438885294741, 67.655254838257591 ], [ 61.435576860429258, 66.706117848430765 ], [ 63.007543625594828, 64.371008871643696 ], [ 64.294978952367714, 63.728522597469599 ], [ 63.846287585192471, 60.779125510164519 ], [ 65.450368523766286, 58.700636712378305 ], [ 70.126187724948821, 55.546367663325249 ], [ 73.251366766194778, 51.191808907624456 ], [ 75.449933759406861, 50.425363527080592 ], [ 78.077874123843358, 48.735092721387822 ], [ 80.281446999371923, 48.087854123434845 ], [ 81.947603350200339, 50.17847653295518 ], [ 79.504264756781822, 50.519561012084793 ], [ 76.38916157977431, 51.737013746866381 ], [ 74.301606172596877, 54.149202314329621 ], [ 74.895226385800854, 55.904258116734248 ], [ 77.1483437913367, 57.883400916301284 ], [ 76.43254500275728, 58.919200721496949 ], [ 74.19816949915068, 60.791938958981831 ], [ 67.326446008961071, 68.715553228989592 ], [ 66.750655330910973, 70.202978815865592 ], [ 67.54475696010482, 71.039752888876407 ], [ 73.799794400652942, 72.09340433931915 ], [ 70.8158646983578, 73.612973984752998 ], [ 69.719544817599925, 74.631231404143747 ] ] ] } },
{ "type": "Feature", "properties": { }, "geometry": { "type": "Polygon", "coordinates": [ [ [ 58.591452183458983, 76.918181031853536 ], [ 56.651681776116895, 77.804652491842106 ], [ 52.242235963048046, 76.835924700787615 ], [ 48.961441485955149, 76.488563836839603 ], [ 46.237286580797701, 75.680122886989366 ], [ 45.094676033786619, 75.240107011953839 ], [ 43.488978973779766, 73.816394425694369 ], [ 42.115011777382492, 71.390809139690731 ], [ 46.281805413826689, 70.218218653508018 ], [ 49.191860875521549, 70.539347549670723 ], [ 47.538881484246467, 71.210375373196342 ], [ 46.818988141626235, 71.936795864696876 ], [ 46.741379606106179, 72.307095972643054 ], [ 47.714317818478087, 73.302936325972908 ], [ 50.236206235051434, 74.876539137340274 ], [ 51.800976473055456, 75.413591210149775 ], [ 58.591452183458983, 76.918181031853536 ] ] ] } },
{ "type": "Feature", "properties": { }, "geometry": { "type": "Polygon", "coordinates": [ [ [ 63.194270563148621, 75.395934388550145 ], [ 58.591452183458983, 76.918181031853536 ], [ 50.236206235051434, 74.876539137340274 ], [ 47.714317818478087, 73.302936325972908 ], [ 46.741379606106179, 72.307095972643054 ], [ 47.217733856683026, 71.412221296380963 ], [ 49.007662512811763, 70.773584682306392 ], [ 59.199001951194141, 69.220386146835196 ], [ 59.871616157128592, 68.681573441851953 ], [ 59.540320261631315, 68.154755149217792 ], [ 61.347889962909406, 68.505430452259461 ], [ 60.888862520675104, 68.62028819855874 ], [ 62.975314039819523, 70.162104450247455 ], [ 63.084096431772203, 71.545767101334292 ], [ 62.721578945904589, 71.958051414387498 ], [ 63.158792026869001, 72.680343230368365 ], [ 63.194270563148621, 75.395934388550145 ] ] ] } },
{ "type": "Feature", "properties": { }, "geometry": { "type": "Polygon", "coordinates": [ [ [ 56.651681776116895, 77.804652491842106 ], [ 52.054727494862284, 81.100814034315917 ], [ 49.661205122863159, 82.164053875008719 ], [ 48.126723878343022, 82.212303567073121 ], [ 50.01836872932131, 80.476440000580126 ], [ 46.652701064572007, 78.673682155488194 ], [ 37.732235201236861, 78.254558197345702 ], [ 28.745731499721387, 79.010926603738554 ], [ 28.424426058007263, 76.550168011703562 ], [ 27.37927016484166, 74.820430858437376 ], [ 25.075843434888572, 73.595850743526768 ], [ 13.716873038971075, 71.816424905679 ], [ 12.704007276290769, 71.578524561657204 ], [ 11.468891952905821, 70.795475525963468 ], [ 17.431803185099806, 70.081411385252338 ], [ 25.942610637734138, 68.46905025025869 ], [ 29.719556953691633, 68.149770280039633 ], [ 53.4770980006843, 63.75686885295184 ], [ 54.051065031674973, 64.628212141097492 ], [ 59.540320261631315, 68.154755149217792 ], [ 59.871616157128592, 68.681573441851953 ], [ 59.623413064309645, 69.030443240499352 ], [ 49.007662512811763, 70.773584682306392 ], [ 49.191860875521549, 70.539347549670723 ], [ 48.458051660616235, 70.307689872041081 ], [ 46.281805413826689, 70.218218653508018 ], [ 42.115011777382492, 71.390809139690731 ], [ 43.488978973779766, 73.816394425694369 ], [ 45.094676033786619, 75.240107011953839 ], [ 48.961441485955149, 76.488563836839603 ], [ 52.242235963048046, 76.835924700787615 ], [ 56.651681776116895, 77.804652491842106 ] ] ] } },
{ "type": "Feature", "properties": { }, "geometry": { "type": "Polygon", "coordinates": [ [ [ 21.598774171763523, 80.733732463324785 ], [ 21.653155093007491, 78.286783627766383 ], [ 17.03289570762967, 74.855690898301802 ], [ 10.436755577309931, 74.434096225814997 ], [ 12.676035434377617, 72.19877465440436 ], [ 12.842108525715595, 71.610902231444641 ], [ 25.075843434888572, 73.595850743526768 ], [ 27.37927016484166, 74.820430858437376 ], [ 28.424426058007263, 76.550168011703562 ], [ 28.745731499721387, 79.010926603738554 ], [ 28.191856144885755, 79.863872540756532 ], [ 28.102585094004397, 81.032500714464248 ], [ 31.610428625564083, 81.631871993677834 ], [ 21.598774171763523, 80.733732463324785 ] ] ] } },
{ "type": "Feature", "properties": { }, "geometry": { "type": "Polygon", "coordinates": [ [ [ 163.0453639782626, -53.903497211420834 ], [ 161.125370059714612, -53.588984098172538 ], [ 160.292289310318807, -54.633035996666152 ], [ 162.382310486136475, -55.358122936847529 ], [ 163.041932511190879, -55.295986144949552 ], [ 163.35025565764559, -54.902509233030294 ], [ 163.0453639782626, -53.903497211420834 ] ] ] } },
{ "type": "Feature", "properties": { }, "geometry": { "type": "Polygon", "coordinates": [ [ [ -57.730653312193169, -40.263296439345453 ], [ -63.634758761008207, -40.156251577163708 ], [ -64.592946634390273, -46.857378712554222 ], [ -64.307717166084103, -48.233416290153961 ], [ -58.170200435322812, -48.116493723857339 ], [ -55.056728346420293, -48.722897725379696 ], [ -49.438878475813652, -46.248062434179971 ], [ -50.28283985814415, -43.930285981388565 ], [ -49.940483893046036, -42.571373991669581 ], [ -50.403725922892633, -41.73051696740955 ], [ -52.517293265858726, -41.395720692472665 ], [ -54.111178562363335, -41.518870580768741 ], [ -57.730653312193169, -40.263296439345453 ] ] ] } },
{ "type": "Feature", "properties": { }, "geometry": { "type": "Polygon", "coordinates": [ [ [ -155.477637416041716, -56.3410515197642 ], [ -149.275940809769509, -55.872077645051561 ], [ -147.159190444496801, -55.19273282449327 ], [ -141.307322153514974, -54.172131847817475 ], [ -140.862236583881156, -53.720431753013322 ], [ -143.645858110873178, -53.039393117154653 ], [ -154.973887960105031, -51.624990553249411 ], [ -155.477637416041716, -56.3410515197642 ] ] ] } },
{ "type": "Feature", "properties": { }, "geometry": { "type": "Polygon", "coordinates": [ [ [ -156.026922213258587, -60.426038173088266 ], [ -155.639756215136231, -57.647556108324366 ], [ -157.163719704960471, -57.352027122944236 ], [ -157.438097590600051, -56.861598642333476 ], [ -156.543945933591402, -56.379482912319816 ], [ -155.477637416041745, -56.3410515197642 ], [ -155.170128448743242, -53.590874673682045 ], [ -163.325614111627289, -52.954173462152639 ], [ -164.656148966627882, -53.145805610438586 ], [ -170.578115293986997, -54.575276563765691 ], [ -170.794244381937716, -55.708179453360792 ], [ -171.307894655767001, -56.064635871237435 ], [ -171.527764131748796, -56.740444844004131 ], [ -174.410417281840722, -57.023379462612922 ], [ -174.586205096003141, -58.272958890258721 ], [ -174.035351606010181, -58.796536894784509 ], [ -174.127189553301662, -59.237159001190484 ], [ -175.790888821005581, -61.569518732250557 ], [ -178.728374880677478, -64.563411764595202 ], [ -177.77847684941824, -65.378321427500694 ], [ -176.165667512648213, -65.590913483713067 ], [ -170.142185584670955, -65.013590551704226 ], [ -164.896865236763972, -63.923437508630023 ], [ -164.768281370616251, -63.522896922230714 ], [ -162.341232742960642, -61.970461036126892 ], [ -156.026922213258587, -60.426038173088266 ] ] ] } },
{ "type": "Feature", "properties": { }, "geometry": { "type": "Polygon", "coordinates": [ [ [ -75.010958525693596, 14.184034230618447 ], [ -73.232256202244173, 16.239314508725624 ], [ -75.599833574259208, 16.29029327657204 ], [ -75.628473135335639, 15.772293771412993 ], [ -76.580121635588256, 15.546251532007473 ], [ -77.335596616596305, 16.224780975309347 ], [ -79.101214993818132, 14.449624000856831 ], [ -80.912862803632493, 13.816767829274433 ], [ -82.018941627842096, 13.047128550237561 ], [ -82.630366330393556, 11.878494058419346 ], [ -84.605713157949879, 9.574805519012189 ], [ -76.34801850549907, 13.256159778635633 ], [ -75.010958525693596, 14.184034230618447 ] ] ] } },
{ "type": "Feature", "properties": { }, "geometry": { "type": "Polygon", "coordinates": [ [ [ -84.433996879860032, 16.207673665341055 ], [ -86.43058356569351, 15.545451108323267 ], [ -89.227855602437401, 15.062367094408625 ], [ -88.452742761311768, 13.554506302035707 ], [ -84.886796764155079, 14.126836078322937 ], [ -84.11075812139984, 13.858782392290014 ], [ -83.549849293958488, 14.942590745783525 ], [ -83.912755768015344, 15.349613848053503 ], [ -83.799341296755827, 15.668815891045824 ], [ -84.433996879860032, 16.207673665341055 ] ] ] } },
{ "type": "Feature", "properties": { }, "geometry": { "type": "MultiPolygon", "coordinates": [ [ [ [ 179.99999999, -52.609855078513689 ], [ 176.801116667852426, -48.291635284793685 ], [ 176.468250162154618, -47.095928432966502 ], [ 174.956059340553225, -44.932405093315694 ], [ 174.99065740236469, -44.07422639475498 ], [ 175.227007988994444, -44.072078644849199 ], [ 170.252573413826326, -43.590100337765811 ], [ 169.964246291954936, -43.823422429262173 ], [ 169.903334839804302, -44.617532379199659 ], [ 170.567272373782146, -45.813711303111631 ], [ 169.537824976959996, -46.314860534480047 ], [ 170.065705309065493, -46.550719085597855 ], [ 170.621636609931556, -47.540375695388441 ], [ 171.314195398780015, -47.610914980702148 ], [ 171.732677994655717, -49.041613940008837 ], [ 172.675265059047746, -49.587758292178151 ], [ 171.209938553743967, -49.84199904407442 ], [ 171.369518035660519, -50.22621491453679 ], [ 171.036891753928302, -50.566632560428538 ], [ 171.324630558032339, -51.12595571731503 ], [ 174.143056556343282, -52.568925186508913 ], [ 175.427365528936946, -52.838552112708705 ], [ 177.309675629436981, -52.722135822052103 ], [ 177.719195125859756, -53.016259499660755 ], [ 179.99999999, -52.609855078513689 ] ] ], [ [ [ -179.99999999, -52.742926089137086 ], [ -179.675090595501359, -52.953074996159316 ], [ -179.99999999, -52.609855078513689 ], [ -179.99999999, -52.742926089137086 ] ] ] ] } },
{ "type": "Feature", "properties": { }, "geometry": { "type": "MultiPolygon", "coordinates": [ [ [ [ 179.99999999, -49.069249259082383 ], [ 177.526107100156821, -48.75079340078436 ], [ 175.840431687171133, -46.621014953233299 ], [ 174.924183525044356, -46.560691792724931 ], [ 174.414790130349274, -46.191745189820452 ], [ 173.632370798351701, -43.923986597555398 ], [ 171.909877994472566, -43.65283093849601 ], [ 171.650520123897877, -44.490899670462767 ], [ 171.989237205558283, -44.836240837141098 ], [ 172.523274901491959, -46.817097922459908 ], [ 172.49341234590068, -48.03344354993046 ], [ 173.180118388896886, -50.144718838425703 ], [ 175.80504310913247, -49.885022839436154 ], [ 178.86377679020768, -50.124869694926332 ], [ 179.99999999, -50.886689535893552 ], [ 179.99999999, -49.069249259082383 ] ] ], [ [ [ -179.99999999, -50.886689535893552 ], [ -178.946657256784562, -51.63695114028458 ], [ -178.118786130649283, -49.296344891216791 ], [ -179.99999999, -49.069249259082383 ], [ -179.99999999, -50.886689535893552 ] ] ] ] } },
{ "type": "Feature", "properties": { }, "geometry": { "type": "Polygon", "coordinates": [ [ [ 164.398662580106077, -37.815463218731466 ], [ 162.717212610881461, -36.145704048955523 ], [ 162.084526479258017, -36.567323016408245 ], [ 164.458821020228726, -38.739342703507077 ], [ 169.094094234060691, -40.449985771749517 ], [ 170.493585104002676, -41.575717627063028 ], [ 171.694456613619479, -43.051728829066597 ], [ 171.670763471528147, -43.4016047114103 ], [ 173.972354726128884, -43.866771966136348 ], [ 172.460261728834581, -42.060507754216822 ], [ 169.368987352457367, -39.460933507130541 ], [ 164.398662580106077, -37.815463218731466 ] ] ] } },
{ "type": "Feature", "properties": { }, "geometry": { "type": "Polygon", "coordinates": [ [ [ 151.204864915358883, -21.50096427567356 ], [ 151.164941417537619, -20.9301372079229 ], [ 150.485077770828923, -20.246793471524605 ], [ 148.986679934628881, -20.522985712887166 ], [ 149.647417172190018, -22.380120785536416 ], [ 151.372576571548649, -23.890019350943227 ], [ 156.238388054097413, -26.284629231430088 ], [ 159.27253034431439, -27.458071744329228 ], [ 161.884836661238523, -26.939061629879141 ], [ 162.587608445607998, -27.083885272007873 ], [ 160.368929364410832, -24.931302447105661 ], [ 159.292935606053675, -25.735977188236451 ], [ 159.28685562534082, -25.143446389817932 ], [ 158.1985715074685, -24.766374004959218 ], [ 157.839637083612644, -24.023817738046009 ], [ 157.294418503383241, -23.731563803752366 ], [ 157.087309970760202, -23.94327111550718 ], [ 155.410315601144504, -22.978001204062494 ], [ 154.15785313096444, -23.311605914460042 ], [ 152.511756971080104, -22.604188874796652 ], [ 151.204864915358883, -21.50096427567356 ] ] ] } },
{ "type": "Feature", "properties": { }, "geometry": { "type": "Polygon", "coordinates": [ [ [ 142.580616546905048, -11.28332935528773 ], [ 140.365702252350161, -10.659930083831409 ], [ 140.970787031490801, -11.666651131502574 ], [ 142.139902396564253, -12.714187746280817 ], [ 143.459970489221377, -15.879025661857797 ], [ 144.354774296401814, -16.076868142934241 ], [ 145.644797010747112, -14.885419455802664 ], [ 143.56704940120099, -14.093291663678082 ], [ 143.388639153575355, -12.067862913210661 ], [ 142.495919558014918, -11.521082790150558 ], [ 142.580616546905048, -11.28332935528773 ] ] ] } },
{ "type": "Feature", "properties": { }, "geometry": { "type": "Polygon", "coordinates": [ [ [ 105.066673172500373, 21.078816977541429 ], [ 102.466440196126499, 21.168803966244997 ], [ 104.871242203272885, 17.572710399215843 ], [ 104.361941140815745, 16.581924096876893 ], [ 104.535921487872301, 15.433432139984228 ], [ 104.932195461042141, 14.539551217607059 ], [ 105.971416445208419, 13.557824197828404 ], [ 105.993338066698641, 14.381048132082382 ], [ 106.349969214894443, 14.69479871706317 ], [ 106.2742885315687, 16.283343733683317 ], [ 105.838512300793155, 18.953483529152233 ], [ 105.066673172500373, 21.078816977541429 ] ] ] } },
{ "type": "Feature", "properties": { }, "geometry": { "type": "Polygon", "coordinates": [ [ [ 104.902325052263706, 14.598289024691537 ], [ 104.361941140815745, 16.581924096876893 ], [ 104.871242203272885, 17.572710399215843 ], [ 103.002359483797306, 20.643742835803767 ], [ 101.378066546553015, 21.757356997975499 ], [ 99.112756539512233, 22.193020967295499 ], [ 96.800839817866546, 23.069985983068783 ], [ 96.295186239287162, 24.18548011837704 ], [ 95.939987514077856, 21.41863439243156 ], [ 97.331482362070147, 17.591605804276099 ], [ 100.223138767842372, 16.795960122531429 ], [ 104.902325052263706, 14.598289024691537 ] ] ] } },
{ "type": "Feature", "properties": { }, "geometry": { "type": "Polygon", "coordinates": [ [ [ 97.830489745322609, 16.234784075651337 ], [ 95.797764386772585, 18.03604581693611 ], [ 96.60212649501193, 15.384746116568287 ], [ 99.032819481196867, 12.653755379363416 ], [ 97.830489745322609, 16.234784075651337 ] ] ] } },
{ "type": "Feature", "properties": { }, "geometry": { "type": "Polygon", "coordinates": [ [ [ -144.552562832957562, 71.327859714124642 ], [ -145.905652939951693, 70.655749031333229 ], [ -140.986902844209339, 70.956558483122109 ], [ -142.561175398943107, 71.25191848263249 ], [ -140.301508948001469, 71.41051956915453 ], [ -136.76986254919052, 72.231479366201796 ], [ -137.414706817825106, 72.471627244541352 ], [ -136.816781248489832, 72.640448624930698 ], [ -135.228127237271963, 72.716301928289482 ], [ -138.762190533628711, 72.825926869845532 ], [ -140.462966250239049, 72.557584810078382 ], [ -140.890377613749195, 71.994904335679678 ], [ -144.552562832957562, 71.327859714124642 ] ] ] } },
{ "type": "Feature", "properties": { }, "geometry": { "type": "Polygon", "coordinates": [ [ [ 116.815077990265763, 24.565589524450974 ], [ 118.187450241287209, 26.790012975250889 ], [ 121.952096959258512, 27.395333100996563 ], [ 123.367436313264989, 28.54973299568983 ], [ 126.763841665199749, 32.835697386854456 ], [ 126.686631420088375, 34.110241573416857 ], [ 125.380432835963447, 33.568641815659873 ], [ 118.633278960970841, 33.670144917968734 ], [ 117.417783827871673, 33.372055653525564 ], [ 115.031003634878957, 30.449733927277684 ], [ 111.733618756938625, 28.122164097406774 ], [ 108.782864974308652, 24.076417544715635 ], [ 106.443463947246272, 22.269800471571216 ], [ 108.289659255320672, 21.686705712444308 ], [ 111.428107360050888, 21.537321375282716 ], [ 112.761332743796842, 21.951958445272648 ], [ 114.462308880707468, 23.50549043521919 ], [ 116.815077990265763, 24.565589524450974 ] ] ] } },
{ "type": "Feature", "properties": { }, "geometry": { "type": "Polygon", "coordinates": [ [ [ 105.026181412410736, 21.357916697823558 ], [ 109.738642337473493, 25.091334302072891 ], [ 111.733618756938625, 28.122164097406774 ], [ 110.222140165784424, 27.397394998010324 ], [ 104.832290242657336, 23.163967477594642 ], [ 103.182880167969344, 22.766783813147079 ], [ 105.026181412410736, 21.357916697823558 ] ] ] } },
{ "type": "Feature", "properties": { }, "geometry": { "type": "Polygon", "coordinates": [ [ [ 118.064347655758638, 23.51394494961454 ], [ 119.406522832991101, 27.105175444295497 ], [ 118.187450241287209, 26.790012975250889 ], [ 117.510495535703512, 25.892324138347021 ], [ 117.324092427952337, 23.349674397846325 ], [ 118.064347655758638, 23.51394494961454 ] ] ] } },
{ "type": "Feature", "properties": { }, "geometry": { "type": "Polygon", "coordinates": [ [ [ 117.324092427952337, 23.349674397846325 ], [ 117.310026472834394, 25.131782677587406 ], [ 116.815077990265763, 24.565589524450974 ], [ 114.462308880707468, 23.50549043521919 ], [ 112.761332743796842, 21.951958445272648 ], [ 111.428107360050888, 21.537321375282716 ], [ 109.532217894502892, 21.557989864100726 ], [ 109.06108492822402, 20.289894641713076 ], [ 114.157331206336707, 20.896599527528991 ], [ 115.326437905125161, 22.521150896764368 ], [ 117.324092427952337, 23.349674397846325 ] ] ] } },
{ "type": "Feature", "properties": { }, "geometry": { "type": "Polygon", "coordinates": [ [ [ 107.291422000241568, 21.37595349695977 ], [ 108.994175531259714, 21.804459128427869 ], [ 106.068759501694032, 22.492950330454278 ], [ 104.747390235485497, 21.65254001064606 ], [ 107.291422000241568, 21.37595349695977 ] ] ] } },
{ "type": "Feature", "properties": { }, "geometry": { "type": "Polygon", "coordinates": [ [ [ 129.55106624847383, -29.107039135915723 ], [ 125.143312575579429, -29.243275546264602 ], [ 124.448884444199535, -29.839260465220143 ], [ 124.184660121839883, -30.843191594548241 ], [ 124.937759065837611, -31.47236532645384 ], [ 126.194516817779373, -31.707724775880319 ], [ 127.260226893263848, -32.9843939843417 ], [ 126.776736735550699, -33.611413885392039 ], [ 126.995320325595344, -33.928972063108823 ], [ 128.247145975574512, -34.134189766293474 ], [ 128.608580344848406, -34.547646816976297 ], [ 133.944633984940538, -35.252524256007845 ], [ 137.076128147474719, -34.752439075271909 ], [ 139.45852498627471, -33.865449223339553 ], [ 138.879412948637054, -32.624174709447338 ], [ 138.005831517074341, -32.078669830867923 ], [ 137.844260846222568, -31.478610159890529 ], [ 136.663697202329871, -30.747397841754726 ], [ 132.441603492846298, -29.993373664433225 ], [ 129.55106624847383, -29.107039135915723 ] ] ] } },
{ "type": "Feature", "properties": { }, "geometry": { "type": "Polygon", "coordinates": [ [ [ 5.9324133972636, 38.000768214893462 ], [ 5.306829781423549, 38.670569548670493 ], [ 2.957720787257728, 37.787510148916901 ], [ 2.162244607068603, 36.180381928810924 ], [ 3.597998737758543, 35.665552808735711 ], [ 4.890883510865597, 35.69708464032918 ], [ 4.957994793231874, 36.865805306020754 ], [ 5.9324133972636, 38.000768214893462 ] ] ] } },
{ "type": "Feature", "properties": { }, "geometry": { "type": "Polygon", "coordinates": [ [ [ 5.050370873592334, 36.554278315448158 ], [ 6.759005844876008, 36.551395653538059 ], [ 5.891314774849838, 39.062587496947899 ], [ 4.65825168416171, 39.409756596241529 ], [ 4.736795583286606, 38.828033109261391 ], [ 4.167406202392876, 38.580987101442147 ], [ 3.809071061236132, 39.179295036135777 ], [ 4.019842258918747, 39.552809954432213 ], [ 3.232646974901797, 39.730514329399035 ], [ 3.370692686767586, 38.787608876843585 ], [ 4.036598266129785, 38.005844229357585 ], [ 3.491535872910013, 37.545618879636336 ], [ 5.050370873592334, 36.554278315448158 ] ] ] } },
{ "type": "Feature", "properties": { }, "geometry": { "type": "Polygon", "coordinates": [ [ [ 15.92131800642067, 35.927920673463582 ], [ 17.732727233118929, 34.510688061791782 ], [ 20.365189900200111, 33.590607352622939 ], [ 20.393159832863752, 33.950973004692699 ], [ 21.282437120905026, 34.650928431529472 ], [ 18.173414646381584, 35.512421735718085 ], [ 17.392416497618004, 36.274303832097807 ], [ 15.92131800642067, 35.927920673463582 ] ] ] } },
{ "type": "Feature", "properties": { }, "geometry": { "type": "Polygon", "coordinates": [ [ [ 21.768825050961517, 34.557322032961785 ], [ 21.395687285312967, 34.832477717057543 ], [ 20.563927686526764, 34.084638369736822 ], [ 20.565041330041179, 33.723524632982368 ], [ 20.331953314991413, 33.775842767372446 ], [ 22.708718785860682, 32.526613364535265 ], [ 24.046267544037967, 32.435903136219643 ], [ 24.027096229298699, 33.195595031987814 ], [ 26.226627438845579, 33.914032728629117 ], [ 25.168588994000373, 35.237579506943213 ], [ 24.900149102444818, 34.489963221072458 ], [ 21.768825050961517, 34.557322032961785 ] ] ] } },
{ "type": "Feature", "properties": { }, "geometry": { "type": "Polygon", "coordinates": [ [ [ 21.026802088307281, 33.386865033609375 ], [ 23.61313396111062, 32.388312975833784 ], [ 23.809879736657901, 33.077131682400612 ], [ 21.676587139187912, 33.920572336629704 ], [ 21.112031574921136, 33.622415661487139 ], [ 21.026802088307281, 33.386865033609375 ] ] ] } },
{ "type": "Feature", "properties": { }, "geometry": { "type": "Polygon", "coordinates": [ [ [ 29.144413083187967, 35.407854753130167 ], [ 24.849917842490356, 35.235145861819241 ], [ 23.619547471610971, 34.214366990790445 ], [ 22.19563992863408, 33.700190947610047 ], [ 22.140344375243522, 30.534662898947303 ], [ 23.292875930573608, 30.517764310911993 ], [ 24.78573669662574, 31.051827252086184 ], [ 25.238050834116475, 31.62872041375703 ], [ 25.294767337008622, 32.300978183996648 ], [ 26.373572895547539, 31.970815984692358 ], [ 27.420075094849892, 32.164667868214948 ], [ 28.461751080367481, 30.990129835171963 ], [ 30.089086915216662, 31.186493491380691 ], [ 33.070934577601044, 33.139688361662785 ], [ 36.344096190773911, 34.567336676460563 ], [ 34.95145375825809, 35.114427330136351 ], [ 32.017656287477443, 34.142932762261253 ], [ 30.966471791544041, 34.167079365647659 ], [ 29.663100728415589, 34.651055646827331 ], [ 29.144413083187967, 35.407854753130167 ] ] ] } },
{ "type": "Feature", "properties": { }, "geometry": { "type": "Polygon", "coordinates": [ [ [ 34.95145375825809, 35.114427330136351 ], [ 32.143590184686616, 36.185427305369082 ], [ 29.144413083187967, 35.407854753130167 ], [ 29.663100728415589, 34.651055646827331 ], [ 30.966471791544041, 34.167079365647659 ], [ 32.017656287477443, 34.142932762261253 ], [ 34.95145375825809, 35.114427330136351 ] ] ] } },
{ "type": "Feature", "properties": { }, "geometry": { "type": "Polygon", "coordinates": [ [ [ 41.275177468466843, 41.080261310598914 ], [ 39.054025509388389, 41.356781913867771 ], [ 37.439447273705952, 40.986306975353401 ], [ 34.944802182466994, 40.980025522908981 ], [ 29.215576553228235, 41.428709409113011 ], [ 33.426493456702929, 39.461171321229131 ], [ 35.148056699523671, 39.236527487751964 ], [ 40.295536538793606, 37.601438446252693 ], [ 44.754251971643875, 38.275566163432323 ], [ 41.275177468466843, 41.080261310598914 ] ] ] } },
{ "type": "Feature", "properties": { }, "geometry": { "type": "Polygon", "coordinates": [ [ [ 41.717050983472554, 41.454650933542638 ], [ 33.321132190150159, 44.011681982337713 ], [ 29.947566720822046, 42.968157333829595 ], [ 24.953178625011777, 43.521169861735466 ], [ 29.215576553228235, 41.428709409113011 ], [ 34.944802182466994, 40.980025522908981 ], [ 37.439447273705952, 40.986306975353401 ], [ 39.054025509388389, 41.356781913867771 ], [ 41.257600803672695, 41.065374035861609 ], [ 41.717050983472554, 41.454650933542638 ] ] ] } },
{ "type": "Feature", "properties": { }, "geometry": { "type": "Polygon", "coordinates": [ [ [ 32.650211269391455, 39.879006470758057 ], [ 30.80329506071385, 40.127286649224786 ], [ 27.222722275528966, 39.482997992624227 ], [ 24.239093276005743, 39.795936532218974 ], [ 20.973370565492463, 38.794081252411168 ], [ 22.406705406587474, 36.307726956792614 ], [ 22.552602387403514, 36.73044472135939 ], [ 23.970948192438946, 37.344834355268873 ], [ 25.136672530259585, 38.448642459208834 ], [ 29.830093025658904, 38.960462846526219 ], [ 32.650211269391455, 39.879006470758057 ] ] ] } },
{ "type": "Feature", "properties": { }, "geometry": { "type": "Polygon", "coordinates": [ [ [ 29.191351346433709, 41.439869022069033 ], [ 24.050718148885469, 41.801299730757101 ], [ 23.68002396220038, 41.276635540867026 ], [ 24.463502007865387, 40.368601621900041 ], [ 25.415692959995805, 40.101755758674514 ], [ 25.513000247585978, 39.750933834067681 ], [ 27.222722275528966, 39.482997992624227 ], [ 30.80329506071385, 40.127286649224786 ], [ 32.285570749138309, 39.986387390553162 ], [ 29.191351346433709, 41.439869022069033 ] ] ] } },
{ "type": "Feature", "properties": { }, "geometry": { "type": "Polygon", "coordinates": [ [ [ -79.575367438387588, 6.758716240807026 ], [ -80.498389565904034, 6.578623660854207 ], [ -81.782201118373777, 5.438686821155945 ], [ -80.234391115975711, 4.566243192361568 ], [ -79.054500137314307, 3.433815024816084 ], [ -77.930333116553754, 2.954993330177953 ], [ -78.175127976900683, 3.195665439501276 ], [ -77.859721647837688, 5.583380219106851 ], [ -78.339717462444483, 6.198961884683309 ], [ -79.575367438387588, 6.758716240807026 ] ] ] } },
{ "type": "Feature", "properties": { }, "geometry": { "type": "Polygon", "coordinates": [ [ [ 10.641213243532656, 74.446874326882551 ], [ 6.92878429258823, 77.039047318143176 ], [ 2.98787728928309, 79.056123364726119 ], [ 1.66681625436213, 78.861603862032425 ], [ -0.15763869719815, 77.114390603009781 ], [ 9.338693636595366, 73.745914114808855 ], [ 9.886875939628325, 71.971465932851828 ], [ 9.576952819710405, 71.393269952070312 ], [ 8.982900270665418, 71.129868387649026 ], [ 10.159007502489942, 69.879314086673602 ], [ 12.842108525715595, 71.610902231444641 ], [ 12.676035434377617, 72.19877465440436 ], [ 10.436755577309931, 74.434096225814997 ], [ 10.641213243532656, 74.446874326882551 ] ] ] } },
{ "type": "Feature", "properties": { }, "geometry": { "type": "Polygon", "coordinates": [ [ [ 54.483736341553971, 27.435903077541628 ], [ 54.356123068203068, 28.959369743732175 ], [ 51.786850901044623, 29.888154347941512 ], [ 50.358582656725083, 30.985105268845793 ], [ 49.624628073535639, 32.027930548157585 ], [ 49.07925731531131, 34.131538290955952 ], [ 44.183382123661325, 36.373626223914613 ], [ 42.952530597000958, 37.991720929393928 ], [ 40.185856470898543, 37.531363446501338 ], [ 41.386094046927454, 35.827100076444722 ], [ 44.349682479386054, 33.062237633737659 ], [ 46.82060244690544, 32.397092303323312 ], [ 47.838313159720272, 31.814787602238763 ], [ 49.823473472029704, 29.885094910987725 ], [ 54.053947699689502, 27.930837935259515 ], [ 54.483736341553971, 27.435903077541628 ] ] ] } },
{ "type": "Feature", "properties": { }, "geometry": { "type": "Polygon", "coordinates": [ [ [ 47.642667391419771, 36.460246877521762 ], [ 45.460120806381248, 37.222725544352933 ], [ 44.754251971643875, 38.275566163432323 ], [ 42.952530597000958, 37.991720929393928 ], [ 44.183382123661325, 36.373626223914613 ], [ 49.07925731531131, 34.131538290955952 ], [ 50.318874623473448, 34.647970688505993 ], [ 50.575327129074338, 35.218023211324763 ], [ 52.836279953866189, 36.004677357755853 ], [ 52.284866919301699, 36.496289043904966 ], [ 54.318564280709253, 36.671585972619319 ], [ 53.653423105487569, 37.453559813240055 ], [ 53.082413695801947, 37.503311535520005 ], [ 47.642667391419771, 36.460246877521762 ] ] ] } },
{ "type": "Feature", "properties": { }, "geometry": { "type": "Polygon", "coordinates": [ [ [ -7.830957707051569, 58.175774388744941 ], [ -6.211487224497091, 58.974302303215786 ], [ -13.116691243172447, 59.503508345663988 ], [ -15.063720080334043, 58.894512355314141 ], [ -16.127643860931396, 58.134989547884935 ], [ -19.467021895828523, 57.500245947222581 ], [ -20.5558769931067, 56.962109220334071 ], [ -25.0075390478199, 53.168659552033247 ], [ -24.95835921768251, 52.64951169410034 ], [ -23.632485277462013, 50.813557724063237 ], [ -22.430932225718209, 50.143868601235411 ], [ -21.212158654990095, 50.331649076824611 ], [ -20.041331794097676, 49.945155298961993 ], [ -18.644316752761888, 48.8114568764098 ], [ -17.675761545967948, 47.379588998565275 ], [ -14.884031556459629, 49.167284714323578 ], [ -14.972054531135898, 51.576521989208274 ], [ -14.619352387903975, 52.21182666052443 ], [ -13.288038154492696, 52.986327570759926 ], [ -13.325977738165726, 56.18880509629286 ], [ -10.483293837673143, 57.632140793125323 ], [ -7.830957707051569, 58.175774388744941 ] ] ] } },
{ "type": "Feature", "properties": { }, "geometry": { "type": "Polygon", "coordinates": [ [ [ 82.432567093631988, 4.012889421684221 ], [ 82.677816695745193, 3.072381723944132 ], [ 83.200160252923951, 2.714517909087353 ], [ 83.081311545064821, 4.041819298774756 ], [ 81.912056328638073, 5.479868247925896 ], [ 80.53286885884323, 4.995925861189044 ], [ 75.709215421970043, 5.718433656026829 ], [ 72.491024589028839, 6.996986069108849 ], [ 70.118834642064726, 8.838500447700516 ], [ 67.596938116172893, 12.941763092410746 ], [ 66.024653087379647, 13.719116614300324 ], [ 66.128962574251318, 14.619150654170175 ], [ 64.917384967592881, 14.368682094238373 ], [ 64.457339750496345, 14.964105773429212 ], [ 64.05872151727722, 14.604752664969791 ], [ 62.543957778434986, 14.559201146015379 ], [ 63.664374222856075, 14.388692568813619 ], [ 64.29568306514841, 13.706256327897508 ], [ 64.579799398802834, 14.239908314064497 ], [ 64.824363404285521, 14.175501633398444 ], [ 65.34230800566111, 12.634461824207722 ], [ 66.107011537125416, 11.949535738771733 ], [ 66.935071342935004, 10.036538538013163 ], [ 67.425648975038015, 9.590017328049786 ], [ 67.79736066436223, 8.228813410724031 ], [ 72.286338160071864, 5.370634155359 ], [ 73.404648982523227, 4.21682977881993 ], [ 76.657740894989161, 3.262150532834249 ], [ 79.736918382844834, 3.183232242389593 ], [ 80.59543260081324, 3.404406207820089 ], [ 81.42830701499264, 4.603410451046238 ], [ 82.432567093631988, 4.012889421684221 ] ] ] } },
{ "type": "Feature", "properties": { }, "geometry": { "type": "Polygon", "coordinates": [ [ [ 11.467471981689082, 46.664650294563913 ], [ 8.471941925881502, 47.361461146557339 ], [ 7.775533651173368, 47.968545880312782 ], [ 2.590697043164063, 46.74303228264408 ], [ 0.08320023283061, 46.796005711953498 ], [ 3.090871330900218, 44.692599670451742 ], [ 6.598980912531261, 46.027484166761326 ], [ 8.737773397822782, 46.146129730350502 ], [ 11.467471981689082, 46.664650294563913 ] ] ] } },
{ "type": "Feature", "properties": { }, "geometry": { "type": "Polygon", "coordinates": [ [ [ -0.84143440015937, 47.465482591817683 ], [ -2.539033422503556, 47.785645612381792 ], [ -3.676379343941449, 48.356845163303397 ], [ -7.113071488849254, 48.027498004883384 ], [ -12.382813453179162, 46.976001972634279 ], [ -13.934273095039918, 46.293445484228677 ], [ -14.836846960612583, 45.391917427177297 ], [ -9.327064759829218, 43.723235039552016 ], [ -8.856936508440258, 43.072872499593466 ], [ -9.242904559351155, 42.627398765788286 ], [ -8.377710733304687, 42.742961004275152 ], [ -3.687315272617137, 41.193162165109719 ], [ -0.199299259564045, 41.023113003756798 ], [ 1.323524731960404, 40.006299712858031 ], [ 1.788516680054327, 40.212498823012147 ], [ 1.69222477652176, 40.9065982465006 ], [ 2.164747742747021, 41.33970541685175 ], [ 2.785644078699103, 41.049744794529552 ], [ 3.951476261363585, 41.723091463993391 ], [ 2.633408880094072, 41.952629354483456 ], [ 3.052388876851324, 42.168297557527687 ], [ 2.954667572456581, 42.381816513565887 ], [ 1.930076900098854, 42.140560806522402 ], [ 1.86878514178799, 43.212770657293326 ], [ 3.090871330900218, 44.692599670451742 ], [ -0.84143440015937, 47.465482591817683 ] ] ] } },
{ "type": "Feature", "properties": { }, "geometry": { "type": "Polygon", "coordinates": [ [ [ 12.796994117166317, 47.971760799682237 ], [ 12.277261978725537, 48.799650281952495 ], [ 10.694982700232217, 49.334204862017934 ], [ 7.775533651173368, 47.968545880312782 ], [ 8.471941925881502, 47.361461146557339 ], [ 11.241002670538226, 46.634510372855623 ], [ 12.796994117166317, 47.971760799682237 ] ] ] } },
{ "type": "Feature", "properties": { }, "geometry": { "type": "Polygon", "coordinates": [ [ [ -35.955419068629617, -30.695251516792275 ], [ -37.626468029908494, -29.814529763955154 ], [ -46.835524206229834, -28.177920362289974 ], [ -54.098046007872412, -26.225634708399735 ], [ -54.311886374746166, -36.831615625174244 ], [ -52.832059644877823, -37.266750132699457 ], [ -52.825642161019566, -36.598019093345698 ], [ -49.135219507022363, -36.884812261382571 ], [ -41.967109976346549, -39.49203867808599 ], [ -41.514509772687084, -39.952577798491525 ], [ -40.951194326789455, -38.893479328782995 ], [ -41.151291642951605, -37.918714165426564 ], [ -40.2181052239591, -37.141221126379563 ], [ -38.328270395803912, -33.140973860552258 ], [ -37.143560527069333, -31.993983525777534 ], [ -36.369188820964915, -31.748720962099902 ], [ -35.955419068629617, -30.695251516792275 ] ] ] } },
{ "type": "Feature", "properties": { }, "geometry": { "type": "Polygon", "coordinates": [ [ [ -0.287441719574329, 31.574380275470652 ], [ -0.450576156269382, 31.848792463210842 ], [ -1.42236292151555, 31.864379884813044 ], [ -3.751827601399707, 31.291708836451104 ], [ -4.399123496138485, 30.790092383872167 ], [ 0.680969180958847, 30.701954256578261 ], [ 1.433807683998477, 30.929941645605076 ], [ 3.109841248987501, 30.378508378902467 ], [ 3.555845821875211, 30.529043198891163 ], [ 2.712843504254647, 31.101993649744159 ], [ -0.287441719574329, 31.574380275470652 ] ] ] } },
{ "type": "Feature", "properties": { }, "geometry": { "type": "Polygon", "coordinates": [ [ [ -8.351932829309117, 32.488057883932207 ], [ -9.820137538258116, 32.47673598410752 ], [ -8.72100559930001, 31.976839262129197 ], [ -8.970321561004537, 31.26909855660772 ], [ -11.062045485416071, 31.552806185992441 ], [ -11.767822799142978, 31.091864127891292 ], [ -6.948910016488555, 30.152107644186319 ], [ -5.501412932604279, 30.744768995783314 ], [ -4.399334942008362, 30.787738025948261 ], [ -4.377951044910716, 31.024600879806538 ], [ -5.392688018946288, 31.339649612076677 ], [ -6.482309576147617, 30.96394203709076 ], [ -7.483590301782113, 31.10922729572037 ], [ -8.351932829309117, 32.488057883932207 ] ] ] } },
{ "type": "Feature", "properties": { }, "geometry": { "type": "Polygon", "coordinates": [ [ [ -102.75793991114918, 36.15493721624582 ], [ -107.15965699166766, 40.335875013019425 ], [ -104.842486379014915, 37.514931355663315 ], [ -104.671720444880506, 36.797962748259408 ], [ -102.75793991114918, 36.15493721624582 ] ] ] } },
{ "type": "Feature", "properties": { }, "geometry": { "type": "Polygon", "coordinates": [ [ [ 39.72066100600864, 46.363938245336264 ], [ 42.440478220899003, 45.236221918612038 ], [ 44.890406403362391, 44.933229478330325 ], [ 45.564360731592991, 45.455816071240349 ], [ 39.72066100600864, 46.363938245336264 ] ] ] } },
{ "type": "Feature", "properties": { }, "geometry": { "type": "Polygon", "coordinates": [ [ [ 13.153519853847174, 50.065146801594743 ], [ 10.773068869424264, 50.385108154762889 ], [ 9.138773433653006, 50.183180153359906 ], [ 2.959804393922137, 47.550157537823232 ], [ -0.84143440015937, 47.465482591817683 ], [ 0.08320023283061, 46.796005711953498 ], [ 2.590697043164063, 46.74303228264408 ], [ 7.302353233214344, 47.760849149697819 ], [ 10.694982700232217, 49.334204862017934 ], [ 12.277261978725537, 48.799650281952495 ], [ 12.796994117166317, 47.971760799682237 ], [ 13.261402193165637, 49.00946924328003 ], [ 13.153519853847174, 50.065146801594743 ] ] ] } },
{ "type": "Feature", "properties": { }, "geometry": { "type": "Polygon", "coordinates": [ [ [ -153.57716255145948, 78.880124192753172 ], [ -154.724779741348897, 79.242306833677176 ], [ -160.670654326007195, 77.895298735213558 ], [ -159.577352418518018, 76.848274257774563 ], [ -159.636140582144094, 76.249139344815518 ], [ -160.656846270668467, 75.770473547653538 ], [ -165.307705517677562, 75.820394566092872 ], [ -160.326861013210703, 74.426542859021964 ], [ -151.181491722448214, 75.253235486302884 ], [ -139.067217485342098, 74.733662661452442 ], [ -133.26162794386164, 75.33726455310385 ], [ -125.985558453862978, 74.920612688459016 ], [ -121.707272823247663, 74.314540614500928 ], [ -119.830757846670167, 75.989633722773647 ], [ -139.290513302592387, 76.910695132598846 ], [ -143.277349985508891, 77.760096337873847 ], [ -153.57716255145948, 78.880124192753172 ] ] ] } },
{ "type": "Feature", "properties": { }, "geometry": { "type": "Polygon", "coordinates": [ [ [ -77.184311394506537, 17.749739683531512 ], [ -78.840374988351684, 17.815103898940837 ], [ -82.117159585035552, 17.416971219624212 ], [ -80.783200815845461, 16.85195401485241 ], [ -80.669774612987823, 15.187722274353129 ], [ -78.878035315555053, 15.899837047001071 ], [ -77.184311394506537, 17.749739683531512 ] ] ] } },
{ "type": "Feature", "properties": { }, "geometry": { "type": "Polygon", "coordinates": [ [ [ -117.501900874397919, 69.95670931889434 ], [ -118.548745686366814, 70.580762997489742 ], [ -120.435422251237114, 72.470998791055251 ], [ -119.829133180921488, 73.479104518822098 ], [ -121.491573738554777, 74.114290485994516 ], [ -122.655341491901893, 73.313435823721335 ], [ -124.196257736412136, 73.069588395256886 ], [ -136.333095802050138, 72.884898848851066 ], [ -135.228127237271963, 72.716301928289482 ], [ -135.825182541075321, 72.525621129500038 ], [ -135.365472931830567, 72.189321092415781 ], [ -139.530664867627593, 71.670509867684217 ], [ -130.681630103373493, 70.993173067775359 ], [ -127.831549124178224, 70.21661902721803 ], [ -120.000260239508691, 70.262064148313968 ], [ -117.501900874397919, 69.95670931889434 ] ] ] } },
{ "type": "Feature", "properties": { }, "geometry": { "type": "Polygon", "coordinates": [ [ [ -97.799698655933938, 45.753393199632285 ], [ -97.347802993782153, 47.141167372940046 ], [ -98.387980573726949, 47.817472636494131 ], [ -101.752952206141543, 46.628462334633014 ], [ -104.030525109501468, 46.330965997310471 ], [ -108.086956139633713, 46.388579232582551 ], [ -110.453205626150648, 46.889328355573234 ], [ -111.703730022498959, 45.653044838860588 ], [ -111.365033090863349, 45.050365553724454 ], [ -109.406511152319894, 44.336677451057284 ], [ -107.149645168034951, 41.062288603847115 ], [ -107.074762882582007, 39.460324756161221 ], [ -105.862783185402165, 39.929156175757392 ], [ -103.875835900399196, 39.768248918226284 ], [ -102.249930433453585, 38.356304569005033 ], [ -101.278260849007708, 38.033605547407035 ], [ -101.723737433684974, 39.034129478464145 ], [ -101.180690756531277, 41.724899948891753 ], [ -99.500591725657912, 43.023042225590643 ], [ -97.799698655933938, 45.753393199632285 ] ] ] } },
{ "type": "Feature", "properties": { }, "geometry": { "type": "Polygon", "coordinates": [ [ [ -99.607309293950181, 48.410354524474805 ], [ -96.623348375382136, 46.397738431710714 ], [ -95.263206282497521, 46.225016472407624 ], [ -97.661335198932989, 48.87302666703286 ], [ -98.25012409345976, 50.412416686299558 ], [ -99.86138456607506, 49.059651087283022 ], [ -99.607309293950181, 48.410354524474805 ] ] ] } },
{ "type": "Feature", "properties": { }, "geometry": { "type": "Polygon", "coordinates": [ [ [ -99.945842053259653, 37.447308599152343 ], [ -102.249930433453585, 38.356304569005033 ], [ -103.875835900399196, 39.768248918226284 ], [ -106.275748830949567, 39.876971428686247 ], [ -107.311036039266284, 39.2947323654844 ], [ -104.707180259243884, 37.826701174736428 ], [ -103.382218413578357, 35.369980810264359 ], [ -101.710274602440577, 35.206002611773123 ], [ -100.049052587173563, 33.524668347686948 ], [ -92.467248076454013, 28.871720893611251 ], [ -92.996513015346196, 30.069204319612197 ], [ -93.064779603745862, 33.181393980271842 ], [ -93.438305613337718, 34.106103023305678 ], [ -95.790898662390987, 35.706720547072194 ], [ -98.640224577190921, 36.143859273130268 ], [ -99.945842053259653, 37.447308599152343 ] ] ] } },
{ "type": "Feature", "properties": { }, "geometry": { "type": "Polygon", "coordinates": [ [ [ -96.623348375382136, 46.397738431710714 ], [ -97.347802993782153, 47.141167372940046 ], [ -97.799698655933938, 45.753393199632285 ], [ -99.330632660622456, 43.253838345057858 ], [ -101.180690756531277, 41.724899948891753 ], [ -101.723737433684974, 39.034129478464145 ], [ -101.459806588299656, 38.193718801383135 ], [ -99.945842053259653, 37.447308599152343 ], [ -98.640224577190921, 36.143859273130268 ], [ -95.790898662390987, 35.706720547072194 ], [ -95.759544019748077, 37.308898780027796 ], [ -93.186524025942404, 40.80988693223879 ], [ -94.924903675932853, 45.758109018547131 ], [ -95.263206282497521, 46.225016472407624 ], [ -96.623348375382136, 46.397738431710714 ] ] ] } },
{ "type": "Feature", "properties": { }, "geometry": { "type": "Polygon", "coordinates": [ [ [ -106.978524497757732, 40.53593949077738 ], [ -109.406511152319894, 44.336677451057284 ], [ -111.591332730549212, 45.239747400471813 ], [ -111.703730022498959, 45.653044838860588 ], [ -110.453205626150648, 46.889328355573234 ], [ -113.478687942352508, 47.488293510931136 ], [ -113.398409989772205, 45.34984450252108 ], [ -111.895328763803519, 43.082516777931687 ], [ -108.212580404463154, 39.694955987771529 ], [ -107.311036039266284, 39.2947323654844 ], [ -106.978524497757732, 40.53593949077738 ] ] ] } },
{ "type": "Feature", "properties": { }, "geometry": { "type": "Polygon", "coordinates": [ [ [ -140.890025424372567, 70.957726619219784 ], [ -143.592630226915816, 70.872057907740142 ], [ -144.022267991649159, 70.465502544290885 ], [ -148.366394100096045, 69.056995440960023 ], [ -148.943448571575487, 68.220797038578056 ], [ -144.681443729557969, 69.305975226988792 ], [ -144.970570378363533, 69.48312091342153 ], [ -144.679885726188189, 69.698157810988704 ], [ -141.919485340803391, 70.174223373305963 ], [ -140.890025424372567, 70.957726619219784 ] ] ] } },
{ "type": "Feature", "properties": { }, "geometry": { "type": "Polygon", "coordinates": [ [ [ -146.707233586288481, 67.654448501870348 ], [ -143.314339492788946, 69.027508804879332 ], [ -141.672479981072286, 70.286803278030675 ], [ -145.084731439463383, 69.213445287105188 ], [ -145.033768784738982, 68.969770755568774 ], [ -146.416537128767573, 68.334322358191869 ], [ -146.707233586288481, 67.654448501870348 ] ] ] } },
{ "type": "Feature", "properties": { }, "geometry": { "type": "Polygon", "coordinates": [ [ [ -164.033783232259111, -52.683892257758721 ], [ -164.577990717875593, -52.582751094018043 ], [ -166.11805410700191, -52.939184134074964 ], [ -164.331964971107539, -53.197959156254527 ], [ -164.033783232259111, -52.683892257758721 ] ] ] } },
{ "type": "Feature", "properties": { }, "geometry": { "type": "Polygon", "coordinates": [ [ [ -62.013597332048001, 22.863219258959631 ], [ -63.202446011421642, 24.084868592295727 ], [ -64.470027733693925, 21.658923081463733 ], [ -63.122618202710974, 20.857740619917848 ], [ -63.153175504022244, 20.466773399998914 ], [ -61.450031028318591, 20.156546563338171 ], [ -60.047901914256968, 21.962488081359233 ], [ -62.013597332048001, 22.863219258959631 ] ] ] } },
{ "type": "Feature", "properties": { }, "geometry": { "type": "Polygon", "coordinates": [ [ [ -85.226220564968401, 11.285780024368806 ], [ -85.160859532810434, 11.963209716563624 ], [ -83.448075249568333, 14.199882997776346 ], [ -84.254262910263634, 14.368717478638459 ], [ -87.71501613838322, 13.355452562029983 ], [ -87.638588866672094, 11.153829678995583 ], [ -85.226220564968401, 11.285780024368806 ] ] ] } },
{ "type": "Feature", "properties": { }, "geometry": { "type": "Polygon", "coordinates": [ [ [ -75.612702492733007, 16.058010183107339 ], [ -76.369310343541883, 16.059410821274007 ], [ -77.168854488201063, 16.196203483901463 ], [ -76.580121635588256, 15.546251532007473 ], [ -75.628473135335639, 15.772293771412993 ], [ -75.612702492733007, 16.058010183107339 ] ] ] } },
{ "type": "Feature", "properties": { }, "geometry": { "type": "Polygon", "coordinates": [ [ [ -71.471434834491021, -9.10685617720868 ], [ -70.803884015140184, -7.644746341138424 ], [ -69.91620768733533, -5.06313985763987 ], [ -71.779977554977492, -7.153453713282308 ], [ -71.471434834491021, -9.10685617720868 ] ] ] } },
{ "type": "Feature", "properties": { }, "geometry": { "type": "Polygon", "coordinates": [ [ [ -66.072273447284104, 1.31014431572214 ], [ -66.424150073050825, 1.305278345672783 ], [ -66.791077459959283, -0.010016685547725 ], [ -66.178952529317399, 1.051735825777228 ], [ -66.072273447284104, 1.31014431572214 ] ] ] } },
{ "type": "Feature", "properties": { }, "geometry": { "type": "Polygon", "coordinates": [ [ [ -142.561175398943107, 71.25191848263249 ], [ -140.843068567261781, 70.958288233175381 ], [ -135.75016656533279, 71.46433371699537 ], [ -138.807960532291219, 71.731694116993992 ], [ -142.561175398943107, 71.25191848263249 ] ] ] } },
{ "type": "Feature", "properties": { }, "geometry": { "type": "Polygon", "coordinates": [ [ [ 93.023438124792051, 25.66527061832122 ], [ 91.607880935304522, 28.236573909147726 ], [ 92.428270916679452, 25.552137662288334 ], [ 93.383337687581459, 23.721703229691233 ], [ 93.375488835213204, 20.5352475564112 ], [ 93.707572001162234, 19.801082550263661 ], [ 95.804062465062671, 18.011931430923376 ], [ 94.926123177152576, 19.946038724491292 ], [ 95.172577147488809, 21.334290468220246 ], [ 94.813459820472659, 23.470717880429341 ], [ 94.313438263885018, 24.548222361638697 ], [ 93.023438124792051, 25.66527061832122 ] ] ] } },
{ "type": "Feature", "properties": { }, "geometry": { "type": "Polygon", "coordinates": [ [ [ 97.448976020614509, 16.612985799014741 ], [ 92.948987094428233, 18.661402586122005 ], [ 91.912447813702244, 19.727136103418516 ], [ 94.499643190562324, 13.426239645348499 ], [ 96.328374173327319, 9.905352080085612 ], [ 95.613663531823761, 8.342495978399532 ], [ 96.620379639434461, 8.46414011439385 ], [ 97.480533773107183, 8.72571765861985 ], [ 97.090722371346786, 10.258435858156123 ], [ 97.475565714150733, 11.224708625747219 ], [ 97.568721125501099, 16.100449218902224 ], [ 97.448976020614509, 16.612985799014741 ] ] ] } },
{ "type": "Feature", "properties": { }, "geometry": { "type": "Polygon", "coordinates": [ [ [ 102.673308349374025, 23.418824728908216 ], [ 97.214462201049216, 25.964374012582642 ], [ 97.931352679348379, 24.428871018337912 ], [ 105.083958291839139, 21.452411286237787 ], [ 102.673308349374025, 23.418824728908216 ] ] ] } },
{ "type": "Feature", "properties": { }, "geometry": { "type": "Polygon", "coordinates": [ [ [ -152.480844014275476, 72.759985871914253 ], [ -145.272707866876118, 72.744553246704356 ], [ -135.873088001682049, 73.272948202723995 ], [ -135.303626667112496, 72.905156978216354 ], [ -134.521428712909255, 72.900999369738173 ], [ -132.784207514104168, 73.567275279474728 ], [ -133.066669320588289, 73.833573081773409 ], [ -134.486945486470944, 73.894963764265086 ], [ -140.162682951068035, 73.358570343690374 ], [ -150.518680153544835, 73.477807104462343 ], [ -152.355000313380117, 73.024737474375399 ], [ -152.480844014275476, 72.759985871914253 ] ] ] } },
{ "type": "Feature", "properties": { }, "geometry": { "type": "Polygon", "coordinates": [ [ [ -177.956957676368631, 71.293612731951939 ], [ -170.563198390470973, 69.572954553364582 ], [ -165.473344386197766, 68.745585132060427 ], [ -163.416066353183908, 72.680270718474745 ], [ -175.147060682088011, 72.472801816910064 ], [ -178.290944393141899, 72.153713957199244 ], [ -177.956957676368631, 71.293612731951939 ] ] ] } },
{ "type": "Feature", "properties": { }, "geometry": { "type": "Polygon", "coordinates": [ [ [ -31.210628293572629, 48.290125209271913 ], [ -33.734109077603058, 49.074698924584084 ], [ -39.197762283969936, 47.959773963546951 ], [ -42.868101388631814, 46.731954268378487 ], [ -50.289238161705242, 46.403820763090131 ], [ -57.91718995063804, 42.810239624914033 ], [ -59.028425636771992, 41.047789857254244 ], [ -59.295074913776389, 39.639730352163099 ], [ -55.541470887354642, 39.901163681981004 ], [ -54.199584619655397, 39.530660224396598 ], [ -51.010125078114996, 41.441661138546799 ], [ -47.228485808159931, 40.742218467697356 ], [ -44.840652557364251, 42.215192004555156 ], [ -41.764590977458781, 42.641467015647301 ], [ -39.67995882481506, 41.854748015135343 ], [ -36.731182161861646, 39.975300748214586 ], [ -35.760217013778046, 39.995328474540692 ], [ -34.714236464796414, 39.27817651756466 ], [ -32.837368462531302, 40.778083118378504 ], [ -32.566640118066196, 41.679431121366626 ], [ -29.542316556029707, 43.058658253036278 ], [ -28.677147281048448, 44.219114371066539 ], [ -28.547711898107885, 45.59113036112722 ], [ -28.823319841821245, 46.202615364710631 ], [ -31.210628293572629, 48.290125209271913 ] ] ] } },
{ "type": "Feature", "properties": { }, "geometry": { "type": "Polygon", "coordinates": [ [ [ 135.66267104371272, 52.710613612169332 ], [ 139.471068600016082, 53.674393499224493 ], [ 139.308971755672076, 54.900200150326029 ], [ 136.511047652361498, 53.841060261547838 ], [ 135.66267104371272, 52.710613612169332 ] ] ] } },
{ "type": "Feature", "properties": { }, "geometry": { "type": "Polygon", "coordinates": [ [ [ 134.664020459021941, 39.749534032300048 ], [ 136.346351104097266, 41.879860575934934 ], [ 133.441569944870537, 43.96216318110158 ], [ 133.288627152355872, 41.219821639622715 ], [ 133.591344457017613, 39.324208316734648 ], [ 134.664020459021941, 39.749534032300048 ] ] ] } },
{ "type": "Feature", "properties": { }, "geometry": { "type": "Polygon", "coordinates": [ [ [ 140.419428696797837, -36.063106034882281 ], [ 139.310750056403663, -33.919199807703791 ], [ 136.80109117486225, -34.7908121152403 ], [ 136.940039726068363, -35.314847377349551 ], [ 136.535503876929312, -35.805117521526455 ], [ 136.811245615332069, -36.140888344502777 ], [ 136.251115317300105, -37.134771871338508 ], [ 136.685787632280977, -38.285216093636741 ], [ 137.529458041413164, -38.460075688331564 ], [ 139.290634182754559, -37.515746718203701 ], [ 139.436095563564152, -36.232296336247018 ], [ 140.419428696797837, -36.063106034882281 ] ] ] } },
{ "type": "Feature", "properties": { }, "geometry": { "type": "Polygon", "coordinates": [ [ [ 153.953193226698261, -40.249550135013713 ], [ 154.620463176303986, -38.509911690207794 ], [ 153.627333091758913, -39.263780012504562 ], [ 151.686157040083771, -39.953802994528232 ], [ 151.732673669827818, -40.619571205011511 ], [ 152.74064507570813, -41.88372066836105 ], [ 153.3989160110618, -43.717154711659042 ], [ 154.544023695647638, -43.344996667683873 ], [ 156.213066296034583, -42.113687383928053 ], [ 153.953193226698261, -40.249550135013713 ] ] ] } },
{ "type": "Feature", "properties": { }, "geometry": { "type": "Polygon", "coordinates": [ [ [ 153.663054663632948, -63.190086614494945 ], [ 153.266235023099739, -63.250834596663637 ], [ 137.890118908245427, -65.028386354120912 ], [ 143.194989195058128, -66.766289748801555 ], [ 150.060708297477419, -68.471731369061459 ], [ 154.526866933965493, -68.252769837569289 ], [ 155.200263725259617, -67.719132812471855 ], [ 155.144497200094463, -65.728274906005325 ], [ 153.663054663632948, -63.190086614494945 ] ] ] } },
{ "type": "Feature", "properties": { }, "geometry": { "type": "Polygon", "coordinates": [ [ [ 150.851740744283319, -68.56746813438167 ], [ 145.629473154797381, -67.39149897778556 ], [ 147.744120449440004, -68.354332168645868 ], [ 150.869017864720576, -70.474876744638536 ], [ 155.155837910091464, -72.204787046906162 ], [ 157.011818317216637, -72.55609626172658 ], [ 156.841184010939628, -71.836413406562343 ], [ 152.884273068314599, -69.359061982252058 ], [ 150.851740744283319, -68.56746813438167 ] ] ] } },
{ "type": "Feature", "properties": { }, "geometry": { "type": "Polygon", "coordinates": [ [ [ 154.526866933965493, -68.252769837569289 ], [ 150.658710822590564, -68.526039523983883 ], [ 152.884289952029434, -69.359075401217311 ], [ 156.847596560472851, -71.866247869512506 ], [ 160.963062524881934, -71.568921629077167 ], [ 164.346621539102586, -71.991544387528535 ], [ 166.00795613223633, -71.556109857853372 ], [ 164.326078391745767, -70.269198773822296 ], [ 159.08300351557935, -69.594031697868857 ], [ 154.526866933965493, -68.252769837569289 ] ] ] } },
{ "type": "Feature", "properties": { }, "geometry": { "type": "Polygon", "coordinates": [ [ [ 160.387533697414369, -67.418254853561791 ], [ 160.687709472258291, -67.003410433608778 ], [ 159.375130598229191, -65.527231152894274 ], [ 156.069027239537377, -65.624921661397167 ], [ 154.033591532093368, -64.161543730258401 ], [ 155.184758257362404, -66.014523067500519 ], [ 155.200263725259617, -67.719132812471855 ], [ 154.526866933965493, -68.252769837569289 ], [ 156.38524848423603, -68.918533121949864 ], [ 156.077371706118896, -68.603204696705404 ], [ 156.376930249018159, -68.201713126068057 ], [ 160.387533697414369, -67.418254853561791 ] ] ] } },
{ "type": "Feature", "properties": { }, "geometry": { "type": "Polygon", "coordinates": [ [ [ 80.896900307481047, 44.932733717574493 ], [ 79.240535741581922, 45.326481046770326 ], [ 77.848825637552807, 46.089128370893704 ], [ 75.842485565938091, 45.874135489407543 ], [ 71.636869056792804, 46.771656835825461 ], [ 69.442763531690403, 48.747477776659522 ], [ 69.452035598415804, 49.518867970269021 ], [ 70.096322624749803, 50.299321565048722 ], [ 71.437761240939651, 50.544524236224177 ], [ 70.697501601322941, 51.771791587254931 ], [ 69.110525139868628, 50.852663940529588 ], [ 67.382787127826589, 50.53248195276241 ], [ 66.998786095623245, 50.151548481199029 ], [ 67.088469710639188, 48.540282924776307 ], [ 68.22119662312096, 47.109877301615761 ], [ 69.420802252590761, 46.260016512235595 ], [ 73.365985076927828, 45.117259045209892 ], [ 77.163569955791829, 44.526757363806006 ], [ 75.916059986738034, 44.331533346181317 ], [ 80.896900307481047, 44.932733717574493 ] ] ] } },
{ "type": "Feature", "properties": { }, "geometry": { "type": "Polygon", "coordinates": [ [ [ 71.437761240939651, 50.544524236224177 ], [ 70.096322624749803, 50.299321565048722 ], [ 69.452035598415804, 49.518867970269021 ], [ 69.442763531690403, 48.747477776659522 ], [ 71.636869056792804, 46.771656835825461 ], [ 75.842485565938091, 45.874135489407543 ], [ 74.971676928815569, 46.2673391263273 ], [ 73.617204267188711, 47.65631162428658 ], [ 74.586617701322695, 48.673178080059508 ], [ 73.57457881890177, 48.784540594249982 ], [ 71.437761240939651, 50.544524236224177 ] ] ] } },
{ "type": "Feature", "properties": { }, "geometry": { "type": "Polygon", "coordinates": [ [ [ 80.058028674481875, 47.474741986109734 ], [ 75.367537737219664, 48.674213604815954 ], [ 74.586617701322695, 48.673178080059508 ], [ 73.593768329580485, 47.788572847629062 ], [ 74.971676928815569, 46.2673391263273 ], [ 75.842485565938091, 45.874135489407543 ], [ 77.848825637552807, 46.089128370893704 ], [ 80.058028674481875, 47.474741986109734 ] ] ] } },
{ "type": "Feature", "properties": { }, "geometry": { "type": "Polygon", "coordinates": [ [ [ 72.775067183911304, 51.956014669834595 ], [ 71.239960239669031, 52.686323297092173 ], [ 69.299153740323192, 53.070375087003576 ], [ 68.434258620693669, 51.015559659898017 ], [ 67.382787127826589, 50.53248195276241 ], [ 69.110525139868628, 50.852663940529588 ], [ 70.697501601322941, 51.771791587254931 ], [ 71.437761240939651, 50.544524236224177 ], [ 73.57457881890177, 48.784540594249982 ], [ 75.367537737219664, 48.674213604815954 ], [ 79.755329829989066, 47.448284605011501 ], [ 80.491871803290209, 48.083823710468387 ], [ 79.20682801664104, 48.258023387424487 ], [ 75.449933759406861, 50.425363527080592 ], [ 73.866190302133589, 50.790345022229381 ], [ 72.775067183911304, 51.956014669834595 ] ] ] } },
{ "type": "Feature", "properties": { }, "geometry": { "type": "Polygon", "coordinates": [ [ [ 89.784185200523467, 46.273301317124201 ], [ 87.66337659216353, 46.479860992069653 ], [ 86.364161923022152, 47.317208991294926 ], [ 83.176015652513826, 48.58797258990009 ], [ 82.685150527328105, 48.282891882847068 ], [ 80.492832047232469, 48.08517262329886 ], [ 80.058028674481875, 47.474741986109734 ], [ 77.848825637552807, 46.089128370893704 ], [ 79.924547776037059, 45.132089244841588 ], [ 83.264431797451181, 44.751702412286036 ], [ 84.342691191298414, 45.146032788211279 ], [ 85.951885691405181, 45.053814590621215 ], [ 89.784185200523467, 46.273301317124201 ] ] ] } },
{ "type": "Feature", "properties": { }, "geometry": { "type": "Polygon", "coordinates": [ [ [ 91.080616288212823, 47.265966762446425 ], [ 86.935091282919274, 47.599131501698579 ], [ 85.299932038433468, 48.411607796853119 ], [ 83.176015652513826, 48.58797258990009 ], [ 88.032841810845611, 46.376730101623721 ], [ 93.723859587350617, 45.889897830488685 ], [ 91.080616288212823, 47.265966762446425 ] ] ] } },
{ "type": "Feature", "properties": { }, "geometry": { "type": "Polygon", "coordinates": [ [ [ 85.480552789203571, 49.934575036966919 ], [ 81.947603350200339, 50.17847653295518 ], [ 80.281446999371923, 48.087854123434845 ], [ 81.748671657671011, 48.12021551788925 ], [ 83.469923149100467, 48.640596306021422 ], [ 85.299932038433468, 48.411607796853119 ], [ 86.935091282919274, 47.599131501698579 ], [ 88.110561033443801, 47.573695901358867 ], [ 86.610373686678031, 48.585928460062135 ], [ 85.480552789203571, 49.934575036966919 ] ] ] } },
{ "type": "Feature", "properties": { }, "geometry": { "type": "Polygon", "coordinates": [ [ [ 128.089201498149436, 45.736295644165729 ], [ 127.720734600992316, 46.414593003426141 ], [ 127.365789038224122, 46.383592172810715 ], [ 127.240525872418885, 46.933585275337514 ], [ 128.557904813716391, 50.955619694580314 ], [ 121.053615954463012, 48.66351193037768 ], [ 116.846872044505986, 48.155417090296261 ], [ 112.783616683094138, 46.399524521773252 ], [ 108.059351648420375, 45.648870052722131 ], [ 105.770741479674257, 45.69082291824239 ], [ 103.000135901991342, 44.842503226050226 ], [ 101.396335792751486, 44.884410247067251 ], [ 102.873183065856054, 44.262558938916555 ], [ 109.191369103647773, 44.82906259740912 ], [ 116.011385465135476, 45.983180541547391 ], [ 128.089201498149436, 45.736295644165729 ] ] ] } },
{ "type": "Feature", "properties": { }, "geometry": { "type": "Polygon", "coordinates": [ [ [ 79.905153087249772, 57.609495504558744 ], [ 77.1483437913367, 57.883400916301284 ], [ 75.351826238900287, 56.348042293554684 ], [ 74.608518605807021, 55.425396424426474 ], [ 74.301606172596877, 54.149202314329621 ], [ 77.316285542491372, 55.530060286193518 ], [ 79.26260077192704, 56.748900599762024 ], [ 79.905153087249772, 57.609495504558744 ] ] ] } },
{ "type": "Feature", "properties": { }, "geometry": { "type": "Polygon", "coordinates": [ [ [ 113.663443909456518, 60.08422392854682 ], [ 113.541756835572272, 61.614325075729887 ], [ 112.708235324675627, 62.181638425313125 ], [ 109.909946561305873, 61.700472774630164 ], [ 107.218159514701981, 60.544542271692592 ], [ 104.854907050733345, 58.926699237774464 ], [ 104.304541706840567, 58.22397833055139 ], [ 103.605699420060546, 55.982194098327383 ], [ 100.665250978488373, 53.656169094042369 ], [ 101.518843614070377, 53.919710793913232 ], [ 103.764532909982549, 55.577123154909621 ], [ 104.664587860339992, 56.55183705042591 ], [ 104.887539788340248, 57.681727090449449 ], [ 105.765621884588171, 58.198889943441387 ], [ 109.657508473007354, 59.777486088945594 ], [ 113.663443909456518, 60.08422392854682 ] ] ] } },
{ "type": "Feature", "properties": { }, "geometry": { "type": "Polygon", "coordinates": [ [ [ 76.171043976093486, 83.124556273650583 ], [ 66.091923610081153, 83.196305191210399 ], [ 62.829091006743695, 83.001781074580421 ], [ 73.515513218320564, 83.052613579091386 ], [ 76.171043976093486, 83.124556273650583 ] ] ] } },
{ "type": "Feature", "properties": { }, "geometry": { "type": "Polygon", "coordinates": [ [ [ 3.641127183524796, 30.471230641623883 ], [ -4.159035997937666, 28.084459863100037 ], [ -8.037229668259199, 28.293950964504564 ], [ -12.554896612363228, 27.093349594133493 ], [ -14.709955430290918, 27.040229708863233 ], [ -16.602990148089177, 26.072967371027197 ], [ -17.484381158351173, 24.444144621898857 ], [ -20.210211184054842, 22.216179213546781 ], [ -21.690564392432023, 20.12161277258528 ], [ -22.068349701810952, 14.229356615889753 ], [ -22.955894758127226, 12.276598393628364 ], [ -23.856112788001379, 7.378453341521882 ], [ -22.696484827944939, 6.60494042434527 ], [ -21.024346510200839, 6.157093457097711 ], [ -20.834910283323705, 5.062934520206295 ], [ -20.4274793789005, 5.029141857386672 ], [ -20.222941358111218, 4.53738494206217 ], [ -18.622706327174239, 4.113267761075255 ], [ -18.730585227209815, 3.377490129371163 ], [ -16.497590778061721, 1.755994100813086 ], [ -16.3910579000528, 1.273239127685041 ], [ -14.641875760648324, 0.864944947511485 ], [ -11.919064020806941, 1.265935372646054 ], [ -10.644052566972254, 1.063316269376988 ], [ -10.024553399267386, 0.457768482492193 ], [ -10.226930412569725, -0.524535296144968 ], [ -7.849791186550577, 0.247747469144793 ], [ -6.493519776427359, 1.266436467375197 ], [ -2.833489553406546, 0.948693434923181 ], [ -2.133463775728276, 1.283055642128704 ], [ -1.529227898242125, 0.78470339299207 ], [ 6.035088572512917, 4.494413107258249 ], [ 8.346444950185072, 7.906680332995532 ], [ 8.864778185271922, 9.798410087475819 ], [ 7.921647652487856, 12.755492361698916 ], [ 7.216910868329174, 13.961498164834495 ], [ 6.862416446418743, 15.883378326496533 ], [ 4.873340994767359, 20.093528094544023 ], [ 5.778834004955463, 26.103154513447109 ], [ 6.506622270459632, 28.544752821707466 ], [ 3.641127183524796, 30.471230641623883 ] ] ] } },
{ "type": "Feature", "properties": { }, "geometry": { "type": "Polygon", "coordinates": [ [ [ -85.226220564968401, 11.285780024368806 ], [ -82.161990000100744, 12.904248019361924 ], [ -81.141331387493537, 13.762037621461687 ], [ -83.616483411886762, 14.11485011125361 ], [ -85.160859532810434, 11.963209716563624 ], [ -85.226220564968401, 11.285780024368806 ] ] ] } },
{ "type": "Feature", "properties": { }, "geometry": { "type": "Polygon", "coordinates": [ [ [ -79.815526825760671, 14.068019010207143 ], [ -79.191352165084922, 15.622869496763517 ], [ -80.14330509800763, 16.675550576163616 ], [ -82.485305404024388, 17.12594380453185 ], [ -84.084303709046125, 16.488626482150874 ], [ -83.381055099060404, 16.03365201416387 ], [ -83.450678630450241, 15.702973845871686 ], [ -83.035496566058768, 15.344715151895551 ], [ -83.448075249568333, 14.199882997776346 ], [ -81.141331387493537, 13.762037621461687 ], [ -79.815526825760671, 14.068019010207143 ] ] ] } },
{ "type": "Feature", "properties": { }, "geometry": { "type": "Polygon", "coordinates": [ [ [ -62.845923378100125, 9.701437204218504 ], [ -67.741081555791553, 10.627254497520919 ], [ -67.744240254680832, 9.515366929731172 ], [ -68.672223369231716, 8.181920318372034 ], [ -66.802740228880381, 8.605765224774313 ], [ -64.671331844982063, 8.326485180284047 ], [ -62.845923378100125, 9.701437204218504 ] ] ] } },
{ "type": "Feature", "properties": { }, "geometry": { "type": "Polygon", "coordinates": [ [ [ -67.470915289863925, 5.14211049773596 ], [ -68.281359162327789, 3.879337602100475 ], [ -68.390581012470477, 4.052617266729708 ], [ -67.165447207264066, 2.083534705697681 ], [ -66.769675561626102, 0.483620743950042 ], [ -67.000999575719661, -1.098094824397791 ], [ -66.65443836663745, -1.037157274273483 ], [ -66.35549692562634, 0.237379805893189 ], [ -66.287150706415375, 2.228058003580689 ], [ -67.470915289863925, 5.14211049773596 ] ] ] } },
{ "type": "Feature", "properties": { }, "geometry": { "type": "Polygon", "coordinates": [ [ [ 105.380675607556682, 21.841427073583553 ], [ 97.753542592828992, 24.470480187364796 ], [ 97.297013904671147, 24.859491487002845 ], [ 97.495001313500751, 23.392682658305016 ], [ 98.529917615832673, 22.912360642955676 ], [ 102.470542041682165, 22.068723233405375 ], [ 105.380675607556682, 21.841427073583553 ] ] ] } },
{ "type": "Feature", "properties": { }, "geometry": { "type": "Polygon", "coordinates": [ [ [ 104.626685394943792, 22.356234920618171 ], [ 101.50429638334451, 22.566394531227697 ], [ 96.728010021142296, 23.74329322306642 ], [ 97.106006996950029, 22.877971409481042 ], [ 101.07009299689274, 21.682655473075148 ], [ 105.07426071536824, 21.632335087042186 ], [ 104.626685394943792, 22.356234920618171 ] ] ] } },
{ "type": "Feature", "properties": { }, "geometry": { "type": "Polygon", "coordinates": [ [ [ 104.838799895035393, 21.694734921426715 ], [ 102.663721846645998, 21.78186222763301 ], [ 101.46400711931166, 21.752191545761619 ], [ 102.0894419201517, 21.232570942722067 ], [ 105.15207687721778, 21.071846153414928 ], [ 104.838799895035393, 21.694734921426715 ] ] ] } },
{ "type": "Feature", "properties": { }, "geometry": { "type": "Polygon", "coordinates": [ [ [ -137.263940123622035, 72.122904553443078 ], [ -136.164407835676087, 71.978546869797938 ], [ -135.365472931830567, 72.189321092415781 ], [ -135.825182541075321, 72.525621129500038 ], [ -135.633537709783269, 72.636472699191671 ], [ -136.816781248489832, 72.640448624930698 ], [ -137.414706817825106, 72.471627244541352 ], [ -136.76986254919052, 72.231479366201796 ], [ -137.263940123622035, 72.122904553443078 ] ] ] } },
{ "type": "Feature", "properties": { }, "geometry": { "type": "Polygon", "coordinates": [ [ [ -2.888590256407344, 64.629017785433547 ], [ -3.856154776271297, 65.293204381657532 ], [ -4.475830311337434, 64.635545936926647 ], [ -5.400899495355174, 64.286015120482332 ], [ -12.933695434304344, 62.749575280225052 ], [ -12.214584248277756, 62.071878219708978 ], [ -9.375543275318053, 62.241871409828619 ], [ -6.090322193479644, 63.237145599970376 ], [ -2.888590256407344, 64.629017785433547 ] ] ] } },
{ "type": "Feature", "properties": { }, "geometry": { "type": "Polygon", "coordinates": [ [ [ -176.916145084269459, 68.013212270501185 ], [ -174.836692802131068, 67.340433909182806 ], [ -174.724606176972486, 65.993310728913926 ], [ -175.069392654793461, 65.408598933276309 ], [ -173.385092086239212, 64.934321480503598 ], [ -174.393504398208364, 64.54815174063549 ], [ -172.24240790146925, 64.110548694924461 ], [ -170.014095545420076, 64.189610880133529 ], [ -168.811565937243074, 63.552286265791523 ], [ -169.044413003681655, 63.26597412711655 ], [ -167.601139495659964, 62.319784681833305 ], [ -164.321841585790793, 61.880685290957302 ], [ -162.200551562088975, 62.006686248764282 ], [ -162.267844169963666, 61.598707684314853 ], [ -161.933822263151058, 61.306278871439289 ], [ -159.87531697682968, 60.671793591911765 ], [ -158.83962707068028, 60.595088934789793 ], [ -153.37478327038616, 61.980104711018193 ], [ -151.026804522568739, 62.967082741878656 ], [ -156.476107027057054, 65.395102004447239 ], [ -160.331209169208506, 65.5725287843552 ], [ -161.50358717981419, 66.242279871774869 ], [ -161.250156239834979, 66.800549333470528 ], [ -157.959204486354054, 69.033277214711219 ], [ -164.092739179629234, 68.494738673618542 ], [ -173.667054670543735, 70.388126377385134 ], [ -177.309552729490719, 69.375207361627616 ], [ -176.916145084269459, 68.013212270501185 ] ] ] } },
{ "type": "Feature", "properties": { }, "geometry": { "type": "Polygon", "coordinates": [ [ [ 166.034721365807712, 70.998186588470546 ], [ 169.737083627122644, 70.833068682045536 ], [ 171.094481738524365, 71.766390717127848 ], [ 168.446210942243624, 71.34883840565189 ], [ 164.112812087832623, 71.845120026485219 ], [ 155.4269021711699, 73.51446702869886 ], [ 151.548960125522825, 74.657755076103598 ], [ 144.111726818802111, 75.332041866336326 ], [ 135.937107042098262, 75.254249635185204 ], [ 129.675056958499596, 75.975270734130078 ], [ 127.607021506983145, 75.418770352352894 ], [ 130.144062732910413, 75.146749673416636 ], [ 137.52329473430018, 73.251030683208711 ], [ 140.258538827066133, 73.275512650004302 ], [ 145.575730217781029, 73.962485296153446 ], [ 153.856986948692906, 73.074271839611853 ], [ 166.034721365807712, 70.998186588470546 ] ] ] } },
{ "type": "Feature", "properties": { }, "geometry": { "type": "Polygon", "coordinates": [ [ [ 120.392616447925136, 44.001242228165573 ], [ 119.021951848947992, 44.330806602322085 ], [ 116.983657769291838, 44.294457192318617 ], [ 107.441782384487965, 43.407789535694214 ], [ 105.435793201726767, 44.013207020535198 ], [ 103.459483580608534, 42.83929433800585 ], [ 102.792133764154585, 41.713234246521736 ], [ 102.514772505928306, 40.141839798402103 ], [ 103.199271083477328, 38.189094100323416 ], [ 104.556795832358361, 36.522551174848559 ], [ 105.768537542157418, 35.75409703182715 ], [ 109.19171736386059, 34.61380454881057 ], [ 112.052433703867791, 33.142979256138091 ], [ 113.916256729507083, 32.721158213961914 ], [ 114.544257098010846, 33.403039782742809 ], [ 116.278796849430705, 37.734287317848583 ], [ 116.39016294493436, 39.571352045972894 ], [ 118.38368856578029, 42.295299042637033 ], [ 120.392616447925136, 44.001242228165573 ] ] ] } },
{ "type": "Feature", "properties": { }, "geometry": { "type": "Polygon", "coordinates": [ [ [ 3.100929078422522, 30.309350023460805 ], [ 1.433807683998477, 30.929941645605076 ], [ -3.273565139169091, 30.641632926643844 ], [ -4.830636094328442, 30.869056614625237 ], [ -6.948910016488555, 30.152107644186319 ], [ -11.767822799142978, 31.091864127891292 ], [ -14.281646691982752, 27.021147479145423 ], [ -12.554896612363228, 27.093349594133493 ], [ -8.037229668259199, 28.293950964504564 ], [ -4.159035997937666, 28.084459863100037 ], [ 3.100929078422522, 30.309350023460805 ] ] ] } },
{ "type": "Feature", "properties": { }, "geometry": { "type": "Polygon", "coordinates": [ [ [ 130.33746880805964, -6.675082190225303 ], [ 130.185735663560592, -7.128863090325714 ], [ 131.06878466844671, -7.44603070264595 ], [ 132.809790131897699, -7.580702551986744 ], [ 136.271716705580104, -8.627344514796693 ], [ 140.271474152815642, -11.631444341798581 ], [ 140.98977213724126, -10.179457539712274 ], [ 138.599743569691071, -8.144408061722279 ], [ 135.31329689451519, -6.112270113801044 ], [ 134.851696965045448, -5.975681364988963 ], [ 132.782012316125929, -7.029515041451454 ], [ 131.610543919977914, -6.49980718610553 ], [ 130.33746880805964, -6.675082190225303 ] ] ] } },
{ "type": "Feature", "properties": { }, "geometry": { "type": "Polygon", "coordinates": [ [ [ 136.271716705580104, -8.627344514796693 ], [ 133.594800241334582, -7.790748598588191 ], [ 131.834880305415851, -8.072362783501909 ], [ 132.438090866418946, -8.808801266257753 ], [ 132.860916956125493, -10.396907117817477 ], [ 133.839782991130818, -10.250144828421032 ], [ 134.413842423090472, -10.660879342749368 ], [ 135.01315837937679, -10.654726729722745 ], [ 135.137262462748879, -11.204702746753329 ], [ 135.57516654214362, -11.260443621248372 ], [ 139.136534867829653, -10.663948751816383 ], [ 136.271716705580104, -8.627344514796693 ] ] ] } },
{ "type": "Feature", "properties": { }, "geometry": { "type": "Polygon", "coordinates": [ [ [ 99.975521367823092, 11.955694351906807 ], [ 97.175017884292984, 14.318356919254262 ], [ 97.474747552829172, 12.040762002302845 ], [ 97.47417859733946, 9.574519325166404 ], [ 97.16782138178192, 8.581985583512287 ], [ 97.3629951031876, 7.823619311568053 ], [ 103.785266976286039, 5.447106333015131 ], [ 100.142578509039012, 11.108254810514966 ], [ 99.975521367823092, 11.955694351906807 ] ] ] } },
{ "type": "Feature", "properties": { }, "geometry": { "type": "Polygon", "coordinates": [ [ [ -66.287150706415375, 2.228058003580689 ], [ -64.302971215693518, 3.279558692564714 ], [ -66.631809031710148, 7.635160618453264 ], [ -68.177055272100574, 5.805102126371246 ], [ -67.119445234861118, 4.541232482306786 ], [ -66.287150706415375, 2.228058003580689 ] ] ] } },
{ "type": "Feature", "properties": { }, "geometry": { "type": "Polygon", "coordinates": [ [ [ 109.97862180596934, -8.226004008227283 ], [ 115.696680490925388, -5.08879360623668 ], [ 117.778531406793604, -3.962261127292821 ], [ 116.813841700300188, -4.440849795912876 ], [ 116.204001366222215, -4.102484763728862 ], [ 114.267024505630516, -3.781916961965296 ], [ 113.677728352939269, -3.973123926814937 ], [ 108.428248595198554, -2.818544684559283 ], [ 109.972749185668221, -6.901790317555303 ], [ 109.97862180596934, -8.226004008227283 ] ] ] } },
{ "type": "Feature", "properties": { }, "geometry": { "type": "Polygon", "coordinates": [ [ [ 118.680523915435927, -23.83406829646853 ], [ 116.4619616743406, -22.791688818335889 ], [ 116.46961297039374, -22.059996265329346 ], [ 113.607954271351815, -21.219564444009549 ], [ 112.609249194866479, -20.439315014694259 ], [ 114.603793457965537, -26.467900089573408 ], [ 118.473335386395547, -26.112760864108328 ], [ 119.015566820133017, -26.014257900319649 ], [ 119.377572979758995, -25.508654212298008 ], [ 121.999588232336123, -25.28659813109995 ], [ 120.234037612061201, -24.054380889801664 ], [ 118.680523915435927, -23.83406829646853 ] ] ] } },
{ "type": "Feature", "properties": { }, "geometry": { "type": "Polygon", "coordinates": [ [ [ 126.548781916649432, -27.635433724683182 ], [ 123.681261310393126, -27.855688521030178 ], [ 120.684203714149817, -27.580044377072181 ], [ 121.956605716125551, -28.781155817619585 ], [ 123.529696955429259, -31.125138936027163 ], [ 124.035151401929298, -30.913490131088821 ], [ 124.619698078078585, -30.01570105505796 ], [ 125.48147051509082, -29.614282524406168 ], [ 126.548781916649432, -27.635433724683182 ] ] ] } },
{ "type": "Feature", "properties": { }, "geometry": { "type": "Polygon", "coordinates": [ [ [ 126.286954146656797, -27.524469985550233 ], [ 122.671775075816257, -25.997696296389417 ], [ 121.644026485996903, -25.913599135836094 ], [ 121.307081658542444, -26.361026635434296 ], [ 120.54957600889874, -25.742340274273637 ], [ 118.079175813117658, -26.194333761105892 ], [ 118.489255404690027, -26.646662639476759 ], [ 120.684203714149817, -27.580044377072181 ], [ 123.681261310393126, -27.855688521030178 ], [ 126.286954146656797, -27.524469985550233 ] ] ] } },
{ "type": "Feature", "properties": { }, "geometry": { "type": "Polygon", "coordinates": [ [ [ 131.177735978982525, 76.287148261157654 ], [ 127.583884621127439, 77.56337978619527 ], [ 123.799874156474331, 78.290698934637035 ], [ 119.146200339369955, 78.576723160055906 ], [ 118.521527614076348, 78.2863981401199 ], [ 120.536288546290081, 77.253831903866129 ], [ 120.115710600652065, 76.430757433803947 ], [ 128.471066190746086, 75.659107764616436 ], [ 131.177735978982525, 76.287148261157654 ] ] ] } },
{ "type": "Feature", "properties": { }, "geometry": { "type": "Polygon", "coordinates": [ [ [ 179.758304643419308, 75.949472726685514 ], [ 178.341854894595826, 77.835194655075767 ], [ 174.969918986887109, 77.906537888484308 ], [ 167.260975992504314, 76.039555102956029 ], [ 165.650870299606879, 75.042059530302922 ], [ 165.575367980482241, 74.395610937424919 ], [ 173.295789379342523, 75.623209277649593 ], [ 179.758304643419308, 75.949472726685514 ] ] ] } },
{ "type": "Feature", "properties": { }, "geometry": { "type": "MultiPolygon", "coordinates": [ [ [ [ 179.99999999, 74.455307295963337 ], [ 179.758304643419308, 75.949472726685514 ], [ 178.6046329172583, 75.94087039385596 ], [ 173.295789379342523, 75.623209277649593 ], [ 168.24327243684894, 74.870988241924408 ], [ 179.99999999, 74.455307295963337 ] ] ], [ [ [ -179.99999999, 74.455307295963337 ], [ -179.354947600349107, 74.442267024392947 ], [ -179.99999999, 75.568090160542269 ], [ -179.99999999, 74.455307295963337 ] ] ] ] } },
{ "type": "Feature", "properties": { }, "geometry": { "type": "MultiPolygon", "coordinates": [ [ [ [ 179.99999999, 74.455307295963337 ], [ 167.866822595955256, 74.86967914544033 ], [ 162.609564016346667, 73.995953511751907 ], [ 158.029413405778627, 73.763807402696031 ], [ 156.624176079478019, 73.269892967112426 ], [ 160.317553445133655, 72.434011953191245 ], [ 168.446210942243624, 71.34883840565189 ], [ 171.094481738524365, 71.766390717127848 ], [ 172.055750665848564, 72.529484014597685 ], [ 173.740337361628093, 72.693638418765289 ], [ 176.884849838348913, 72.49029337106208 ], [ 179.1754839456882, 71.866797028727163 ], [ 179.99999999, 71.965692769212808 ], [ 179.99999999, 74.455307295963337 ] ] ], [ [ [ -179.99999999, 71.965692769212808 ], [ -178.292024436558648, 72.156370338993625 ], [ -179.354947600349107, 74.442267024392947 ], [ -179.99999999, 74.455307295963337 ], [ -179.99999999, 71.965692769212808 ] ] ] ] } },
{ "type": "Feature", "properties": { }, "geometry": { "type": "Polygon", "coordinates": [ [ [ 76.913848492732299, 22.686516502527827 ], [ 72.67432643475081, 23.362118437616928 ], [ 69.241483698913143, 25.15354100347405 ], [ 67.502339734577902, 25.546090698301235 ], [ 67.973210690166127, 24.944075104014697 ], [ 69.508309873809409, 24.298936827582349 ], [ 71.591360250805081, 22.857140513204996 ], [ 73.560893012798545, 21.041819778741221 ], [ 76.53226616817841, 19.962150902647245 ], [ 80.174904841611138, 19.62028055262655 ], [ 85.307151985440441, 20.166379739285972 ], [ 86.748578008130181, 21.220177654978158 ], [ 88.629452020846017, 20.495995315854195 ], [ 90.240221732970696, 18.922986376258521 ], [ 89.567153102723822, 20.462630968819273 ], [ 88.684329042042364, 21.233926070723005 ], [ 86.727612901812137, 22.468540679310866 ], [ 85.627639967775508, 22.782136447224975 ], [ 83.290616529309332, 22.589473894976067 ], [ 79.537056348423476, 22.990481275721464 ], [ 76.913848492732299, 22.686516502527827 ] ] ] } },
{ "type": "Feature", "properties": { }, "geometry": { "type": "Polygon", "coordinates": [ [ [ -104.707180259243884, 37.826701174736428 ], [ -108.71309534802063, 40.017474900511246 ], [ -107.523801609282472, 38.381463332002184 ], [ -106.509424332565189, 37.893270644271404 ], [ -102.975962410592231, 34.599372905675899 ], [ -104.707180259243884, 37.826701174736428 ] ] ] } },
{ "type": "Feature", "properties": { }, "geometry": { "type": "Polygon", "coordinates": [ [ [ 106.882385027064373, 35.431199726925144 ], [ 102.841665310002895, 35.672362666309255 ], [ 99.234909685419737, 34.741915737490046 ], [ 96.862664129700448, 34.652565649994401 ], [ 92.948584896321819, 35.286343855199675 ], [ 94.604236657803895, 33.893567934349562 ], [ 95.151362276298926, 33.029798628717998 ], [ 95.826228492529964, 31.029078724438371 ], [ 95.851037522751227, 28.995593444857644 ], [ 97.53549629371409, 26.79785662528846 ], [ 99.444546886934233, 25.165657946768537 ], [ 101.434413977237739, 24.267013051597434 ], [ 103.182880167969344, 22.766783813147079 ], [ 104.832290242657336, 23.163967477594642 ], [ 110.222140165784424, 27.397394998010324 ], [ 112.242995878577773, 28.380002186258316 ], [ 115.031003634878957, 30.449733927277684 ], [ 117.417783827871673, 33.372055653525564 ], [ 114.589590541745594, 33.4522305819821 ], [ 113.916256729507083, 32.721158213961914 ], [ 113.072423733986042, 32.730216156161035 ], [ 106.882385027064373, 35.431199726925144 ] ] ] } },
{ "type": "Feature", "properties": { }, "geometry": { "type": "Polygon", "coordinates": [ [ [ 27.972243107430344, 22.103213814337668 ], [ 26.49573309905167, 21.629569563335149 ], [ 27.204560585409038, 22.507316627453282 ], [ 26.404861880214192, 22.612735755283438 ], [ 26.09606918194352, 21.703356161279871 ], [ 26.106465270246339, 19.726459361622215 ], [ 27.145179974059818, 18.04580035508738 ], [ 28.151458708414793, 19.89199199940559 ], [ 27.972243107430344, 22.103213814337668 ] ] ] } },
{ "type": "Feature", "properties": { }, "geometry": { "type": "Polygon", "coordinates": [ [ [ -94.054393755331077, 27.229206823941844 ], [ -94.165457409104846, 28.014823549693887 ], [ -95.967415433431711, 29.492309601848284 ], [ -98.293711711902802, 32.144825825635792 ], [ -98.52821638189387, 33.13410106214679 ], [ -101.135406346176268, 35.147114926641336 ], [ -99.109537927697076, 31.127052587833184 ], [ -99.151357908406922, 30.179375474442899 ], [ -95.610312918824462, 26.437867263857207 ], [ -93.588086378815873, 25.03978789172443 ], [ -93.655052928372214, 24.791990339845189 ], [ -93.321111215505482, 24.807100602356563 ], [ -92.963441004444817, 24.972187484125339 ], [ -92.836350775110034, 25.557591777269753 ], [ -93.328330144528465, 25.954119083324169 ], [ -92.869577468378168, 26.137735367332773 ], [ -93.384353687960697, 27.078570890321057 ], [ -93.827141357926621, 27.436706073099291 ], [ -94.054393755331077, 27.229206823941844 ] ] ] } },
{ "type": "Feature", "properties": { }, "geometry": { "type": "Polygon", "coordinates": [ [ [ 134.412903610104365, 43.2112122687248 ], [ 135.352164635063673, 47.452640052458037 ], [ 135.362763097510737, 48.315433779737305 ], [ 134.315385161973239, 47.556257945476446 ], [ 133.185496450987614, 44.858886463801497 ], [ 132.479520014412543, 44.640029526028599 ], [ 134.412903610104365, 43.2112122687248 ] ] ] } },
{ "type": "Feature", "properties": { }, "geometry": { "type": "Polygon", "coordinates": [ [ [ -44.614183174515205, -56.731345478717479 ], [ -41.32992221782257, -56.071992563240464 ], [ -38.549919050762611, -52.603053759414649 ], [ -53.694400698934778, -50.674006012721264 ], [ -52.737555724332843, -53.171089372831112 ], [ -52.936212510995766, -54.269788231312518 ], [ -53.481164116767381, -54.985579236717882 ], [ -53.476351861415694, -55.706117416246556 ], [ -53.049666855618668, -56.104803532083089 ], [ -50.594114286735717, -56.85447050994545 ], [ -44.614183174515205, -56.731345478717479 ] ] ] } },
{ "type": "Feature", "properties": { }, "geometry": { "type": "Polygon", "coordinates": [ [ [ 70.417809361399478, -57.971003204979091 ], [ 67.241363804816714, -57.364923206433147 ], [ 64.39082153968036, -58.154490855406593 ], [ 63.817872619382243, -58.538144889336778 ], [ 63.815898223497271, -59.056039469315728 ], [ 65.652281704946134, -59.414557654708311 ], [ 68.176313973417223, -60.411063040852291 ], [ 69.605934652015378, -59.837930852315161 ], [ 70.980950630126642, -60.176841045813688 ], [ 72.71450650110684, -59.063095318467646 ], [ 70.417809361399478, -57.971003204979091 ] ] ] } },
{ "type": "Feature", "properties": { }, "geometry": { "type": "Polygon", "coordinates": [ [ [ 77.132459119866283, -59.805234834027416 ], [ 74.830284810465912, -58.700597663985569 ], [ 73.941491986484039, -58.70284217944031 ], [ 73.211791066968431, -58.865307505654798 ], [ 71.617432446388136, -60.285046231476045 ], [ 72.807756077959311, -61.135117155367453 ], [ 73.347780315221613, -61.943764883663292 ], [ 74.638729548239155, -62.455226680231895 ], [ 78.275010408549022, -61.9849643943027 ], [ 77.02374692137208, -61.12247190454292 ], [ 77.465946736911263, -60.467843668512593 ], [ 77.132459119866283, -59.805234834027416 ] ] ] } },
{ "type": "Feature", "properties": { }, "geometry": { "type": "Polygon", "coordinates": [ [ [ 60.918117501541744, -56.100518859801063 ], [ 59.064997195119339, -55.768341545772671 ], [ 57.975360089848223, -54.898779402045093 ], [ 57.39234046758807, -54.78949599888638 ], [ 56.983530239843219, -54.993503599460048 ], [ 56.269362375218428, -56.58869560682038 ], [ 57.040195252204278, -56.960993147739764 ], [ 63.750535501369406, -57.455514635479673 ], [ 65.288511564891479, -57.138502344727591 ], [ 66.441880909091012, -56.239562308560608 ], [ 65.229881096593218, -55.689302993466335 ], [ 60.918117501541744, -56.100518859801063 ] ] ] } },
{ "type": "Feature", "properties": { }, "geometry": { "type": "Polygon", "coordinates": [ [ [ 154.34642192825288, 71.135275700808407 ], [ 162.033472768862936, 70.615486832610074 ], [ 164.556686155355663, 70.123142423198473 ], [ 169.966777556739203, 70.200590749753303 ], [ 169.17360429826536, 70.751473149727403 ], [ 166.034721365807712, 70.998186588470546 ], [ 156.250463087837772, 72.705370877944844 ], [ 155.871674639354637, 71.752931314499207 ], [ 154.34642192825288, 71.135275700808407 ] ] ] } },
{ "type": "Feature", "properties": { }, "geometry": { "type": "Polygon", "coordinates": [ [ [ 167.186873089267351, 68.311008520031223 ], [ 169.939554440878311, 70.184117847004671 ], [ 164.556686155355663, 70.123142423198473 ], [ 162.033472768862936, 70.615486832610074 ], [ 154.34642192825288, 71.135275700808407 ], [ 151.754397385465097, 70.804553505845135 ], [ 151.796331993237033, 70.462648110315556 ], [ 157.064060372452758, 70.193058096311958 ], [ 167.186873089267351, 68.311008520031223 ] ] ] } },
{ "type": "Feature", "properties": { }, "geometry": { "type": "Polygon", "coordinates": [ [ [ 132.729669605392331, 68.042838119973851 ], [ 137.976025702604119, 67.167842398014869 ], [ 140.51552878994832, 67.417686342528228 ], [ 147.023635017564203, 65.145969200486434 ], [ 148.265828432226641, 64.920424834263585 ], [ 150.685654221926313, 65.15611456004028 ], [ 151.365526731574448, 65.647000613960373 ], [ 151.000551878612811, 66.063364969330777 ], [ 148.897947351263099, 66.099800714921855 ], [ 145.10139481731224, 67.358805719892374 ], [ 140.72000565969833, 68.321314899000441 ], [ 137.451784973583727, 68.221551034407696 ], [ 134.566879763581625, 68.610741130373981 ], [ 133.422383745548899, 68.948262579101495 ], [ 132.465908175380235, 69.693681088174174 ], [ 133.01562623262177, 69.824855858248938 ], [ 133.25329015046384, 70.749861753004936 ], [ 134.384755899134262, 71.478551910942386 ], [ 136.034200885178535, 71.843187368428659 ], [ 144.831398827645955, 72.821038841510457 ], [ 152.102118479486222, 73.245123691479748 ], [ 145.575730217781029, 73.962485296153446 ], [ 140.258538827066133, 73.275512650004302 ], [ 131.037775194465866, 72.799597392397885 ], [ 128.500916925409172, 72.25607832332993 ], [ 126.949736435519554, 71.362691962841581 ], [ 126.435138478431355, 70.513567867529972 ], [ 132.729669605392331, 68.042838119973851 ] ] ] } },
{ "type": "Feature", "properties": { }, "geometry": { "type": "Polygon", "coordinates": [ [ [ 148.320554790067263, 67.473473254620231 ], [ 148.79807827643117, 68.276640433482186 ], [ 148.178184631402615, 68.404740517838661 ], [ 147.959480805326706, 68.954142892064226 ], [ 148.263248214772943, 69.668665582574846 ], [ 149.564385851385111, 70.524301239961503 ], [ 154.939890483975802, 71.274512764751123 ], [ 155.871674639354637, 71.752931314499207 ], [ 156.037748167199425, 72.265973379716598 ], [ 152.354322542035021, 72.493030696730756 ], [ 141.493989534309691, 71.544012199077144 ], [ 145.251338276137773, 71.54040216797307 ], [ 144.074669270839621, 71.06724007470801 ], [ 146.744159264210708, 70.91649945956236 ], [ 146.060292876648674, 70.641215971139673 ], [ 146.331737560689561, 70.45673094957489 ], [ 145.404364039910206, 69.859074686471928 ], [ 142.446937767676104, 69.923628394779413 ], [ 140.088704638574967, 71.051596549563939 ], [ 140.659956198025782, 71.41266814564861 ], [ 136.116613669156095, 70.504263774645537 ], [ 135.997403431213229, 70.045437025848159 ], [ 137.807265402681367, 70.138735183612724 ], [ 141.649105745567738, 69.391234731814407 ], [ 146.548054131649849, 69.056958044990211 ], [ 146.726382315486859, 68.819789202230865 ], [ 146.041720306324464, 68.501437597003971 ], [ 146.387717915552827, 68.157346448796417 ], [ 148.320554790067263, 67.473473254620231 ] ] ] } },
{ "type": "Feature", "properties": { }, "geometry": { "type": "Polygon", "coordinates": [ [ [ 140.761266512718379, 71.655634991839577 ], [ 140.088704638574967, 71.051596549563939 ], [ 142.446937767676104, 69.923628394779413 ], [ 143.997099606680763, 69.773851314656483 ], [ 145.404364039910206, 69.859074686471928 ], [ 146.331737560689561, 70.45673094957489 ], [ 146.060292876648674, 70.641215971139673 ], [ 146.744159264210708, 70.91649945956236 ], [ 144.074669270839621, 71.06724007470801 ], [ 145.251338276137773, 71.54040216797307 ], [ 142.446312915336591, 71.390997733347518 ], [ 140.761266512718379, 71.655634991839577 ] ] ] } },
{ "type": "Feature", "properties": { }, "geometry": { "type": "Polygon", "coordinates": [ [ [ 136.039489040864055, 70.210456528767068 ], [ 136.116613669156095, 70.504263774645537 ], [ 138.328038198589155, 70.980878783559916 ], [ 136.592222507546552, 71.311391112919537 ], [ 135.395257217338013, 71.180037845082978 ], [ 133.661149977176819, 70.323809845597566 ], [ 133.893681928631025, 69.903312239915749 ], [ 136.039489040864055, 70.210456528767068 ] ] ] } },
{ "type": "Feature", "properties": { }, "geometry": { "type": "Polygon", "coordinates": [ [ [ -132.966461317863832, 73.740186631173287 ], [ -132.784207514104168, 73.567275279474728 ], [ -134.508585315784472, 72.904975337407279 ], [ -132.550548333014234, 72.908452488389628 ], [ -130.866884589999103, 73.684397851837517 ], [ -132.966461317863832, 73.740186631173287 ] ] ] } },
{ "type": "Feature", "properties": { }, "geometry": { "type": "Polygon", "coordinates": [ [ [ -135.873088001682049, 73.272948202723995 ], [ -145.272707866876118, 72.744553246704356 ], [ -150.078341062306123, 72.894639055610767 ], [ -152.186141508777752, 72.774863514042437 ], [ -141.448731859687257, 72.638761313985952 ], [ -135.303626667112496, 72.905156978216354 ], [ -135.873088001682049, 73.272948202723995 ] ] ] } },
{ "type": "Feature", "properties": { }, "geometry": { "type": "Polygon", "coordinates": [ [ [ -64.302562724017278, -48.184479654224234 ], [ -65.040027383551688, -49.83254944392327 ], [ -64.366471675876298, -54.07322363865805 ], [ -63.801127078721365, -55.185202247767911 ], [ -62.599439905198544, -56.453374954554128 ], [ -59.662090653580904, -57.766863496292167 ], [ -54.554496609163273, -59.018106827468259 ], [ -53.216262581656686, -57.640876835571284 ], [ -54.430612032742019, -56.900198306927095 ], [ -57.34564937359233, -56.417067900983845 ], [ -60.309408083553635, -55.315192937088568 ], [ -61.785303505774223, -53.914537022795564 ], [ -62.710146897325423, -50.725634185889994 ], [ -62.487663942679582, -48.195293489984174 ], [ -64.302562724017278, -48.184479654224234 ] ] ] } },
{ "type": "Feature", "properties": { }, "geometry": { "type": "Polygon", "coordinates": [ [ [ 66.825126477513322, 18.636476451145732 ], [ 67.875746885144153, 19.566082356640056 ], [ 67.437604158687094, 20.000254723345677 ], [ 66.218154938587034, 20.116333435647729 ], [ 66.061051024588082, 18.898186184064663 ], [ 66.442789087809743, 19.089793327946673 ], [ 66.825126477513322, 18.636476451145732 ] ] ] } },
{ "type": "Feature", "properties": { }, "geometry": { "type": "Polygon", "coordinates": [ [ [ 63.681450839386066, 19.095748780141939 ], [ 65.671750648092015, 19.058129438184462 ], [ 66.560156933020878, 20.381128638656428 ], [ 63.681450839386066, 19.095748780141939 ] ] ] } },
{ "type": "Feature", "properties": { }, "geometry": { "type": "Polygon", "coordinates": [ [ [ 87.961233905921787, 30.350809430169811 ], [ 85.408954146536303, 30.651788136594973 ], [ 84.795564359941295, 29.911083479928653 ], [ 85.607893545884778, 30.416706773168997 ], [ 86.585343978130837, 30.158634591862349 ], [ 89.528145623737473, 27.81988427472298 ], [ 89.571487279988048, 28.811403633638566 ], [ 87.961233905921787, 30.350809430169811 ] ] ] } },
{ "type": "Feature", "properties": { }, "geometry": { "type": "Polygon", "coordinates": [ [ [ 90.638334350470998, 27.990610139925895 ], [ 89.735702124101678, 29.457119747658531 ], [ 87.928792606077423, 30.316814186025759 ], [ 90.638334350470998, 27.990610139925895 ] ] ] } },
{ "type": "Feature", "properties": { }, "geometry": { "type": "Polygon", "coordinates": [ [ [ 91.444770756541857, 26.653101265398586 ], [ 89.6496512091082, 28.930641190891166 ], [ 88.768621441324001, 29.395134522665231 ], [ 89.571487279988048, 28.811403633638566 ], [ 89.69210581275874, 28.29754784091417 ], [ 89.611300590763534, 24.602918551287519 ], [ 90.715059494546452, 25.098292536902033 ], [ 91.444770756541857, 26.653101265398586 ] ] ] } },
{ "type": "Feature", "properties": { }, "geometry": { "type": "Polygon", "coordinates": [ [ [ 97.673606522951985, 7.083324962060271 ], [ 95.090749703538918, 6.414869702894155 ], [ 95.626364490351392, 6.187566440536889 ], [ 94.160960814617923, 5.65177510123076 ], [ 96.613669719769177, 4.677524704334542 ], [ 98.742756893839868, 4.29377282138303 ], [ 100.275155936067563, 3.156943533777138 ], [ 101.194378694026909, 3.335237271427406 ], [ 104.149651767698757, 2.111865157872129 ], [ 99.716619763666884, 4.922412922894604 ], [ 97.673606522951985, 7.083324962060271 ] ] ] } },
{ "type": "Feature", "properties": { }, "geometry": { "type": "Polygon", "coordinates": [ [ [ 105.151642493859313, 1.742719347994552 ], [ 103.772910352854495, 5.450599587581872 ], [ 97.379513509205481, 7.817320653136419 ], [ 97.704189728796024, 7.006854178544273 ], [ 99.716619763666884, 4.922412922894604 ], [ 105.151642493859313, 1.742719347994552 ] ] ] } },
{ "type": "Feature", "properties": { }, "geometry": { "type": "Polygon", "coordinates": [ [ [ -121.935785978465589, 61.984336157146849 ], [ -122.329982042849053, 60.424046822656997 ], [ -121.859540025459268, 59.931919699863506 ], [ -118.633791248516744, 59.183059972674911 ], [ -116.577661972707091, 57.51929376328124 ], [ -115.404625364590203, 57.241846295716961 ], [ -115.531217536749793, 58.005638368240149 ], [ -117.049011188781392, 58.770469573698854 ], [ -119.447089010407353, 61.759021235804298 ], [ -122.263739248015867, 64.067633994581016 ], [ -121.935785978465589, 61.984336157146849 ] ] ] } },
{ "type": "Feature", "properties": { }, "geometry": { "type": "Polygon", "coordinates": [ [ [ -117.065191381052671, 58.895040529865064 ], [ -115.531217536749793, 58.005638368240149 ], [ -115.404625364590203, 57.241846295716961 ], [ -114.615604485752954, 56.56283874606283 ], [ -112.717542204346714, 55.72498675979778 ], [ -111.501993655428095, 55.564788961817882 ], [ -113.891662790700181, 56.912682550280834 ], [ -114.643747550748486, 57.793744112572021 ], [ -114.557956051089391, 58.354492083994401 ], [ -116.045271937115999, 58.977325806130033 ], [ -115.994964878436505, 59.522132258062584 ], [ -117.022592472219088, 60.767066295859053 ], [ -118.084806853709964, 61.412078815001166 ], [ -120.72809257941843, 64.125190424980673 ], [ -124.159565278576466, 66.402424274190352 ], [ -126.668525922615146, 66.802541762610275 ], [ -122.57959387798698, 64.501891526955376 ], [ -120.423951350469181, 62.327399653750888 ], [ -119.447089010407353, 61.759021235804298 ], [ -118.40012794524246, 60.175063049325729 ], [ -117.065191381052671, 58.895040529865064 ] ] ] } },
{ "type": "Feature", "properties": { }, "geometry": { "type": "Polygon", "coordinates": [ [ [ 107.062949118048891, 47.141131605905635 ], [ 105.438679325791952, 46.879019835556896 ], [ 103.190088101457775, 45.895733657781406 ], [ 100.658182345886246, 45.605761707549377 ], [ 99.446419916821654, 45.977985626892796 ], [ 96.348122829066114, 46.210811838971232 ], [ 93.64227841330883, 47.310636764970425 ], [ 90.522458735957329, 47.551934673600257 ], [ 93.720314576549697, 45.915397304632492 ], [ 102.044914995737514, 44.817711288508981 ], [ 105.770741479674257, 45.69082291824239 ], [ 107.062949118048891, 47.141131605905635 ] ] ] } },
{ "type": "Feature", "properties": { }, "geometry": { "type": "Polygon", "coordinates": [ [ [ 128.557904813716391, 50.955619694580314 ], [ 129.29485791340511, 51.767341304083324 ], [ 132.588815982132161, 53.615769971671639 ], [ 134.157542544728329, 56.009726333246398 ], [ 129.591824673577264, 55.208335986663784 ], [ 127.14311131376428, 52.868355791175347 ], [ 124.814323439462825, 51.555353154580871 ], [ 110.860215527932681, 48.85252156068951 ], [ 106.741966579988642, 47.061087693836832 ], [ 106.334957064390863, 46.058935107785118 ], [ 105.770741479674257, 45.69082291824239 ], [ 108.059351648420375, 45.648870052722131 ], [ 112.783616683094138, 46.399524521773252 ], [ 116.846872044505986, 48.155417090296261 ], [ 121.053615954463012, 48.66351193037768 ], [ 128.557904813716391, 50.955619694580314 ] ] ] } },
{ "type": "Feature", "properties": { }, "geometry": { "type": "Polygon", "coordinates": [ [ [ 108.149635037927922, 47.762929976494888 ], [ 105.036609589116125, 47.207217717300445 ], [ 99.978511817547457, 46.855281047473831 ], [ 91.518808928193351, 48.233790242450652 ], [ 90.41357081467693, 47.624455483618476 ], [ 93.64227841330883, 47.310636764970425 ], [ 96.348122829066114, 46.210811838971232 ], [ 100.897877072792838, 45.606885730354499 ], [ 103.190088101457775, 45.895733657781406 ], [ 108.149635037927922, 47.762929976494888 ] ] ] } },
{ "type": "Feature", "properties": { }, "geometry": { "type": "Polygon", "coordinates": [ [ [ 104.132106126644473, 52.132759933833505 ], [ 98.394667352065582, 51.05781979239633 ], [ 88.826988351275006, 50.850675260638816 ], [ 90.355764282681193, 48.997410203086453 ], [ 91.518808928193351, 48.233790242450652 ], [ 99.049566417106519, 46.885609729986584 ], [ 105.036609589116125, 47.207217717300445 ], [ 108.149635037927922, 47.762929976494888 ], [ 113.521032982273368, 49.539376215737512 ], [ 124.814323439462825, 51.555353154580871 ], [ 127.14311131376428, 52.868355791175347 ], [ 129.238255643814028, 55.029995019241106 ], [ 131.786812402535986, 55.671446686196326 ], [ 121.480313533605596, 56.360934385798636 ], [ 117.544573772369603, 55.770317430009847 ], [ 113.395089124519203, 54.072769408524707 ], [ 110.061562990913842, 53.513770163119744 ], [ 107.766782767309195, 53.556151707199078 ], [ 104.132106126644473, 52.132759933833505 ] ] ] } },
{ "type": "Feature", "properties": { }, "geometry": { "type": "Polygon", "coordinates": [ [ [ 101.70647308286334, 53.185109086533025 ], [ 98.421231286948284, 53.438234986921387 ], [ 96.521468016011966, 54.195329997329829 ], [ 94.549918238907324, 54.083597885067924 ], [ 86.694009345615257, 52.396690959172005 ], [ 86.338406158579687, 51.525282552087404 ], [ 87.087475924484281, 49.41112147407587 ], [ 90.426743276591253, 47.606459317858345 ], [ 91.53465571647186, 48.213271595688624 ], [ 90.376040880302156, 48.979537891322209 ], [ 88.85801048725358, 50.83628679815515 ], [ 98.421608737595136, 51.021822979050057 ], [ 104.159740086347284, 52.084244529677569 ], [ 101.70647308286334, 53.185109086533025 ] ] ] } },
{ "type": "Feature", "properties": { }, "geometry": { "type": "Polygon", "coordinates": [ [ [ 113.663443909456518, 60.08422392854682 ], [ 109.657508473007354, 59.777486088945594 ], [ 105.765621884588171, 58.198889943441387 ], [ 104.887539788340248, 57.681727090449449 ], [ 104.664587860339992, 56.55183705042591 ], [ 103.199628008498976, 55.097878728302007 ], [ 101.35418811854386, 53.83248425620129 ], [ 99.761560346597093, 53.384678825027628 ], [ 101.70647308286334, 53.185109086533025 ], [ 104.159740086347284, 52.084244529677569 ], [ 106.763590658672143, 52.968679632135313 ], [ 110.146759697633868, 54.814855561221705 ], [ 113.760459846162846, 56.107843815213009 ], [ 113.663443909456518, 60.08422392854682 ] ] ] } },
{ "type": "Feature", "properties": { }, "geometry": { "type": "Polygon", "coordinates": [ [ [ 136.143382619666653, 56.194875693990774 ], [ 136.073843985994273, 57.608171211715863 ], [ 135.252262377464689, 57.809819730206272 ], [ 136.257905392352313, 58.602967260780773 ], [ 135.155343483197527, 58.345332427454956 ], [ 134.332117869775601, 59.389492958045111 ], [ 130.43289625782873, 57.303214426797609 ], [ 127.488675871059229, 56.686592921724056 ], [ 124.146054222368107, 56.504046002547916 ], [ 120.866999739116849, 56.924116324107004 ], [ 116.266781323932179, 56.688463895786285 ], [ 114.879404313562148, 56.080469118114657 ], [ 112.667703312930527, 55.803006591310329 ], [ 107.79825117967853, 53.499946007791259 ], [ 110.089601159258521, 53.452829765683859 ], [ 113.421221644045858, 54.00512394166109 ], [ 117.573217011816823, 55.694643213987852 ], [ 121.504334403837532, 56.278017461841173 ], [ 131.782766014425846, 55.571507979160657 ], [ 136.143382619666653, 56.194875693990774 ] ] ] } },
{ "type": "Feature", "properties": { }, "geometry": { "type": "Polygon", "coordinates": [ [ [ 96.521468016011966, 54.195329997329829 ], [ 95.462593080107709, 54.817036447113864 ], [ 93.844946264275904, 54.755812524120699 ], [ 91.563750358119236, 55.217434225454042 ], [ 87.5197795628047, 54.63452069110199 ], [ 83.051270970516143, 52.977242039680917 ], [ 82.264243403712868, 52.32635716036043 ], [ 83.582208850795539, 51.276151668051625 ], [ 86.44796048106015, 51.151419898899334 ], [ 86.348738656771772, 52.007583785487441 ], [ 86.694009345615257, 52.396690959172005 ], [ 90.224443329181724, 53.331667145885362 ], [ 96.521468016011966, 54.195329997329829 ] ] ] } },
{ "type": "Feature", "properties": { }, "geometry": { "type": "Polygon", "coordinates": [ [ [ 91.080616288212823, 47.265966762446425 ], [ 87.087475924484281, 49.41112147407587 ], [ 86.364599776000276, 51.40821386358045 ], [ 86.44796048106015, 51.151419898899334 ], [ 82.900874605254529, 51.269160480148727 ], [ 84.904816730441254, 50.437334403166552 ], [ 87.650450922794789, 47.731358497655535 ], [ 91.080616288212823, 47.265966762446425 ] ] ] } },
{ "type": "Feature", "properties": { }, "geometry": { "type": "Polygon", "coordinates": [ [ [ 84.946358786023126, 53.616392607671351 ], [ 84.75778727774933, 54.459435125525289 ], [ 83.437502687443029, 55.178331563522711 ], [ 83.544668479850998, 54.641912877244735 ], [ 80.678792160269111, 53.083685123924724 ], [ 81.976162145957986, 51.574876416544633 ], [ 83.582208850795539, 51.276151668051625 ], [ 82.578572137775311, 51.87862295540917 ], [ 82.287354293752671, 52.415374074833387 ], [ 83.051270970516143, 52.977242039680917 ], [ 85.271708858996988, 53.697687215837099 ], [ 84.946358786023126, 53.616392607671351 ] ] ] } },
{ "type": "Feature", "properties": { }, "geometry": { "type": "Polygon", "coordinates": [ [ [ 86.840923227677777, 54.331023550672477 ], [ 84.662741627790638, 55.831137216264338 ], [ 83.909131677876076, 56.773702486109002 ], [ 81.625294950277535, 57.024399034999966 ], [ 83.437502687443029, 55.178331563522711 ], [ 84.75778727774933, 54.459435125525289 ], [ 84.946358786023126, 53.616392607671351 ], [ 86.840923227677777, 54.331023550672477 ] ] ] } },
{ "type": "Feature", "properties": { }, "geometry": { "type": "Polygon", "coordinates": [ [ [ 91.747079825282682, 55.233054533140468 ], [ 86.536662508885556, 56.482800000248425 ], [ 83.630014520027771, 56.807907775766942 ], [ 86.840923227677777, 54.331023550672477 ], [ 91.747079825282682, 55.233054533140468 ] ] ] } },
{ "type": "Feature", "properties": { }, "geometry": { "type": "Polygon", "coordinates": [ [ [ 81.718581275252632, 57.010463047756829 ], [ 79.905153087249772, 57.609495504558744 ], [ 79.26260077192704, 56.748900599762024 ], [ 76.070542734826347, 54.858390985246039 ], [ 79.933446086766821, 54.923164017139896 ], [ 80.529683613281506, 54.389991722303989 ], [ 80.678792160269111, 53.083685123924724 ], [ 83.544668479850998, 54.641912877244735 ], [ 83.227825656815313, 55.571105562452189 ], [ 81.718581275252632, 57.010463047756829 ] ] ] } },
{ "type": "Feature", "properties": { }, "geometry": { "type": "Polygon", "coordinates": [ [ [ 85.428586007695145, 43.039626293255864 ], [ 81.115654389228439, 43.396554272875925 ], [ 77.181823097015183, 42.8715941794202 ], [ 72.11470269923673, 40.811100274121642 ], [ 71.687966869235211, 39.882318739158713 ], [ 72.893594479820266, 37.877489695682641 ], [ 79.063887793064822, 37.16699183089122 ], [ 80.876470382418731, 38.115799164250355 ], [ 86.737926406698861, 40.09191498312147 ], [ 87.422960481492737, 40.436569947082134 ], [ 88.79173255886181, 42.015293255343444 ], [ 85.428586007695145, 43.039626293255864 ] ] ] } },
{ "type": "Feature", "properties": { }, "geometry": { "type": "Polygon", "coordinates": [ [ [ 83.764255669801074, 39.061001456445332 ], [ 80.876470382418731, 38.115799164250355 ], [ 79.063887793064822, 37.16699183089122 ], [ 72.893594479820266, 37.877489695682641 ], [ 73.348552016259617, 37.131138885019446 ], [ 74.702677013041097, 37.014702179291888 ], [ 76.787112246123385, 36.16239581378273 ], [ 87.022850250321, 36.599472939076399 ], [ 95.923109102384615, 34.694398837015783 ], [ 99.234909685419737, 34.741915737490046 ], [ 102.841665310002895, 35.672362666309255 ], [ 106.882385027064373, 35.431199726925144 ], [ 103.935754631074488, 35.904882747250426 ], [ 101.943062046818866, 35.791491994579268 ], [ 100.563789337738399, 36.445220584545545 ], [ 95.602152352267822, 37.503758726214926 ], [ 92.662037066176524, 37.118232792893636 ], [ 86.224042878874599, 38.899855387916389 ], [ 83.764255669801074, 39.061001456445332 ] ] ] } },
{ "type": "Feature", "properties": { }, "geometry": { "type": "Polygon", "coordinates": [ [ [ 97.244947353451536, 40.017899970334078 ], [ 94.728468484459313, 41.157017039139006 ], [ 92.635728229255449, 41.390380270038214 ], [ 83.764255669801074, 39.061001456445332 ], [ 86.224042878874599, 38.899855387916389 ], [ 92.662037066176524, 37.118232792893636 ], [ 95.602152352267822, 37.503758726214926 ], [ 100.563789337738399, 36.445220584545545 ], [ 101.943062046818866, 35.791491994579268 ], [ 105.768537542157418, 35.75409703182715 ], [ 104.556795832358361, 36.522551174848559 ], [ 103.199271083477328, 38.189094100323416 ], [ 97.244947353451536, 40.017899970334078 ] ] ] } },
{ "type": "Feature", "properties": { }, "geometry": { "type": "Polygon", "coordinates": [ [ [ 128.05387602143955, 45.642153712425291 ], [ 115.995146812726688, 45.910471110313978 ], [ 109.178456443892316, 44.769950092830307 ], [ 102.86363686744248, 44.216793093424137 ], [ 104.532222460698392, 43.839460234133313 ], [ 105.825099403375816, 44.018337454713567 ], [ 105.964170529996878, 43.739513203243725 ], [ 107.441782384487965, 43.407789535694214 ], [ 116.983657769291838, 44.294457192318617 ], [ 119.021951848947992, 44.330806602322085 ], [ 120.888276119827012, 43.810100563693588 ], [ 124.426329900677047, 44.78230584900755 ], [ 127.265469130794656, 43.517264077035129 ], [ 127.859451341011948, 44.230779525254277 ], [ 128.807388349323844, 44.560519893027923 ], [ 128.05387602143955, 45.642153712425291 ] ] ] } },
{ "type": "Feature", "properties": { }, "geometry": { "type": "Polygon", "coordinates": [ [ [ 88.200765985289578, 28.087694921573231 ], [ 89.662450983994972, 23.815965885936535 ], [ 89.767777154494638, 26.701691425774804 ], [ 89.528145623737473, 27.81988427472298 ], [ 89.025236232688783, 28.34747033697661 ], [ 88.200765985289578, 28.087694921573231 ] ] ] } },
{ "type": "Feature", "properties": { }, "geometry": { "type": "Polygon", "coordinates": [ [ [ 90.857684768939066, 19.514467851682156 ], [ 90.06717194187074, 19.815395755072473 ], [ 89.781590450562263, 19.17579409601948 ], [ 90.180766107675453, 19.391888828199001 ], [ 90.857684768939066, 19.514467851682156 ] ] ] } },
{ "type": "Feature", "properties": { }, "geometry": { "type": "Polygon", "coordinates": [ [ [ 90.857684768939066, 19.514467851682156 ], [ 89.781590450562263, 19.17579409601948 ], [ 89.670631318967082, 18.573005832393161 ], [ 91.224445608603361, 19.202684519203501 ], [ 90.857684768939066, 19.514467851682156 ] ] ] } },
{ "type": "Feature", "properties": { }, "geometry": { "type": "Polygon", "coordinates": [ [ [ 90.564365823507032, 16.765840006184394 ], [ 90.539728419855578, 18.51365022444875 ], [ 90.419638841216383, 19.071669537582359 ], [ 89.670631318967082, 18.573005832393161 ], [ 90.564365823507032, 16.765840006184394 ] ] ] } },
{ "type": "Feature", "properties": { }, "geometry": { "type": "Polygon", "coordinates": [ [ [ -127.831549124178224, 70.21661902721803 ], [ -130.174836212111416, 70.308501147934521 ], [ -130.874028621945058, 69.842276381472999 ], [ -130.8606041336337, 69.466777868250048 ], [ -127.138534521640011, 69.00961495387206 ], [ -128.603100706379735, 68.617040594232535 ], [ -125.935292612900071, 67.876546025021256 ], [ -127.566085614033739, 67.199445706563509 ], [ -124.159565278576466, 66.402424274190352 ], [ -120.72809257941843, 64.125190424980673 ], [ -124.001215786646426, 66.783276522851892 ], [ -123.719934699057788, 66.999116174047373 ], [ -124.086261351707762, 67.530624487285053 ], [ -123.786109408076101, 67.838792213693424 ], [ -124.486022086338565, 68.090929374518396 ], [ -123.490770779527224, 68.081326150935041 ], [ -121.193542623311416, 67.316164104532348 ], [ -121.730578357653101, 68.297569446639443 ], [ -127.831549124178224, 70.21661902721803 ] ] ] } },
{ "type": "Feature", "properties": { }, "geometry": { "type": "Polygon", "coordinates": [ [ [ 4.699087653984003, 55.391807873426373 ], [ -2.491745085192771, 56.129879482952994 ], [ -2.555336136048639, 55.228561878033624 ], [ -1.235117452233515, 54.663375789800959 ], [ 9.6485116770491, 52.24993368754987 ], [ 10.708188639712638, 52.418914321728444 ], [ 11.976625965854433, 51.991000792326155 ], [ 12.45865298812801, 53.069028771538363 ], [ 4.699087653984003, 55.391807873426373 ] ] ] } },
{ "type": "Feature", "properties": { }, "geometry": { "type": "Polygon", "coordinates": [ [ [ 12.470113914521995, 36.115190882129077 ], [ 11.839680700390714, 35.823365034718954 ], [ 12.622777919477961, 34.475343921171117 ], [ 13.869754631389837, 33.206202923328249 ], [ 15.177573174854492, 33.198205497804437 ], [ 14.904532269884774, 35.234659892620265 ], [ 14.045471653041032, 35.499331722341111 ], [ 13.197614180747889, 35.322175587369159 ], [ 12.470113914521995, 36.115190882129077 ] ] ] } },
{ "type": "Feature", "properties": { }, "geometry": { "type": "Polygon", "coordinates": [ [ [ -44.177552360681581, -49.703982680625295 ], [ -46.848204681193806, -49.929867165995169 ], [ -46.914159779809623, -51.481927635563352 ], [ -38.549919050762611, -52.603053759414649 ], [ -37.295121717677127, -50.999577043605605 ], [ -40.749255504218979, -50.685776499110112 ], [ -44.177552360681581, -49.703982680625295 ] ] ] } },
{ "type": "Feature", "properties": { }, "geometry": { "type": "Polygon", "coordinates": [ [ [ -46.914159779809623, -51.481927635563352 ], [ -46.848204681193806, -49.929867165995169 ], [ -47.590494608760103, -48.985447638959009 ], [ -48.026996598123489, -47.447959109625295 ], [ -49.438878475813652, -46.248062434179971 ], [ -53.487918583195729, -48.102861720362995 ], [ -53.301563491287133, -49.401850343976456 ], [ -53.694400698934778, -50.674006012721264 ], [ -46.914159779809623, -51.481927635563352 ] ] ] } },
{ "type": "Feature", "properties": { }, "geometry": { "type": "Polygon", "coordinates": [ [ [ 121.927127153432238, 74.342160707759945 ], [ 122.961191412396886, 73.364844331020237 ], [ 121.916810596086464, 71.66324736835513 ], [ 121.894862081567126, 69.364200262410336 ], [ 121.492929130872014, 68.58849689601638 ], [ 122.479039611286353, 67.488967288524137 ], [ 122.298383746020264, 66.744172110247462 ], [ 125.672668351403289, 66.114092456898632 ], [ 128.86175214102127, 66.27073470506248 ], [ 125.955993163563591, 67.290423305546994 ], [ 124.111000321015013, 68.667530806933897 ], [ 124.829608764890452, 71.376885138824761 ], [ 124.845190751432867, 72.991017342000163 ], [ 124.380780719850819, 73.516227145897901 ], [ 121.927127153432238, 74.342160707759945 ] ] ] } },
{ "type": "Feature", "properties": { }, "geometry": { "type": "Polygon", "coordinates": [ [ [ 158.201473968549664, 78.756983979634811 ], [ 147.14586710462558, 78.165673877745462 ], [ 129.675056958499596, 75.975270734130078 ], [ 135.937107042098262, 75.254249635185204 ], [ 144.111726818802111, 75.332041866336326 ], [ 151.548960125522825, 74.657755076103598 ], [ 156.624176079478019, 73.269892967112426 ], [ 158.029413405778627, 73.763807402696031 ], [ 165.575367980482241, 74.395610937424919 ], [ 165.650870299606879, 75.042059530302922 ], [ 167.260975992504314, 76.039555102956029 ], [ 172.96676644590741, 77.327327764720422 ], [ 170.697741139479632, 77.357410465210066 ], [ 167.220365452392997, 78.197607143546009 ], [ 164.390798958509777, 78.495269297598639 ], [ 158.201473968549664, 78.756983979634811 ] ] ] } },
{ "type": "Feature", "properties": { }, "geometry": { "type": "Polygon", "coordinates": [ [ [ 178.341854894595826, 77.835194655075767 ], [ 176.913169627241871, 79.285207679585582 ], [ 174.83514003700742, 79.248300897634394 ], [ 174.00647625331456, 78.615354544713071 ], [ 174.969918986887109, 77.906537888484308 ], [ 178.341854894595826, 77.835194655075767 ] ] ] } },
{ "type": "Feature", "properties": { }, "geometry": { "type": "Polygon", "coordinates": [ [ [ 173.719590477780343, 81.531209952222127 ], [ 169.405691437431472, 81.686738104923933 ], [ 163.802257188614618, 82.135017919185685 ], [ 175.269167109263691, 80.574725308129175 ], [ 173.719590477780343, 81.531209952222127 ] ] ] } },
{ "type": "Feature", "properties": { }, "geometry": { "type": "Polygon", "coordinates": [ [ [ -71.665660124446703, -7.05192755053272 ], [ -69.91620768733533, -5.06313985763987 ], [ -69.486736642421363, -3.810810592746392 ], [ -66.791077459959283, -0.010016685547725 ], [ -66.424150073050825, 1.305278345672783 ], [ -68.765695028187167, 1.250309150955582 ], [ -70.109351511653898, -0.52269789762631 ], [ -71.240889314698961, -3.196380754809289 ], [ -71.665660124446703, -7.05192755053272 ] ] ] } },
{ "type": "Feature", "properties": { }, "geometry": { "type": "Polygon", "coordinates": [ [ [ -50.937383404626324, 9.152297582187177 ], [ -54.916105831526863, 8.805657483174711 ], [ -54.97624094502747, 8.554518326742331 ], [ -58.319182824493367, 8.472465970560149 ], [ -61.552618898680137, 5.639345195210315 ], [ -65.195220832655323, 4.471368421743532 ], [ -66.178952529317399, 1.051735825777228 ], [ -69.486736642421363, -3.810810592746392 ], [ -71.471434834491021, -9.10685617720868 ], [ -70.239231218245948, -11.81521203384046 ], [ -67.518756668185731, -15.846203114232505 ], [ -61.024212153733785, -21.550949838103342 ], [ -60.623122591685302, -24.015553635106368 ], [ -49.656779477900265, -27.47989806789565 ], [ -37.626468029908494, -29.814529763955154 ], [ -35.955419068629617, -30.695251516792275 ], [ -35.006604607253422, -29.958657790548095 ], [ -33.651847761761125, -27.547056122001681 ], [ -33.242833292727767, -27.663479875148084 ], [ -33.355153251926396, -28.526419243683232 ], [ -32.245097105240205, -28.892007431386219 ], [ -30.154479451173653, -28.574736082005412 ], [ -28.724853070197696, -29.003664861484378 ], [ -28.592948463360958, -27.39268422429684 ], [ -28.921636403933054, -26.945507926769263 ], [ -27.251777131285021, -23.940222226422232 ], [ -27.677467020964123, -23.129090138727037 ], [ -27.431623872804341, -21.483659831492584 ], [ -27.84236112416292, -19.874262629021338 ], [ -27.18224669553544, -18.472402353097326 ], [ -27.67669271105412, -14.297949849000236 ], [ -26.602159798578082, -13.296487096231608 ], [ -26.292068538762233, -11.944351635144402 ], [ -24.85785366423584, -11.066779599164487 ], [ -24.068402600001853, -10.114862605262365 ], [ -23.803837584440561, -10.183519257191085 ], [ -23.16628873873767, -9.227442528012514 ], [ -23.832254475127876, -8.473929975260798 ], [ -24.536045220595682, -5.483794943269084 ], [ -26.32824924528089, -5.690011189555765 ], [ -28.299194442622088, -3.924767448481482 ], [ -29.609185229780202, -3.320159336500678 ], [ -32.513595871177372, -3.462728788120991 ], [ -34.409198772302986, -1.379731343118384 ], [ -36.720573430187358, -0.22778544100369 ], [ -37.876459996330013, 1.086938648102545 ], [ -39.349179741304063, 1.60492632017854 ], [ -39.792346501832732, 2.117203497944054 ], [ -40.315065510749179, 3.869647424594369 ], [ -42.033587340062269, 5.076082059966878 ], [ -41.73872159350384, 6.371288556749406 ], [ -43.655819584495951, 7.314410136194073 ], [ -44.14812787107585, 7.853394540268043 ], [ -44.718822595265983, 7.913958373323021 ], [ -45.080521059462185, 5.950589442262602 ], [ -46.167339473959039, 5.820356298081292 ], [ -48.926738561293654, 7.114272312964137 ], [ -50.374033486792918, 8.518931918180275 ], [ -51.355268835343601, 8.580877100201848 ], [ -50.937383404626324, 9.152297582187177 ] ] ] } },
{ "type": "Feature", "properties": { }, "geometry": { "type": "Polygon", "coordinates": [ [ [ 113.015483302896541, 4.437603055071811 ], [ 112.406354198312599, 5.750239425672013 ], [ 113.064278729103009, 6.995818429438667 ], [ 111.714628101489666, 5.69931250831842 ], [ 109.753911841504248, 2.992006319424423 ], [ 108.374683974487908, 2.165923166169307 ], [ 108.092371137798636, -2.06786265436685 ], [ 108.531929622627018, -2.840769243432261 ], [ 111.337682301272324, -3.138916786004171 ], [ 113.662244753475889, -2.489986624582782 ], [ 114.110905924852119, -1.862583050371424 ], [ 113.928291963102268, 0.032240603861197 ], [ 112.937283247623355, 1.094305525632607 ], [ 112.27094138810854, 2.649891748981013 ], [ 112.336249246464888, 3.361088176213925 ], [ 113.015483302896541, 4.437603055071811 ] ] ] } },
{ "type": "Feature", "properties": { }, "geometry": { "type": "Polygon", "coordinates": [ [ [ -81.529795925644649, 3.960783060114112 ], [ -79.775758360782277, 6.853171144631681 ], [ -80.851894786318212, 7.228825696403434 ], [ -81.421079271109889, 8.365285950869637 ], [ -81.803217023139652, 7.551964693485091 ], [ -82.748916149946069, 6.886328645477925 ], [ -83.079228493641651, 6.979133663272493 ], [ -83.30007340004245, 6.087037302639643 ], [ -82.712933377927243, 5.16381133695752 ], [ -82.167196751977059, 4.69425282168107 ], [ -82.222727604874336, 5.098987411299019 ], [ -81.57209550028189, 4.377898004961331 ], [ -81.529795925644649, 3.960783060114112 ] ] ] } },
{ "type": "Feature", "properties": { }, "geometry": { "type": "Polygon", "coordinates": [ [ [ -55.650986827491884, -61.277814367209963 ], [ -56.162179242096357, -60.637471272897677 ], [ -58.602000337859117, -59.995346711157332 ], [ -61.127808575701806, -59.773676212539918 ], [ -68.929702872913026, -62.634056208793268 ], [ -77.954226401114752, -67.53442036269422 ], [ -84.305862365431693, -68.71182993157818 ], [ -82.174659609488117, -71.989510976333406 ], [ -84.59924939141888, -74.749885144227392 ], [ -78.175090319714698, -75.38140128378005 ], [ -76.940954443315519, -75.182710967612934 ], [ -69.403300337227833, -75.525300365608501 ], [ -66.015877441289746, -75.158346471718076 ], [ -61.624485972107301, -73.759503078676886 ], [ -59.62175626547608, -72.662037761417665 ], [ -58.181848753721091, -71.428542359724389 ], [ -57.267410782341486, -69.823924442183994 ], [ -56.382424761020111, -67.673825867904014 ], [ -56.727154822255997, -66.608045330372619 ], [ -55.518038227147649, -65.219829163316575 ], [ -55.537378522526026, -63.66596557777634 ], [ -54.765515958514996, -63.211069768992132 ], [ -54.590054818764095, -61.897299657466618 ], [ -55.181751158357791, -61.317532154037522 ], [ -55.650986827491884, -61.277814367209963 ] ] ] } },
{ "type": "Feature", "properties": { }, "geometry": { "type": "Polygon", "coordinates": [ [ [ 179.99999999, -85.22440719087993 ], [ 176.106649694172859, -74.269428590220443 ], [ 174.713376487261172, -74.401959818985844 ], [ 174.289410289938672, -74.221714618808875 ], [ 174.141155718980656, -73.509167739673046 ], [ 173.877390997082358, -73.441658746853321 ], [ 170.799254537691297, -73.943352348450659 ], [ 168.06539957496048, -73.776629502145084 ], [ 165.911802546666536, -72.737308555994062 ], [ 160.256473038283019, -71.488848258520534 ], [ 154.691985594757739, -70.735784628777083 ], [ 152.225963694131735, -70.017221108112253 ], [ 149.990639223802077, -68.772438221630537 ], [ 138.53094194412995, -65.665565731840559 ], [ 132.448089159476154, -63.398826875791499 ], [ 119.789862605122892, -65.174999594767442 ], [ 114.186370774311413, -64.837679122882037 ], [ 106.753510311295102, -64.882848115229962 ], [ 98.408532217647931, -64.226926114010197 ], [ 93.197418114629968, -63.061664108130152 ], [ 86.901097809426091, -63.132101373258671 ], [ 87.037836339351458, -64.314722640697113 ], [ 85.013968420749691, -64.787870474699787 ], [ 76.573978904712817, -65.477230641428847 ], [ 67.73206339926891, -64.847558709080744 ], [ 67.208476603073237, -64.722723289191151 ], [ 67.024037238731722, -64.049245729865348 ], [ 64.769142134663639, -63.695654462062635 ], [ 62.885206978119903, -64.224897478927616 ], [ 61.392240030383128, -63.672236693975208 ], [ 57.974534219083814, -63.784729480958049 ], [ 48.97308428235138, -63.047877105163614 ], [ 48.201884749904529, -63.740274389051727 ], [ 41.154275431624797, -62.787960963585959 ], [ 34.648265991440027, -64.444552682147602 ], [ 32.14524961142692, -65.875163909634892 ], [ 30.623201490282742, -65.678819111859369 ], [ 29.707274431735637, -66.31041234661852 ], [ 26.335288479562045, -65.713916323812441 ], [ 25.912363801513656, -65.128146592748649 ], [ 26.495031176636839, -63.869423016440138 ], [ 26.222930635435215, -63.493454117584939 ], [ 25.291051938309128, -63.439516245928317 ], [ 24.317545745316149, -64.277122259242105 ], [ 23.645578367990979, -65.741150604451065 ], [ 22.13806164130451, -67.180278940259328 ], [ 17.285004274785674, -68.433986052678435 ], [ 11.909830138993536, -68.290280185699032 ], [ 8.137765575798444, -67.643255193164705 ], [ -2.147811652010826, -68.296300753125479 ], [ -4.612411519533862, -68.320105705115026 ], [ -6.457078604482375, -67.971397937692117 ], [ -20.330360178768764, -88.194065142757921 ], [ -179.99999999, -85.22440719087993 ], [ -179.99999999, -90.0 ], [ 179.99999999, -90.0 ], [ 179.99999999, -85.22440719087993 ] ] ] } },
{ "type": "Feature", "properties": { }, "geometry": { "type": "Polygon", "coordinates": [ [ [ -112.70050676382715, -75.314921083011612 ], [ -133.649717583846922, -76.623202500849999 ], [ -141.532354862015438, -76.670765512977894 ], [ -143.078752687903005, -76.404012911677526 ], [ -145.434007327115296, -74.980356015618767 ], [ -149.889461420853763, -76.07392178617215 ], [ -160.190908295763393, -77.594550187943241 ], [ -170.567219655514606, -77.29948732189817 ], [ -170.78963399928989, -78.155278961395382 ], [ -168.446959590336348, -85.824927290349265 ], [ -157.290576357761836, -86.374447699730354 ], [ -134.98482662624869, -86.399102692588414 ], [ -112.5279042411115, -84.343394888029763 ], [ -108.953157973825583, -82.280204967943988 ], [ -104.304949692405842, -83.028324541869225 ], [ -95.583288016882491, -83.272716999391989 ], [ -86.189892032818975, -84.169379894681853 ], [ -78.644342763424135, -83.65810149474423 ], [ -76.755509262241489, -82.849652049941781 ], [ -78.743943019219174, -82.576610278764932 ], [ -84.599577890900576, -82.796743368591891 ], [ -87.192841241091344, -82.52784223689936 ], [ -86.820827356777102, -82.00633178027293 ], [ -88.424190373198442, -81.765318751201775 ], [ -81.908169841206231, -81.244305436578244 ], [ -84.069784465305773, -80.899643915007701 ], [ -76.502622075488489, -78.772137186699794 ], [ -76.341535016981254, -78.503656195437827 ], [ -79.012226354174175, -78.153126453445751 ], [ -81.302553367405153, -78.246637153625585 ], [ -80.911414187575815, -78.535162567002942 ], [ -81.454878655412855, -78.570227057636515 ], [ -85.306618982773202, -77.472333617389253 ], [ -81.463646918776021, -77.808204398525518 ], [ -79.899407722454029, -77.805424930362605 ], [ -78.938123573501812, -77.476715614632354 ], [ -83.15044417538337, -76.922880341692789 ], [ -82.402315638690851, -76.87476541491769 ], [ -83.434226823538694, -76.69658578100082 ], [ -83.193297108133066, -76.595060523277681 ], [ -77.552011482413931, -76.955697442277 ], [ -75.858733688759671, -76.66944098185941 ], [ -80.209499519236729, -76.050465038080617 ], [ -82.053153367953058, -75.201855978653626 ], [ -88.440371769453492, -74.59624658477999 ], [ -112.70050676382715, -75.314921083011612 ] ] ] } },
{ "type": "Feature", "properties": { }, "geometry": { "type": "Polygon", "coordinates": [ [ [ 27.430681850404852, -13.026759381515843 ], [ 28.861038332760589, -8.66303407996163 ], [ 28.554536574660009, -7.285308092510816 ], [ 29.54894028527788, -2.119681866055846 ], [ 24.919086898912543, -3.628933633093409 ], [ 24.26047958326561, -4.284380939932007 ], [ 24.240166271026126, -5.011898772264808 ], [ 22.49558425262817, -6.373021109581346 ], [ 21.460711185431599, -9.255485889189313 ], [ 21.770540183751343, -13.199383051962185 ], [ 25.676686298293102, -16.717835608199646 ], [ 25.862121586950249, -16.16860914427977 ], [ 27.531590926074252, -14.911328226779373 ], [ 27.430681850404852, -13.026759381515843 ] ] ] } },
{ "type": "Feature", "properties": { }, "geometry": { "type": "Polygon", "coordinates": [ [ [ 125.580598573096594, -3.78634243582404 ], [ 123.857058196899445, -3.471093051965977 ], [ 121.332947805903075, -1.917278341444278 ], [ 120.529737961692931, -1.921877409608212 ], [ 119.717087920674828, -2.41494136804062 ], [ 119.399345687736457, -3.929990811930043 ], [ 121.123128619726884, -3.775241663712504 ], [ 124.273134551077035, -5.201888977874139 ], [ 125.657098555685721, -4.251517578622205 ], [ 125.580598573096594, -3.78634243582404 ] ] ] } },
{ "type": "Feature", "properties": { }, "geometry": { "type": "Polygon", "coordinates": [ [ [ 147.215553061500003, -12.541165735428642 ], [ 144.245914943662939, -12.644071433865843 ], [ 143.388639153575355, -12.067862913210661 ], [ 143.56704940120099, -14.093291663678082 ], [ 145.644797010747112, -14.885419455802664 ], [ 146.590109184973556, -14.007100539730995 ], [ 147.215553061500003, -12.541165735428642 ] ] ] } },
{ "type": "Feature", "properties": { }, "geometry": { "type": "Polygon", "coordinates": [ [ [ -107.025428936186032, 56.264144856287139 ], [ -106.935385286197274, 55.592153308432607 ], [ -107.211831946670429, 55.304717707607317 ], [ -106.957917884803194, 54.269413048063605 ], [ -106.522438500086324, 53.897811754650185 ], [ -106.04952744981945, 54.154272315850058 ], [ -105.576014200370309, 53.918220404918827 ], [ -106.199455686162281, 53.564176710133147 ], [ -106.014095860127881, 53.268571108382076 ], [ -105.332018360788368, 52.88095555307077 ], [ -104.892942284526001, 53.261659938906554 ], [ -104.71322828372746, 53.047507732027036 ], [ -104.171927573138561, 53.735234665861675 ], [ -104.657820571641508, 54.087057955067117 ], [ -103.556621799095481, 53.97704700930931 ], [ -104.361800689687058, 55.355754008962357 ], [ -105.007497633872148, 55.553055023332881 ], [ -104.848718301672079, 54.418170506619312 ], [ -105.027501591879812, 54.514868519776918 ], [ -105.386450897102648, 55.477557682271041 ], [ -105.201222539717293, 55.992353757224862 ], [ -108.930668254499707, 58.17470358076551 ], [ -108.953518299998834, 57.795898329941167 ], [ -107.025428936186032, 56.264144856287139 ] ] ] } },
{ "type": "Feature", "properties": { }, "geometry": { "type": "Polygon", "coordinates": [ [ [ -150.464365772625143, 70.120712749245683 ], [ -150.119726654099111, 69.661888228057364 ], [ -149.612764658580346, 69.691523974195903 ], [ -148.324569098965043, 70.339461660023545 ], [ -150.464365772625143, 70.120712749245683 ] ] ] } },
{ "type": "Feature", "properties": { }, "geometry": { "type": "Polygon", "coordinates": [ [ [ -128.094997346563616, 70.300165682681751 ], [ -130.681630103373493, 70.993173067775359 ], [ -135.238126659295091, 71.486719963210618 ], [ -140.881196289905091, 70.957832446250208 ], [ -141.710998754516822, 70.05252520133152 ], [ -145.164640048762834, 68.112384387434872 ], [ -140.404432834542234, 68.971100392398142 ], [ -135.675341875513453, 69.17415555039716 ], [ -132.029131493970596, 68.594038964942797 ], [ -127.566085614033739, 67.199445706563509 ], [ -126.097175502936977, 67.712921462319812 ], [ -125.935292612900071, 67.876546025021256 ], [ -128.603100706379735, 68.617040594232535 ], [ -127.138534521640011, 69.00961495387206 ], [ -130.8606041336337, 69.466777868250048 ], [ -130.874028621945058, 69.842276381472999 ], [ -130.174836212111416, 70.308501147934521 ], [ -128.094997346563616, 70.300165682681751 ] ] ] } },
{ "type": "Feature", "properties": { }, "geometry": { "type": "Polygon", "coordinates": [ [ [ -132.588838840124254, 67.480081415299935 ], [ -134.374816655314731, 68.314707388599999 ], [ -138.900751537220827, 67.808531534425455 ], [ -143.485570017812762, 66.547073253768744 ], [ -147.395027889387137, 64.9548636237311 ], [ -152.032879573767332, 62.413074824012831 ], [ -159.976868560313562, 60.277482635470598 ], [ -163.206858586675395, 59.798248502508606 ], [ -162.817148540587453, 58.418323495698175 ], [ -162.243603998244765, 58.441933189369067 ], [ -152.163636843267312, 61.013530694492609 ], [ -144.308416000246638, 63.570084601919099 ], [ -138.777923081234661, 67.217614534704524 ], [ -134.599433454895603, 67.405672410163547 ], [ -131.919751478720769, 66.772215657207951 ], [ -132.588838840124254, 67.480081415299935 ] ] ] } },
{ "type": "Feature", "properties": { }, "geometry": { "type": "Polygon", "coordinates": [ [ [ -143.485570017812762, 66.547073253768744 ], [ -140.297840972774026, 67.408271470955398 ], [ -138.52655041358895, 68.472913314964387 ], [ -135.046279637249171, 69.114225520000574 ], [ -141.108928431941735, 68.848711224716723 ], [ -141.462529046406758, 68.491207112277749 ], [ -143.086178820973458, 68.189887691667863 ], [ -144.708609871417138, 67.288675075682832 ], [ -146.572661665760762, 66.739247224955008 ], [ -148.540574562758366, 66.533793529626124 ], [ -149.117021933149346, 67.105660145794559 ], [ -152.001512070123624, 66.391430227533846 ], [ -155.462200371388064, 64.864663347517691 ], [ -151.880038386727989, 66.045427952149424 ], [ -150.42756325096417, 66.066371029913753 ], [ -149.889329021946565, 65.653585689690274 ], [ -150.305250607050311, 65.529224294942338 ], [ -150.374679649602797, 65.069623148937069 ], [ -153.109075326688242, 63.848499838400734 ], [ -151.026804522568739, 62.967082741878656 ], [ -147.395027889387137, 64.9548636237311 ], [ -143.485570017812762, 66.547073253768744 ] ] ] } },
{ "type": "Feature", "properties": { }, "geometry": { "type": "Polygon", "coordinates": [ [ [ -138.813680593359919, 72.816439539026518 ], [ -152.480844014275476, 72.759985871914253 ], [ -153.913464479313831, 71.979388116271963 ], [ -153.860863734654828, 70.437340894847537 ], [ -156.017424926512746, 69.28280617484414 ], [ -145.905652939951693, 70.655749031333229 ], [ -144.552562832957562, 71.327859714124642 ], [ -140.890377613749195, 71.994904335679678 ], [ -140.462966250239049, 72.557584810078382 ], [ -138.813680593359919, 72.816439539026518 ] ] ] } },
{ "type": "Feature", "properties": { }, "geometry": { "type": "Polygon", "coordinates": [ [ [ -41.514509772687084, -39.952577798491525 ], [ -41.967109976346549, -39.49203867808599 ], [ -49.135219507022363, -36.884812261382571 ], [ -52.825642161019566, -36.598019093345698 ], [ -52.873316049412821, -38.074192469810889 ], [ -50.403725922892633, -41.73051696740955 ], [ -42.678159659634687, -41.936346174073108 ], [ -41.514509772687084, -39.952577798491525 ] ] ] } },
{ "type": "Feature", "properties": { }, "geometry": { "type": "Polygon", "coordinates": [ [ [ -52.832059644877823, -37.266750132699457 ], [ -55.976258536470191, -36.340488221754889 ], [ -61.65330215753422, -32.10319163924008 ], [ -61.892425327957696, -35.749524758090899 ], [ -62.728037407448561, -36.993116565675528 ], [ -63.634758761008207, -40.156251577163708 ], [ -57.730653312193169, -40.263296439345453 ], [ -54.111178562363335, -41.518870580768741 ], [ -52.517293265858726, -41.395720692472665 ], [ -50.403725922892633, -41.73051696740955 ], [ -52.873316049412821, -38.074192469810889 ], [ -52.832059644877823, -37.266750132699457 ] ] ] } },
{ "type": "Feature", "properties": { }, "geometry": { "type": "Polygon", "coordinates": [ [ [ -42.678159659634687, -41.936346174073108 ], [ -50.403725922892633, -41.73051696740955 ], [ -49.940483893046036, -42.571373991669581 ], [ -50.28283985814415, -43.930285981388565 ], [ -49.868792894733694, -45.492188401270518 ], [ -49.438878475813652, -46.248062434179971 ], [ -48.361743210999656, -46.950645415294026 ], [ -47.590494608760103, -48.985447638959009 ], [ -46.848204681193806, -49.929867165995169 ], [ -45.56428224535761, -49.977759408570904 ], [ -44.656313305542852, -49.559938005722152 ], [ -45.443376510294449, -49.3657118679589 ], [ -45.239302414745922, -47.657524585073972 ], [ -45.978580462166889, -45.649315147975393 ], [ -44.770600255551429, -44.649130373275611 ], [ -42.678159659634687, -41.936346174073108 ] ] ] } },
{ "type": "Feature", "properties": { }, "geometry": { "type": "Polygon", "coordinates": [ [ [ 131.084448455835428, 73.690631266419288 ], [ 128.735390258112631, 74.075866829004937 ], [ 127.52556465527563, 73.169416467643885 ], [ 124.380780719850819, 73.516227145897901 ], [ 124.845190751432867, 72.991017342000163 ], [ 124.829608764890452, 71.376885138824761 ], [ 124.111000321015013, 68.667530806933897 ], [ 125.955993163563591, 67.290423305546994 ], [ 128.86175214102127, 66.27073470506248 ], [ 134.622773769025429, 65.467298952345956 ], [ 134.213829110272002, 64.581504257294611 ], [ 133.481548442568624, 64.01089023318724 ], [ 133.420730389705483, 63.327349637818216 ], [ 133.821066745724096, 62.555336959409189 ], [ 133.713948120125508, 60.539439736932735 ], [ 134.558795392347974, 59.151387559813472 ], [ 135.316858182140123, 59.640439801523186 ], [ 136.123249209966673, 61.818622791788684 ], [ 140.256952985446503, 64.403966566359003 ], [ 141.935289162755993, 64.439333464558302 ], [ 142.459058489513552, 64.88773110440998 ], [ 144.276007139826845, 65.131751024072145 ], [ 145.891520186649529, 64.866083653917499 ], [ 143.554418016885535, 66.438343623629137 ], [ 141.716859410872075, 67.1817237781366 ], [ 139.111050522419191, 67.151614742891496 ], [ 134.467722482555729, 68.44886189964862 ], [ 132.648696816185463, 69.324997248450686 ], [ 129.901592030259621, 71.381192471760158 ], [ 131.125165537044523, 72.157586241119873 ], [ 133.352196894554254, 72.847032459307897 ], [ 131.084448455835428, 73.690631266419288 ] ] ] } },
{ "type": "Feature", "properties": { }, "geometry": { "type": "Polygon", "coordinates": [ [ [ 146.569888073498902, 61.204707191317588 ], [ 141.935289162755993, 64.439333464558302 ], [ 140.256952985446503, 64.403966566359003 ], [ 136.123249209966673, 61.818622791788684 ], [ 135.316858182140123, 59.640439801523186 ], [ 134.558795392347974, 59.151387559813472 ], [ 135.155343483197527, 58.345332427454956 ], [ 136.257905392352313, 58.602967260780773 ], [ 137.664203378866745, 59.626468759461368 ], [ 140.611680918970819, 60.986852001617038 ], [ 143.021184160967294, 61.441463339125207 ], [ 146.569888073498902, 61.204707191317588 ] ] ] } },
{ "type": "Feature", "properties": { }, "geometry": { "type": "Polygon", "coordinates": [ [ [ 3.440722056350273, 77.14839048694202 ], [ -0.482660840854052, 77.797950653313677 ], [ -5.578401321834223, 77.992392775943955 ], [ -5.179104452044417, 78.255930592659922 ], [ -19.651583544922435, 78.218415977003318 ], [ -30.890408763981405, 77.202412602962795 ], [ -37.736655091423437, 76.167957421754195 ], [ -43.096238858946272, 74.615494326963017 ], [ -43.148296851239145, 74.277308187767545 ], [ -41.76538160658653, 73.506932642904147 ], [ -38.922134909968698, 72.526755780643668 ], [ -38.504704909071947, 72.087506718498318 ], [ -36.802759239281059, 68.717688254739329 ], [ -36.308408164629682, 66.397372378227686 ], [ -38.746113384900049, 63.763482575888396 ], [ -39.791488863989642, 63.416686991810813 ], [ -41.686222774607337, 61.369235274958626 ], [ -41.537666038305701, 60.608535955850307 ], [ -39.117983670373739, 59.91921858794656 ], [ -33.861610583670078, 55.910802088626454 ], [ -28.127961849071404, 55.062567002596779 ], [ -26.850033075325246, 55.769767492354504 ], [ -23.781481734534083, 58.67668632940137 ], [ -15.155515142122274, 62.104057923715168 ], [ -10.703505647391751, 62.847445863928073 ], [ -7.208360321318029, 64.071204334163411 ], [ -5.842278868927274, 65.078642514400414 ], [ -5.217129599762827, 66.062336333603511 ], [ -5.527625175527451, 66.416885494797569 ], [ -4.818271510314702, 67.198038738936617 ], [ 8.841054765178495, 69.497620175736259 ], [ 8.424098937407305, 71.173807102733861 ], [ 9.754647282506264, 72.550809972929159 ], [ 9.081628841122107, 73.695160340591684 ], [ 9.360014197066953, 74.022335839447138 ], [ 5.405620228187155, 75.848722945741741 ], [ 5.45071129156235, 76.387883243824163 ], [ 3.19656914486551, 76.840039628153832 ], [ 3.440722056350273, 77.14839048694202 ] ] ] } },
{ "type": "Feature", "properties": { }, "geometry": { "type": "Polygon", "coordinates": [ [ [ 31.610428625564083, 81.631871993677834 ], [ 28.102585094004397, 81.032500714464248 ], [ 28.407287628591746, 79.327443304330586 ], [ 28.745731499721387, 79.010926603738554 ], [ 37.732235201236861, 78.254558197345702 ], [ 46.652701064572007, 78.673682155488194 ], [ 50.01836872932131, 80.476440000580126 ], [ 49.30957652959566, 81.351927584554389 ], [ 47.511554604584155, 82.474751308527885 ], [ 31.610428625564083, 81.631871993677834 ] ] ] } },
{ "type": "Feature", "properties": { }, "geometry": { "type": "Polygon", "coordinates": [ [ [ -57.151596283986969, 78.143691806852445 ], [ -52.461478517555506, 78.30228139103528 ], [ -49.756488183400926, 78.84245546173085 ], [ -43.949922243388599, 81.529651728274075 ], [ -36.77064743869407, 82.866118270980209 ], [ -79.154420134508484, 82.658698885536865 ], [ -97.136180171770448, 81.514826589874289 ], [ -98.839086781270296, 80.881360377378755 ], [ -98.807206603616734, 80.205780815313048 ], [ -94.530772776719772, 79.415174833766955 ], [ -90.609238742167435, 79.449926392549926 ], [ -84.595464072795707, 78.59386421284951 ], [ -76.410968807836539, 78.542481290928123 ], [ -70.657602167959226, 79.067910900778088 ], [ -64.312616922199055, 79.114265529229741 ], [ -57.151596283986969, 78.143691806852445 ] ] ] } },
{ "type": "Feature", "properties": { }, "geometry": { "type": "Polygon", "coordinates": [ [ [ 2.98787728928309, 79.056123364726119 ], [ 6.92878429258823, 77.039047318143176 ], [ 10.641213243532656, 74.446874326882551 ], [ 17.03289570762967, 74.855690898301802 ], [ 21.653155093007491, 78.286783627766383 ], [ 21.598774171763523, 80.733732463324785 ], [ 16.986989250725095, 79.99888058188958 ], [ 11.270623687333513, 79.946423105530002 ], [ 2.98787728928309, 79.056123364726119 ] ] ] } },
{ "type": "Feature", "properties": { }, "geometry": { "type": "Polygon", "coordinates": [ [ [ -90.649424604539917, 78.674808971686261 ], [ -99.353963808343096, 80.277035976799922 ], [ -99.451754014770003, 80.952447828249078 ], [ -98.526577154399988, 81.474623123164065 ], [ -103.188784322563038, 80.663739647702783 ], [ -105.846048656865946, 79.845414627491266 ], [ -106.472954141951959, 78.964422654665995 ], [ -109.374878693632766, 77.776352953389008 ], [ -114.33696011200162, 76.61090428750407 ], [ -119.830757846670167, 75.989633722773647 ], [ -121.707272823247663, 74.314540614500928 ], [ -119.829133180921488, 73.479104518822098 ], [ -120.435422251237114, 72.470998791055251 ], [ -118.159637998513489, 70.284603891961936 ], [ -117.005954846534181, 69.788007465556348 ], [ -113.786469307881006, 69.418052883025936 ], [ -110.518800880187626, 67.978243707454311 ], [ -110.111857938778002, 66.359251109267049 ], [ -111.516939632734832, 64.253320416848041 ], [ -107.836815359126874, 59.785388907431582 ], [ -102.035471935740773, 56.399595523971612 ], [ -98.261389212291746, 50.443728626940469 ], [ -97.661335198932989, 48.87302666703286 ], [ -94.924903675932853, 45.758109018547131 ], [ -93.186524025942404, 40.80988693223879 ], [ -95.759544019748077, 37.308898780027796 ], [ -95.863920031761808, 35.985058010822797 ], [ -93.21270680921242, 33.719822315661098 ], [ -92.996513015346196, 30.069204319612197 ], [ -92.467248076454013, 28.871720893611251 ], [ -91.33719202997834, 28.607814347750455 ], [ -89.505779730695437, 28.746478577627478 ], [ -87.420623744731458, 27.804480134910044 ], [ -87.248257052919215, 27.323010424080088 ], [ -86.0629517427666, 26.583160025511106 ], [ -84.047055705760215, 28.883437948587293 ], [ -82.775960330430038, 29.379540731878716 ], [ -80.096821385554748, 29.674620377048495 ], [ -75.825809779974335, 29.059812945280207 ], [ -74.173731312618912, 29.208538507909758 ], [ -73.699544467518734, 29.465593009528149 ], [ -77.569283965600732, 32.266822295107382 ], [ -80.632522014275338, 33.496175236252604 ], [ -75.916929866702162, 33.618071020741247 ], [ -71.696138220032566, 34.732410730825769 ], [ -63.293753855664349, 39.704296390750898 ], [ -58.921576405609116, 41.271000295753041 ], [ -57.91718995063804, 42.810239624914033 ], [ -50.289238161705242, 46.403820763090131 ], [ -42.868101388631814, 46.731954268378487 ], [ -39.197762283969936, 47.959773963546951 ], [ -33.734109077603058, 49.074698924584084 ], [ -34.821086211606563, 49.611140266276756 ], [ -35.562802256780678, 50.639911415315396 ], [ -35.937909934427239, 52.217587594880285 ], [ -37.07796184346207, 52.841941830438103 ], [ -43.041276018896717, 58.0849719137479 ], [ -43.676101768090717, 59.480615692271002 ], [ -48.3364552028766, 60.325808731547809 ], [ -58.044278688973087, 64.638253361676306 ], [ -58.463356968709199, 65.740218819918695 ], [ -56.657594397711378, 69.534544491340185 ], [ -57.693097043896472, 70.301031267560489 ], [ -60.06528956273366, 70.7824146014257 ], [ -62.549001318047154, 70.816850690171165 ], [ -64.307506974639338, 71.753677925211306 ], [ -64.551302284277938, 73.173782915209074 ], [ -59.787512572260695, 75.268007004347709 ], [ -74.550361150540027, 76.747856126860455 ], [ -87.785369542366666, 77.407789755141025 ], [ -90.649424604539917, 78.674808971686261 ] ] ] } },
{ "type": "Feature", "properties": { }, "geometry": { "type": "Polygon", "coordinates": [ [ [ 138.328038198589155, 70.980878783559916 ], [ 140.659956198025782, 71.41266814564861 ], [ 140.761266512718379, 71.655634991839577 ], [ 152.354322542035021, 72.493030696730756 ], [ 156.037748167199425, 72.265973379716598 ], [ 156.250463087837772, 72.705370877944844 ], [ 152.102118479486222, 73.245123691479748 ], [ 144.831398827645955, 72.821038841510457 ], [ 136.034200885178535, 71.843187368428659 ], [ 134.384755899134262, 71.478551910942386 ], [ 133.25329015046384, 70.749861753004936 ], [ 133.01562623262177, 69.824855858248938 ], [ 132.465908175380235, 69.693681088174174 ], [ 133.422383745548899, 68.948262579101495 ], [ 134.566879763581625, 68.610741130373981 ], [ 137.451784973583727, 68.221551034407696 ], [ 140.72000565969833, 68.321314899000441 ], [ 145.10139481731224, 67.358805719892374 ], [ 145.759670689385047, 68.054138393423258 ], [ 146.387717915552827, 68.157346448796417 ], [ 146.041720306324464, 68.501437597003971 ], [ 146.726382315486859, 68.819789202230865 ], [ 146.548054131649849, 69.056958044990211 ], [ 141.649105745567738, 69.391234731814407 ], [ 137.807265402681367, 70.138735183612724 ], [ 133.893681928631025, 69.903312239915749 ], [ 133.661149977176819, 70.323809845597566 ], [ 135.395257217338013, 71.180037845082978 ], [ 136.592222507546552, 71.311391112919537 ], [ 138.328038198589155, 70.980878783559916 ] ] ] } },
{ "type": "Feature", "properties": { }, "geometry": { "type": "Polygon", "coordinates": [ [ [ 142.447841892762227, 50.831090511634649 ], [ 142.567410187710294, 54.047324150593802 ], [ 143.538349586842855, 56.012687098073947 ], [ 144.096583839537828, 58.734334104463564 ], [ 142.911148427270803, 59.445811282869251 ], [ 141.418821596267492, 59.327216416877739 ], [ 140.892321647446977, 58.741660164188637 ], [ 141.211986192725874, 57.623758316201744 ], [ 140.22992291628708, 55.539124503080885 ], [ 137.627359287451441, 52.849889572559974 ], [ 137.590403236911726, 48.348389860624572 ], [ 137.833714960170994, 48.209834579841626 ], [ 137.477921578654048, 46.355708018918541 ], [ 137.660658123821321, 45.4543922290271 ], [ 138.589059859913988, 44.556211086030913 ], [ 138.985945786976117, 45.191807502493319 ], [ 140.564959169909855, 45.861439410099038 ], [ 141.719912510185338, 47.708747651387874 ], [ 144.183748012153472, 47.852044337785109 ], [ 149.572917538272804, 49.283649795303894 ], [ 149.305323997606251, 49.897871289623467 ], [ 146.682210116963489, 49.158870200391306 ], [ 141.576299936670921, 48.455631559113769 ], [ 139.833876505787515, 48.485967757025271 ], [ 140.479268684162463, 51.079386602824052 ], [ 142.447841892762227, 50.831090511634649 ] ] ] } },
{ "type": "Feature", "properties": { }, "geometry": { "type": "Polygon", "coordinates": [ [ [ -174.732024567710965, 55.84992550738766 ], [ -170.46068692958039, 56.069302306775093 ], [ -162.544112805300273, 57.37319640772418 ], [ -163.206858586675395, 59.798248502508606 ], [ -174.991349917819377, 57.887885306631269 ], [ -174.732024567710965, 55.84992550738766 ] ] ] } },
{ "type": "Feature", "properties": { }, "geometry": { "type": "Polygon", "coordinates": [ [ [ 147.079073212737825, 78.150677643577851 ], [ 142.47274428252851, 78.654956709217728 ], [ 133.618189792313785, 78.567483132103249 ], [ 130.320471127263204, 78.830282768565255 ], [ 123.886839916441417, 79.543590044614135 ], [ 117.047655260058008, 80.895900217791478 ], [ 116.78895881029861, 80.337548909333265 ], [ 111.331849268325044, 79.456643881933985 ], [ 109.325911939409735, 77.217879205274514 ], [ 107.341367662450835, 76.90992281826324 ], [ 107.082457666183927, 76.608907975189098 ], [ 114.916067487297568, 78.21801124205156 ], [ 118.120477003845409, 78.091026703666458 ], [ 119.146200339369955, 78.576723160055906 ], [ 123.799874156474331, 78.290698934637035 ], [ 127.583884621127439, 77.56337978619527 ], [ 131.177735978982525, 76.287148261157654 ], [ 141.353738288154744, 77.253924351561182 ], [ 147.079073212737825, 78.150677643577851 ] ] ] } },
{ "type": "Feature", "properties": { }, "geometry": { "type": "Polygon", "coordinates": [ [ [ 9.578520225967797, 52.272972646285297 ], [ -1.235117452233515, 54.663375789800959 ], [ -2.555336136048639, 55.228561878033624 ], [ -2.961696001278887, 54.301383839762231 ], [ -3.66699882523212, 53.771422543897188 ], [ -8.242029945230987, 52.229485677303352 ], [ -11.204353390643266, 50.619118675604888 ], [ -13.269212234037564, 50.199541230250432 ], [ -17.675761545967948, 47.379588998565275 ], [ -16.048164398580305, 45.514143319785681 ], [ -15.377326461621825, 45.222744030629798 ], [ -12.382813453179162, 46.976001972634279 ], [ -7.113071488849254, 48.027498004883384 ], [ -3.676379343941449, 48.356845163303397 ], [ -2.539033422503556, 47.785645612381792 ], [ -0.84143440015937, 47.465482591817683 ], [ 1.990026857396977, 47.43307762736297 ], [ 4.153536633219852, 47.888497503570498 ], [ 5.566049242524365, 48.832066723966854 ], [ 9.138773433653006, 50.183180153359906 ], [ 10.773068869424264, 50.385108154762889 ], [ 15.960858125937028, 50.036190552246993 ], [ 12.268747274588284, 51.898911082438183 ], [ 10.708188639712638, 52.418914321728444 ], [ 9.578520225967797, 52.272972646285297 ] ] ] } },
{ "type": "Feature", "properties": { }, "geometry": { "type": "Polygon", "coordinates": [ [ [ 130.883633229645568, 44.729866632626809 ], [ 132.113758053205203, 45.123816521174305 ], [ 133.815435386761919, 46.330646771810898 ], [ 138.347680269048681, 50.707722904007611 ], [ 139.08618415490696, 52.069817177259345 ], [ 139.471068600016082, 53.674393499224493 ], [ 136.166956128708733, 53.067356045029605 ], [ 135.66267104371272, 52.710613612169332 ], [ 134.393576344210743, 50.378985211035122 ], [ 131.619177451840642, 46.492542239889019 ], [ 130.883633229645568, 44.729866632626809 ] ] ] } },
{ "type": "Feature", "properties": { }, "geometry": { "type": "Polygon", "coordinates": [ [ [ -3.260439250123219, 40.750031607283667 ], [ -8.244192511978795, 42.517087129408793 ], [ -11.064110657823232, 42.18604639575107 ], [ -14.961474534337578, 40.765088661121467 ], [ -15.25890651944, 39.920108069413281 ], [ -14.977332970864696, 39.171860482013258 ], [ -15.277302417845789, 38.208501350091943 ], [ -15.100086724903974, 35.649191493053806 ], [ -15.636408415441489, 34.100871803264454 ], [ -13.98992091407916, 33.852510265885925 ], [ -13.105596575152957, 34.309619686908732 ], [ -11.257878060273965, 33.755439717613079 ], [ -8.743074065997272, 33.928620414304106 ], [ -7.354010443414673, 34.67485304663137 ], [ -2.959019125969625, 36.00007001508046 ], [ -0.948935464356888, 37.789136067394409 ], [ 2.202416836816796, 39.211518287030621 ], [ 2.10092252061678, 39.588177381960612 ], [ 1.640841900851512, 39.40170758270088 ], [ 0.188437027731902, 40.466561707529912 ], [ -3.260439250123219, 40.750031607283667 ] ] ] } },
{ "type": "Feature", "properties": { }, "geometry": { "type": "Polygon", "coordinates": [ [ [ -92.467248076454013, 28.871720893611251 ], [ -100.049052587173563, 33.524668347686948 ], [ -101.710274602440577, 35.206002611773123 ], [ -103.382218413578357, 35.369980810264359 ], [ -102.354814684124548, 33.266765098598633 ], [ -100.052323906781581, 31.072668014425123 ], [ -100.20500988887413, 30.443957480974298 ], [ -98.81644981113817, 29.114080388963323 ], [ -98.321579430110091, 27.815699321169422 ], [ -97.272178093356516, 26.957427851009125 ], [ -97.376976721930035, 26.490295754414714 ], [ -96.631019760752835, 25.595698307289126 ], [ -96.822947041375414, 25.159417481105322 ], [ -96.019015855281737, 24.720651678441008 ], [ -95.470308142399261, 23.757640305082941 ], [ -95.374838539029852, 24.259668753747281 ], [ -85.8439526287153, 22.119594847788782 ], [ -84.597757904080368, 21.424028168060062 ], [ -84.519667068771838, 22.452776675456139 ], [ -86.007934152061026, 23.347350607364874 ], [ -86.554236010481119, 24.752427930799701 ], [ -86.597043391690107, 25.904739277014823 ], [ -86.0629517427666, 26.583160025511106 ], [ -87.248257052919215, 27.323010424080088 ], [ -87.420623744731458, 27.804480134910044 ], [ -89.505779730695437, 28.746478577627478 ], [ -91.33719202997834, 28.607814347750455 ], [ -92.467248076454013, 28.871720893611251 ] ] ] } },
{ "type": "Feature", "properties": { }, "geometry": { "type": "Polygon", "coordinates": [ [ [ 128.585945740126164, 30.830933830970682 ], [ 126.550277194123169, 32.93575250671342 ], [ 122.535993299492191, 29.054979058975007 ], [ 124.473879955234722, 27.395190679986833 ], [ 126.429076273628525, 28.738133722292535 ], [ 127.716325067877833, 30.324871238617725 ], [ 128.585945740126164, 30.830933830970682 ] ] ] } },
{ "type": "Feature", "properties": { }, "geometry": { "type": "Polygon", "coordinates": [ [ [ 91.509342346171366, 6.346354851471851 ], [ 91.374568364574273, 7.024713501674903 ], [ 92.722654899339901, 8.50293985451901 ], [ 92.459523818808577, 10.268557886107939 ], [ 93.133648635381178, 9.271902078052628 ], [ 91.596426797312148, 12.602916393671002 ], [ 90.57622382228088, 16.729465398008664 ], [ 89.670631318967082, 18.573005832393161 ], [ 88.947893523045238, 16.950882854513011 ], [ 88.788248529252655, 15.12228801717966 ], [ 89.459464257515535, 13.010827696646976 ], [ 90.857593115993083, 10.443385416748797 ], [ 90.967499430940151, 6.424521606431817 ], [ 91.509342346171366, 6.346354851471851 ] ] ] } },
{ "type": "Feature", "properties": { }, "geometry": { "type": "Polygon", "coordinates": [ [ [ 97.448976020614509, 16.612985799014741 ], [ 96.573390156303248, 18.54721627845376 ], [ 94.347173923463004, 20.197713351786124 ], [ 93.961311687668726, 20.908790599354081 ], [ 93.729452106451077, 24.088048898838991 ], [ 92.631109358211106, 25.852357169221694 ], [ 91.592626551972259, 28.476849411466798 ], [ 89.832593875430234, 29.47874289094576 ], [ 91.444770756541857, 26.653101265398586 ], [ 90.715059494546452, 25.098292536902033 ], [ 89.611300590763534, 24.602918551287519 ], [ 89.662450983994972, 23.815965885936535 ], [ 90.623266493192247, 21.898048313112209 ], [ 92.948987094428233, 18.661402586122005 ], [ 97.448976020614509, 16.612985799014741 ] ] ] } },
{ "type": "Feature", "properties": { }, "geometry": { "type": "Polygon", "coordinates": [ [ [ 124.924117543347677, 28.996999739446839 ], [ 122.510328083890954, 29.656001667202901 ], [ 121.597302739896421, 28.153931083365503 ], [ 119.238448661251297, 27.073708864655007 ], [ 119.761506906010581, 25.210094728603551 ], [ 120.930776066187164, 25.6545416782612 ], [ 120.958095344581864, 26.092548368365424 ], [ 123.547338298727325, 26.809302880842832 ], [ 124.654655420667197, 28.133176428646394 ], [ 124.924117543347677, 28.996999739446839 ] ] ] } },
{ "type": "Feature", "properties": { }, "geometry": { "type": "Polygon", "coordinates": [ [ [ -73.536627269317933, 25.337345891019943 ], [ -76.535495721772307, 27.309120275736248 ], [ -77.211584428392499, 27.455567898706935 ], [ -78.38966522754545, 27.027791121801275 ], [ -80.919792996094642, 26.752514084541456 ], [ -82.974520148095593, 25.078124021565696 ], [ -84.262257308660111, 23.275956576519359 ], [ -84.597757904080368, 21.424028168060062 ], [ -84.192252830957628, 21.160874744593656 ], [ -84.526769789550116, 20.282943403473769 ], [ -83.063714984750646, 18.904629600608722 ], [ -80.828718225294821, 17.827995416493145 ], [ -79.757869204990158, 17.656866494612441 ], [ -78.527741769855041, 18.117645744797723 ], [ -78.001413336670382, 18.68051283443679 ], [ -76.868681839408268, 21.391860601294326 ], [ -75.070269692184269, 23.579441044889379 ], [ -73.493105695624067, 24.547769845484353 ], [ -70.837538563873011, 25.47624944327363 ], [ -72.579042379139622, 25.72036192159835 ], [ -73.797925229018105, 26.38845846284757 ], [ -73.536627269317933, 25.337345891019943 ] ] ] } },
{ "type": "Feature", "properties": { }, "geometry": { "type": "Polygon", "coordinates": [ [ [ 107.033774197669956, 8.505002557347282 ], [ 108.49123044610495, 8.623504796018448 ], [ 107.077533058229392, 10.069306025924554 ], [ 105.971416445208419, 13.557824197828404 ], [ 104.902325052263706, 14.598289024691537 ], [ 100.223138767842372, 16.795960122531429 ], [ 96.246927947491088, 17.85455666439405 ], [ 97.830489745322609, 16.234784075651337 ], [ 99.044246654852444, 12.608064221261898 ], [ 106.035826250781625, 9.627040203842082 ], [ 107.033774197669956, 8.505002557347282 ] ] ] } },
{ "type": "Feature", "properties": { }, "geometry": { "type": "Polygon", "coordinates": [ [ [ -85.537838410395153, 22.033094546013945 ], [ -95.374838539029852, 24.259668753747281 ], [ -95.435158506186028, 24.063070029650209 ], [ -95.312917436939031, 22.523922764646059 ], [ -94.22479976902099, 21.49492413812365 ], [ -88.576044930707141, 18.368227605551187 ], [ -85.631033357355918, 17.701213209537876 ], [ -84.034442933267428, 17.917864779299215 ], [ -80.508190212449676, 17.482782587984904 ], [ -80.083027937140074, 17.551348600647358 ], [ -79.771084137619894, 17.627214286403127 ], [ -79.751170480686227, 17.659359775570177 ], [ -82.501563264089782, 18.534358103238255 ], [ -83.671359477861444, 19.357042773615554 ], [ -84.526769789550116, 20.282943403473769 ], [ -84.192252830957628, 21.160874744593656 ], [ -85.537838410395153, 22.033094546013945 ] ] ] } },
{ "type": "Feature", "properties": { }, "geometry": { "type": "Polygon", "coordinates": [ [ [ -68.731073598361732, 20.930681407986921 ], [ -72.338882714499476, 22.518373164161343 ], [ -74.07276783332739, 21.972119108823236 ], [ -75.69369485686326, 22.143763293572903 ], [ -73.08591110905013, 21.009194778059925 ], [ -70.232341298722645, 20.560666394816248 ], [ -68.051138541281603, 19.237881631867936 ], [ -68.726418928956662, 19.172870906082533 ], [ -68.659497342785272, 18.440011549306327 ], [ -65.326292455231268, 18.328873412029797 ], [ -68.731073598361732, 20.930681407986921 ] ] ] } },
{ "type": "Feature", "properties": { }, "geometry": { "type": "Polygon", "coordinates": [ [ [ 34.840816454744818, 6.684636245983404 ], [ 33.134854486160748, 8.003694021110793 ], [ 32.822174154776761, 9.811172216996944 ], [ 32.555800823457524, 8.19183603691314 ], [ 32.745955764628029, 5.513350189468832 ], [ 32.191532455446719, 4.882766668275671 ], [ 32.279937124664031, 3.138196527677451 ], [ 31.847085858623519, 1.265444929939455 ], [ 33.402085038126785, 1.817272093428214 ], [ 36.383402893349647, 2.19827829840087 ], [ 35.625777822043666, 2.938092138276274 ], [ 35.381853225717464, 3.591358291910539 ], [ 35.723101618960051, 4.123420929953759 ], [ 35.543418866761769, 4.768959174838599 ], [ 34.840816454744818, 6.684636245983404 ] ] ] } },
{ "type": "Feature", "properties": { }, "geometry": { "type": "Polygon", "coordinates": [ [ [ 127.399015119831503, -29.052636681159786 ], [ 126.425469984040433, -28.220408608677193 ], [ 122.417995523099364, -27.133197165625695 ], [ 121.918959208529103, -28.042521417186165 ], [ 123.744762860002993, -28.714189518017719 ], [ 127.399015119831503, -29.052636681159786 ] ] ] } },
{ "type": "Feature", "properties": { }, "geometry": { "type": "Polygon", "coordinates": [ [ [ 118.313280808695254, -26.51616922967662 ], [ 117.376033224385736, -26.497183203937364 ], [ 116.682186694129456, -27.505254592956796 ], [ 115.062350083175247, -28.173510819649195 ], [ 113.194011431583874, -28.017247897549144 ], [ 114.807502589077146, -29.515853812454097 ], [ 118.161903126787649, -28.44529907368381 ], [ 120.919150929020333, -29.401236430376578 ], [ 121.956605716125551, -28.781155817619585 ], [ 120.676942418943469, -27.574356829210405 ], [ 118.313280808695254, -26.51616922967662 ] ] ] } },
{ "type": "Feature", "properties": { }, "geometry": { "type": "Polygon", "coordinates": [ [ [ 30.5770263884882, -12.869140033021809 ], [ 29.628234975583602, -10.844655143192819 ], [ 28.465023026937072, -10.41796087404769 ], [ 27.430681850404852, -13.026759381515843 ], [ 27.531590926074252, -14.911328226779373 ], [ 25.862121586950249, -16.16860914427977 ], [ 25.676686298293102, -16.717835608199646 ], [ 26.259619307950871, -17.863097144559102 ], [ 26.341955270128317, -21.17801340199971 ], [ 26.704567143487807, -22.475656013511301 ], [ 26.112654271096019, -23.550116257142577 ], [ 26.792045941233582, -24.494978608159059 ], [ 26.656167266839198, -25.175262247299923 ], [ 25.682691392230566, -26.329990698724586 ], [ 25.604206638931778, -27.327403006054194 ], [ 26.957924779996336, -28.613393204693935 ], [ 28.969872747141633, -25.975316572804996 ], [ 31.433496816523263, -24.994703896940759 ], [ 32.867254409387719, -23.847605722646634 ], [ 32.781238882024176, -18.79624427297864 ], [ 31.945206124228953, -17.106633924893654 ], [ 32.153738213357833, -15.869741758437472 ], [ 31.89858075495826, -14.146918501732552 ], [ 31.629891594980243, -13.227632900349272 ], [ 30.5770263884882, -12.869140033021809 ] ] ] } },
{ "type": "Feature", "properties": { }, "geometry": { "type": "Polygon", "coordinates": [ [ [ 106.946674197808122, -37.176939724909339 ], [ 108.315516577020432, -37.67133347366439 ], [ 115.99852906498819, -35.189618655935064 ], [ 119.993926763748377, -34.534953141279914 ], [ 121.360164236429071, -33.865427630959175 ], [ 123.960282842358254, -31.020717428870729 ], [ 123.423317417468766, -31.089124151489752 ], [ 121.489536405610863, -29.307723770203904 ], [ 120.688296404888632, -30.157608324380327 ], [ 119.038040088767943, -29.949991920904274 ], [ 119.359178783882527, -31.800891744111929 ], [ 117.89062628145912, -33.203920302704049 ], [ 115.511730062669557, -33.918807984569199 ], [ 113.310624734457463, -34.045153156950313 ], [ 111.141744101134691, -34.923341078988273 ], [ 108.403048936473127, -34.724761927841968 ], [ 106.946674197808122, -37.176939724909339 ] ] ] } },
{ "type": "Feature", "properties": { }, "geometry": { "type": "Polygon", "coordinates": [ [ [ 108.403048936473127, -34.724761927841968 ], [ 106.121482888504858, -34.159439086504086 ], [ 105.542699851551987, -34.821820499716019 ], [ 106.83821234879882, -37.073471322785615 ], [ 108.403048936473127, -34.724761927841968 ] ] ] } },
{ "type": "Feature", "properties": { }, "geometry": { "type": "Polygon", "coordinates": [ [ [ 160.112695246470082, -38.759076558215298 ], [ 157.288255115768521, -40.212638568635796 ], [ 156.931228120390443, -40.81225760935574 ], [ 157.058920001311151, -41.274313395085784 ], [ 155.700537896413977, -42.446405206288517 ], [ 156.289238045975196, -42.579621019296496 ], [ 156.732757212793075, -44.249999011579156 ], [ 157.808802542885331, -44.511090393110145 ], [ 158.506108479753266, -45.613229210851941 ], [ 157.874008987264602, -46.817516194921367 ], [ 157.950460201728959, -47.640341983870805 ], [ 159.709111728242789, -49.601400600558115 ], [ 160.355299282539249, -51.566176848725547 ], [ 159.882806608224314, -52.177295547421743 ], [ 160.54715175050066, -52.70966740877325 ], [ 160.765685863861364, -53.405350679184309 ], [ 161.297381535568064, -53.361936396747907 ], [ 161.260343908322596, -53.752588429671903 ], [ 163.0453639782626, -53.903497211420834 ], [ 163.311115029350589, -54.849457291270596 ], [ 169.537824976959996, -46.314860534480047 ], [ 168.043223263851417, -43.168214996320472 ], [ 166.26887433067904, -41.928472683746996 ], [ 162.612965337597757, -40.843633542684245 ], [ 160.722930009676332, -39.603307360574128 ], [ 160.112695246470082, -38.759076558215298 ] ] ] } },
{ "type": "Feature", "properties": { }, "geometry": { "type": "Polygon", "coordinates": [ [ [ 156.448465852602311, -42.89441151639069 ], [ 155.700537896413977, -42.446405206288517 ], [ 154.544023695647638, -43.344996667683873 ], [ 153.424523323594627, -43.698704347940136 ], [ 153.09885633209916, -44.319076721789031 ], [ 156.58667071547336, -47.703732217795647 ], [ 157.874008987264602, -46.817516194921367 ], [ 158.506108479753266, -45.613229210851941 ], [ 157.808802542885331, -44.511090393110145 ], [ 156.732757212793075, -44.249999011579156 ], [ 156.448465852602311, -42.89441151639069 ] ] ] } },
{ "type": "Feature", "properties": { }, "geometry": { "type": "Polygon", "coordinates": [ [ [ 159.770282498473449, -49.933364895511346 ], [ 159.331627095437142, -49.090163907072402 ], [ 158.017204856750737, -47.82230839383773 ], [ 157.874008987264602, -46.817516194921367 ], [ 156.58667071547336, -47.703732217795647 ], [ 156.509513802613299, -48.930602230767896 ], [ 157.098639189009361, -50.011547763717331 ], [ 158.211708125748686, -50.3980801539605 ], [ 159.770282498473449, -49.933364895511346 ] ] ] } },
{ "type": "Feature", "properties": { }, "geometry": { "type": "MultiPolygon", "coordinates": [ [ [ [ 179.99999999, -52.742926089137086 ], [ 177.719195125859756, -53.016259499660755 ], [ 177.309675629436981, -52.722135822052103 ], [ 175.427365528936946, -52.838552112708705 ], [ 174.143056556343282, -52.568925186508913 ], [ 171.324630558032339, -51.12595571731503 ], [ 171.036891753928302, -50.566632560428538 ], [ 171.369518035660519, -50.22621491453679 ], [ 171.209938553743967, -49.84199904407442 ], [ 172.675265059047746, -49.587758292178151 ], [ 171.732677994655717, -49.041613940008837 ], [ 171.314195398780015, -47.610914980702148 ], [ 170.621636609931556, -47.540375695388441 ], [ 170.065705309065493, -46.550719085597855 ], [ 169.461790651426213, -46.280727289822366 ], [ 163.273020822205837, -54.882010129178624 ], [ 166.527627685010202, -56.453894013241587 ], [ 169.643423831973934, -57.306164619563127 ], [ 171.65608447264222, -57.392536313861356 ], [ 172.624161455080582, -58.741825548728571 ], [ 174.419673638850895, -59.374007883543051 ], [ 175.332623748623803, -59.282704476170387 ], [ 176.435279097185401, -58.413735755769054 ], [ 175.652241963347564, -57.186219881051429 ], [ 175.949081997541782, -56.492096976230542 ], [ 174.732103934499435, -54.165913621441113 ], [ 179.99999999, -54.235014691938005 ], [ 179.99999999, -52.742926089137086 ] ] ], [ [ [ 179.99999999, -51.033047301872713 ], [ 179.547830585442398, -50.313246631367242 ], [ 179.859199154785728, -49.866066038145689 ], [ 178.14550988811007, -50.264136709860885 ], [ 179.99999999, -52.609855078513689 ], [ 179.99999999, -51.033047301872713 ] ] ], [ [ [ -179.99999999, -52.609855078513689 ], [ -179.675090595501359, -52.953074996159316 ], [ -179.99999999, -52.742926089137086 ], [ -179.99999999, -54.235014691938005 ], [ -179.024113854265948, -54.25059739727773 ], [ -177.110320862426079, -53.367620298704914 ], [ -179.99999999, -51.033047301872713 ], [ -179.99999999, -52.609855078513689 ] ] ] ] } },
{ "type": "Feature", "properties": { }, "geometry": { "type": "Polygon", "coordinates": [ [ [ 158.801973318541258, -52.865809570937117 ], [ 160.355299282539249, -51.566176848725547 ], [ 159.770282498473449, -49.933364895511346 ], [ 158.211708125748686, -50.3980801539605 ], [ 158.471813564118889, -50.621110677992483 ], [ 158.416646026378686, -51.901094571238382 ], [ 158.801973318541258, -52.865809570937117 ] ] ] } },
{ "type": "Feature", "properties": { }, "geometry": { "type": "Polygon", "coordinates": [ [ [ 116.42959503247701, 21.754666439493867 ], [ 114.43478963932084, 21.653001629727918 ], [ 113.569612728527289, 19.498505324873033 ], [ 112.493927809777745, 18.211171631814793 ], [ 112.449611066704549, 17.549892324081718 ], [ 114.251887625616106, 19.250381655155497 ], [ 115.37032744984343, 19.440984942409933 ], [ 117.39711295643157, 21.3978213150762 ], [ 116.755762638954423, 21.242479905877179 ], [ 116.42959503247701, 21.754666439493867 ] ] ] } },
{ "type": "Feature", "properties": { }, "geometry": { "type": "Polygon", "coordinates": [ [ [ -69.437700039299287, 28.073662888053814 ], [ -71.429203419142794, 29.756883532659227 ], [ -75.825809779974335, 29.059812945280207 ], [ -74.500108265202385, 28.733826979370395 ], [ -73.731628153913604, 27.415191281379201 ], [ -73.797925229018105, 26.38845846284757 ], [ -72.579042379139622, 25.72036192159835 ], [ -70.730264785995914, 25.513704183982281 ], [ -69.023099806285458, 24.408293980581139 ], [ -67.326328575963487, 26.674810860932276 ], [ -66.14072709853113, 26.596102464327867 ], [ -66.743400188111096, 27.461790398871205 ], [ -67.500380976666861, 27.400976698705378 ], [ -67.736494652436264, 27.97533172159871 ], [ -69.437700039299287, 28.073662888053814 ] ] ] } },
{ "type": "Feature", "properties": { }, "geometry": { "type": "Polygon", "coordinates": [ [ [ 155.985606431180912, 60.848752172103488 ], [ 161.514237249191467, 61.002730047086281 ], [ 162.480421200836616, 61.643412176030253 ], [ 156.634799592691849, 61.792756743274083 ], [ 149.818555329846333, 61.141768457551436 ], [ 142.542389837544647, 59.773621219581173 ], [ 140.867922783102131, 57.973092946591898 ], [ 149.758787483687001, 58.108524464409584 ], [ 154.415112109676727, 59.093674255598117 ], [ 155.911713647268897, 59.971921906707962 ], [ 155.254966100429868, 60.524441226043145 ], [ 155.985606431180912, 60.848752172103488 ] ] ] } },
{ "type": "Feature", "properties": { }, "geometry": { "type": "Polygon", "coordinates": [ [ [ -45.907621153435819, 74.665871422269859 ], [ -46.469041981506471, 75.150436035005171 ], [ -49.703419632436216, 74.197661130905644 ], [ -59.187025629207049, 75.323447155539682 ], [ -64.256393215416892, 73.278178657336838 ], [ -64.167639143070673, 71.856426289430658 ], [ -62.492375372407061, 70.902562853050384 ], [ -60.003843578500927, 70.843326905398385 ], [ -57.069804468144, 70.08524173116318 ], [ -56.699357599735841, 69.56180509716431 ], [ -58.772781718794455, 65.786944868544879 ], [ -58.416044028402517, 64.681089589587131 ], [ -48.915853197607504, 60.27217174678438 ], [ -44.300525834978934, 59.380764034024494 ], [ -44.2077544843578, 60.361828022631769 ], [ -43.243381350586994, 61.192593461113276 ], [ -42.823636576942683, 62.270968560262055 ], [ -40.224552695355946, 64.439304522639489 ], [ -39.785318593206789, 65.100151859687685 ], [ -39.756126284871129, 65.922327043434322 ], [ -40.964937051522021, 68.893086386727617 ], [ -41.616694172809673, 69.683478742365693 ], [ -46.988771389207059, 72.761713174608104 ], [ -47.227676399805986, 73.126469258641606 ], [ -46.808561760803968, 73.895472990763452 ], [ -45.907621153435819, 74.665871422269859 ] ] ] } },
{ "type": "Feature", "properties": { }, "geometry": { "type": "Polygon", "coordinates": [ [ [ -33.117913926849113, 80.592986456345713 ], [ -2.527251757738259, 79.852101787435373 ], [ -24.690325255931509, 82.258056743804161 ], [ -35.907457491666783, 82.772592325041842 ], [ -43.354987188986946, 81.470947030157888 ], [ -46.32785854244846, 80.285920822456077 ], [ -44.624829729613623, 80.183113348891013 ], [ -40.048943670179291, 80.667868731280493 ], [ -33.117913926849113, 80.592986456345713 ] ] ] } },
{ "type": "Feature", "properties": { }, "geometry": { "type": "Polygon", "coordinates": [ [ [ -38.346855374599023, 75.88777527192542 ], [ -29.393030733599193, 77.428375838029268 ], [ -37.722009366989091, 77.738104369107589 ], [ -48.193979639681885, 76.60861987272088 ], [ -69.471935816510324, 76.748348778614968 ], [ -73.147372624718855, 76.195792741748932 ], [ -47.623656484727128, 73.146237201815907 ], [ -44.617983771178899, 74.105678348805526 ], [ -44.074394481054512, 73.622618330665119 ], [ -38.346855374599023, 75.88777527192542 ] ] ] } },
{ "type": "Feature", "properties": { }, "geometry": { "type": "Polygon", "coordinates": [ [ [ -29.842651286960528, 77.731261368235593 ], [ -21.431985810215568, 78.590430105841961 ], [ -36.38168333919397, 78.769564534328808 ], [ -38.823835466712282, 79.227089573081216 ], [ -47.752956915745152, 77.514659686807349 ], [ -48.72400911908484, 77.711929590754522 ], [ -50.571486004991193, 76.872350554309605 ], [ -47.004334334476212, 76.955292266275393 ], [ -40.939607394493528, 77.925917567814949 ], [ -34.120498556517113, 78.0533702467647 ], [ -29.842651286960528, 77.731261368235593 ] ] ] } },
{ "type": "Feature", "properties": { }, "geometry": { "type": "Polygon", "coordinates": [ [ [ -2.537936442200178, 79.464824027885669 ], [ -38.759840046745353, 80.365603541477014 ], [ -43.204491138510065, 79.882792347433096 ], [ -44.85484650266504, 79.986797718901158 ], [ -47.074485705374414, 78.846244134696647 ], [ -50.411908060511387, 78.114931395246572 ], [ -48.530666748715255, 77.883923002309672 ], [ -39.196943284889578, 79.570608008380233 ], [ -36.723651737169504, 79.104632443744407 ], [ -27.549495811003315, 78.821274783706386 ], [ -10.39858208028469, 79.287896787970112 ], [ -3.070598847870926, 79.171956631749879 ], [ -2.537936442200178, 79.464824027885669 ] ] ] } },
{ "type": "Feature", "properties": { }, "geometry": { "type": "Polygon", "coordinates": [ [ [ -121.491573738554777, 74.114290485994516 ], [ -125.985558453862978, 74.920612688459016 ], [ -133.26162794386164, 75.33726455310385 ], [ -139.067217485342098, 74.733662661452442 ], [ -151.181491722448214, 75.253235486302884 ], [ -160.326861013210703, 74.426542859021964 ], [ -159.981244328466744, 74.240663487414537 ], [ -159.963623210468, 73.75610585361504 ], [ -157.170824132512422, 72.920514479141545 ], [ -153.768975390077713, 72.710992464318778 ], [ -152.572184278446571, 72.77553089226943 ], [ -150.518680153544835, 73.477807104462343 ], [ -140.162682951068035, 73.358570343690374 ], [ -134.486945486470944, 73.894963764265086 ], [ -130.866884589999103, 73.684397851837517 ], [ -132.550548333014234, 72.908452488389628 ], [ -128.631788846231814, 72.80975437658995 ], [ -122.655341491901893, 73.313435823721335 ], [ -121.797166340782965, 73.663600210993891 ], [ -121.491573738554777, 74.114290485994516 ] ] ] } },
{ "type": "Feature", "properties": { }, "geometry": { "type": "Polygon", "coordinates": [ [ [ -65.425929341779167, 26.554323119364444 ], [ -67.326328575963487, 26.674810860932276 ], [ -69.023099806285458, 24.408293980581139 ], [ -64.470027733693925, 21.658923081463733 ], [ -63.202446011421642, 24.084868592295727 ], [ -64.748107583755697, 25.989741269836699 ], [ -65.425929341779167, 26.554323119364444 ] ] ] } },
{ "type": "Feature", "properties": { }, "geometry": { "type": "Polygon", "coordinates": [ [ [ -113.478812151878984, -71.062572360140493 ], [ -125.940694897884839, -72.476319427372047 ], [ -129.991880214595199, -72.413044378125733 ], [ -145.434007327115296, -74.980356015618767 ], [ -142.482425563894026, -76.577000139594873 ], [ -139.295993570236504, -76.710320135515971 ], [ -122.394047787472786, -76.111693011944766 ], [ -112.698280166116533, -75.336101151100749 ], [ -113.478812151878984, -71.062572360140493 ] ] ] } },
{ "type": "Feature", "properties": { }, "geometry": { "type": "Polygon", "coordinates": [ [ [ -86.179216207866801, -71.825915657496068 ], [ -88.411459032190109, -68.557144386985243 ], [ -91.915076323600388, -69.152705964716148 ], [ -94.169366924974113, -69.921397110374869 ], [ -101.477137564731578, -70.125791340562429 ], [ -106.059988573166748, -70.772855949214744 ], [ -113.487703640054207, -70.999630779479531 ], [ -112.70050676382715, -75.314921083011612 ], [ -88.440371769453492, -74.59624658477999 ], [ -86.179216207866801, -71.825915657496068 ] ] ] } },
{ "type": "Feature", "properties": { }, "geometry": { "type": "Polygon", "coordinates": [ [ [ 138.340460080231082, 56.876894737619324 ], [ 136.15129477195714, 57.020250426076181 ], [ 136.135091958394952, 55.860774344364195 ], [ 137.055231034670925, 56.510780931896164 ], [ 138.340460080231082, 56.876894737619324 ] ] ] } },
{ "type": "Feature", "properties": { }, "geometry": { "type": "Polygon", "coordinates": [ [ [ 135.742345454883065, 52.888793756328184 ], [ 136.511047652361498, 53.841060261547838 ], [ 139.308971755672076, 54.900200150326029 ], [ 139.268273732494492, 55.869838513441856 ], [ 138.365769472112817, 56.869008130399855 ], [ 137.055231034670925, 56.510780931896164 ], [ 136.135091958394952, 55.860774344364195 ], [ 135.742345454883065, 52.888793756328184 ] ] ] } },
{ "type": "Feature", "properties": { }, "geometry": { "type": "MultiPolygon", "coordinates": [ [ [ [ 179.99999999, -49.314317829989996 ], [ 178.010925872542686, -49.43252232829979 ], [ 177.512769326527291, -49.982403319550137 ], [ 178.305239637589381, -51.132278973205615 ], [ 179.99999999, -52.194164816685593 ], [ 179.99999999, -49.314317829989996 ] ] ], [ [ [ -179.99999999, -52.194164816685593 ], [ -177.441637975918013, -55.469698735828409 ], [ -173.96285890198655, -55.229930575697004 ], [ -173.419850720662396, -55.648111242033366 ], [ -174.01067608097668, -53.798712600426704 ], [ -173.902211072261451, -50.579641974289352 ], [ -176.488181236360674, -50.170000564359 ], [ -177.997110441646043, -49.243018210135986 ], [ -179.99999999, -49.314317829989996 ], [ -179.99999999, -52.194164816685593 ] ] ] ] } },
{ "type": "Feature", "properties": { }, "geometry": { "type": "MultiPolygon", "coordinates": [ [ [ [ 179.99999999, -54.235014691938005 ], [ 176.404330313371645, -54.29784880567928 ], [ 174.732103934499435, -54.165913621441113 ], [ 175.945510481418097, -56.496013837592955 ], [ 177.501601264241145, -57.338365386004554 ], [ 178.575995111214837, -58.992460557756331 ], [ 179.99999999, -59.418719437721805 ], [ 179.99999999, -54.235014691938005 ] ] ], [ [ [ -179.99999999, -59.418719437721805 ], [ -178.658605008429419, -60.147869456196595 ], [ -176.185815138898647, -60.533478230421998 ], [ -174.652514260901, -58.50817186375248 ], [ -174.758856286918132, -56.735507735156602 ], [ -177.110320862426079, -53.367620298704914 ], [ -179.024113854265948, -54.25059739727773 ], [ -179.99999999, -54.235014691938005 ], [ -179.99999999, -59.418719437721805 ] ] ] ] } },
{ "type": "Feature", "properties": { }, "geometry": { "type": "Polygon", "coordinates": [ [ [ 171.230367753582357, -43.713545022963856 ], [ 168.305062890837178, -41.053160313728497 ], [ 163.371559600440634, -39.796617484927118 ], [ 160.643725945503888, -37.863787544646158 ], [ 160.045265667292966, -38.655442393211466 ], [ 160.722930009676332, -39.603307360574128 ], [ 162.612965337597757, -40.843633542684245 ], [ 166.26887433067904, -41.928472683746996 ], [ 168.043223263851417, -43.168214996320472 ], [ 169.521747160627541, -46.255653229353072 ], [ 170.567272373782146, -45.813711303111631 ], [ 169.903334839804302, -44.617532379199659 ], [ 169.964246291954936, -43.823422429262173 ], [ 170.252573413826326, -43.590100337765811 ], [ 171.230367753582357, -43.713545022963856 ] ] ] } },
{ "type": "Feature", "properties": { }, "geometry": { "type": "Polygon", "coordinates": [ [ [ 171.670763471528147, -43.4016047114103 ], [ 171.694456613619479, -43.051728829066597 ], [ 170.493585104002676, -41.575717627063028 ], [ 169.113923397497786, -40.466169724502308 ], [ 169.730428421795807, -41.547251411398307 ], [ 171.670763471528147, -43.4016047114103 ] ] ] } },
{ "type": "Feature", "properties": { }, "geometry": { "type": "Polygon", "coordinates": [ [ [ 154.167510602671086, -34.167605075746529 ], [ 153.810108524656442, -34.247449802885718 ], [ 153.661106425708198, -35.836761464928493 ], [ 153.076706244524757, -37.139902023401746 ], [ 151.976195187512815, -38.042998570628875 ], [ 152.116030405098144, -39.548655531025858 ], [ 153.627333091758913, -39.263780012504562 ], [ 154.620463176303986, -38.509911690207794 ], [ 154.931710744643482, -37.612232106733842 ], [ 154.835403347699156, -34.943802375111787 ], [ 154.167510602671086, -34.167605075746529 ] ] ] } },
{ "type": "Feature", "properties": { }, "geometry": { "type": "Polygon", "coordinates": [ [ [ 146.031770656909259, -34.005451533032193 ], [ 144.840774266757251, -34.441316861173753 ], [ 143.690685231437129, -34.45889526763353 ], [ 143.736710651905923, -35.427918700059308 ], [ 148.253537930355719, -35.281778396504087 ], [ 149.278517478371924, -35.716812215831972 ], [ 149.644268059249669, -34.896296823138485 ], [ 148.190097793232496, -34.299824772366762 ], [ 146.031770656909259, -34.005451533032193 ] ] ] } },
{ "type": "Feature", "properties": { }, "geometry": { "type": "Polygon", "coordinates": [ [ [ 151.832589748355645, -32.472316447859903 ], [ 149.350968814628715, -35.196009376187725 ], [ 149.351213614239299, -36.064213080831365 ], [ 150.392896759728302, -36.686568200463498 ], [ 151.463164771426989, -36.769536921345512 ], [ 152.309260722206858, -36.404622068725658 ], [ 152.530778426052876, -35.710165728873484 ], [ 153.080306079777074, -35.371855196508342 ], [ 152.955572324995728, -35.136070148217641 ], [ 153.66729942425556, -34.964275399661062 ], [ 153.792091295161214, -33.81109418831219 ], [ 152.509409111483961, -33.474159933042031 ], [ 152.341057107051398, -32.787828079653252 ], [ 151.832589748355645, -32.472316447859903 ] ] ] } },
{ "type": "Feature", "properties": { }, "geometry": { "type": "Polygon", "coordinates": [ [ [ 141.504352605810425, -34.593592157889056 ], [ 139.699462646449973, -34.342773782798801 ], [ 140.354887693991458, -36.063320599449966 ], [ 141.638449909703752, -36.068504545167364 ], [ 143.736710651905923, -35.427918700059308 ], [ 143.690685231437129, -34.45889526763353 ], [ 141.986823078716043, -34.262718957280789 ], [ 141.504352605810425, -34.593592157889056 ] ] ] } },
{ "type": "Feature", "properties": { }, "geometry": { "type": "Polygon", "coordinates": [ [ [ 136.658260003349454, -27.488351173882609 ], [ 130.09580470987828, -25.369791401855991 ], [ 128.858094620212398, -25.400651674498054 ], [ 127.303728237995216, -26.379187674020752 ], [ 130.162049433538243, -26.391909133944143 ], [ 132.985334157697679, -27.264302090796228 ], [ 137.099050235411198, -28.010153991706762 ], [ 137.799958005996928, -28.490026825097086 ], [ 136.658260003349454, -27.488351173882609 ] ] ] } },
{ "type": "Feature", "properties": { }, "geometry": { "type": "Polygon", "coordinates": [ [ [ 140.200580392339646, 2.094846869710275 ], [ 143.320896739745962, 0.722603146088025 ], [ 144.284551773131909, 0.621476533727818 ], [ 144.076632890662609, 1.11018535969047 ], [ 142.955286273048159, 1.339548887617858 ], [ 140.477944280783362, 2.844316141671488 ], [ 139.714207522369179, 2.949716229082022 ], [ 140.200580392339646, 2.094846869710275 ] ] ] } },
{ "type": "Feature", "properties": { }, "geometry": { "type": "Polygon", "coordinates": [ [ [ 147.892479663086675, 1.581396697157725 ], [ 146.365394466302092, 3.095721663966886 ], [ 143.824755483267779, 4.364069412969362 ], [ 141.968321115919451, 6.344339128760238 ], [ 140.694096494278398, 6.511140702785442 ], [ 142.92251690845913, 4.201749427954042 ], [ 143.77206280189759, 3.706346304753194 ], [ 144.507994481529835, 2.414138103695451 ], [ 146.63857221955729, 0.226570417396429 ], [ 148.586727822546294, -0.979621209663278 ], [ 149.560878981979016, -1.022462117051151 ], [ 149.57388619913732, -0.496811957378027 ], [ 149.054002910587343, -0.380802251507238 ], [ 147.569077734475684, 1.264414643404138 ], [ 147.473254128509524, 1.551970993937597 ], [ 147.892479663086675, 1.581396697157725 ] ] ] } },
{ "type": "Feature", "properties": { }, "geometry": { "type": "Polygon", "coordinates": [ [ [ 138.735840810752961, 41.968235798968195 ], [ 137.942525956546064, 42.036859100414553 ], [ 135.513618237179827, 42.7229995597148 ], [ 136.308062314336894, 41.075895482322302 ], [ 136.326308681039308, 39.979132834487963 ], [ 137.068339604650276, 40.952284483392987 ], [ 138.71719640591607, 40.360669495378737 ], [ 139.369611600674858, 40.71683240505206 ], [ 138.735840810752961, 41.968235798968195 ] ] ] } },
{ "type": "Feature", "properties": { }, "geometry": { "type": "Polygon", "coordinates": [ [ [ 141.202837645716983, 8.428862706199684 ], [ 141.77528466812754, 7.15097038549792 ], [ 142.729285783414014, 6.22918461590793 ], [ 142.586442514233681, 5.98792889136621 ], [ 142.939457222680943, 6.030744524662433 ], [ 142.953299193051464, 5.702163510136194 ], [ 143.819099846258524, 5.08015502173275 ], [ 143.145767127737969, 4.581791003860494 ], [ 144.076894772034194, 4.645835235199907 ], [ 144.651562687222793, 3.766760133724605 ], [ 144.303791360755099, 3.220529422729662 ], [ 144.84565230087324, 3.129310760676689 ], [ 144.985954555011062, 2.385438522569737 ], [ 145.414412043315338, 2.156308758180043 ], [ 145.79303570214384, 1.204892494673767 ], [ 145.525712395215407, -0.079145440073481 ], [ 145.733303120036425, -0.273704241475045 ], [ 145.436438195415292, -0.453468408456678 ], [ 145.672677181793972, -1.162826893538948 ], [ 145.186986780010614, -1.4102152656872 ], [ 145.572491447781857, -1.667874753203145 ], [ 145.125130207197913, -2.121344278417357 ], [ 145.113991623906088, -3.225667268929294 ], [ 144.573074831037246, -4.233095503279419 ], [ 144.706165917460737, -5.173798150738577 ], [ 144.300545545184292, -6.200303884129662 ], [ 144.311797972351201, -7.599445264543999 ], [ 144.733660690742283, -8.753772201163258 ], [ 144.566955424846583, -9.780755041079336 ], [ 145.13121182558379, -9.66785991478122 ], [ 144.865414778457961, -10.740575937783372 ], [ 145.322425107916104, -11.625140713141551 ], [ 145.31860453701816, -13.352598670450917 ], [ 145.629305331323366, -13.284692272612299 ], [ 145.819345087213122, -10.071449476788612 ], [ 145.194512486088456, -8.02636902982632 ], [ 145.008206708405538, -5.87589888446723 ], [ 146.014741011571942, -0.521923921527222 ], [ 146.010191587221669, 1.548028718266771 ], [ 144.329023972175946, 4.552314780995576 ], [ 141.202837645716983, 8.428862706199684 ] ] ] } },
{ "type": "Feature", "properties": { }, "geometry": { "type": "Polygon", "coordinates": [ [ [ -64.441242410858237, 17.905989795793552 ], [ -65.213772627816951, 19.2344702268358 ], [ -66.440622143445637, 20.310738246883371 ], [ -67.858036540869833, 18.525652939820215 ], [ -64.533235870378746, 16.783370434893719 ], [ -63.014762257033972, 17.035310621603692 ], [ -64.441242410858237, 17.905989795793552 ] ] ] } },
{ "type": "Feature", "properties": { }, "geometry": { "type": "Polygon", "coordinates": [ [ [ -47.905349619479004, -70.681736761442437 ], [ -49.565226146930286, -70.667152752421089 ], [ -53.708284848631514, -69.876336148817941 ], [ -55.065538195908687, -69.19907022164999 ], [ -56.382424761020111, -67.673825867904014 ], [ -58.181848753721091, -71.428542359724389 ], [ -59.62175626547608, -72.662037761417665 ], [ -61.624485972107301, -73.759503078676886 ], [ -67.050994323339751, -75.354838191479701 ], [ -78.175090319714698, -75.38140128378005 ], [ -76.36125057175903, -76.236899653677298 ], [ -71.990054905507677, -76.871524218804524 ], [ -73.728368643315335, -77.15175907893169 ], [ -79.673187028223637, -76.870580490902995 ], [ -75.174483668306038, -77.667675020111687 ], [ -76.177302883550212, -77.992777340440966 ], [ -81.632404772260358, -77.638771032159539 ], [ -77.826904162580618, -78.751576174033872 ], [ -77.271416204335964, -78.718586604563541 ], [ -77.641141361670691, -78.428625957329487 ], [ -75.306470958528038, -78.343710759411792 ], [ -72.622718312219291, -78.703803592676607 ], [ -74.004830458698947, -79.235300514059887 ], [ -72.028345712163699, -79.811580343934736 ], [ -70.574724263411667, -80.892959725530076 ], [ -69.557608943792815, -80.779602301760207 ], [ -68.911035180952979, -80.112781637521806 ], [ -67.373654612374665, -79.985230382043696 ], [ -63.440019271643664, -80.359948726417628 ], [ -62.44640321521797, -81.045616499040293 ], [ -58.787794862553781, -81.580959567028842 ], [ -58.506429658636783, -82.129690432682423 ], [ -57.310504417589243, -82.384344553153909 ], [ -47.905349619479004, -70.681736761442437 ] ] ] } },
{ "type": "Feature", "properties": { }, "geometry": { "type": "Polygon", "coordinates": [ [ [ -156.035666503238588, -60.483777394453448 ], [ -154.494614512006478, -59.6853176725214 ], [ -153.957025189394386, -58.961526835481536 ], [ -154.449126776011411, -58.09202015365247 ], [ -155.29756965115169, -57.694976293525471 ], [ -155.640641228961755, -57.654439839253918 ], [ -156.035666503238588, -60.483777394453448 ] ] ] } },
{ "type": "Feature", "properties": { }, "geometry": { "type": "Polygon", "coordinates": [ [ [ 43.822456789488335, 3.706090303186707 ], [ 43.29244815596023, 4.820592543816375 ], [ 42.457217266771622, 3.773954715835507 ], [ 40.627217525043839, 3.642198985956095 ], [ 39.422910041876193, 3.389174586549613 ], [ 38.8077101982445, 2.93303028371427 ], [ 37.870202743713406, 3.03249944404214 ], [ 36.001709946314463, 2.559399174556413 ], [ 32.338533867678159, 1.170139594605252 ], [ 32.272318524023305, 1.673361924228253 ], [ 30.603044343072185, 0.258756062469654 ], [ 29.843388600801998, -2.295196230294846 ], [ 28.742579020839944, -1.859252584205963 ], [ 27.796157934532751, -7.033756930549185 ], [ 28.115336531597325, -8.40861276673154 ], [ 27.736171121060256, -10.167096570810287 ], [ 28.902404142651694, -10.583137049802712 ], [ 29.869371206829747, -12.598940913624284 ], [ 30.969338556943825, -13.132300297140505 ], [ 32.055549954564569, -10.896336259557621 ], [ 32.760695530877399, -10.477979084417646 ], [ 34.293070697801127, -8.534497045325136 ], [ 40.314018905372421, -3.51595097288534 ], [ 43.720929344636346, 2.314383790957693 ], [ 43.512335105816028, 2.934649072969738 ], [ 43.822456789488335, 3.706090303186707 ] ] ] } },
{ "type": "Feature", "properties": { }, "geometry": { "type": "Polygon", "coordinates": [ [ [ 160.765685863861364, -53.405350679184309 ], [ 159.901275711766687, -52.00381441177705 ], [ 158.801973318541258, -52.865809570937117 ], [ 160.292289310318807, -54.633035996666152 ], [ 161.297381535568064, -53.361936396747907 ], [ 160.765685863861364, -53.405350679184309 ] ] ] } },
{ "type": "Feature", "properties": { }, "geometry": { "type": "Polygon", "coordinates": [ [ [ 24.187739800187845, -0.966848267841089 ], [ 19.603961693920159, 3.405485683820651 ], [ 18.679342734155654, 3.801570043427 ], [ 18.045884893171767, 3.854609689391949 ], [ 14.595123197324645, 2.767273075727441 ], [ 9.991307616345964, 2.134560461251086 ], [ 7.168617073942315, 2.802363896146406 ], [ 5.107900328812793, 4.030179505933011 ], [ -1.529227898242125, 0.78470339299207 ], [ -0.483271165496905, 0.175889437572778 ], [ 0.913172219231357, 0.469917050845774 ], [ 2.844994519113285, -1.709927550899301 ], [ 2.058473954978502, -3.931637188264574 ], [ 1.034404920878949, -4.789077345082146 ], [ 0.699264860861493, -6.345274636555703 ], [ 0.858971011483945, -6.943277565155064 ], [ 0.092748803260365, -7.585095047306423 ], [ -0.022086119102176, -8.297403419964031 ], [ 2.116115203629437, -10.890236425908324 ], [ 1.843075197043888, -11.441982385736695 ], [ 2.414631470183091, -13.593620996470239 ], [ 2.208942604102824, -14.733029372208637 ], [ 3.316652618591712, -17.103362011338053 ], [ 2.857679133973475, -17.610186403744038 ], [ 3.144327686695755, -18.803847478457516 ], [ 2.025787478748036, -20.702020393635049 ], [ 1.98047060077456, -21.402695541635204 ], [ 1.310681817149876, -21.95718007847152 ], [ 1.227031303072147, -22.77307915472802 ], [ 2.594984094583797, -33.008770661220844 ], [ 2.509190479071655, -35.545792542757162 ], [ 3.111203901925758, -37.40356138632098 ], [ 3.563814876655706, -37.738686088818241 ], [ 3.454583861130364, -38.435930818199381 ], [ 3.749720914648154, -38.482925899136987 ], [ 4.12129014020682, -39.541436163135479 ], [ 4.53005863411533, -39.789795441850082 ], [ 4.497998870122612, -40.653597758221437 ], [ 5.00561280038343, -40.873992764235048 ], [ 5.921882529159039, -42.710812965235554 ], [ 7.060881378484816, -43.09881816298433 ], [ 7.579847932255839, -43.613476459982166 ], [ 10.174156229184701, -43.460088817687065 ], [ 13.273338925208552, -42.445097185665823 ], [ 18.169176708585312, -39.986005365564601 ], [ 22.975495865137596, -35.852687389092715 ], [ 23.952342431052774, -32.946947122340909 ], [ 25.828782161640575, -32.7319966690957 ], [ 26.885145821853094, -31.072774123566042 ], [ 26.957924779996336, -28.613393204693935 ], [ 25.604206638931778, -27.327403006054194 ], [ 25.682691392230566, -26.329990698724586 ], [ 26.656167266839198, -25.175262247299923 ], [ 26.792045941233582, -24.494978608159059 ], [ 26.112654271096019, -23.550116257142577 ], [ 26.704567143487807, -22.475656013511301 ], [ 26.341955270128317, -21.17801340199971 ], [ 26.259619307950871, -17.863097144559102 ], [ 25.676686298293102, -16.717835608199646 ], [ 21.770540183751343, -13.199383051962185 ], [ 21.394300546392344, -10.001648341863287 ], [ 22.49558425262817, -6.373021109581346 ], [ 24.240166271026126, -5.011898772264808 ], [ 24.26047958326561, -4.284380939932007 ], [ 24.919086898912543, -3.628933633093409 ], [ 25.680496628702283, -3.398970616950462 ], [ 24.187739800187845, -0.966848267841089 ] ] ] } },
{ "type": "Feature", "properties": { }, "geometry": { "type": "MultiPolygon", "coordinates": [ [ [ [ 179.99999999, -76.970331962187004 ], [ 176.35619355111325, -76.263677537510617 ], [ 179.99999999, -85.224407190879859 ], [ 179.99999999, -76.970331962187004 ] ] ], [ [ [ -179.99999999, -85.224407190879859 ], [ -166.284453770680273, -85.47949939840727 ], [ -166.948718232635684, -77.94049332665935 ], [ -166.670505684874712, -77.085509473905162 ], [ -177.570079089006839, -76.506502233582651 ], [ -179.99999999, -76.970331962187004 ], [ -179.99999999, -85.224407190879859 ] ] ], [ [ [ -132.012386248871309, -86.11691749469513 ], [ -20.330360178768764, -88.194065142757921 ], [ -6.457078604482375, -67.971397937692117 ], [ -7.720575984660708, -67.811809032211528 ], [ -8.616072967587192, -68.136860227444245 ], [ -13.261536892793512, -68.260970202284369 ], [ -18.396338957667691, -69.050186552764842 ], [ -22.371737931217478, -70.779325585966035 ], [ -41.895131529997556, -70.092068608936643 ], [ -47.905349619479004, -70.681736761442437 ], [ -57.310504417589243, -82.384344553153909 ], [ -58.506429658636783, -82.129690432682423 ], [ -58.787794862553781, -81.580959567028842 ], [ -62.44640321521797, -81.045616499040293 ], [ -63.440019271643664, -80.359948726417628 ], [ -67.373654612374665, -79.985230382043696 ], [ -68.911035180952979, -80.112781637521806 ], [ -69.557608943792815, -80.779602301760207 ], [ -70.574724263411667, -80.892959725530076 ], [ -72.028345712163699, -79.811580343934736 ], [ -74.004830458698947, -79.235300514059887 ], [ -80.781686168813351, -81.070229135211846 ], [ -78.635189103154303, -81.423257923813566 ], [ -85.375939490488818, -81.917772186923344 ], [ -83.79345830413331, -82.165354891218314 ], [ -84.294817695423873, -82.6850791602931 ], [ -81.713398067648313, -82.964443105544802 ], [ -75.66038288347228, -82.767050092570813 ], [ -73.682198225402914, -83.047223270339174 ], [ -75.84678587582853, -83.84839001198354 ], [ -83.794515365870566, -84.32970286587603 ], [ -93.063114599724784, -83.393096668543052 ], [ -101.826382092351437, -83.108371934782767 ], [ -106.292660849645259, -82.33842709888772 ], [ -110.656571290544306, -84.382310281590932 ], [ -132.012386248871309, -86.11691749469513 ] ] ] ] } },
{ "type": "Feature", "properties": { }, "geometry": { "type": "Polygon", "coordinates": [ [ [ 12.177621591531814, 29.999745395580419 ], [ 9.661398735721834, 30.283068112985593 ], [ 9.622716601961049, 29.510385853164287 ], [ 8.917290384352624, 28.66837158055176 ], [ 6.273370122282744, 27.697851258708543 ], [ 5.778834004955463, 26.103154513447109 ], [ 4.873340994767359, 20.093528094544023 ], [ 6.862416446418743, 15.883378326496533 ], [ 7.216910868329174, 13.961498164834495 ], [ 7.921647652487856, 12.755492361698916 ], [ 8.864778185271922, 9.798410087475819 ], [ 8.346444950185072, 7.906680332995532 ], [ 6.729580050290335, 5.20850715670075 ], [ 5.107900328812793, 4.030179505933011 ], [ 7.168617073942315, 2.802363896146406 ], [ 9.991307616345964, 2.134560461251086 ], [ 14.595123197324645, 2.767273075727441 ], [ 18.045884893171767, 3.854609689391949 ], [ 18.679342734155654, 3.801570043427 ], [ 19.603961693920159, 3.405485683820651 ], [ 24.187739800187845, -0.966848267841089 ], [ 25.680496628702283, -3.398970616950462 ], [ 29.597319856666552, -2.103574676753247 ], [ 30.645942727641753, -2.565588906013783 ], [ 31.428614372652138, -0.018569301059772 ], [ 33.110274633242497, 1.381149089212993 ], [ 33.340060015803381, 2.290840742517711 ], [ 33.036831522414374, 4.508484477647285 ], [ 33.502631998088532, 5.206397727295569 ], [ 32.957479380403093, 7.836344390965329 ], [ 33.003395822044666, 9.476284050086809 ], [ 33.210948348543106, 8.795645850228407 ], [ 32.64592613461663, 10.663330415536993 ], [ 31.453791234402008, 11.453762509641681 ], [ 31.262827817378181, 14.610034868729008 ], [ 30.10398348289586, 17.208265831848831 ], [ 28.755684273109644, 19.843904913617425 ], [ 27.412283726377726, 21.330160432448775 ], [ 27.027855570314173, 22.914276871446113 ], [ 27.152986527005101, 24.162021391832479 ], [ 25.361539981336637, 24.421152174152088 ], [ 24.155645230252411, 23.693251748545411 ], [ 22.89869763358918, 24.079780325552903 ], [ 22.468545523487077, 24.539298578573618 ], [ 20.856344002556046, 25.01031016507736 ], [ 20.85630330664177, 25.325463118809221 ], [ 18.909535372546774, 25.668779986147889 ], [ 16.002672619860125, 27.369638960567428 ], [ 15.05559166483336, 28.485819633046454 ], [ 13.368125163116337, 28.526083297763176 ], [ 12.405655036460821, 28.962663156255022 ], [ 12.177621591531814, 29.999745395580419 ] ] ] } },
{ "type": "Feature", "properties": { }, "geometry": { "type": "Polygon", "coordinates": [ [ [ 123.106579228424266, -23.271070157845941 ], [ 122.410620634509641, -22.097397705050117 ], [ 118.691448682169337, -22.294929990057486 ], [ 117.206601035946179, -23.104040077131746 ], [ 118.031941335329293, -23.971040575649649 ], [ 119.350757471705847, -24.53719261550085 ], [ 120.256167268576931, -24.241558863500693 ], [ 120.407765661991064, -23.239943644168822 ], [ 123.106579228424266, -23.271070157845941 ] ] ] } },
{ "type": "Feature", "properties": { }, "geometry": { "type": "Polygon", "coordinates": [ [ [ 118.304697461907978, -26.496326510852082 ], [ 118.079175813117658, -26.194333761105892 ], [ 115.437150126670403, -26.361623350174909 ], [ 114.573477825756072, -25.499088903941971 ], [ 112.352203200133033, -24.524730858494735 ], [ 111.389795055549627, -24.500448792496762 ], [ 112.688764869368356, -25.616224467195444 ], [ 112.306703607619909, -27.079313510955174 ], [ 113.194011431583874, -28.017247897549144 ], [ 115.062350083175247, -28.173510819649195 ], [ 116.682186694129456, -27.505254592956796 ], [ 117.376033224385736, -26.497183203937364 ], [ 118.304697461907978, -26.496326510852082 ] ] ] } },
{ "type": "Feature", "properties": { }, "geometry": { "type": "Polygon", "coordinates": [ [ [ 120.132351929336167, -24.419231530698994 ], [ 116.902896833236781, -24.215738176013549 ], [ 115.747944369361292, -23.781594877085805 ], [ 116.34443317162669, -24.622374533381375 ], [ 117.419285277145789, -25.046135494418504 ], [ 120.667228784840148, -25.047617773778097 ], [ 120.132351929336167, -24.419231530698994 ] ] ] } },
{ "type": "Feature", "properties": { }, "geometry": { "type": "Polygon", "coordinates": [ [ [ 145.700439591988868, -16.104444686698095 ], [ 146.590109184973556, -14.007100539730995 ], [ 143.894434369610849, -16.444453026637341 ], [ 145.700439591988868, -16.104444686698095 ] ] ] } },
{ "type": "Feature", "properties": { }, "geometry": { "type": "Polygon", "coordinates": [ [ [ -148.540574562758366, 66.533793529626124 ], [ -144.708609871417138, 67.288675075682832 ], [ -143.510787478151542, 68.027993419101279 ], [ -141.462529046406758, 68.491207112277749 ], [ -141.108928431941735, 68.848711224716723 ], [ -149.117021933149346, 67.105660145794559 ], [ -148.540574562758366, 66.533793529626124 ] ] ] } },
{ "type": "Feature", "properties": { }, "geometry": { "type": "Polygon", "coordinates": [ [ [ -108.222129933901471, 55.017070617164663 ], [ -110.941851412459471, 56.127856663236457 ], [ -111.046366054073076, 55.497383084302847 ], [ -111.846254835066176, 55.584541698225792 ], [ -110.394523242736085, 53.620726419133391 ], [ -110.568833934156714, 53.078781204733097 ], [ -111.343251875078153, 52.793375764482711 ], [ -114.161764753938328, 54.051623059406992 ], [ -115.161534139196974, 54.985740006582738 ], [ -117.08657845237741, 55.725287798913406 ], [ -114.177262415323625, 53.834260487457854 ], [ -115.320650173729177, 54.219145001709343 ], [ -115.180810168623168, 53.74381096401887 ], [ -114.170061324082084, 53.11575594325469 ], [ -113.431305256874623, 50.801830970997344 ], [ -113.478687942352508, 47.488293510931136 ], [ -108.086956139633713, 46.388579232582551 ], [ -105.196205550773598, 46.257467409648115 ], [ -101.232993164449582, 46.777351406056582 ], [ -103.138506494413562, 47.613110899400361 ], [ -103.500875448179954, 49.171586752396152 ], [ -103.262007429620638, 50.61832825166514 ], [ -105.783581922130963, 51.045058041084715 ], [ -106.6816442230582, 51.903971998685428 ], [ -106.356609743753651, 53.130066021919959 ], [ -107.738492811482203, 53.276899926838247 ], [ -108.419281199328566, 54.467765755886113 ], [ -108.222129933901471, 55.017070617164663 ] ] ] } },
{ "type": "Feature", "properties": { }, "geometry": { "type": "Polygon", "coordinates": [ [ [ -135.046279637249171, 69.114225520000574 ], [ -139.286177712357443, 68.186737638800281 ], [ -140.297840972774026, 67.408271470955398 ], [ -136.821401748770484, 68.229200122873721 ], [ -134.374816655314731, 68.314707388599999 ], [ -133.117938909065856, 67.901684186908952 ], [ -131.919751478720769, 66.772215657207951 ], [ -130.678674729379964, 66.437088988499369 ], [ -128.373703812432638, 66.043552730414234 ], [ -129.203358802366495, 66.614832777996995 ], [ -128.636912152691622, 66.826259911678193 ], [ -125.458463102334761, 66.264889282859755 ], [ -129.001532261552995, 67.770273281966553 ], [ -132.029131493970596, 68.594038964942797 ], [ -135.046279637249171, 69.114225520000574 ] ] ] } },
{ "type": "Feature", "properties": { }, "geometry": { "type": "Polygon", "coordinates": [ [ [ -122.032897153126612, 63.301910857926458 ], [ -125.128705126104663, 64.841229101746961 ], [ -126.505494523172814, 65.307612944240603 ], [ -124.568569351052346, 63.587031544132927 ], [ -124.344998363269795, 62.80996988792166 ], [ -122.329982042849053, 60.424046822656997 ], [ -121.935785978465589, 61.984336157146849 ], [ -122.032897153126612, 63.301910857926458 ] ] ] } },
{ "type": "Feature", "properties": { }, "geometry": { "type": "Polygon", "coordinates": [ [ [ -126.703063898567436, 65.4641911355221 ], [ -130.90967145813957, 65.831309488682734 ], [ -132.69324085099359, 65.558457669655709 ], [ -133.89878783613446, 64.86122422912058 ], [ -130.01330181028888, 64.500421667201124 ], [ -124.344998363269795, 62.80996988792166 ], [ -124.568569351052346, 63.587031544132927 ], [ -126.703063898567436, 65.4641911355221 ] ] ] } },
{ "type": "Feature", "properties": { }, "geometry": { "type": "Polygon", "coordinates": [ [ [ -129.847327080616424, 65.847859778249799 ], [ -132.935769919949621, 66.584730114782388 ], [ -136.521296952092996, 66.621003121385101 ], [ -142.432169412467687, 63.501321469647216 ], [ -147.98529787322974, 61.479315847481523 ], [ -149.599111029127954, 60.088887362308078 ], [ -144.430875919213946, 60.651157723650208 ], [ -132.707474066294026, 64.64683528154174 ], [ -130.7268339855828, 64.541996957324272 ], [ -133.89878783613446, 64.86122422912058 ], [ -132.69324085099359, 65.558457669655709 ], [ -129.847327080616424, 65.847859778249799 ] ] ] } },
{ "type": "Feature", "properties": { }, "geometry": { "type": "Polygon", "coordinates": [ [ [ -109.030865377475322, 58.800118990950487 ], [ -108.837963636857822, 58.312675855642368 ], [ -108.517945938583594, 57.998296812789853 ], [ -108.495640337580568, 58.475281233403678 ], [ -109.030865377475322, 58.800118990950487 ] ] ] } },
{ "type": "Feature", "properties": { }, "geometry": { "type": "Polygon", "coordinates": [ [ [ -143.592630226915816, 70.872057907740142 ], [ -146.5366510538135, 70.572454904354473 ], [ -146.696354620063005, 70.171905258648934 ], [ -147.489400612690162, 69.839424558332922 ], [ -149.796885267950984, 69.250873760773743 ], [ -150.57883410082303, 68.517936605047794 ], [ -150.59583270676157, 67.801725811117663 ], [ -148.943448571575487, 68.220797038578056 ], [ -148.366394100096045, 69.056995440960023 ], [ -144.022267991649159, 70.465502544290885 ], [ -143.592630226915816, 70.872057907740142 ] ] ] } },
{ "type": "Feature", "properties": { }, "geometry": { "type": "Polygon", "coordinates": [ [ [ -143.537753135282173, 69.799758053367555 ], [ -144.679885726188189, 69.698157810988704 ], [ -144.970570378363533, 69.48312091342153 ], [ -144.681443729557969, 69.305975226988792 ], [ -143.537753135282173, 69.799758053367555 ] ] ] } },
{ "type": "Feature", "properties": { }, "geometry": { "type": "Polygon", "coordinates": [ [ [ -148.324569098965043, 70.339461660023545 ], [ -149.233148916937267, 69.818164668092905 ], [ -150.23337729523135, 69.576477071429906 ], [ -149.593606812430636, 69.306058695990828 ], [ -147.489400612690162, 69.839424558332922 ], [ -146.696354620063005, 70.171905258648934 ], [ -146.5366510538135, 70.572454904354473 ], [ -148.324569098965043, 70.339461660023545 ] ] ] } },
{ "type": "Feature", "properties": { }, "geometry": { "type": "Polygon", "coordinates": [ [ [ 126.686631420088375, 34.110241573416857 ], [ 126.546666818215058, 35.582237733143764 ], [ 127.271945817851673, 39.156129704515507 ], [ 126.360896854915481, 40.120199354927379 ], [ 120.947204670896994, 33.560063485990867 ], [ 125.380432835963447, 33.568641815659873 ], [ 126.686631420088375, 34.110241573416857 ] ] ] } },
{ "type": "Feature", "properties": { }, "geometry": { "type": "Polygon", "coordinates": [ [ [ 127.265469130794656, 43.517264077035129 ], [ 124.426329900677047, 44.78230584900755 ], [ 120.888276119827012, 43.810100563693588 ], [ 120.392616447925136, 44.001242228165573 ], [ 118.38368856578029, 42.295299042637033 ], [ 116.39016294493436, 39.571352045972894 ], [ 116.278796849430705, 37.734287317848583 ], [ 114.544257098010846, 33.403039782742809 ], [ 116.749962241760571, 33.253339906812613 ], [ 118.633278960970841, 33.670144917968734 ], [ 120.947204670896994, 33.560063485990867 ], [ 126.360896854915481, 40.120199354927379 ], [ 125.656511905706452, 41.080801023162877 ], [ 125.585043466105958, 41.730964940817827 ], [ 127.275763089157323, 42.983773468073117 ], [ 127.265469130794656, 43.517264077035129 ] ] ] } },
{ "type": "Feature", "properties": { }, "geometry": { "type": "Polygon", "coordinates": [ [ [ 77.896032773633578, 36.073650273183389 ], [ 75.759071059638714, 36.434049157723294 ], [ 74.702677013041097, 37.014702179291888 ], [ 73.003497826510497, 37.179975639060046 ], [ 71.162482724407965, 36.510941303448156 ], [ 73.058124833616318, 36.03630079262679 ], [ 76.866207393049251, 34.218183176752937 ], [ 79.364693843405192, 33.703590626021551 ], [ 87.831971266791669, 33.373359687119979 ], [ 87.106748760446692, 34.312751031704437 ], [ 85.858239699678606, 34.630739662374708 ], [ 82.385375572759557, 34.61938815140492 ], [ 81.565419064692691, 34.929344176549861 ], [ 81.879454041947568, 35.079978346260376 ], [ 81.259398103273938, 35.700720492723988 ], [ 80.295752857527816, 36.108778987951986 ], [ 77.896032773633578, 36.073650273183389 ] ] ] } },
{ "type": "Feature", "properties": { }, "geometry": { "type": "Polygon", "coordinates": [ [ [ 89.945932340867728, 33.293070382013532 ], [ 92.337787524126085, 32.77447812601234 ], [ 94.493739162217835, 31.225479914081227 ], [ 93.437998688284253, 32.591408879039484 ], [ 91.206495831011338, 33.384549954165777 ], [ 89.945932340867728, 33.293070382013532 ] ] ] } },
{ "type": "Feature", "properties": { }, "geometry": { "type": "Polygon", "coordinates": [ [ [ 84.437115165193177, 22.919343558247935 ], [ 83.604920950487951, 23.184274171221201 ], [ 82.555078978582443, 22.731333202569139 ], [ 83.560744268692972, 22.608007027189451 ], [ 84.437115165193177, 22.919343558247935 ] ] ] } },
{ "type": "Feature", "properties": { }, "geometry": { "type": "Polygon", "coordinates": [ [ [ 69.91429782959699, 18.163650674965311 ], [ 67.952926170580568, 19.216923761355265 ], [ 67.855311072791579, 19.100085196759377 ], [ 68.122319845091113, 18.386113107022712 ], [ 69.91429782959699, 18.163650674965311 ] ] ] } },
{ "type": "Feature", "properties": { }, "geometry": { "type": "Polygon", "coordinates": [ [ [ -110.375001918613108, 53.281235014832845 ], [ -111.846254835066176, 55.584541698225792 ], [ -113.769836200394764, 56.064722516970029 ], [ -115.066237254435748, 57.118975131328192 ], [ -116.577661972707091, 57.51929376328124 ], [ -118.633791248516744, 59.183059972674911 ], [ -121.857576513256447, 59.931968767445426 ], [ -120.252967444472119, 58.124279926501984 ], [ -117.08657845237741, 55.725287798913406 ], [ -115.161534139196974, 54.985740006582738 ], [ -114.161764753938328, 54.051623059406992 ], [ -112.123975599228274, 53.018052187903393 ], [ -111.343251875078153, 52.793375764482711 ], [ -110.375001918613108, 53.281235014832845 ] ] ] } },
{ "type": "Feature", "properties": { }, "geometry": { "type": "Polygon", "coordinates": [ [ [ -156.146714809475355, 65.186311080089411 ], [ -155.462200371388064, 64.864663347517691 ], [ -152.001512070123624, 66.391430227533846 ], [ -146.707233586288481, 67.654448501870348 ], [ -146.416537128767573, 68.334322358191869 ], [ -144.980930006185019, 69.07810613388699 ], [ -150.59583270676157, 67.801725811117663 ], [ -150.57883410082303, 68.517936605047794 ], [ -149.593606812430636, 69.306058695990828 ], [ -150.127007948971055, 69.449016566545609 ], [ -150.464365772625143, 70.120712749245683 ], [ -154.396397019221183, 69.662395908479951 ], [ -157.959204486354054, 69.033277214711219 ], [ -161.250156239834979, 66.800549333470528 ], [ -161.50358717981419, 66.242279871774869 ], [ -160.331209169208506, 65.5725287843552 ], [ -156.146714809475355, 65.186311080089411 ] ] ] } },
{ "type": "Feature", "properties": { }, "geometry": { "type": "Polygon", "coordinates": [ [ [ 133.001678221872226, -7.654611143448799 ], [ 129.811162786597663, -7.063489248286035 ], [ 130.322418747391907, -7.680018222009303 ], [ 133.001678221872226, -7.654611143448799 ] ] ] } },
{ "type": "Feature", "properties": { }, "geometry": { "type": "Polygon", "coordinates": [ [ [ 134.851696965045448, -5.975681364988963 ], [ 131.952857023040167, -5.204570796591511 ], [ 130.33746880805964, -6.675082190225303 ], [ 131.610543919977914, -6.49980718610553 ], [ 132.234308996483065, -6.933404316732308 ], [ 133.15900587707381, -6.982403489502315 ], [ 134.851696965045448, -5.975681364988963 ] ] ] } },
{ "type": "Feature", "properties": { }, "geometry": { "type": "Polygon", "coordinates": [ [ [ 129.647528673615511, -4.851073721315576 ], [ 128.171161358334899, -3.582114738023964 ], [ 129.588159090500795, -5.083817810351426 ], [ 129.796061364234248, -6.558773650902761 ], [ 130.154648748015802, -6.706150183783365 ], [ 129.647528673615511, -4.851073721315576 ] ] ] } },
{ "type": "Feature", "properties": { }, "geometry": { "type": "Polygon", "coordinates": [ [ [ 130.154648748015802, -6.706150183783365 ], [ 129.796061364234248, -6.558773650902761 ], [ 129.588159090500795, -5.083817810351426 ], [ 126.96982181066646, -2.788815024939034 ], [ 129.416190316411871, -5.651981319650374 ], [ 129.285973152698631, -6.361351435493957 ], [ 129.811162786597663, -7.063489248286035 ], [ 130.185735663560592, -7.128863090325714 ], [ 130.154648748015802, -6.706150183783365 ] ] ] } },
{ "type": "Feature", "properties": { }, "geometry": { "type": "Polygon", "coordinates": [ [ [ 109.164056662959936, 21.787154165459857 ], [ 107.682496175409611, 21.387333567712385 ], [ 104.651497668481767, 21.578091465854339 ], [ 106.979846429163374, 18.99125899895208 ], [ 108.694902420955032, 20.518187045191254 ], [ 109.164056662959936, 21.787154165459857 ] ] ] } },
{ "type": "Feature", "properties": { }, "geometry": { "type": "Polygon", "coordinates": [ [ [ 107.770976275193007, 17.451645302646838 ], [ 108.050468644919604, 18.807486724695078 ], [ 109.012886258523451, 19.856244235100032 ], [ 109.062715147699279, 20.290903522360065 ], [ 107.345132200043551, 18.766277975976067 ], [ 107.770976275193007, 17.451645302646838 ] ] ] } },
{ "type": "Feature", "properties": { }, "geometry": { "type": "Polygon", "coordinates": [ [ [ -154.144376068355371, 64.334150983598505 ], [ -153.109075326688242, 63.848499838400734 ], [ -150.523120089424026, 64.958472718412494 ], [ -150.305250607050311, 65.529224294942338 ], [ -149.889329021946565, 65.653585689690274 ], [ -150.520135313267929, 66.101675842317931 ], [ -151.621181804577134, 66.07212871461951 ], [ -154.144376068355371, 64.334150983598505 ] ] ] } },
{ "type": "Feature", "properties": { }, "geometry": { "type": "MultiPolygon", "coordinates": [ [ [ [ 179.99999999, 71.965692769212808 ], [ 179.1754839456882, 71.866797028727163 ], [ 179.99999999, 71.706384748718918 ], [ 179.99999999, 71.965692769212808 ] ] ], [ [ [ -179.99999999, 71.706384748718918 ], [ -178.86087911599941, 71.474252340347064 ], [ -177.960093090810886, 71.302061584677759 ], [ -178.292024436558648, 72.156370338993625 ], [ -179.99999999, 71.965692769212808 ], [ -179.99999999, 71.706384748718918 ] ] ] ] } },
{ "type": "Feature", "properties": { }, "geometry": { "type": "Polygon", "coordinates": [ [ [ 165.393171851066739, 65.757058527218817 ], [ 169.52909115862775, 67.834131710450251 ], [ 170.716712479535971, 68.993313270816927 ], [ 174.909934957382035, 71.500401409334927 ], [ 173.852976134104495, 71.442810190009837 ], [ 172.229860496364694, 70.649544336524983 ], [ 169.547247221807737, 70.314493708045291 ], [ 169.966777556739203, 70.200590749753303 ], [ 166.384701267102599, 67.71677214364378 ], [ 162.703641285611866, 66.447809603177248 ], [ 158.849417131931062, 65.676229436106794 ], [ 156.826267697418672, 64.889158733791291 ], [ 155.063744283286837, 63.314481159215937 ], [ 152.616571437965803, 63.20961195500589 ], [ 150.233681471193336, 62.420618883314837 ], [ 150.292998503516799, 62.03208653964866 ], [ 153.49519181235982, 62.122789967714233 ], [ 155.972938365131967, 62.718685445243786 ], [ 159.525113124278477, 65.403864863679985 ], [ 159.904860316797681, 64.890591180197617 ], [ 161.079520278068259, 64.31269297951053 ], [ 159.979114931566869, 63.527173184994979 ], [ 160.862371756974426, 63.072836704349321 ], [ 163.887909208167997, 64.436699058659613 ], [ 165.393171851066739, 65.757058527218817 ] ] ] } },
{ "type": "Feature", "properties": { }, "geometry": { "type": "Polygon", "coordinates": [ [ [ 132.32426541795391, 79.401112132088528 ], [ 128.496868216583067, 79.644463784933706 ], [ 124.142188415083268, 79.41288474932287 ], [ 116.756375993436691, 78.810687585048015 ], [ 117.166045009856816, 78.937553734752939 ], [ 112.569588585923086, 78.130966583460548 ], [ 122.899225005457737, 76.148985961158743 ], [ 127.317367897610183, 74.720741142644485 ], [ 129.982327638246204, 74.26904559144576 ], [ 133.352196894554254, 72.847032459307897 ], [ 136.516381364182308, 73.191998336223676 ], [ 143.214158922681378, 73.078056894677886 ], [ 140.398123193120682, 74.183093900250597 ], [ 138.326589947202194, 75.50119980457815 ], [ 136.227716039817551, 75.972381785453038 ], [ 137.407684317182429, 76.125316985587162 ], [ 130.312226189191023, 77.556117057015598 ], [ 132.203410513737964, 78.284212538464203 ], [ 132.32426541795391, 79.401112132088528 ] ] ] } },
{ "type": "Feature", "properties": { }, "geometry": { "type": "MultiPolygon", "coordinates": [ [ [ [ 179.99999999, 70.756196091078067 ], [ 176.959222275683544, 71.067213266908709 ], [ 176.791614967995514, 71.535168435644124 ], [ 176.164444196638726, 71.692136010323594 ], [ 175.065064258265153, 71.601204054180442 ], [ 174.589026587533596, 71.076983719954754 ], [ 170.716712479535971, 68.993313270816927 ], [ 169.52909115862775, 67.834131710450251 ], [ 165.393171851066739, 65.757058527218817 ], [ 163.887909208167997, 64.436699058659613 ], [ 170.595136256269683, 66.47023259060559 ], [ 177.011244968562863, 65.874388198329669 ], [ 179.99999999, 66.691224915589785 ], [ 179.99999999, 70.756196091078067 ] ] ], [ [ [ -179.99999999, 66.691224915589785 ], [ -176.423016470690413, 66.0436236972714 ], [ -176.916145084269488, 68.013212270501185 ], [ -178.63619213115237, 68.664969899267902 ], [ -177.309552729490747, 69.375207361627616 ], [ -177.570958644031407, 70.193748686340342 ], [ -179.99999999, 70.756196091078067 ], [ -179.99999999, 66.691224915589785 ] ] ] ] } },
{ "type": "Feature", "properties": { }, "geometry": { "type": "MultiPolygon", "coordinates": [ [ [ [ 179.99999999, 71.706384748718918 ], [ 176.884849838348913, 72.49029337106208 ], [ 173.740337361628093, 72.693638418765289 ], [ 172.055750665848564, 72.529484014597685 ], [ 170.603125730843971, 71.317433401486952 ], [ 169.17360429826536, 70.751473149727403 ], [ 169.547247221807737, 70.314493708045291 ], [ 172.229860496364694, 70.649544336524983 ], [ 173.852976134104495, 71.442810190009837 ], [ 176.164444196638726, 71.692136010323594 ], [ 176.791614967995514, 71.535168435644124 ], [ 176.959222275683544, 71.067213266908709 ], [ 179.99999999, 70.756196091078067 ], [ 179.99999999, 71.706384748718918 ] ] ], [ [ [ -179.99999999, 70.756196091078067 ], [ -178.297515613756701, 70.354637762717772 ], [ -177.570958644031407, 70.193748686340342 ], [ -177.960093090810886, 71.302061584677759 ], [ -179.99999999, 71.706384748718918 ], [ -179.99999999, 70.756196091078067 ] ] ] ] } },
{ "type": "Feature", "properties": { }, "geometry": { "type": "Polygon", "coordinates": [ [ [ 155.940824095526381, 63.376502951479395 ], [ 160.06895594520492, 64.312920428884695 ], [ 158.275174300210125, 65.067600065676885 ], [ 156.449902135267024, 65.39206103203378 ], [ 151.008045771686852, 64.992274873894146 ], [ 151.158641369174262, 64.554637829069293 ], [ 149.447261991987375, 64.037775118404809 ], [ 147.898194927722557, 64.094241567511858 ], [ 144.276007139826845, 65.131751024072145 ], [ 142.459058489513552, 64.88773110440998 ], [ 141.901819669563054, 64.454411191688308 ], [ 143.115098746993908, 63.889288748818501 ], [ 146.569888073498902, 61.204707191317588 ], [ 148.677231682736846, 61.089006656691964 ], [ 148.762431876756722, 61.476363753307268 ], [ 151.323515103695684, 62.0593701268524 ], [ 153.672040977327811, 61.966684338644924 ], [ 155.940824095526381, 63.376502951479395 ] ] ] } },
{ "type": "Feature", "properties": { }, "geometry": { "type": "Polygon", "coordinates": [ [ [ 148.020983906224274, 66.451553547749228 ], [ 148.897947351263099, 66.099800714921855 ], [ 150.873116552406856, 66.028956762110056 ], [ 156.38624672400951, 66.906249883401372 ], [ 152.821539876726519, 68.296245225376097 ], [ 151.671208478222468, 67.839965141808761 ], [ 151.034247502629398, 67.171945126649746 ], [ 149.347055830029461, 67.301508620874799 ], [ 149.356566918483509, 67.030102769463625 ], [ 148.020983906224274, 66.451553547749228 ] ] ] } },
{ "type": "Feature", "properties": { }, "geometry": { "type": "Polygon", "coordinates": [ [ [ 149.347055830029461, 67.301508620874799 ], [ 146.454861681718882, 68.168151940783844 ], [ 145.759670689385047, 68.054138393423258 ], [ 145.10139481731224, 67.358805719892374 ], [ 148.020983906224274, 66.451553547749228 ], [ 149.356566918483509, 67.030102769463625 ], [ 149.347055830029461, 67.301508620874799 ] ] ] } },
{ "type": "Feature", "properties": { }, "geometry": { "type": "Polygon", "coordinates": [ [ [ 151.796331993237033, 70.462648110315556 ], [ 151.901832357790937, 69.15348958123802 ], [ 152.821539876726519, 68.296245225376097 ], [ 156.38624672400951, 66.906249883401372 ], [ 160.721541012450103, 66.147255385805067 ], [ 164.362687258759763, 66.942454559269962 ], [ 167.186873089267351, 68.311008520031223 ], [ 157.064060372452758, 70.193058096311958 ], [ 151.796331993237033, 70.462648110315556 ] ] ] } },
{ "type": "Feature", "properties": { }, "geometry": { "type": "Polygon", "coordinates": [ [ [ 151.034247502629398, 67.171945126649746 ], [ 151.671208478222468, 67.839965141808761 ], [ 152.821539876726519, 68.296245225376097 ], [ 151.901832357790937, 69.15348958123802 ], [ 151.754397385465097, 70.804553505845135 ], [ 149.564385851385111, 70.524301239961503 ], [ 148.263248214772943, 69.668665582574846 ], [ 147.959480805326706, 68.954142892064226 ], [ 148.178184631402615, 68.404740517838661 ], [ 148.79807827643117, 68.276640433482186 ], [ 148.523993144696448, 67.59099267860914 ], [ 149.790945205012889, 67.140122434791749 ], [ 151.034247502629398, 67.171945126649746 ] ] ] } },
{ "type": "Feature", "properties": { }, "geometry": { "type": "Polygon", "coordinates": [ [ [ -151.621181804577134, 66.07212871461951 ], [ -154.34761862813113, 65.223145560312631 ], [ -155.187061322633525, 64.752558970787518 ], [ -154.144376068355371, 64.334150983598505 ], [ -151.621181804577134, 66.07212871461951 ] ] ] } },
{ "type": "Feature", "properties": { }, "geometry": { "type": "Polygon", "coordinates": [ [ [ -129.096425034686064, 66.423371017930876 ], [ -125.128705126104663, 64.841229101746961 ], [ -122.032897153126612, 63.301910857926458 ], [ -122.470007621095988, 64.407559556194769 ], [ -125.458463102334761, 66.264889282859755 ], [ -128.636912152691622, 66.826259911678193 ], [ -129.213479136955158, 66.709691638096459 ], [ -129.096425034686064, 66.423371017930876 ] ] ] } },
{ "type": "Feature", "properties": { }, "geometry": { "type": "Polygon", "coordinates": [ [ [ -162.544476165687911, 57.374628897730524 ], [ -149.599111029127954, 60.088887362308078 ], [ -147.98529787322974, 61.479315847481523 ], [ -162.63740075853778, 57.73946935396787 ], [ -162.544476165687911, 57.374628897730524 ] ] ] } },
{ "type": "Feature", "properties": { }, "geometry": { "type": "Polygon", "coordinates": [ [ [ -179.350274579290272, 74.433478689251714 ], [ -178.290944393141899, 72.153713957199244 ], [ -167.881930299998601, 72.562512266749081 ], [ -168.777913279922075, 72.775217960657727 ], [ -179.350274579290272, 74.433478689251714 ] ] ] } },
{ "type": "Feature", "properties": { }, "geometry": { "type": "MultiPolygon", "coordinates": [ [ [ [ 179.99999999, 75.95042974512269 ], [ 179.758304643419336, 75.949472726685514 ], [ 179.99999999, 75.568090160542354 ], [ 179.99999999, 75.95042974512269 ] ] ], [ [ [ -179.99999999, 75.95042974512269 ], [ -179.350274579290272, 74.433478689251714 ], [ -167.455233653096457, 72.457696536590205 ], [ -156.460200880640969, 72.78174641426908 ], [ -157.78548221237466, 73.262285332528506 ], [ -164.611076666547746, 73.883328477313015 ], [ -172.465791073086422, 75.339956422847649 ], [ -177.892423725252513, 75.948598084279425 ], [ -179.99999999, 75.95042974512269 ] ] ] ] } },
{ "type": "Feature", "properties": { }, "geometry": { "type": "Polygon", "coordinates": [ [ [ -26.359115736933752, -50.679540282830565 ], [ -26.945957410947436, -50.483935639832843 ], [ -37.291487413421883, -50.995004733963569 ], [ -41.32992221782257, -56.071992563240464 ], [ -38.149971067131581, -55.613382140343305 ], [ -35.651054995825795, -54.639519327011826 ], [ -31.164420637720799, -53.899949869832 ], [ -29.159652272419784, -53.223927707374948 ], [ -26.722126008358501, -51.325131744062688 ], [ -26.359115736933752, -50.679540282830565 ] ] ] } },
{ "type": "Feature", "properties": { }, "geometry": { "type": "Polygon", "coordinates": [ [ [ 162.480421200836616, 61.643412176030253 ], [ 163.344356147137972, 62.188622912416101 ], [ 156.700782230857754, 63.142649384049022 ], [ 151.246388936549408, 63.298596986427192 ], [ 148.230835941341496, 62.61293533536891 ], [ 144.96636928650355, 60.618012333988531 ], [ 145.299932367994955, 60.130223066778207 ], [ 149.818555329846333, 61.141768457551436 ], [ 153.727106790476256, 61.561997256059442 ], [ 156.634799592691849, 61.792756743274083 ], [ 162.480421200836616, 61.643412176030253 ] ] ] } },
{ "type": "Feature", "properties": { }, "geometry": { "type": "Polygon", "coordinates": [ [ [ 156.700782230857754, 63.142649384049022 ], [ 157.152750906858415, 63.71101177117508 ], [ 149.25853828974985, 63.889079397122487 ], [ 146.763204595875379, 62.718453647248722 ], [ 142.542389837544647, 59.773621219581173 ], [ 145.299932367994955, 60.130223066778207 ], [ 144.96636928650355, 60.618012333988531 ], [ 145.287896269081187, 60.910269134032163 ], [ 148.822792831635439, 62.776335235085725 ], [ 151.246388936549408, 63.298596986427192 ], [ 156.700782230857754, 63.142649384049022 ] ] ] } },
{ "type": "Feature", "properties": { }, "geometry": { "type": "MultiPolygon", "coordinates": [ [ [ [ 179.99999999, 58.07196966399902 ], [ 175.684116472184229, 58.654959012312709 ], [ 166.135793196896657, 61.047940632699046 ], [ 166.667647840650005, 59.914140944357264 ], [ 175.983009054893216, 56.912326517364846 ], [ 179.99999999, 56.250786410939014 ], [ 179.99999999, 58.07196966399902 ] ] ], [ [ [ -179.99999999, 56.250786410939014 ], [ -177.326214947319386, 55.913550956495691 ], [ -174.732024567710994, 55.84992550738766 ], [ -174.996453632056927, 57.925812545313548 ], [ -178.396255044115549, 57.812487696336284 ], [ -179.99999999, 58.07196966399902 ], [ -179.99999999, 56.250786410939014 ] ] ] ] } },
{ "type": "Feature", "properties": { }, "geometry": { "type": "Polygon", "coordinates": [ [ [ -177.309552729490747, 69.375207361627616 ], [ -178.468462158610095, 68.922723291191801 ], [ -178.63619213115237, 68.664969899267902 ], [ -176.916145084269488, 68.013212270501185 ], [ -177.309552729490747, 69.375207361627616 ] ] ] } },
{ "type": "Feature", "properties": { }, "geometry": { "type": "Polygon", "coordinates": [ [ [ -177.309552729490719, 69.375207361627616 ], [ -176.823313076933346, 69.64067972577574 ], [ -176.003051504036392, 69.845813633757871 ], [ -177.570958644031379, 70.193748686340342 ], [ -177.309552729490719, 69.375207361627616 ] ] ] } },
{ "type": "Feature", "properties": { }, "geometry": { "type": "MultiPolygon", "coordinates": [ [ [ [ 179.99999999, 80.643278192132257 ], [ 177.82695568859657, 80.430470552881005 ], [ 176.682951141070788, 79.713914705664607 ], [ 176.788779707397737, 79.437586963880804 ], [ 179.99999999, 79.208552305190878 ], [ 179.99999999, 80.643278192132257 ] ] ], [ [ [ -179.99999999, 79.208552305190878 ], [ -161.339703705195859, 77.740820458260728 ], [ -154.730819559356803, 79.24102236893745 ], [ -156.224103990329695, 79.721513022792777 ], [ -157.736871043399958, 79.784352251440509 ], [ -161.891594049945013, 79.356142582850779 ], [ -164.243172533715267, 80.058061607145618 ], [ -173.364540277475641, 81.126210765001048 ], [ -179.99999999, 80.643278192132257 ], [ -179.99999999, 79.208552305190878 ] ] ] ] } },
{ "type": "Feature", "properties": { }, "geometry": { "type": "MultiPolygon", "coordinates": [ [ [ [ 179.99999999, 79.208552305190878 ], [ 176.788779707397737, 79.437586963880804 ], [ 178.323118045214926, 77.856757967804398 ], [ 179.99999999, 77.717320464303086 ], [ 179.99999999, 79.208552305190878 ] ] ], [ [ [ -179.99999999, 77.717320464303086 ], [ -172.753134100139107, 77.435435409549314 ], [ -165.307705517677562, 75.820394566092872 ], [ -160.656846270668467, 75.770473547653538 ], [ -159.636140582144094, 76.249139344815518 ], [ -159.577352418518018, 76.848274257774563 ], [ -160.636919855184772, 77.882953912005917 ], [ -168.741875182927913, 78.153087918480836 ], [ -179.99999999, 79.208552305190878 ], [ -179.99999999, 77.717320464303086 ] ] ] ] } },
{ "type": "Feature", "properties": { }, "geometry": { "type": "MultiPolygon", "coordinates": [ [ [ [ 179.99999999, 81.387324743690428 ], [ 173.719590477780343, 81.531209952222127 ], [ 175.293774579473336, 80.557749294893753 ], [ 177.82695568859657, 80.430470552881005 ], [ 179.99999999, 80.643278192132257 ], [ 179.99999999, 81.387324743690428 ] ] ], [ [ [ -179.99999999, 80.643278192132257 ], [ -175.930819184281859, 80.984424688305054 ], [ -173.364540277475641, 81.126210765001048 ], [ -179.99999999, 81.387324743690428 ], [ -179.99999999, 80.643278192132257 ] ] ] ] } },
{ "type": "Feature", "properties": { }, "geometry": { "type": "Polygon", "coordinates": [ [ [ 129.982327638246204, 74.26904559144576 ], [ 122.899225005457737, 76.148985961158743 ], [ 112.569588585923086, 78.130966583460548 ], [ 105.663970401653614, 75.871227136988395 ], [ 114.164208925318277, 74.857419216928704 ], [ 116.518302818381414, 74.915748048345122 ], [ 121.927127153432238, 74.342160707759945 ], [ 124.380780719850819, 73.516227145897901 ], [ 126.756933639948969, 73.198609059467387 ], [ 127.52556465527563, 73.169416467643885 ], [ 128.735390258112631, 74.075866829004937 ], [ 131.084448455835428, 73.690631266419288 ], [ 129.982327638246204, 74.26904559144576 ] ] ] } },
{ "type": "Feature", "properties": { }, "geometry": { "type": "Polygon", "coordinates": [ [ [ 103.785266976286039, 5.447106333015131 ], [ 105.151642493859313, 1.742719347994552 ], [ 107.03325346256635, 1.131511082351233 ], [ 108.752837050828205, 1.178146583891066 ], [ 109.587877804990541, -0.416672808743617 ], [ 111.209870012077801, 2.160048581083204 ], [ 111.449396613817697, 3.12804021191171 ], [ 111.172086791977279, 4.287936335796989 ], [ 110.47232669083354, 4.488762814919586 ], [ 106.251945808471206, 4.242130639040665 ], [ 105.767953225629455, 5.214448820021707 ], [ 103.785266976286039, 5.447106333015131 ] ] ] } },
{ "type": "Feature", "properties": { }, "geometry": { "type": "Polygon", "coordinates": [ [ [ 112.593604715748057, -5.928164444296488 ], [ 112.166613432481157, -5.147383922009024 ], [ 112.526303521531432, -0.922971641670008 ], [ 111.443702813908985, -1.423381441955249 ], [ 110.447238165943133, -1.379682350401319 ], [ 107.906740159876264, -0.387029039680823 ], [ 107.195319595710629, -0.385764017556941 ], [ 107.137087413900247, -0.92383986087853 ], [ 109.064142859015817, -3.596777420353076 ], [ 112.593604715748057, -5.928164444296488 ] ] ] } },
{ "type": "Feature", "properties": { }, "geometry": { "type": "Polygon", "coordinates": [ [ [ 99.99351037580179, 11.912079549424245 ], [ 100.142578509039012, 11.108254810514966 ], [ 103.785266976286039, 5.447106333015131 ], [ 105.767953225629455, 5.214448820021707 ], [ 106.251945808471206, 4.242130639040665 ], [ 110.47232669083354, 4.488762814919586 ], [ 111.168690123917699, 4.28895050399591 ], [ 110.655191926999834, 5.811834926103788 ], [ 108.401729096182038, 8.291831707817099 ], [ 107.343432043715978, 9.945887288228395 ], [ 99.99351037580179, 11.912079549424245 ] ] ] } },
{ "type": "Feature", "properties": { }, "geometry": { "type": "Polygon", "coordinates": [ [ [ 123.096912946627583, 5.757403064001339 ], [ 124.033633989395923, 6.769957012507112 ], [ 122.544264785470503, 6.601257982582396 ], [ 120.892724954686457, 5.546893040397094 ], [ 120.449604564210048, 4.690156047212092 ], [ 123.096912946627583, 5.757403064001339 ] ] ] } },
{ "type": "Feature", "properties": { }, "geometry": { "type": "Polygon", "coordinates": [ [ [ 120.725207603313564, 4.928328943408969 ], [ 120.409208671063055, 5.436749144393175 ], [ 120.253852851895431, 4.354252887547263 ], [ 120.847885688501847, 3.85449216126431 ], [ 121.536295364670366, 3.743566891171772 ], [ 122.691676267585478, 4.195944371710524 ], [ 122.564273332912535, 5.041646335279697 ], [ 121.807185151877405, 5.404267189047737 ], [ 120.725207603313564, 4.928328943408969 ] ] ] } },
{ "type": "Feature", "properties": { }, "geometry": { "type": "Polygon", "coordinates": [ [ [ 116.511358097731602, 3.6297254685542 ], [ 114.498827474119736, 4.735822004957301 ], [ 112.683152014211174, 6.828773543493665 ], [ 112.890595331726416, 5.116722480671274 ], [ 113.287939578501408, 4.522342830668176 ], [ 115.489923121590252, 3.522745971487408 ], [ 116.511358097731602, 3.6297254685542 ] ] ] } },
{ "type": "Feature", "properties": { }, "geometry": { "type": "Polygon", "coordinates": [ [ [ 118.494157367218307, -4.630135993106268 ], [ 119.54481307526278, -1.968726381587068 ], [ 119.172297881713206, -1.753338283246957 ], [ 114.001772739683332, -2.403954318749831 ], [ 110.952964259264434, -3.196328410753251 ], [ 108.531929622627018, -2.840769243432261 ], [ 110.848096222049563, -6.641850525140367 ], [ 113.713789586983424, -6.176127662918224 ], [ 114.197214999628798, -5.785255856347436 ], [ 113.861350510196701, -5.896969709948906 ], [ 114.063435442067586, -4.509312007389437 ], [ 116.087458320861742, -3.65800816876101 ], [ 116.507604922253606, -3.5243735184775 ], [ 117.766094420110662, -4.268690483328617 ], [ 117.333321010458491, -4.71014003326302 ], [ 118.494157367218307, -4.630135993106268 ] ] ] } },
{ "type": "Feature", "properties": { }, "geometry": { "type": "Polygon", "coordinates": [ [ [ 120.663176763553921, -1.861077440210409 ], [ 119.234392129076198, -0.832260183343345 ], [ 115.233493214599591, -1.129773719416797 ], [ 114.011919213464537, -0.41622754788706 ], [ 114.110905924852119, -1.862583050371424 ], [ 113.662244753475889, -2.489986624582782 ], [ 119.172297881713206, -1.753338283246957 ], [ 120.89099530217554, -2.425441765026757 ], [ 120.663176763553921, -1.861077440210409 ] ] ] } },
{ "type": "Feature", "properties": { }, "geometry": { "type": "Polygon", "coordinates": [ [ [ 57.369752541788969, 35.406555801276156 ], [ 56.165109494441602, 36.041583558611535 ], [ 57.062435486854433, 33.716614900385899 ], [ 57.25357399939481, 32.047694527863328 ], [ 62.851360734575941, 34.57737466782892 ], [ 64.328821303393482, 34.846424850199448 ], [ 65.651422607343008, 35.940219166217048 ], [ 60.038760953439841, 35.371315180735579 ], [ 57.369752541788969, 35.406555801276156 ] ] ] } },
{ "type": "Feature", "properties": { }, "geometry": { "type": "Polygon", "coordinates": [ [ [ 63.49459528386614, 27.878406850760722 ], [ 62.870092180127678, 28.496307255945425 ], [ 60.251144029134643, 27.813368874298529 ], [ 59.844199480341331, 27.99769423738659 ], [ 56.923834004625334, 26.890764231487442 ], [ 54.787773391759977, 27.146657678431819 ], [ 53.714308730492526, 28.071564216906115 ], [ 53.910093594176494, 26.649384194957282 ], [ 53.312483335741113, 24.899634828302023 ], [ 53.734667073892005, 23.668325789387559 ], [ 55.210425280528554, 23.099820760252872 ], [ 56.849151467849516, 22.921054259783748 ], [ 60.518170808393343, 23.202359489744556 ], [ 62.506672190610438, 24.430265707998366 ], [ 62.321768958960085, 24.588888416123755 ], [ 63.580851404399333, 25.595726552183102 ], [ 63.49459528386614, 27.878406850760722 ] ] ] } },
{ "type": "Feature", "properties": { }, "geometry": { "type": "Polygon", "coordinates": [ [ [ -112.556989416523805, 62.139762920894398 ], [ -114.079786255227404, 62.746033285061138 ], [ -113.038475107596938, 62.013518919983511 ], [ -112.703972201266339, 61.179054628410682 ], [ -111.578469627634604, 60.00890151614928 ], [ -109.622364554008598, 58.521773941822737 ], [ -108.387689141188829, 56.7601499784748 ], [ -108.159773709788681, 55.562386546091155 ], [ -108.419281199328566, 54.467765755886113 ], [ -107.738492811482203, 53.276899926838247 ], [ -106.356609743753651, 53.130066021919959 ], [ -106.397998038808964, 54.005784878154458 ], [ -106.957917884803194, 54.269413048063605 ], [ -107.193184017358078, 55.059933457234422 ], [ -106.935385286197274, 55.592153308432607 ], [ -107.160367903359628, 56.621891344330251 ], [ -108.953518299998834, 57.795898329941167 ], [ -108.930668254499707, 58.17470358076551 ], [ -108.698126297500465, 58.118241568999885 ], [ -108.940581322682618, 59.055341960678234 ], [ -109.31240004083196, 59.384566837206798 ], [ -109.759491523198577, 59.191885324322506 ], [ -110.056425278107582, 59.475085108561856 ], [ -109.84992330902233, 59.728459289025565 ], [ -111.727110052458457, 60.981811912501058 ], [ -112.556989416523805, 62.139762920894398 ] ] ] } },
{ "type": "Feature", "properties": { }, "geometry": { "type": "Polygon", "coordinates": [ [ [ -112.703972201266339, 61.179054628410682 ], [ -112.326580181668504, 59.371684649946985 ], [ -110.245757494900488, 57.816998446734239 ], [ -108.979040236435765, 55.373692400487599 ], [ -108.222129933901471, 55.017070617164663 ], [ -108.387689141188829, 56.7601499784748 ], [ -109.622364554008598, 58.521773941822737 ], [ -112.703972201266339, 61.179054628410682 ] ] ] } },
{ "type": "Feature", "properties": { }, "geometry": { "type": "Polygon", "coordinates": [ [ [ -121.193542623311416, 67.316164104532348 ], [ -123.490770779527224, 68.081326150935041 ], [ -124.486022086338565, 68.090929374518396 ], [ -123.786109408076101, 67.838792213693424 ], [ -124.086261351707762, 67.530624487285053 ], [ -123.719934699057788, 66.999116174047373 ], [ -124.001215786646426, 66.783276522851892 ], [ -121.487512098049535, 64.902822609236722 ], [ -118.084806853709964, 61.412078815001166 ], [ -117.022592472219088, 60.767066295859053 ], [ -115.994964878436505, 59.522132258062584 ], [ -116.045271937115999, 58.977325806130033 ], [ -114.557956051089391, 58.354492083994401 ], [ -114.643747550748486, 57.793744112572021 ], [ -113.891662790700181, 56.912682550280834 ], [ -111.473444259307556, 55.473022861663807 ], [ -111.046366054073076, 55.497383084302847 ], [ -110.941851412459471, 56.127856663236457 ], [ -108.979040236435765, 55.373692400487599 ], [ -110.245757494900488, 57.816998446734239 ], [ -112.326580181668504, 59.371684649946985 ], [ -112.234549335945744, 59.865118966134716 ], [ -113.038475107596938, 62.013518919983511 ], [ -114.079786255227404, 62.746033285061138 ], [ -119.007120804347963, 63.806018233374452 ], [ -121.320434800144938, 65.21858930263771 ], [ -121.337448670437311, 65.660313639783794 ], [ -119.948371852100948, 65.790324954844337 ], [ -120.563638638432806, 66.174114560069867 ], [ -121.193542623311416, 67.316164104532348 ] ] ] } },
{ "type": "Feature", "properties": { }, "geometry": { "type": "Polygon", "coordinates": [ [ [ -113.355785430090421, 62.971321723905156 ], [ -116.542621085420734, 64.222947867149045 ], [ -117.563205981298609, 65.62966554133358 ], [ -119.568453559451058, 66.311250574154769 ], [ -119.978333370485117, 66.9576853670075 ], [ -121.724736905305363, 67.96895099591265 ], [ -120.563638638432806, 66.174114560069867 ], [ -117.607871782676739, 64.038908608598078 ], [ -112.556989416523805, 62.139762920894398 ], [ -113.355785430090421, 62.971321723905156 ] ] ] } },
{ "type": "Feature", "properties": { }, "geometry": { "type": "Polygon", "coordinates": [ [ [ -113.786469307881006, 69.418052883025936 ], [ -120.000260239508691, 70.262064148313968 ], [ -127.831549124178224, 70.21661902721803 ], [ -119.418926144316572, 67.436017393422404 ], [ -116.153047436089835, 66.971770490776009 ], [ -115.583024173982921, 66.580809783207812 ], [ -114.89355740534694, 66.017949542733376 ], [ -114.480642964099118, 64.809532382986049 ], [ -112.851616694068042, 63.573907725206368 ], [ -109.688575036361385, 60.300323589161984 ], [ -110.854005395292873, 60.336063568275662 ], [ -111.727110052458457, 60.981811912501058 ], [ -110.562790151307254, 60.03878326433874 ], [ -109.84992330902233, 59.728459289025565 ], [ -110.056425278107582, 59.475085108561856 ], [ -109.759491523198577, 59.191885324322506 ], [ -109.31240004083196, 59.384566837206798 ], [ -108.940581322682618, 59.055341960678234 ], [ -108.495640337580568, 58.475281233403678 ], [ -108.517945938583594, 57.998296812789853 ], [ -108.698126297500465, 58.118241568999885 ], [ -108.109916751653856, 57.611157597371324 ], [ -105.201222539717293, 55.992353757224862 ], [ -105.386450897102648, 55.477557682271041 ], [ -105.027501591879812, 54.514868519776918 ], [ -104.848718301672079, 54.418170506619312 ], [ -105.007497633872148, 55.553055023332881 ], [ -104.361800689687058, 55.355754008962357 ], [ -103.556621799095481, 53.97704700930931 ], [ -104.657820571641508, 54.087057955067117 ], [ -104.171927573138561, 53.735234665861675 ], [ -104.27354881035258, 53.482497507405064 ], [ -105.332018360788368, 52.88095555307077 ], [ -106.199455686162281, 53.564176710133147 ], [ -105.576014200370309, 53.918220404918827 ], [ -106.252744384767766, 54.130686578728152 ], [ -106.724129598750991, 52.109027236625273 ], [ -105.783581922130963, 51.045058041084715 ], [ -103.262007429620638, 50.61832825166514 ], [ -103.500875448179954, 49.171586752396152 ], [ -103.138506494413562, 47.613110899400361 ], [ -101.232993164449582, 46.777351406056582 ], [ -98.387980573726949, 47.817472636494131 ], [ -99.607309293950181, 48.410354524474805 ], [ -99.86138456607506, 49.059651087283022 ], [ -98.261389212291746, 50.443728626940469 ], [ -100.380491459209736, 53.427381633948869 ], [ -101.766756685962008, 56.070498609351823 ], [ -107.836815359126874, 59.785388907431582 ], [ -111.516939632734832, 64.253320416848041 ], [ -110.111857938778002, 66.359251109267049 ], [ -110.518800880187626, 67.978243707454311 ], [ -113.786469307881006, 69.418052883025936 ] ] ] } },
{ "type": "Feature", "properties": { }, "geometry": { "type": "Polygon", "coordinates": [ [ [ -116.153047436089835, 66.971770490776009 ], [ -119.418926144316572, 67.436017393422404 ], [ -116.229177614416798, 66.137060122642993 ], [ -114.480642964099118, 64.809532382986049 ], [ -114.89355740534694, 66.017949542733376 ], [ -116.153047436089835, 66.971770490776009 ] ] ] } },
{ "type": "Feature", "properties": { }, "geometry": { "type": "Polygon", "coordinates": [ [ [ -113.660479421198303, 62.73415407153918 ], [ -117.607871782676739, 64.038908608598078 ], [ -119.948371852100948, 65.790324954844337 ], [ -121.407907385921348, 65.47024857198798 ], [ -119.007120804347963, 63.806018233374452 ], [ -113.660479421198303, 62.73415407153918 ] ] ] } },
{ "type": "Feature", "properties": { }, "geometry": { "type": "Polygon", "coordinates": [ [ [ -134.599433454895603, 67.405672410163547 ], [ -138.777923081234661, 67.217614534704524 ], [ -144.308416000246638, 63.570084601919099 ], [ -152.163636843267312, 61.013530694492609 ], [ -162.817148540587453, 58.418323495698175 ], [ -162.63740075853778, 57.73946935396787 ], [ -151.171358763082594, 60.540359069461708 ], [ -145.423421771965508, 62.274911632144033 ], [ -142.432169412467687, 63.501321469647216 ], [ -136.521296952092996, 66.621003121385101 ], [ -132.935769919949621, 66.584730114782388 ], [ -126.703063898567436, 65.4641911355221 ], [ -134.599433454895603, 67.405672410163547 ] ] ] } },
{ "type": "Feature", "properties": { }, "geometry": { "type": "Polygon", "coordinates": [ [ [ -176.423016470690413, 66.0436236972714 ], [ -175.239580972652902, 66.169048013816777 ], [ -174.836692802131068, 67.340433909182806 ], [ -176.916145084269459, 68.013212270501185 ], [ -176.423016470690413, 66.0436236972714 ] ] ] } },
{ "type": "Feature", "properties": { }, "geometry": { "type": "Polygon", "coordinates": [ [ [ -177.570958644031379, 70.193748686340342 ], [ -176.003051504036392, 69.845813633757871 ], [ -173.667054670543735, 70.388126377385134 ], [ -177.956957676368631, 71.293612731951939 ], [ -177.570958644031379, 70.193748686340342 ] ] ] } },
{ "type": "Feature", "properties": { }, "geometry": { "type": "Polygon", "coordinates": [ [ [ 113.962122872175598, -8.431131373784659 ], [ 112.603031057241736, -5.945405378914236 ], [ 109.064142859015817, -3.596777420353076 ], [ 107.137087413900247, -0.92383986087853 ], [ 107.25506371219258, -2.076083491488605 ], [ 108.168744232070537, -4.333627076862739 ], [ 110.039059439715288, -5.669886357862952 ], [ 111.838983340285736, -7.943278589604889 ], [ 113.962122872175598, -8.431131373784659 ] ] ] } },
{ "type": "Feature", "properties": { }, "geometry": { "type": "Polygon", "coordinates": [ [ [ 106.234987999679404, 15.044380548492342 ], [ 106.988599060370106, 12.445043411044818 ], [ 109.480755314595086, 13.550476366468761 ], [ 110.260687647428526, 14.389389193143117 ], [ 109.274298481654682, 14.828718671946069 ], [ 106.234987999679404, 15.044380548492342 ] ] ] } },
{ "type": "Feature", "properties": { }, "geometry": { "type": "Polygon", "coordinates": [ [ [ 95.780058868075059, 26.527174845639983 ], [ 94.69679631463724, 26.653535464985403 ], [ 91.982861147490866, 27.951058699991052 ], [ 93.023438124792051, 25.66527061832122 ], [ 94.313438263885018, 24.548222361638697 ], [ 94.813459820472659, 23.470717880429341 ], [ 95.172577147488809, 21.334290468220246 ], [ 94.926123177152576, 19.946038724491292 ], [ 95.797764386772585, 18.03604581693611 ], [ 97.331482362070147, 17.591605804276099 ], [ 95.939987514077856, 21.41863439243156 ], [ 96.316743544209643, 24.804649595658979 ], [ 95.780058868075059, 26.527174845639983 ] ] ] } },
{ "type": "Feature", "properties": { }, "geometry": { "type": "Polygon", "coordinates": [ [ [ 90.967499430940151, 6.424521606431817 ], [ 91.014504134500115, 9.894367674340165 ], [ 89.262603376847068, 13.511702891115629 ], [ 88.723615009997573, 15.771913652765262 ], [ 90.06717194187074, 19.815395755072473 ], [ 89.835520463922791, 19.799588018628757 ], [ 89.009238035430869, 19.222213572393226 ], [ 86.134515703461204, 15.061784860640273 ], [ 85.916769093125012, 12.971108544460648 ], [ 89.264207230943981, 10.771615581425266 ], [ 90.45373719100013, 7.954750621674012 ], [ 90.229245359319052, 6.685038420429245 ], [ 90.967499430940151, 6.424521606431817 ] ] ] } },
{ "type": "Feature", "properties": { }, "geometry": { "type": "Polygon", "coordinates": [ [ [ -165.473344386197766, 68.745585132060427 ], [ -162.405173606819403, 68.569771069869333 ], [ -156.017424926512746, 69.28280617484414 ], [ -153.860863734654828, 70.437340894847537 ], [ -153.913464479313831, 71.979388116271963 ], [ -152.431333297828871, 72.782568243879041 ], [ -163.416066353183908, 72.680270718474745 ], [ -165.473344386197766, 68.745585132060427 ] ] ] } },
{ "type": "Feature", "properties": { }, "geometry": { "type": "Polygon", "coordinates": [ [ [ 73.348552016259617, 37.131138885019446 ], [ 70.68272824401393, 38.924201063368507 ], [ 68.775207878584411, 38.955593350904536 ], [ 67.736567551032294, 38.390391476790874 ], [ 66.391474736030958, 36.172499056648 ], [ 69.356707816675964, 37.17993707730524 ], [ 70.652924894343855, 36.948777476867235 ], [ 71.162482724407965, 36.510941303448156 ], [ 71.984223326561633, 36.987968574651902 ], [ 73.348552016259617, 37.131138885019446 ] ] ] } },
{ "type": "Feature", "properties": { }, "geometry": { "type": "Polygon", "coordinates": [ [ [ 64.182811807491788, 35.987576726141661 ], [ 57.718472431301002, 40.543029876298455 ], [ 56.491768320035689, 42.065436015141174 ], [ 54.648676090414085, 39.804792467113366 ], [ 53.463794139656045, 39.060686487236175 ], [ 51.167687383210627, 39.273767339139454 ], [ 52.728473653549351, 38.419081826754208 ], [ 53.653423105487569, 37.453559813240055 ], [ 55.169144443165166, 36.977782192450462 ], [ 55.714475389012208, 36.279120452317891 ], [ 57.369752541788969, 35.406555801276156 ], [ 60.038760953439841, 35.371315180735579 ], [ 65.925479084169808, 35.967865230714935 ], [ 66.391474736030958, 36.172499056648 ], [ 66.805748510027854, 36.912546371075202 ], [ 65.953189962734569, 37.248409829341099 ], [ 65.101520757222588, 36.345375956065737 ], [ 64.182811807491788, 35.987576726141661 ] ] ] } },
{ "type": "Feature", "properties": { }, "geometry": { "type": "Polygon", "coordinates": [ [ [ 48.653795054747732, 39.816600690614919 ], [ 44.992955226793164, 41.883881129318368 ], [ 43.63035896224136, 40.806773131386606 ], [ 45.680043148035892, 40.402846552955872 ], [ 43.765949978725054, 39.165301791947293 ], [ 45.460120806381248, 37.222725544352933 ], [ 48.153516654788703, 36.430974609792642 ], [ 51.73249541184267, 37.337995066096227 ], [ 53.653423105487569, 37.453559813240055 ], [ 52.728473653549351, 38.419081826754208 ], [ 51.167687383210627, 39.273767339139454 ], [ 48.653795054747732, 39.816600690614919 ] ] ] } },
{ "type": "Feature", "properties": { }, "geometry": { "type": "Polygon", "coordinates": [ [ [ 45.680043148035892, 40.402846552955872 ], [ 41.715759359899415, 41.453556413500429 ], [ 41.275177468466843, 41.080261310598914 ], [ 43.765949978725054, 39.165301791947293 ], [ 45.680043148035892, 40.402846552955872 ] ] ] } },
{ "type": "Feature", "properties": { }, "geometry": { "type": "Polygon", "coordinates": [ [ [ 34.151829151092265, 44.354008302620251 ], [ 32.794132331368452, 44.230181036560971 ], [ 36.017079656041751, 42.968489795973255 ], [ 40.319738702678322, 42.048274421012096 ], [ 43.63035896224136, 40.806773131386606 ], [ 44.992955226793164, 41.883881129318368 ], [ 43.309159027002636, 43.111963837909052 ], [ 39.046939761976674, 43.382733806337285 ], [ 37.373608625147511, 43.950631841110898 ], [ 34.151829151092265, 44.354008302620251 ] ] ] } },
{ "type": "Feature", "properties": { }, "geometry": { "type": "Polygon", "coordinates": [ [ [ 44.678254942471597, 44.004009487232828 ], [ 37.437967021962436, 45.96123614902708 ], [ 37.1219259990186, 46.294145080141554 ], [ 37.227569256315647, 46.802838926965201 ], [ 33.313382580628186, 44.459557409794357 ], [ 37.373608625147511, 43.950631841110898 ], [ 39.046939761976674, 43.382733806337285 ], [ 43.309159027002636, 43.111963837909052 ], [ 44.992955226793164, 41.883881129318368 ], [ 45.653938121278252, 42.378503593556417 ], [ 44.678254942471597, 44.004009487232828 ] ] ] } },
{ "type": "Feature", "properties": { }, "geometry": { "type": "Polygon", "coordinates": [ [ [ 42.440478220899003, 45.236221918612038 ], [ 37.696100961122909, 46.899598093957486 ], [ 37.227569256315647, 46.802838926965201 ], [ 37.1219259990186, 46.294145080141554 ], [ 38.177004916459012, 45.591946409226054 ], [ 44.678254942471597, 44.004009487232828 ], [ 44.430895860665657, 44.375711142514135 ], [ 44.890406403362391, 44.933229478330325 ], [ 42.440478220899003, 45.236221918612038 ] ] ] } },
{ "type": "Feature", "properties": { }, "geometry": { "type": "Polygon", "coordinates": [ [ [ 44.678254942471597, 44.004009487232828 ], [ 46.17958101589943, 43.683756537075105 ], [ 50.667964712598192, 41.3672894793906 ], [ 52.087785079419234, 41.178850721469281 ], [ 53.262665948677309, 41.473340920254287 ], [ 54.812153920721961, 42.628230894187574 ], [ 52.311994074750537, 42.799759124233503 ], [ 46.00323635021882, 44.806250193795883 ], [ 44.890406403362391, 44.933229478330325 ], [ 44.430895860665657, 44.375711142514135 ], [ 44.678254942471597, 44.004009487232828 ] ] ] } },
{ "type": "Feature", "properties": { }, "geometry": { "type": "Polygon", "coordinates": [ [ [ 54.812153920721961, 42.628230894187574 ], [ 53.262665948677309, 41.473340920254287 ], [ 52.087785079419234, 41.178850721469281 ], [ 50.667964712598192, 41.3672894793906 ], [ 46.17958101589943, 43.683756537075105 ], [ 44.678254942471597, 44.004009487232828 ], [ 45.653938121278252, 42.378503593556417 ], [ 44.992955226793164, 41.883881129318368 ], [ 45.80892057666486, 41.219013540892732 ], [ 48.653795054747732, 39.816600690614919 ], [ 51.167687383210627, 39.273767339139454 ], [ 53.463794139656045, 39.060686487236175 ], [ 54.648676090414085, 39.804792467113366 ], [ 56.491768320035689, 42.065436015141174 ], [ 54.812153920721961, 42.628230894187574 ] ] ] } },
{ "type": "Feature", "properties": { }, "geometry": { "type": "Polygon", "coordinates": [ [ [ 71.687966869235211, 39.882318739158713 ], [ 69.695441074336117, 40.074310747716304 ], [ 67.1202579644183, 39.249803065995742 ], [ 66.560994623338502, 37.903055095998546 ], [ 65.101520757222588, 36.345375956065737 ], [ 65.953189962734569, 37.248409829341099 ], [ 66.805748510027854, 36.912546371075202 ], [ 68.239401882773635, 38.774328915547883 ], [ 69.653185852084093, 39.086029551017127 ], [ 71.083083823058047, 38.765847598903903 ], [ 73.216576290409435, 37.347828341141586 ], [ 71.687966869235211, 39.882318739158713 ] ] ] } },
{ "type": "Feature", "properties": { }, "geometry": { "type": "Polygon", "coordinates": [ [ [ 54.856711278362241, 44.180406464938279 ], [ 45.564360731592991, 45.455816071240349 ], [ 44.890406403362391, 44.933229478330325 ], [ 52.311994074750537, 42.799759124233503 ], [ 54.812153920721961, 42.628230894187574 ], [ 56.491768320035689, 42.065436015141174 ], [ 57.718472431301002, 40.543029876298455 ], [ 64.182811807491788, 35.987576726141661 ], [ 65.101520757222588, 36.345375956065737 ], [ 66.560994623338502, 37.903055095998546 ], [ 66.937039213847811, 38.807923651949579 ], [ 62.25322405214289, 39.372092084559476 ], [ 60.065481343217357, 39.991464130002456 ], [ 57.125446139649455, 41.934429309085843 ], [ 54.856711278362241, 44.180406464938279 ] ] ] } },
{ "type": "Feature", "properties": { }, "geometry": { "type": "Polygon", "coordinates": [ [ [ 61.347889962909406, 68.505430452259461 ], [ 59.399679772326557, 68.112558134112788 ], [ 53.467978650705966, 64.100785111423264 ], [ 53.786271954126583, 59.797181893572763 ], [ 54.209842517213019, 58.922454308309888 ], [ 55.082042076121276, 54.036282502756201 ], [ 54.328549857374838, 52.508171267391134 ], [ 55.158350372886481, 48.158283953443068 ], [ 54.856711278362241, 44.180406464938279 ], [ 57.125446139649455, 41.934429309085843 ], [ 60.065481343217357, 39.991464130002456 ], [ 57.937170604765569, 42.150338576181753 ], [ 56.618480246460422, 48.166707642997295 ], [ 57.872493057977913, 52.142191290050548 ], [ 58.753785184509347, 57.616414516587014 ], [ 58.970812144714323, 60.371208821842124 ], [ 58.72626930463273, 65.894942574703649 ], [ 60.443274667322406, 67.053537298147759 ], [ 61.994438885294741, 67.655254838257591 ], [ 61.880788525769027, 68.252584189260673 ], [ 61.347889962909406, 68.505430452259461 ] ] ] } },
{ "type": "Feature", "properties": { }, "geometry": { "type": "Polygon", "coordinates": [ [ [ 72.775067183911304, 51.956014669834595 ], [ 70.126187724948821, 55.546367663325249 ], [ 65.450368523766286, 58.700636712378305 ], [ 63.966796635681632, 60.43731961208708 ], [ 64.294978952367714, 63.728522597469599 ], [ 63.007543625594828, 64.371008871643696 ], [ 61.720007736836223, 66.212495040909005 ], [ 61.435576860429258, 66.706117848430765 ], [ 61.994438885294741, 67.655254838257591 ], [ 60.443274667322406, 67.053537298147759 ], [ 58.72626930463273, 65.894942574703649 ], [ 58.970812144714323, 60.371208821842124 ], [ 58.083608090232175, 54.156238970204221 ], [ 61.05067413878588, 53.392677871633268 ], [ 61.978751344114656, 53.474615120379774 ], [ 62.532784213588464, 54.137862986655307 ], [ 63.211569753505877, 54.266983934747785 ], [ 64.681021331544756, 54.061938387606091 ], [ 66.678269821233116, 54.283286241776011 ], [ 67.937147096591048, 53.886505376080244 ], [ 68.638693370426822, 53.315489093058176 ], [ 71.239960239669031, 52.686323297092173 ], [ 72.775067183911304, 51.956014669834595 ] ] ] } },
{ "type": "Feature", "properties": { }, "geometry": { "type": "Polygon", "coordinates": [ [ [ 61.978751344114656, 53.474615120379774 ], [ 61.05067413878588, 53.392677871633268 ], [ 58.083608090232175, 54.156238970204221 ], [ 57.293014618623175, 50.288821124400144 ], [ 57.389527883341408, 50.594391092570532 ], [ 57.823399048846468, 49.317901374983506 ], [ 58.2280943416038, 50.256219815206748 ], [ 58.604195173222479, 49.252177551861436 ], [ 59.513919072393051, 49.507354070553966 ], [ 61.978751344114656, 53.474615120379774 ] ] ] } },
{ "type": "Feature", "properties": { }, "geometry": { "type": "Polygon", "coordinates": [ [ [ 64.406897524357447, 54.143351626053665 ], [ 62.532784213588464, 54.137862986655307 ], [ 61.077838683376008, 52.340904541046648 ], [ 60.123167601199604, 50.205833852317745 ], [ 59.20848129319603, 49.240427751985152 ], [ 58.604195173222479, 49.252177551861436 ], [ 60.916762505013239, 46.718407284502383 ], [ 65.691356195404168, 44.637602240644554 ], [ 63.159240922671252, 46.85502802508546 ], [ 63.125745058643297, 49.65991448507679 ], [ 64.492413114560932, 51.490762772674401 ], [ 64.842832084091995, 52.579308913234719 ], [ 64.406897524357447, 54.143351626053665 ] ] ] } },
{ "type": "Feature", "properties": { }, "geometry": { "type": "Polygon", "coordinates": [ [ [ 22.285196955420876, 43.709222516268213 ], [ 29.947566720822046, 42.968157333829595 ], [ 33.194703823673649, 44.001162678215579 ], [ 32.794132331368452, 44.230181036560971 ], [ 37.696100961122909, 46.899598093957486 ], [ 48.422081171563825, 44.822873089370582 ], [ 54.856711278362241, 44.180406464938279 ], [ 55.158350372886481, 48.158283953443068 ], [ 54.328549857374838, 52.508171267391134 ], [ 55.082042076121276, 54.036282502756201 ], [ 54.209842517213019, 58.922454308309888 ], [ 53.786271954126583, 59.797181893572763 ], [ 53.4770980006843, 63.75686885295184 ], [ 29.719556953691633, 68.149770280039633 ], [ 25.942610637734138, 68.46905025025869 ], [ 17.431803185099806, 70.081411385252338 ], [ 11.468891952905821, 70.795475525963468 ], [ 10.159494174824166, 69.879878287098251 ], [ 11.652818369371738, 68.340540933177493 ], [ 10.032473324081383, 68.136181901701434 ], [ 7.414291679757878, 67.115573512675667 ], [ 5.244959538955777, 65.093807368953634 ], [ -1.421624593577281, 60.028927446194558 ], [ -2.325046913977459, 57.5914515421549 ], [ -2.491745085192771, 56.129879482952994 ], [ 4.699087653984003, 55.391807873426373 ], [ 9.910298097961585, 54.001060756391652 ], [ 12.45865298812801, 53.069028771538363 ], [ 11.976625965854433, 51.991000792326155 ], [ 15.960858125937028, 50.036190552246993 ], [ 13.153519853847174, 50.065146801594743 ], [ 12.994100384119111, 48.174049246497773 ], [ 11.328196835873243, 46.526708857124241 ], [ 12.090979000532037, 46.725152755315385 ], [ 12.773962521727787, 47.548165135115212 ], [ 14.024328504864435, 48.170736296449043 ], [ 18.240903970131949, 48.696363948972937 ], [ 19.989014266190882, 47.876632999703716 ], [ 22.56981184803621, 45.71074428315778 ], [ 22.728480826919526, 44.083216477359308 ], [ 22.285196955420876, 43.709222516268213 ] ] ] } },
{ "type": "Feature", "properties": { }, "geometry": { "type": "Polygon", "coordinates": [ [ [ 85.428586007695145, 43.039626293255864 ], [ 83.682892844873649, 43.713162544847698 ], [ 79.595701339359323, 44.092168468415963 ], [ 71.077809177311238, 41.268797842840549 ], [ 70.012781681894253, 41.975499822963648 ], [ 68.77449620866841, 42.317860757951806 ], [ 66.973838865062774, 40.804046125881221 ], [ 65.416332276057716, 40.904087943718707 ], [ 62.076305594600143, 42.390165115752787 ], [ 58.65858143345659, 44.84424090817518 ], [ 58.082885705862061, 47.170653818333243 ], [ 57.426489417331943, 48.143394437236701 ], [ 57.823399048846468, 49.317901374983506 ], [ 57.389527883341408, 50.594391092570532 ], [ 56.618480246460422, 48.166707642997295 ], [ 58.129173404155189, 41.707616282136343 ], [ 60.065481343217357, 39.991464130002456 ], [ 62.25322405214289, 39.372092084559476 ], [ 66.937039213847811, 38.807923651949579 ], [ 67.1202579644183, 39.249803065995742 ], [ 69.695441074336117, 40.074310747716304 ], [ 71.687966869235211, 39.882318739158713 ], [ 72.11470269923673, 40.811100274121642 ], [ 76.658258158800621, 42.715290911093973 ], [ 78.753497912070102, 43.236047930445579 ], [ 81.757047244611428, 43.378210856518606 ], [ 84.484819214415083, 42.920108987573926 ], [ 85.428586007695145, 43.039626293255864 ] ] ] } },
{ "type": "Feature", "properties": { }, "geometry": { "type": "Polygon", "coordinates": [ [ [ 77.118345497187732, 43.452370859672428 ], [ 72.38885152411271, 42.594314191998031 ], [ 71.387920455426951, 42.950094022577943 ], [ 69.215455604197331, 42.974973000928827 ], [ 67.195206152074149, 43.662428990453812 ], [ 65.691356195404168, 44.637602240644554 ], [ 60.916762505013239, 46.718407284502383 ], [ 58.884363320241278, 48.797006773561719 ], [ 58.2280943416038, 50.256219815206748 ], [ 57.391766090228266, 48.520174149774761 ], [ 58.082885705862061, 47.170653818333243 ], [ 58.65858143345659, 44.84424090817518 ], [ 60.8813570459508, 43.124999900780651 ], [ 64.754364614559989, 41.039644605636852 ], [ 66.973838865062774, 40.804046125881221 ], [ 68.77449620866841, 42.317860757951806 ], [ 70.012781681894253, 41.975499822963648 ], [ 71.077809177311238, 41.268797842840549 ], [ 77.118345497187732, 43.452370859672428 ] ] ] } },
{ "type": "Feature", "properties": { }, "geometry": { "type": "Polygon", "coordinates": [ [ [ 96.407847897256673, 45.397964315911857 ], [ 89.784185200523467, 46.273301317124201 ], [ 85.951885691405181, 45.053814590621215 ], [ 84.342691191298414, 45.146032788211279 ], [ 80.413744578326899, 44.035927551546735 ], [ 83.682892844873649, 43.713162544847698 ], [ 88.79173255886181, 42.015293255343444 ], [ 87.422960481492737, 40.436569947082134 ], [ 85.293695053422653, 39.523994500000541 ], [ 93.537071697722268, 41.390914469955909 ], [ 103.208615014235463, 38.120541176805176 ], [ 102.514772505928306, 40.141839798402103 ], [ 102.792133764154585, 41.713234246521736 ], [ 103.798666170099921, 43.194910000739398 ], [ 105.435793201726767, 44.013207020535198 ], [ 103.762601135472153, 43.952519715973331 ], [ 99.135105015566836, 45.357413674368026 ], [ 96.407847897256673, 45.397964315911857 ] ] ] } },
{ "type": "Feature", "properties": { }, "geometry": { "type": "Polygon", "coordinates": [ [ [ 68.302771176669111, 53.673271075092927 ], [ 66.678269821233116, 54.283286241776011 ], [ 64.406897524357447, 54.143351626053665 ], [ 64.842832084091995, 52.579308913234719 ], [ 64.704787933551899, 52.003614314035296 ], [ 63.125745058643297, 49.65991448507679 ], [ 63.322944354745204, 46.48894089623564 ], [ 66.342927123440404, 44.110804388486727 ], [ 69.215455604197331, 42.974973000928827 ], [ 71.387920455426951, 42.950094022577943 ], [ 72.38885152411271, 42.594314191998031 ], [ 83.264431797451181, 44.751702412286036 ], [ 80.991828652814505, 44.942470768821089 ], [ 77.972026651767735, 44.652955801286559 ], [ 73.380656317432084, 43.520610858560914 ], [ 71.446739790003221, 43.792001318184532 ], [ 68.100832915460614, 45.459853802332034 ], [ 66.569258104985764, 46.529313053236628 ], [ 65.41054379435711, 47.820930431624078 ], [ 65.110034519458381, 49.331295949726957 ], [ 65.598539361189282, 50.55028871638428 ], [ 67.272536397921343, 51.308705073831696 ], [ 68.302771176669111, 53.673271075092927 ] ] ] } },
{ "type": "Feature", "properties": { }, "geometry": { "type": "Polygon", "coordinates": [ [ [ 69.299153740323192, 53.070375087003576 ], [ 68.302771176669111, 53.673271075092927 ], [ 67.272536397921343, 51.308705073831696 ], [ 65.598539361189282, 50.55028871638428 ], [ 65.257667151647041, 49.983072960433454 ], [ 65.24892811136182, 48.06820243853155 ], [ 66.569258104985764, 46.529313053236628 ], [ 68.907441024483461, 44.984253941830673 ], [ 71.945521174469022, 43.672946882363618 ], [ 73.957957615558968, 43.611830740677867 ], [ 77.163569955791829, 44.526757363806006 ], [ 73.365985076927828, 45.117259045209892 ], [ 69.420802252590761, 46.260016512235595 ], [ 67.755114733961506, 47.609773526491693 ], [ 67.088469710639188, 48.540282924776307 ], [ 66.998786095623245, 50.151548481199029 ], [ 68.434258620693669, 51.015559659898017 ], [ 69.299153740323192, 53.070375087003576 ] ] ] } },
{ "type": "Feature", "properties": { }, "geometry": { "type": "Polygon", "coordinates": [ [ [ 134.06007234092263, 55.997660387552592 ], [ 132.588815982132161, 53.615769971671639 ], [ 129.29485791340511, 51.767341304083324 ], [ 128.264123963739337, 50.335957686331732 ], [ 127.240525872418885, 46.933585275337514 ], [ 127.365789038224122, 46.383592172810715 ], [ 127.720734600992316, 46.414593003426141 ], [ 128.847458194695349, 44.655874689848083 ], [ 130.857740719813023, 44.806804485682292 ], [ 131.658005069468572, 46.592260470044423 ], [ 134.424967837628799, 50.482769240672958 ], [ 135.684810144607127, 52.794660255620563 ], [ 136.156179530641737, 56.301090312445226 ], [ 134.06007234092263, 55.997660387552592 ] ] ] } },
{ "type": "Feature", "properties": { }, "geometry": { "type": "Polygon", "coordinates": [ [ [ 114.31536023726342, 79.077100761701189 ], [ 98.750122315695265, 81.356737405443283 ], [ 97.714438245234774, 79.731640784922391 ], [ 95.741862083833908, 78.660289641319238 ], [ 96.168531688592836, 78.648853196673599 ], [ 93.02434900370757, 77.641932916712832 ], [ 77.873695480760773, 75.063638931586553 ], [ 69.719544817599925, 74.631231404143747 ], [ 70.8158646983578, 73.612973984752998 ], [ 73.799794400652942, 72.09340433931915 ], [ 67.54475696010482, 71.039752888876407 ], [ 66.750655330910973, 70.202978815865592 ], [ 67.326446008961071, 68.715553228989592 ], [ 74.19816949915068, 60.791938958981831 ], [ 76.43254500275728, 58.919200721496949 ], [ 77.1483437913367, 57.883400916301284 ], [ 86.536662508885556, 56.482800000248425 ], [ 93.478462706905901, 54.81066249670944 ], [ 95.462593080107709, 54.817036447113864 ], [ 98.421231286948284, 53.438234986921387 ], [ 100.665250978488373, 53.656169094042369 ], [ 102.078471080983661, 54.662869804556365 ], [ 103.737660716492144, 56.170839168007234 ], [ 104.587201103338614, 58.614572506742249 ], [ 106.077863377526427, 59.88340984721151 ], [ 109.909946561305873, 61.700472774630164 ], [ 112.570826531190988, 62.186300850558808 ], [ 113.541756835572272, 61.614325075729887 ], [ 113.683099629367291, 56.392845071862119 ], [ 113.760459846162846, 56.107843815213009 ], [ 114.403730028272534, 55.976089479504012 ], [ 117.157063759541984, 56.832527951673718 ], [ 120.866999739116849, 56.924116324107004 ], [ 124.146054222368107, 56.504046002547916 ], [ 129.608220276284555, 57.047242795055176 ], [ 132.072471156059038, 58.004091889914136 ], [ 134.332117869775601, 59.389492958045111 ], [ 133.713948120125508, 60.539439736932735 ], [ 133.821066745724096, 62.555336959409189 ], [ 133.420730389705483, 63.327349637818216 ], [ 133.481548442568624, 64.01089023318724 ], [ 134.213829110272002, 64.581504257294611 ], [ 134.622773769025429, 65.467298952345956 ], [ 128.86175214102127, 66.27073470506248 ], [ 125.672668351403289, 66.114092456898632 ], [ 122.298383746020264, 66.744172110247462 ], [ 122.479039611286353, 67.488967288524137 ], [ 121.492929130872014, 68.58849689601638 ], [ 121.894862081567126, 69.364200262410336 ], [ 121.916810596086464, 71.66324736835513 ], [ 122.961191412396886, 73.364844331020237 ], [ 121.927127153432238, 74.342160707759945 ], [ 116.518302818381414, 74.915748048345122 ], [ 114.164208925318277, 74.857419216928704 ], [ 105.663970401653614, 75.871227136988395 ], [ 112.569588585923086, 78.130966583460548 ], [ 117.604288746323363, 79.070832108970734 ], [ 114.31536023726342, 79.077100761701189 ] ] ] } },
{ "type": "Feature", "properties": { }, "geometry": { "type": "Polygon", "coordinates": [ [ [ 62.829091006743695, 83.001781074580421 ], [ 47.511554604584155, 82.474751308527885 ], [ 49.661205122863159, 82.164053875008719 ], [ 52.054727494862284, 81.100814034315917 ], [ 56.651681776116895, 77.804652491842106 ], [ 58.591452183458983, 76.918181031853536 ], [ 63.194270563148621, 75.395934388550145 ], [ 68.235648930092097, 74.602363759646522 ], [ 77.873695480760773, 75.063638931586553 ], [ 91.710603436440351, 77.357327722144134 ], [ 96.168531688592836, 78.648853196673599 ], [ 95.741862083833908, 78.660289641319238 ], [ 97.714438245234774, 79.731640784922391 ], [ 98.509004516975949, 80.920869178626617 ], [ 92.84443277642383, 81.866493324665655 ], [ 79.682925925929098, 83.005039658769064 ], [ 62.829091006743695, 83.001781074580421 ] ] ] } },
{ "type": "Feature", "properties": { }, "geometry": { "type": "Polygon", "coordinates": [ [ [ -54.098046007872412, -26.225634708399735 ], [ -60.623122591685302, -24.015553635106368 ], [ -60.817668563642556, -28.249757999956277 ], [ -61.65330215753422, -32.10319163924008 ], [ -55.976258536470191, -36.340488221754889 ], [ -54.311886374746166, -36.831615625174244 ], [ -54.098046007872412, -26.225634708399735 ] ] ] } },
{ "type": "Feature", "properties": { }, "geometry": { "type": "Polygon", "coordinates": [ [ [ 7.414291679757878, 67.115573512675667 ], [ 10.032473324081383, 68.136181901701434 ], [ -2.449627417501986, 65.000656532318928 ], [ -2.651687965542024, 64.242466197668264 ], [ -1.053149571087576, 63.284774983041494 ], [ -2.76380498873352, 62.414875814487552 ], [ -2.405450647412217, 61.62602365317958 ], [ -7.176355194458928, 60.673717388545803 ], [ -10.594172978518147, 60.348187099327752 ], [ -13.122093050747095, 59.504077908269842 ], [ -4.036431498952427, 58.86841877068894 ], [ -3.296952534082896, 56.205455093404652 ], [ -2.555336136048639, 55.228561878033624 ], [ -2.325046913977459, 57.5914515421549 ], [ -1.421624593577281, 60.028927446194558 ], [ 5.244959538955777, 65.093807368953634 ], [ 7.414291679757878, 67.115573512675667 ] ] ] } },
{ "type": "Feature", "properties": { }, "geometry": { "type": "Polygon", "coordinates": [ [ [ -2.555336136048639, 55.228561878033624 ], [ -3.296952534082896, 56.205455093404652 ], [ -4.036431498952427, 58.86841877068894 ], [ -6.211487224497091, 58.974302303215786 ], [ -8.621053618662938, 57.851974213048486 ], [ -11.119844457466012, 57.388642079451124 ], [ -13.325977738165726, 56.18880509629286 ], [ -13.288038154492696, 52.986327570759926 ], [ -14.619352387903975, 52.21182666052443 ], [ -14.972054531135898, 51.576521989208274 ], [ -14.886785363120707, 49.178452350749737 ], [ -13.269212234037564, 50.199541230250432 ], [ -11.204353390643266, 50.619118675604888 ], [ -8.242029945230987, 52.229485677303352 ], [ -3.66699882523212, 53.771422543897188 ], [ -2.961696001278887, 54.301383839762231 ], [ -2.555336136048639, 55.228561878033624 ] ] ] } },
{ "type": "Feature", "properties": { }, "geometry": { "type": "Polygon", "coordinates": [ [ [ 28.151458708414793, 19.89199199940559 ], [ 29.114699955958297, 21.526446285051495 ], [ 30.060808480894025, 24.710776033829379 ], [ 27.972243107430344, 22.103213814337668 ], [ 28.151458708414793, 19.89199199940559 ] ] ] } },
{ "type": "Feature", "properties": { }, "geometry": { "type": "Polygon", "coordinates": [ [ [ 65.34230800566111, 12.634461824207722 ], [ 64.579799398802834, 14.239908314064497 ], [ 64.29568306514841, 13.706256327897508 ], [ 63.664374222856075, 14.388692568813619 ], [ 62.725397115849461, 14.442324879018319 ], [ 62.676109238749561, 14.081134907404254 ], [ 63.761547722104297, 14.184776297200619 ], [ 64.785975211863317, 12.345830515226602 ], [ 65.803822154368078, 11.556425259164222 ], [ 66.599643927148719, 9.380477415715349 ], [ 70.76527670960202, 5.290025286644812 ], [ 74.639811538488033, 3.616777418594882 ], [ 76.806445106460288, 3.091928210043707 ], [ 79.970883425198068, 2.847403282200028 ], [ 82.172027569177075, 3.941107549979586 ], [ 82.570706872403093, 3.604877413119021 ], [ 82.432567093631988, 4.012889421684221 ], [ 81.42830701499264, 4.603410451046238 ], [ 80.59543260081324, 3.404406207820089 ], [ 79.736918382844834, 3.183232242389593 ], [ 76.657740894989161, 3.262150532834249 ], [ 73.404648982523227, 4.21682977881993 ], [ 72.286338160071864, 5.370634155359 ], [ 67.79736066436223, 8.228813410724031 ], [ 67.425648975038015, 9.590017328049786 ], [ 66.935071342935004, 10.036538538013163 ], [ 66.107011537125416, 11.949535738771733 ], [ 65.34230800566111, 12.634461824207722 ] ] ] } },
{ "type": "Feature", "properties": { }, "geometry": { "type": "Polygon", "coordinates": [ [ [ 20.775415544336369, 41.951612108996414 ], [ 18.553183292617312, 42.816898192925386 ], [ 18.370585493858702, 41.390947164302645 ], [ 20.971838771417389, 38.83656887228836 ], [ 24.082212581365667, 39.775512164668449 ], [ 25.414299157844368, 39.778848568650943 ], [ 25.415692959995805, 40.101755758674514 ], [ 24.463502007865387, 40.368601621900041 ], [ 23.68002396220038, 41.276635540867026 ], [ 24.050718148885469, 41.801299730757101 ], [ 20.775415544336369, 41.951612108996414 ] ] ] } },
{ "type": "Feature", "properties": { }, "geometry": { "type": "Polygon", "coordinates": [ [ [ 24.75951263465506, 43.623772061286417 ], [ 20.307051963324195, 43.298920480989381 ], [ 18.986479980078723, 43.520076381585177 ], [ 18.553183292617312, 42.816898192925386 ], [ 21.070048954500987, 41.898657889968995 ], [ 22.61514496279705, 42.020162209663226 ], [ 29.191351346433709, 41.439869022069033 ], [ 24.75951263465506, 43.623772061286417 ] ] ] } },
{ "type": "Feature", "properties": { }, "geometry": { "type": "Polygon", "coordinates": [ [ [ 17.908958076816091, 43.151632908603681 ], [ 17.55251193823462, 43.478799816161299 ], [ 16.761169645927541, 43.458706011453742 ], [ 16.318796626237056, 44.028997734738084 ], [ 15.639845202818378, 44.061075720495801 ], [ 16.822741111086277, 39.946738101234665 ], [ 17.89670999781152, 39.705000102328547 ], [ 17.48094346035731, 41.889654959239508 ], [ 17.908958076816091, 43.151632908603681 ] ] ] } },
{ "type": "Feature", "properties": { }, "geometry": { "type": "Polygon", "coordinates": [ [ [ 15.499596378618193, 44.051263431229287 ], [ 13.576212365972907, 43.121993945770576 ], [ 13.299067626746963, 42.400046409488311 ], [ 13.790828741453234, 38.18382422893869 ], [ 16.261598842608919, 39.932612049122582 ], [ 16.717517641744035, 39.942586401751996 ], [ 15.499596378618193, 44.051263431229287 ] ] ] } },
{ "type": "Feature", "properties": { }, "geometry": { "type": "Polygon", "coordinates": [ [ [ 13.776988380094975, 42.704267809199621 ], [ 10.875464903697889, 44.268479205141055 ], [ 9.00474228677411, 44.111734599030854 ], [ 6.489157424625059, 43.301536811162883 ], [ 1.9555242770378, 43.383757996448495 ], [ 0.911760267468456, 43.117723093629607 ], [ 1.143137238363562, 42.871794659327222 ], [ 0.671903479442911, 42.219768128853545 ], [ 1.708911298360054, 42.213957132010222 ], [ 2.415907960584098, 42.677489086464121 ], [ 5.92099468245539, 41.73983300616905 ], [ 6.24597803826782, 41.42277267812976 ], [ 7.858602518988562, 41.541375219687033 ], [ 11.01500395737151, 42.536166637176649 ], [ 13.776988380094975, 42.704267809199621 ] ] ] } },
{ "type": "Feature", "properties": { }, "geometry": { "type": "Polygon", "coordinates": [ [ [ 12.52906603022414, 34.860876164680988 ], [ 11.630157595640531, 36.642992458379808 ], [ 11.484098554477152, 37.615157027672055 ], [ 9.830355263845114, 39.316120986988608 ], [ 8.792896266955378, 39.356366705861369 ], [ 8.281160860695346, 39.878749545551038 ], [ 6.214695218049774, 39.988959382365223 ], [ 6.16121950423101, 39.674331330055935 ], [ 7.340476031812733, 39.613775621428324 ], [ 7.470679907744011, 38.956974534620898 ], [ 7.087034853413265, 39.155519568274592 ], [ 6.403028622458603, 38.781182829233693 ], [ 6.99727544960729, 38.445615399119454 ], [ 8.427330478684571, 36.416156164898943 ], [ 8.884399250256513, 36.505406115806373 ], [ 9.77187377740329, 35.107846116034551 ], [ 10.56073750300034, 35.105427422776948 ], [ 10.720399975564661, 34.6917324766249 ], [ 11.480812226357067, 34.444378178874302 ], [ 11.616149811268723, 33.981734992682838 ], [ 12.554249458683918, 33.901554914248869 ], [ 14.120352172590891, 33.097593582942416 ], [ 12.52906603022414, 34.860876164680988 ] ] ] } },
{ "type": "Feature", "properties": { }, "geometry": { "type": "Polygon", "coordinates": [ [ [ 15.940082449111367, 34.803282129088039 ], [ 12.735219988663621, 37.466728672765548 ], [ 12.152566328427865, 38.423332853847022 ], [ 12.045848168878997, 39.471000502656942 ], [ 11.265772604906399, 40.347332840262389 ], [ 9.058769019678188, 39.92143635954239 ], [ 6.872873863179309, 40.481700714091772 ], [ 6.289698881367258, 40.162536352491642 ], [ 7.585727091649932, 39.735087907940354 ], [ 8.281160860695346, 39.878749545551038 ], [ 8.792896266955378, 39.356366705861369 ], [ 9.830355263845114, 39.316120986988608 ], [ 11.484098554477152, 37.615157027672055 ], [ 11.630157595640531, 36.642992458379808 ], [ 12.166959904537096, 35.852132640749566 ], [ 12.792284317465146, 36.028706650080096 ], [ 13.499305478151147, 35.22404859978279 ], [ 14.350207741677032, 35.387437299070804 ], [ 15.940082449111367, 34.803282129088039 ] ] ] } },
{ "type": "Feature", "properties": { }, "geometry": { "type": "Polygon", "coordinates": [ [ [ 5.429087786162207, 40.913410473029522 ], [ 6.252387983958697, 42.465705909737508 ], [ 5.389664454331888, 42.935841210989928 ], [ 2.122307958480574, 41.776744869086571 ], [ 2.743312313044454, 39.842781666084711 ], [ 5.63350068327011, 39.128055157721562 ], [ 5.986738568913168, 39.517790954742189 ], [ 5.693531701465114, 40.152275221006995 ], [ 5.991875313222092, 40.521836289087062 ], [ 5.429087786162207, 40.913410473029522 ] ] ] } },
{ "type": "Feature", "properties": { }, "geometry": { "type": "Polygon", "coordinates": [ [ [ 15.940082449111367, 34.803282129088039 ], [ 16.360021519355215, 34.807382720926924 ], [ 16.297804369820724, 35.14485290437463 ], [ 16.742440743295138, 35.611522790853613 ], [ 15.530245732725351, 36.719964490667735 ], [ 15.686398143442817, 37.484112668554282 ], [ 13.957434262018841, 38.861784230517472 ], [ 13.877802317442846, 39.736942773471419 ], [ 11.265772604906399, 40.347332840262389 ], [ 12.045848168878997, 39.471000502656942 ], [ 12.152566328427865, 38.423332853847022 ], [ 12.735219988663621, 37.466728672765548 ], [ 15.940082449111367, 34.803282129088039 ] ] ] } },
{ "type": "Feature", "properties": { }, "geometry": { "type": "Polygon", "coordinates": [ [ [ 2.693820949375917, 40.499093821905511 ], [ 5.370058747381693, 39.39116470654421 ], [ 5.885269313185357, 41.592771094618982 ], [ 3.807766086346106, 41.441567054786063 ], [ 3.268227610747982, 41.058197269817988 ], [ 3.32842960777146, 40.606920169531932 ], [ 2.693820949375917, 40.499093821905511 ] ] ] } },
{ "type": "Feature", "properties": { }, "geometry": { "type": "Polygon", "coordinates": [ [ [ 1.61979611810421, 37.9453602972062 ], [ 2.934511677457085, 38.39338817584207 ], [ 4.885755683489718, 39.564415304078317 ], [ 2.566410700169249, 40.559974112145355 ], [ 0.749190380129932, 40.183850975296494 ], [ 0.910274761759986, 39.719171736114362 ], [ 0.257660533692227, 39.841194110888338 ], [ 0.152276374293759, 38.290002003606176 ], [ 1.61979611810421, 37.9453602972062 ] ] ] } },
{ "type": "Feature", "properties": { }, "geometry": { "type": "Polygon", "coordinates": [ [ [ 1.804661713220821, 37.584028490518577 ], [ -1.306176947681898, 38.644127126251632 ], [ -2.011959570961734, 37.482558906863638 ], [ -0.150180474705426, 36.869526706739791 ], [ 1.804661713220821, 37.584028490518577 ] ] ] } },
{ "type": "Feature", "properties": { }, "geometry": { "type": "Polygon", "coordinates": [ [ [ 0.893812445621619, 39.224293688137166 ], [ -0.432068001826195, 39.541706635546021 ], [ -1.306176947681898, 38.644127126251632 ], [ 1.821803834345744, 37.728236784724508 ], [ 1.389110152380215, 38.485882284181692 ], [ 0.513382889006499, 38.824508570798102 ], [ 0.893812445621619, 39.224293688137166 ] ] ] } },
{ "type": "Feature", "properties": { }, "geometry": { "type": "Polygon", "coordinates": [ [ [ -0.150180474705426, 36.869526706739791 ], [ -2.011959570961734, 37.482558906863638 ], [ -2.295530157567349, 36.374457464034933 ], [ -2.096611500183712, 35.63688554281908 ], [ -1.847451638576407, 35.527624115499428 ], [ -1.413210326291372, 36.172796070623932 ], [ -0.150180474705426, 36.869526706739791 ] ] ] } },
{ "type": "Feature", "properties": { }, "geometry": { "type": "Polygon", "coordinates": [ [ [ 4.546471554705033, 36.413012400876326 ], [ 4.030867444368536, 36.653491121749042 ], [ 1.82784118620552, 35.485375088140103 ], [ 2.013895201042916, 35.102429940783885 ], [ 2.711590095185601, 35.030029126943006 ], [ 4.546471554705033, 36.413012400876326 ] ] ] } },
{ "type": "Feature", "properties": { }, "geometry": { "type": "Polygon", "coordinates": [ [ [ 0.384683618623554, 33.548277198273162 ], [ 0.894826175296882, 33.668138168311607 ], [ 0.029717477406611, 34.195291546611976 ], [ -0.441215849710941, 34.07442343700037 ], [ 0.384683618623554, 33.548277198273162 ] ] ] } },
{ "type": "Feature", "properties": { }, "geometry": { "type": "Polygon", "coordinates": [ [ [ 1.229605209815628, 34.077812771885107 ], [ 0.233828303753093, 34.454235913707059 ], [ -0.229852799928944, 34.28437820691218 ], [ 0.74318082986862, 33.905141015787684 ], [ 1.229605209815628, 34.077812771885107 ] ] ] } },
{ "type": "Feature", "properties": { }, "geometry": { "type": "Polygon", "coordinates": [ [ [ 1.881411500249238, 34.258022858205784 ], [ 0.724240504891102, 34.606896152005376 ], [ 0.233828303753093, 34.454235913707059 ], [ 1.229605209815628, 34.077812771885107 ], [ 1.881411500249238, 34.258022858205784 ] ] ] } },
{ "type": "Feature", "properties": { }, "geometry": { "type": "Polygon", "coordinates": [ [ [ 1.824686363998301, 35.208721433588451 ], [ 0.815534731270548, 35.054324497954028 ], [ 0.627193452802802, 34.532146530925438 ], [ 1.855581917129593, 34.445443061344413 ], [ 2.796885841858852, 34.900939730691029 ], [ 2.096780030518731, 34.862206472878313 ], [ 1.824686363998301, 35.208721433588451 ] ] ] } },
{ "type": "Feature", "properties": { }, "geometry": { "type": "Polygon", "coordinates": [ [ [ 126.194516817779373, -31.707724775880319 ], [ 124.937759065837611, -31.47236532645384 ], [ 124.033818672773066, -32.722201703930182 ], [ 123.613715975022345, -32.502969555733188 ], [ 123.458772505418111, -31.840396173545837 ], [ 121.360164236429071, -33.865427630959175 ], [ 119.993926763748377, -34.534953141279914 ], [ 115.99852906498819, -35.189618655935064 ], [ 108.315516577020432, -37.67133347366439 ], [ 106.636367751612752, -37.241265824224165 ], [ 104.037634810024713, -41.244026241603969 ], [ 103.125860780645539, -41.432132303979074 ], [ 100.55932063761901, -40.984688804859907 ], [ 98.000583777396912, -40.054385249899809 ], [ 96.990471537445899, -40.012577100994704 ], [ 96.415552209152821, -40.504393186602485 ], [ 96.975887043283876, -41.337114356224014 ], [ 96.59602109275643, -41.952200918042557 ], [ 95.26230190019308, -42.794985759480156 ], [ 93.787550461171506, -43.092955952361102 ], [ 93.554789583541563, -43.455005146141197 ], [ 93.357845584421923, -44.520364960873678 ], [ 95.322467091648505, -45.837321890761693 ], [ 91.842350179586305, -48.721084489913643 ], [ 91.038609568389418, -48.798165670166718 ], [ 90.511302710842827, -48.487016571270516 ], [ 90.215615686884263, -46.146506963084008 ], [ 86.903971180484149, -47.127798872824123 ], [ 92.043910540753117, -51.186567246290331 ], [ 95.107266208971666, -54.700681090517918 ], [ 95.151761526686442, -55.347972318273996 ], [ 94.548504279232702, -55.371158107077115 ], [ 94.468285078013963, -55.992738685580505 ], [ 93.31163975069677, -56.807331460402573 ], [ 92.708303612927281, -56.36825942485175 ], [ 90.726330118144048, -57.074357499122932 ], [ 89.935257292954091, -56.898386499989684 ], [ 89.018077137186864, -56.187671130349095 ], [ 87.600177805105787, -56.171560238601344 ], [ 86.743017498759897, -56.694614640600506 ], [ 86.205619411360459, -57.95964157626954 ], [ 86.705987662260341, -58.650548087720111 ], [ 88.474471719449554, -58.540654550397861 ], [ 90.717462626646224, -58.939587454325945 ], [ 92.176130299427598, -58.606508082503296 ], [ 92.48802963216113, -58.856769207743106 ], [ 91.541669592588548, -59.553774300863523 ], [ 94.771501001830813, -61.488008524419378 ], [ 99.750167042466927, -62.086254896141234 ], [ 102.291010276440048, -62.074795845493313 ], [ 105.826834827346772, -61.498039813405967 ], [ 111.015990391211005, -61.704599161473311 ], [ 115.043984437362752, -61.120679956724423 ], [ 122.25825858614192, -61.364311593444519 ], [ 127.32467748470701, -62.432005512326988 ], [ 133.3412261614003, -63.065428075845197 ], [ 137.890118908245427, -65.028386354120912 ], [ 153.663054663632948, -63.190086614494945 ], [ 153.198021443647548, -62.437187122343602 ], [ 154.07140230333772, -60.89203185227008 ], [ 153.634381455202089, -59.95626958335825 ], [ 153.764748634477883, -59.038067969806725 ], [ 153.431494763457238, -58.258330354470672 ], [ 154.652643842981263, -55.01326797438832 ], [ 154.19031739966087, -53.399190078527717 ], [ 154.289387309008532, -51.208504327774726 ], [ 153.983002158755482, -50.399161042369975 ], [ 152.799977967032106, -49.450846840742884 ], [ 152.399895358825717, -48.241621828472951 ], [ 151.635131235230006, -47.468016206532752 ], [ 152.864811364960076, -46.175862040833671 ], [ 152.698627885469023, -45.699486750844493 ], [ 150.25839497415862, -42.176675931124159 ], [ 149.0707168164856, -41.186574206617038 ], [ 148.529767566175735, -40.042815870988818 ], [ 147.02773051606016, -38.921260879832445 ], [ 142.244792322670918, -38.400105486689554 ], [ 139.789779775492605, -37.389239985752788 ], [ 136.974386888984981, -38.481115493439596 ], [ 136.329611987678589, -37.754784342562921 ], [ 136.251115317300105, -37.134771871338508 ], [ 136.811245615332069, -36.140888344502777 ], [ 136.535503876929312, -35.805117521526455 ], [ 136.940039726068363, -35.314847377349551 ], [ 136.80109117486225, -34.7908121152403 ], [ 133.944633984940538, -35.252524256007845 ], [ 128.608580344848406, -34.547646816976297 ], [ 128.247145975574512, -34.134189766293474 ], [ 126.995320325595344, -33.928972063108823 ], [ 126.776736735550699, -33.611413885392039 ], [ 127.260226893263848, -32.9843939843417 ], [ 126.194516817779373, -31.707724775880319 ] ] ] } },
{ "type": "Feature", "properties": { }, "geometry": { "type": "Polygon", "coordinates": [ [ [ 80.042526202224337, 54.878465185946972 ], [ 78.768846984043506, 55.073017256351051 ], [ 76.070542734826347, 54.858390985246039 ], [ 74.366383090497962, 54.153601285153201 ], [ 74.85446551232539, 53.241680299236876 ], [ 76.38916157977431, 51.737013746866381 ], [ 77.439451479908158, 51.293641572235792 ], [ 79.504264756781822, 50.519561012084793 ], [ 85.480552789203571, 49.934575036966919 ], [ 84.195783372842342, 50.844452470511527 ], [ 81.599858672802682, 51.855306037622178 ], [ 80.678792160269111, 53.083685123924724 ], [ 80.529683613281506, 54.389991722303989 ], [ 80.042526202224337, 54.878465185946972 ] ] ] } },
{ "type": "Feature", "properties": { }, "geometry": { "type": "Polygon", "coordinates": [ [ [ -109.688575036361385, 60.300323589161984 ], [ -112.851616694068042, 63.573907725206368 ], [ -116.229177614416798, 66.137060122642993 ], [ -121.730578357653101, 68.297569446639443 ], [ -121.724736905305363, 67.96895099591265 ], [ -119.978333370485117, 66.9576853670075 ], [ -119.568453559451058, 66.311250574154769 ], [ -117.563205981298609, 65.62966554133358 ], [ -116.542621085420734, 64.222947867149045 ], [ -113.355785430090421, 62.971321723905156 ], [ -112.012757939945516, 61.23934549654652 ], [ -110.854005395292873, 60.336063568275662 ], [ -109.688575036361385, 60.300323589161984 ] ] ] } },
{ "type": "Feature", "properties": { }, "geometry": { "type": "MultiPolygon", "coordinates": [ [ [ [ 179.99999999, 77.717320464303086 ], [ 178.323118045214926, 77.856757967804398 ], [ 179.758304643419336, 75.949472726685514 ], [ 179.99999999, 75.95042974512269 ], [ 179.99999999, 77.717320464303086 ] ] ], [ [ [ -179.99999999, 75.95042974512269 ], [ -172.465791073086422, 75.339956422847649 ], [ -164.611076666547746, 73.883328477313015 ], [ -157.949140665610628, 73.272565838181734 ], [ -159.963623210468, 73.75610585361504 ], [ -159.981244328466744, 74.240663487414537 ], [ -160.513815761152415, 74.5249909882682 ], [ -164.484396687328257, 75.662756802695696 ], [ -172.753134100139107, 77.435435409549314 ], [ -179.99999999, 77.717320464303086 ], [ -179.99999999, 75.95042974512269 ] ] ] ] } },
{ "type": "Feature", "properties": { }, "geometry": { "type": "Polygon", "coordinates": [ [ [ 129.811162786597663, -7.063489248286035 ], [ 129.285973152698631, -6.361351435493957 ], [ 129.416190316411871, -5.651981319650374 ], [ 128.914086707059568, -4.970633062326201 ], [ 126.277194764205134, -2.330766943011488 ], [ 127.977206677465446, -7.045025447277694 ], [ 129.811162786597663, -7.063489248286035 ] ] ] } },
{ "type": "Feature", "properties": { }, "geometry": { "type": "Polygon", "coordinates": [ [ [ -49.751016220234362, 76.63913294399687 ], [ -47.867279541434073, 77.470995104462403 ], [ -53.459877017368278, 77.266283458725866 ], [ -59.57185081095237, 78.270000816949789 ], [ -61.941998872579404, 78.351571683213777 ], [ -70.815353214155138, 77.897407465808669 ], [ -76.873505453323332, 77.953188452014416 ], [ -81.114233194569962, 78.306857525833436 ], [ -84.53509083567792, 79.004941749965695 ], [ -88.312069087990267, 79.034266755782724 ], [ -84.597619822279029, 78.135095681526309 ], [ -82.38230466513285, 76.821157080312645 ], [ -73.147372624718855, 76.195792741748932 ], [ -69.471935816510324, 76.748348778614968 ], [ -49.751016220234362, 76.63913294399687 ] ] ] } },
{ "type": "Feature", "properties": { }, "geometry": { "type": "Polygon", "coordinates": [ [ [ -58.170200435322812, -48.116493723857339 ], [ -62.487663942679582, -48.195293489984174 ], [ -62.710146897325423, -50.725634185889994 ], [ -61.785303505774223, -53.914537022795564 ], [ -60.309408083553635, -55.315192937088568 ], [ -57.34564937359233, -56.417067900983845 ], [ -54.209331207976916, -57.035461073973863 ], [ -50.594114286735717, -56.85447050994545 ], [ -53.049666855618668, -56.104803532083089 ], [ -53.476351861415694, -55.706117416246556 ], [ -53.481164116767381, -54.985579236717882 ], [ -52.694559276519875, -53.539119487674242 ], [ -53.740192405267322, -50.975921967836079 ], [ -53.301563491287133, -49.401850343976456 ], [ -53.487918583195729, -48.102861720362995 ], [ -55.056728346420293, -48.722897725379696 ], [ -58.170200435322812, -48.116493723857339 ] ] ] } },
{ "type": "Feature", "properties": { }, "geometry": { "type": "Polygon", "coordinates": [ [ [ -59.295074913776389, 39.639730352163099 ], [ -58.921576405609116, 41.271000295753041 ], [ -63.293753855664349, 39.704296390750898 ], [ -69.685923870841862, 35.695992544093549 ], [ -72.609600991867268, 34.37584036131291 ], [ -76.754330889799235, 33.518243257421759 ], [ -80.632522014275338, 33.496175236252604 ], [ -77.569283965600732, 32.266822295107382 ], [ -73.699544467518734, 29.465593009528149 ], [ -71.429203419142794, 29.756883532659227 ], [ -69.437700039299287, 28.073662888053814 ], [ -67.736494652436264, 27.97533172159871 ], [ -68.268698598112053, 30.51736738789004 ], [ -68.01669191081757, 31.162952280849129 ], [ -68.458331859745655, 31.47531419021356 ], [ -68.060769164468084, 32.039402374288692 ], [ -65.182364666634001, 32.998452961943372 ], [ -62.434267962523045, 35.867227200234403 ], [ -62.338759113256835, 37.29654894072992 ], [ -61.501195701823001, 38.763832328382072 ], [ -60.333704210246154, 39.502543383216285 ], [ -59.295074913776389, 39.639730352163099 ] ] ] } },
{ "type": "Feature", "properties": { }, "geometry": { "type": "Polygon", "coordinates": [ [ [ 65.678168979989323, -14.047319429774433 ], [ 64.793922195564832, -10.912631002338163 ], [ 63.757369633748212, -11.141302864552467 ], [ 62.146714035395512, -12.180436027793217 ], [ 63.227593884682577, -12.44686744280571 ], [ 62.553350170814909, -14.858322303723527 ], [ 63.016993628317323, -15.573192286590269 ], [ 63.641706485842349, -15.601205651340774 ], [ 63.886683407993317, -15.935176826654612 ], [ 64.707229070906209, -15.795943722285935 ], [ 65.335947358061645, -15.263287558272786 ], [ 65.678168979989323, -14.047319429774433 ] ] ] } },
{ "type": "Feature", "properties": { }, "geometry": { "type": "Polygon", "coordinates": [ [ [ 49.134307237986285, -13.361233521983033 ], [ 47.933914920890707, -11.82382344679141 ], [ 47.292322361453763, -11.713539147387076 ], [ 46.467502182983708, -11.908996627388538 ], [ 45.812732580053954, -12.649032081484821 ], [ 48.803338146482069, -13.711842161715317 ], [ 49.134307237986285, -13.361233521983033 ] ] ] } },
{ "type": "Feature", "properties": { }, "geometry": { "type": "Polygon", "coordinates": [ [ [ 107.03325346256635, 1.131511082351233 ], [ 101.194378694026909, 3.335237271427406 ], [ 100.275155936067563, 3.156943533777138 ], [ 106.093888084411503, -0.268629023580365 ], [ 110.076091812996211, -1.277260635786618 ], [ 109.478165918523075, -0.622229470288056 ], [ 108.752837050828205, 1.178146583891066 ], [ 107.03325346256635, 1.131511082351233 ] ] ] } },
{ "type": "Feature", "properties": { }, "geometry": { "type": "Polygon", "coordinates": [ [ [ 42.206971525269623, -23.711063821975664 ], [ 41.793576837698993, -20.740069057413386 ], [ 41.338838162390289, -20.50583128845647 ], [ 41.39091776409294, -20.194494351228037 ], [ 40.602156189103844, -20.017363285463375 ], [ 40.166114361642556, -20.16362339136678 ], [ 39.281974441739678, -22.072645636450027 ], [ 37.942850971771996, -23.200230203867136 ], [ 36.893638057996824, -23.657240771374415 ], [ 35.39743743934158, -23.647741555395044 ], [ 34.362050378059536, -24.651982909088353 ], [ 34.480174122530443, -25.623740994301972 ], [ 35.285934765092392, -27.340864492664359 ], [ 35.214812410842427, -28.082713575669796 ], [ 33.950744658786931, -29.953583331450719 ], [ 34.391540345661141, -30.919805974767389 ], [ 34.380934523912828, -32.138149986458707 ], [ 35.468227678844499, -33.716716100760948 ], [ 36.749580715909985, -34.014186211580025 ], [ 37.363052907535668, -33.467311967363656 ], [ 38.611258660817974, -33.079798195134181 ], [ 40.03944574741211, -28.529745757178624 ], [ 42.206971525269623, -23.711063821975664 ] ] ] } },
{ "type": "Feature", "properties": { }, "geometry": { "type": "Polygon", "coordinates": [ [ [ 78.442062185819708, -47.323275148451842 ], [ 78.770860140594763, -47.089958824944986 ], [ 78.715162162401825, -46.37653601214943 ], [ 77.170094365743665, -46.693660608312314 ], [ 76.841241884952836, -47.119815881995926 ], [ 78.442062185819708, -47.323275148451842 ] ] ] } },
{ "type": "Feature", "properties": { }, "geometry": { "type": "Polygon", "coordinates": [ [ [ 74.683393028496823, -49.509621341108669 ], [ 75.360835187873249, -48.443384263742324 ], [ 74.842118315903548, -48.065526095288973 ], [ 73.251472050714909, -49.223457782558555 ], [ 73.531368025787344, -49.343653290606255 ], [ 73.694493923374139, -50.147166296055261 ], [ 74.683393028496823, -49.509621341108669 ] ] ] } },
{ "type": "Feature", "properties": { }, "geometry": { "type": "Polygon", "coordinates": [ [ [ 13.877802317442846, 39.736942773471419 ], [ 13.588736968298338, 40.069279366528768 ], [ 10.259389506162567, 41.180177458636017 ], [ 9.527670848239476, 40.753834235350297 ], [ 7.304113550193257, 40.940686353384244 ], [ 6.289698881367258, 40.162536352491642 ], [ 6.872873863179309, 40.481700714091772 ], [ 9.058769019678188, 39.92143635954239 ], [ 11.290282247514076, 40.356188246545308 ], [ 13.877802317442846, 39.736942773471419 ] ] ] } },
{ "type": "Feature", "properties": { }, "geometry": { "type": "Polygon", "coordinates": [ [ [ -172.586826195556682, -50.009583611674003 ], [ -173.899624004384094, -50.20200041091703 ], [ -175.288783362153112, -51.167315710016446 ], [ -171.322914744249488, -53.281667446503718 ], [ -169.413652092395779, -53.992228459948699 ], [ -167.561692722517847, -54.107295702374898 ], [ -167.770823351298219, -52.900556292022024 ], [ -168.842649202704024, -51.4536430928068 ], [ -172.586826195556682, -50.009583611674003 ] ] ] } },
{ "type": "Feature", "properties": { }, "geometry": { "type": "Polygon", "coordinates": [ [ [ -173.605234245753621, -57.344498903697016 ], [ -174.287143838484553, -55.21825848350921 ], [ -175.536859768650118, -55.90060638479649 ], [ -176.540507619591409, -57.419372343257649 ], [ -175.99293873500082, -58.316391780884622 ], [ -173.605234245753621, -57.344498903697016 ] ] ] } },
{ "type": "Feature", "properties": { }, "geometry": { "type": "Polygon", "coordinates": [ [ [ -174.393813495736794, -55.502355132978757 ], [ -174.820529649831229, -55.1402895812069 ], [ -175.696929918280972, -55.04544082207849 ], [ -177.125347860860302, -55.315124720860375 ], [ -176.246126422309999, -57.316433720647346 ], [ -176.324787106746584, -58.037538105726235 ], [ -177.700424737267099, -60.069682658523561 ], [ -177.584951675830638, -60.710375000014828 ], [ -174.344981805995161, -56.923829634308255 ], [ -174.393813495736794, -55.502355132978757 ] ] ] } },
{ "type": "Feature", "properties": { }, "geometry": { "type": "Polygon", "coordinates": [ [ [ -172.546755542061248, -53.533384339391347 ], [ -173.241922929871748, -53.297652814327172 ], [ -174.065434348092339, -53.754375972250266 ], [ -173.391043041307256, -53.932491568121698 ], [ -172.029529321236652, -55.114487343087895 ], [ -171.881859760935384, -54.719857947850691 ], [ -172.546755542061248, -53.533384339391347 ] ] ] } },
{ "type": "Feature", "properties": { }, "geometry": { "type": "Polygon", "coordinates": [ [ [ 17.263722644324698, 31.359299922569161 ], [ 17.245639774889749, 31.382214726529565 ], [ 17.264801782129691, 31.355809702000244 ], [ 17.263722644324698, 31.359299922569161 ] ] ] } },
{ "type": "Feature", "properties": { }, "geometry": { "type": "Polygon", "coordinates": [ [ [ 17.264801782129691, 31.355809702000244 ], [ 17.267352412126851, 31.347561074410109 ], [ 17.329068368797397, 31.272745532574859 ], [ 17.264801782129691, 31.355809702000244 ] ] ] } },
{ "type": "Feature", "properties": { }, "geometry": { "type": "Polygon", "coordinates": [ [ [ 26.867948953942008, 29.072604393462949 ], [ 24.818232805583353, 29.291793353976143 ], [ 24.257625327730768, 28.064545486456751 ], [ 22.780098550379666, 27.592617604437084 ], [ 25.577857174728202, 27.632289643880295 ], [ 26.822452868442987, 26.970192134140902 ], [ 26.25310166236882, 26.332872968095856 ], [ 25.876690800612074, 24.824274185346301 ], [ 25.361539981336637, 24.421152174152088 ], [ 27.978600203905483, 24.247292717557158 ], [ 27.440910880470621, 23.267618730607989 ], [ 28.074604659979702, 23.369487313233613 ], [ 28.613751622845324, 23.705537273734262 ], [ 29.978253950888952, 25.737203567479042 ], [ 30.640725750650994, 27.502910402328602 ], [ 30.71597983615667, 28.63433713849156 ], [ 29.402731643997839, 27.996899848760116 ], [ 27.817399298460181, 27.859996321593663 ], [ 26.867948953942008, 29.072604393462949 ] ] ] } },
{ "type": "Feature", "properties": { }, "geometry": { "type": "Polygon", "coordinates": [ [ [ 21.809230567344553, 32.82244597930513 ], [ 19.87219013539076, 34.373081135968519 ], [ 18.276195532521037, 37.152366205015461 ], [ 16.881628523446, 36.282110708118395 ], [ 17.183317258568774, 35.357100711069378 ], [ 17.139199649649033, 34.284768697978457 ], [ 16.842894044100696, 33.991009136575684 ], [ 17.664225664344595, 32.776217008088381 ], [ 20.436325806956997, 30.750503197006179 ], [ 22.40367309732968, 30.176100471657122 ], [ 23.735395883775752, 30.754099124274546 ], [ 25.194980333322711, 31.953680731022974 ], [ 21.809230567344553, 32.82244597930513 ] ] ] } },
{ "type": "Feature", "properties": { }, "geometry": { "type": "Polygon", "coordinates": [ [ [ 23.151121121287215, 32.439808952074991 ], [ 20.982541173065655, 33.324340938567758 ], [ 21.809230567344553, 32.82244597930513 ], [ 23.151121121287215, 32.439808952074991 ] ] ] } },
{ "type": "Feature", "properties": { }, "geometry": { "type": "Polygon", "coordinates": [ [ [ 20.329810102282611, 33.77939883218157 ], [ 19.17620768939009, 33.546918073549008 ], [ 21.494734376977249, 32.571627965599255 ], [ 24.069689922250916, 32.366010686436319 ], [ 21.785394153871227, 32.846543433939246 ], [ 20.329810102282611, 33.77939883218157 ] ] ] } },
{ "type": "Feature", "properties": { }, "geometry": { "type": "Polygon", "coordinates": [ [ [ 165.259422756899767, -37.902267877207535 ], [ 165.259421848389167, -37.902266663319111 ], [ 165.259418960699776, -37.902267393155469 ], [ 165.259422756899767, -37.902267877207535 ] ] ] } },
{ "type": "Feature", "properties": { }, "geometry": { "type": "Polygon", "coordinates": [ [ [ 15.648723289045726, 32.752433372982331 ], [ 14.838701222706776, 33.285223847076772 ], [ 14.0618548057294, 32.539545130798061 ], [ 13.872418534446664, 32.690201066740421 ], [ 15.412560885895166, 31.277151972548435 ], [ 15.354806729479307, 31.761952093807444 ], [ 16.265860820718679, 31.458755249182158 ], [ 15.648723289045726, 32.752433372982331 ] ] ] } },
{ "type": "Feature", "properties": { }, "geometry": { "type": "Polygon", "coordinates": [ [ [ 143.499928180274395, 5.572543838321639 ], [ 141.891326337640464, 7.260147631032345 ], [ 141.185643450680573, 6.612187452670745 ], [ 142.477348000532402, 5.965945887485977 ], [ 144.706157762907509, 3.723134512139374 ], [ 146.365394466302092, 3.095721663966886 ], [ 147.303534185753307, 1.914088940143145 ], [ 147.846883875310112, 1.731149241688686 ], [ 147.483081793064315, 1.42507845990576 ], [ 148.375956694043026, 0.250896080813892 ], [ 149.57388619913732, -0.496811957378027 ], [ 149.541584560699391, -1.018352200365574 ], [ 150.226951913084747, -1.146249196614331 ], [ 150.493415886837795, 0.267739170734482 ], [ 148.665394946195789, 0.592993502015088 ], [ 147.75722856803921, 1.90358388946101 ], [ 146.960054198041888, 2.856031346152371 ], [ 143.499928180274395, 5.572543838321639 ] ] ] } },
{ "type": "Feature", "properties": { }, "geometry": { "type": "Polygon", "coordinates": [ [ [ -62.840801852772749, 9.705028318778268 ], [ -63.319484259620857, 9.831223483091394 ], [ -63.610235292132138, 9.973880351069942 ], [ -63.608933728466056, 9.838658610874411 ], [ -62.840801852772749, 9.705028318778268 ] ] ] } },
{ "type": "Feature", "properties": { }, "geometry": { "type": "Polygon", "coordinates": [ [ [ -63.259729309720832, 14.455369239498458 ], [ -63.362812751088448, 15.225637952251619 ], [ -63.622230932583825, 15.226504220118002 ], [ -63.590207200076321, 14.317391711088302 ], [ -63.259729309720832, 14.455369239498458 ] ] ] } },
{ "type": "Feature", "properties": { }, "geometry": { "type": "Polygon", "coordinates": [ [ [ 140.867922783102131, 57.973092946591898 ], [ 142.542389837544647, 59.773621219581173 ], [ 146.763204595875379, 62.718453647248722 ], [ 149.25853828974985, 63.889079397122487 ], [ 159.230099778690033, 63.656586605918982 ], [ 159.883575319977922, 64.367775687459144 ], [ 160.800665068686499, 64.733324833493896 ], [ 153.518922174622503, 64.916475383713419 ], [ 152.357852610275927, 65.248141188474449 ], [ 149.755429162971751, 64.556903123669031 ], [ 145.604087314963209, 62.78981568004351 ], [ 143.345677712973071, 61.410522569548888 ], [ 141.491250433286069, 59.99323930600972 ], [ 140.7177936433593, 59.01471011864308 ], [ 140.406454556238856, 57.97614273624113 ], [ 140.867922783102131, 57.973092946591898 ] ] ] } },
{ "type": "Feature", "properties": { }, "geometry": { "type": "Polygon", "coordinates": [ [ [ -50.220311491424802, 9.427865710782104 ], [ -53.265720409276355, 10.078845059006719 ], [ -54.916105831526863, 8.805657483174711 ], [ -50.937383404626324, 9.152297582187177 ], [ -51.355268835343601, 8.580877100201848 ], [ -50.363038919004765, 8.509616636769271 ], [ -50.220311491424802, 9.427865710782104 ] ] ] } },
{ "type": "Feature", "properties": { }, "geometry": { "type": "Polygon", "coordinates": [ [ [ 121.120705174837695, 26.106316879116374 ], [ 120.933382332961301, 25.695674176502447 ], [ 120.930776066187164, 25.6545416782612 ], [ 121.120705174837695, 26.106316879116374 ] ] ] } },
{ "type": "Feature", "properties": { }, "geometry": { "type": "Polygon", "coordinates": [ [ [ 122.32005702052335, 26.44571173413145 ], [ 122.709780600986846, 26.563534476175121 ], [ 121.120705174837695, 26.106316879116374 ], [ 122.32005702052335, 26.44571173413145 ] ] ] } },
{ "type": "Feature", "properties": { }, "geometry": { "type": "Polygon", "coordinates": [ [ [ -76.411538871459058, 7.138397023964617 ], [ -76.637040616843137, 7.16084255706503 ], [ -76.613029113571272, 6.931966636144399 ], [ -76.411538871459058, 7.138397023964617 ] ] ] } },
{ "type": "Feature", "properties": { }, "geometry": { "type": "Polygon", "coordinates": [ [ [ -68.396216258699496, 4.205271496012179 ], [ -68.488454703425163, 4.467034028610421 ], [ -68.544529569053111, 4.50692368626904 ], [ -68.67265004427432, 4.309289766642371 ], [ -68.396216258699496, 4.205271496012179 ] ] ] } },
{ "type": "Feature", "properties": { }, "geometry": { "type": "Polygon", "coordinates": [ [ [ 123.311511713217541, 4.375097632973744 ], [ 122.702339845975786, 4.811070298289946 ], [ 122.69807548071222, 4.198722860569813 ], [ 123.311511713217541, 4.375097632973744 ] ] ] } },
{ "type": "Feature", "properties": { }, "geometry": { "type": "Polygon", "coordinates": [ [ [ 117.201287276949884, 21.754559712742946 ], [ 116.819213641306902, 22.266483142435902 ], [ 115.756366417293336, 22.819714446934547 ], [ 116.023705383597232, 22.38234793471235 ], [ 117.201287276949884, 21.754559712742946 ] ] ] } },
{ "type": "Feature", "properties": { }, "geometry": { "type": "Polygon", "coordinates": [ [ [ -68.08462916063722, 5.724737794219787 ], [ -68.177055272100574, 5.805102126371246 ], [ -67.804276358447268, 5.488899220841999 ], [ -68.08462916063722, 5.724737794219787 ] ] ] } },
{ "type": "Feature", "properties": { }, "geometry": { "type": "Polygon", "coordinates": [ [ [ -76.931817133771787, 29.330095329017702 ], [ -76.838542624070399, 29.349501943325507 ], [ -77.403574606255077, 29.422228757310769 ], [ -76.931817133771787, 29.330095329017702 ] ] ] } },
{ "type": "Feature", "properties": { }, "geometry": { "type": "Polygon", "coordinates": [ [ [ -79.235007661546931, 17.231191100718569 ], [ -79.561722462920983, 17.222005612409703 ], [ -79.65349211188655, 17.179250311916846 ], [ -79.235007661546931, 17.231191100718569 ] ] ] } },
{ "type": "Feature", "properties": { }, "geometry": { "type": "Polygon", "coordinates": [ [ [ -83.111209129765939, 7.427032226474877 ], [ -84.238831741493087, 9.395282953189199 ], [ -85.917892913082937, 8.950713679607681 ], [ -86.59756645155997, 8.459875993137185 ], [ -83.492298929584692, 6.026091605991208 ], [ -83.111209129765939, 7.427032226474877 ] ] ] } },
{ "type": "Feature", "properties": { }, "geometry": { "type": "Polygon", "coordinates": [ [ [ 149.291881419574537, -35.812208907247161 ], [ 149.292133494373189, -35.916707085418643 ], [ 149.309203906488193, -35.917088504288003 ], [ 149.291881419574537, -35.812208907247161 ] ] ] } },
{ "type": "Feature", "properties": { }, "geometry": { "type": "Polygon", "coordinates": [ [ [ 153.61602342055096, -32.047175208417379 ], [ 152.821036915141775, -31.680261266489016 ], [ 148.154516646010308, -34.299451164197357 ], [ 149.631449393016737, -34.898739155083256 ], [ 151.826611874556704, -32.471906777608915 ], [ 152.341057107051398, -32.787828079653252 ], [ 152.509409111483961, -33.474159933042031 ], [ 153.595348366992738, -33.602656589547784 ], [ 153.829692193465263, -34.206092450738836 ], [ 154.051208363166154, -33.967166060283859 ], [ 153.646553701736707, -33.090722148812802 ], [ 153.61602342055096, -32.047175208417379 ] ] ] } },
{ "type": "Feature", "properties": { }, "geometry": { "type": "Polygon", "coordinates": [ [ [ 118.881038584579244, -30.01888446022042 ], [ 118.833130186121295, -29.922906736407111 ], [ 118.820429727842921, -29.922891670650575 ], [ 118.881038584579244, -30.01888446022042 ] ] ] } },
{ "type": "Feature", "properties": { }, "geometry": { "type": "Polygon", "coordinates": [ [ [ 116.486156694014738, 21.677686185452984 ], [ 116.558299529239832, 21.763369162979856 ], [ 116.42959503247701, 21.754666439493867 ], [ 116.486156694014738, 21.677686185452984 ] ] ] } },
{ "type": "Feature", "properties": { }, "geometry": { "type": "Polygon", "coordinates": [ [ [ 117.229570866791775, 21.361772896737143 ], [ 117.202254763905458, 21.752969323823045 ], [ 116.045973139750274, 22.370000507685635 ], [ 116.755762638954423, 21.242479905877179 ], [ 117.229570866791775, 21.361772896737143 ] ] ] } },
{ "type": "Feature", "properties": { }, "geometry": { "type": "Polygon", "coordinates": [ [ [ -96.704374346602933, 30.909985425293534 ], [ -97.075074178891711, 31.2876362652861 ], [ -97.205545586209183, 31.392198980283652 ], [ -97.060791090002411, 31.202357757308885 ], [ -96.704374346602933, 30.909985425293534 ] ] ] } },
{ "type": "Feature", "properties": { }, "geometry": { "type": "Polygon", "coordinates": [ [ [ -173.586425906893965, 55.867349590092033 ], [ -171.432100045929019, 55.948264462794995 ], [ -174.635188797126119, 55.853037649147268 ], [ -173.586425906893965, 55.867349590092033 ] ] ] } },
{ "type": "Feature", "properties": { }, "geometry": { "type": "MultiPolygon", "coordinates": [ [ [ [ -3.269426394689334, 64.50039171124935 ], [ -4.09946150503641, 64.220050254788276 ], [ -4.459446647300018, 64.04389884752986 ], [ -4.218545002585778, 64.120957832401388 ], [ -3.269426394689334, 64.50039171124935 ] ] ], [ [ [ -3.228667541640438, 64.514157871361107 ], [ -2.941807637367863, 64.580582805042425 ], [ -2.860268601850585, 64.597960449089925 ], [ -2.888590256407344, 64.629017785433547 ], [ -3.228667541640438, 64.514157871361107 ] ] ] ] } },
{ "type": "Feature", "properties": { }, "geometry": { "type": "Polygon", "coordinates": [ [ [ -76.714262518599526, 2.83361865106601 ], [ -76.714159540526168, 2.833554485172102 ], [ -76.714136331189195, 2.833547222162558 ], [ -76.714262518599526, 2.83361865106601 ] ] ] } },
{ "type": "Feature", "properties": { }, "geometry": { "type": "Polygon", "coordinates": [ [ [ -77.481852945903313, 3.07154322179917 ], [ -76.01515513328431, 2.351102104465185 ], [ -75.392507839647678, 0.738941467437457 ], [ -73.934548798722162, 2.571818451332346 ], [ -74.799446771797491, 3.917073894992166 ], [ -76.153136886172234, 4.862892809800027 ], [ -78.11535001915702, 5.395546206959255 ], [ -77.481852945903313, 3.07154322179917 ] ] ] } },
{ "type": "Feature", "properties": { }, "geometry": { "type": "Polygon", "coordinates": [ [ [ -63.181458423756574, 9.754739384085406 ], [ -65.368272917475423, 9.316047845621325 ], [ -65.954964415415674, 8.933271103420818 ], [ -66.631809031710148, 7.635160618453264 ], [ -64.302971215693518, 3.279558692564714 ], [ -62.898655576778623, 3.962507034001255 ], [ -61.975227563494286, 5.08028612950705 ], [ -60.741734873469525, 6.794988051922555 ], [ -60.176722429485949, 8.313247668492235 ], [ -60.452006435029269, 9.391356804722196 ], [ -63.181458423756574, 9.754739384085406 ] ] ] } },
{ "type": "Feature", "properties": { }, "geometry": { "type": "Polygon", "coordinates": [ [ [ -62.560294793722335, 10.764721927614195 ], [ -61.964521324415394, 12.92473328056297 ], [ -63.259729309720832, 14.455369239498458 ], [ -63.590207200076321, 14.317391711088302 ], [ -63.647353923450773, 13.825088350275633 ], [ -63.618085959219428, 9.977733406706955 ], [ -63.302109814665009, 9.826664387455827 ], [ -62.560294793722335, 10.764721927614195 ] ] ] } },
{ "type": "Feature", "properties": { }, "geometry": { "type": "Polygon", "coordinates": [ [ [ -87.245126941949664, 17.92961426806254 ], [ -87.381209955742307, 18.368048572765453 ], [ -89.33481395912267, 18.702342930171845 ], [ -93.700946672902703, 21.405723028631201 ], [ -92.080979391798436, 20.164459030121861 ], [ -91.845856045999767, 19.230094681310167 ], [ -89.227855602437401, 15.062367094408625 ], [ -84.33684170498266, 16.242415338817668 ], [ -87.245126941949664, 17.92961426806254 ] ] ] } },
{ "type": "Feature", "properties": { }, "geometry": { "type": "Polygon", "coordinates": [ [ [ -84.066327501650846, 16.514951269607124 ], [ -82.485305404024388, 17.12594380453185 ], [ -84.329198539511239, 17.73659799511697 ], [ -85.184477396284564, 17.558170704933676 ], [ -87.108394475618013, 17.844392557722994 ], [ -84.066327501650846, 16.514951269607124 ] ] ] } },
{ "type": "Feature", "properties": { }, "geometry": { "type": "Polygon", "coordinates": [ [ [ -64.533235870378746, 16.783370434893719 ], [ -68.411501324218108, 18.813138277449777 ], [ -69.320598177598853, 18.677405367790559 ], [ -66.731522272631594, 16.962343188849907 ], [ -66.80565326846488, 16.555196041107678 ], [ -64.945305040451444, 15.543857928886048 ], [ -63.915373065253256, 15.459794410633869 ], [ -63.853601593008719, 17.055749884575565 ], [ -64.533235870378746, 16.783370434893719 ] ] ] } },
{ "type": "Feature", "properties": { }, "geometry": { "type": "Polygon", "coordinates": [ [ [ -65.957380614492749, 15.021380826120319 ], [ -62.521065276440723, 16.251590391054624 ], [ -62.956643199726081, 17.163140200914107 ], [ -66.592944144569557, 16.496667483716333 ], [ -65.957380614492749, 15.021380826120319 ] ] ] } },
{ "type": "Feature", "properties": { }, "geometry": { "type": "Polygon", "coordinates": [ [ [ 138.463793611875474, 57.518603941498604 ], [ 139.466556371103707, 57.804040581955363 ], [ 139.119762294806719, 58.597571065884189 ], [ 139.46793990839771, 60.460805228273891 ], [ 137.664203378866745, 59.626468759461368 ], [ 135.252262377464689, 57.809819730206272 ], [ 136.073843985994273, 57.608171211715863 ], [ 136.15129477195714, 57.020250426076181 ], [ 138.340460080231082, 56.876894737619324 ], [ 138.463793611875474, 57.518603941498604 ] ] ] } },
{ "type": "Feature", "properties": { }, "geometry": { "type": "Polygon", "coordinates": [ [ [ 127.190702431778973, 61.69699802972044 ], [ 127.485794587839806, 61.784738771834192 ], [ 131.149623768695307, 64.829804978726884 ], [ 128.804655210473868, 63.524297074392095 ], [ 127.190702431778973, 61.69699802972044 ] ] ] } }
]
}
