{
"type": "FeatureCollection",
"name": "land_300Ma",
"crs": { "type": "name", "properties": { "name": "urn:ogc:def:crs:OGC:1.3:CRS84" } },
"features": [
{ "type": "Feature", "properties": { }, "geometry": { "type": "Polygon", "coordinates": [ [ [ 24.837163527775719, 0.685386832407701 ], [ 24.465738010917018, 2.516776591750098 ], [ 23.105529601347889, 1.617555152289011 ], [ 20.504997950558828, 0.779906918189352 ], [ 19.206403412085315, 0.022938439674696 ], [ 19.713582237208833, -0.315373834976362 ], [ 20.372395745568824, 0.002796707626844 ], [ 20.815680512070792, -0.537237031489485 ], [ 21.988091673851443, 0.060599760716897 ], [ 22.200026116117062, -0.190494150451933 ], [ 24.837163527775719, 0.685386832407701 ] ] ] } },
{ "type": "Feature", "properties": { }, "geometry": { "type": "Polygon", "coordinates": [ [ [ 49.279848620125215, -11.689717546334549 ], [ 47.181835119743432, -10.087220638448425 ], [ 42.7580617826478, -11.137982844774825 ], [ 40.334847768743707, -16.117055372670443 ], [ 37.911130071655535, -19.313820124531787 ], [ 38.481081090184553, -23.645808469652568 ], [ 39.33576632462308, -24.217035954165972 ], [ 39.606650299830655, -25.312210451625297 ], [ 39.368783951498045, -26.46930156023241 ], [ 40.920120549594344, -29.179245007510367 ], [ 40.907918483443289, -30.66020921143582 ], [ 41.679734279141329, -32.367863257316216 ], [ 41.406719394236475, -33.28749492746622 ], [ 40.549064428971796, -33.827626653560941 ], [ 40.550842936393302, -34.705759081340886 ], [ 41.188631302388096, -36.484312001463778 ], [ 42.883945510627136, -36.755818504217892 ], [ 43.966549885346502, -36.166529484379595 ], [ 46.050003017449349, -36.359416352590152 ], [ 50.053759878178816, -35.791233275784165 ], [ 51.810455902553947, -36.047107562591449 ], [ 53.481571437550116, -34.461638265754537 ], [ 55.653593758779891, -34.59351768673001 ], [ 57.3431265645672, -34.101140605363277 ], [ 58.56569630819547, -34.503403830589932 ], [ 60.062249008582249, -31.540002190776569 ], [ 60.934023428991786, -30.713888603035855 ], [ 61.491622308385658, -29.218667484437074 ], [ 62.412937021502316, -28.75201239213251 ], [ 59.751814314916714, -28.366169533682758 ], [ 58.295112118699784, -27.656191701786287 ], [ 58.032664330514223, -26.387511974241225 ], [ 58.853094986668111, -24.713185317704461 ], [ 58.840064920438721, -23.28046525010194 ], [ 55.567581983632003, -21.086187379107809 ], [ 53.809147248865663, -18.537614350296696 ], [ 51.333529177792379, -16.94054541929799 ], [ 49.62609346369311, -13.638628943673588 ], [ 49.084418165336672, -12.018955142142966 ], [ 49.279848620125215, -11.689717546334549 ] ] ] } },
{ "type": "Feature", "properties": { }, "geometry": { "type": "Polygon", "coordinates": [ [ [ 60.410642935145304, -9.70643388841779 ], [ 59.019954107695362, -9.032855883600245 ], [ 59.537036969926177, -9.828464466947628 ], [ 57.874201714819193, -9.946433696506292 ], [ 58.303305914835782, -10.45738086758502 ], [ 56.390399001984584, -11.140413219451018 ], [ 56.134600124856675, -11.693851159879999 ], [ 55.049506747220413, -12.124921411204825 ], [ 55.32992000086282, -14.260198865611562 ], [ 55.890028056020718, -15.349144967241566 ], [ 57.093636591970835, -16.523977854039178 ], [ 59.3943538999279, -17.53950118054442 ], [ 59.396796113575952, -19.109426889615683 ], [ 60.162510233123221, -19.491220903510538 ], [ 61.776681323020355, -19.619537216529107 ], [ 62.923264649520817, -19.33769810541623 ], [ 64.479897763882576, -18.431609491509128 ], [ 62.213271320229509, -16.079142309193955 ], [ 61.50124494942613, -11.641723675791427 ], [ 60.410642935145304, -9.70643388841779 ] ] ] } },
{ "type": "Feature", "properties": { }, "geometry": { "type": "Polygon", "coordinates": [ [ [ 66.229843323789396, -24.702168415196862 ], [ 68.031744427256797, -24.767592916054451 ], [ 72.206067660442926, -24.12880567561891 ], [ 75.193946290525844, -24.396971108500185 ], [ 72.097300970528593, -22.865520286203559 ], [ 70.447914129806534, -22.65236045352805 ], [ 69.452510121699035, -21.816621505103161 ], [ 64.503672815032317, -19.210296654569646 ], [ 63.098706453378611, -20.167684781057051 ], [ 61.970714054248063, -22.766160905515942 ], [ 61.97575461054128, -23.584742408346106 ], [ 63.938940108567664, -25.197635891797415 ], [ 63.690499398849965, -25.99424100873285 ], [ 66.229843323789396, -24.702168415196862 ] ] ] } },
{ "type": "Feature", "properties": { }, "geometry": { "type": "Polygon", "coordinates": [ [ [ 23.822383764742746, -2.740074036457182 ], [ 23.822921228204255, -1.468526605076179 ], [ 21.607316448510364, -1.388481779850386 ], [ 19.057375529744892, -0.634618523776068 ], [ 21.097965026868106, -4.269570087236925 ], [ 20.588795396934358, -4.978085974764594 ], [ 23.12197461364719, -4.92070267885747 ], [ 23.995736775198782, -4.345805720748809 ], [ 24.290087207948122, -3.681239940163727 ], [ 23.822383764742746, -2.740074036457182 ] ] ] } },
{ "type": "Feature", "properties": { }, "geometry": { "type": "Polygon", "coordinates": [ [ [ 66.409620485690894, -36.197796739843064 ], [ 65.930577972449257, -35.708959679693741 ], [ 61.777042204911147, -36.34035192824183 ], [ 59.745113744089302, -36.293366227779131 ], [ 55.036372964334987, -38.354319564846421 ], [ 54.782409092891548, -38.778233368572231 ], [ 53.570537318547409, -38.646105564798766 ], [ 52.934629473063971, -38.90688949281251 ], [ 51.05292942070691, -43.434046311847304 ], [ 49.409970223943482, -45.484591475505802 ], [ 48.470384077023546, -47.955427889464488 ], [ 41.619346628878759, -53.554163216734388 ], [ 37.251578024981484, -54.367716853721326 ], [ 36.039123794031006, -55.153746779573204 ], [ 36.303607549431653, -55.628980276380076 ], [ 37.427217303336462, -55.94860579340704 ], [ 37.51017316359718, -56.617714144221509 ], [ 37.919577809625302, -57.011989634847886 ], [ 38.837390468802553, -57.23214320976772 ], [ 41.745728116063866, -57.011567317458059 ], [ 45.145219267182895, -57.438320523521512 ], [ 47.002043351867755, -58.027943715060722 ], [ 47.836759012256842, -57.07895082222273 ], [ 50.425371010985245, -56.847012508847925 ], [ 53.431072490242094, -55.420696512889258 ], [ 59.827385083839992, -56.09139144581777 ], [ 65.9593390399464, -56.065377570794176 ], [ 69.620818702994569, -56.781296112661302 ], [ 73.007226781339668, -56.441404731237611 ], [ 74.257436398258491, -56.73065094769192 ], [ 77.131550453952983, -55.343629238186786 ], [ 79.534382233425504, -55.112726974217942 ], [ 85.297552683820541, -53.774006851635683 ], [ 87.09672127384485, -53.777908923488845 ], [ 87.097254770897706, -53.234783634352873 ], [ 86.561907157415476, -52.825326890337159 ], [ 82.57760429009879, -53.375887001190748 ], [ 77.703580919602544, -52.207697189916836 ], [ 74.736432015938362, -50.960408992075322 ], [ 70.314803553587367, -47.884644203854357 ], [ 67.663414184829051, -42.379543342642975 ], [ 68.085299279379029, -40.089024099947039 ], [ 67.423903448790227, -38.925256765739384 ], [ 67.418554796547625, -36.833415785580762 ], [ 66.208552116379266, -36.414321190990435 ], [ 66.409620485690894, -36.197796739843064 ] ] ] } },
{ "type": "Feature", "properties": { }, "geometry": { "type": "Polygon", "coordinates": [ [ [ 84.775524737470505, -32.105299384033323 ], [ 78.773680386266534, -29.909303262321757 ], [ 79.485683037287615, -30.810215509398549 ], [ 79.636396773395589, -31.600286639523564 ], [ 79.286422955863415, -31.602887400494392 ], [ 79.795078025960336, -32.205574748501363 ], [ 82.819167339040021, -33.51498418862078 ], [ 83.779931467697295, -34.239049656274993 ], [ 84.035180229680122, -35.276496094595416 ], [ 85.183130633075564, -35.439820404368398 ], [ 85.893362399570762, -36.009119543368854 ], [ 87.065003527351564, -36.315311921223447 ], [ 89.103072760593165, -37.749725423639021 ], [ 90.258553506364748, -40.126969556256327 ], [ 90.497327693600951, -41.461984147848931 ], [ 91.096490877327554, -38.513334008908416 ], [ 90.404935688891726, -36.150607191722202 ], [ 89.645809074182225, -35.059604929877793 ], [ 84.775524737470505, -32.105299384033323 ] ] ] } },
{ "type": "Feature", "properties": { }, "geometry": { "type": "Polygon", "coordinates": [ [ [ 111.418385615383286, 10.181571250679966 ], [ 110.440189407280016, 10.181879460728686 ], [ 110.245520672877845, 9.404403062870809 ], [ 108.691091823439749, 8.47052421938988 ], [ 107.105245806919058, 6.269195420487786 ], [ 106.658587981124001, 6.434922139790617 ], [ 105.67047391293876, 4.314959568819416 ], [ 106.356839115634514, 2.157429263443118 ], [ 109.290885993860954, 2.431793661303313 ], [ 110.307903143441607, 2.164562872239032 ], [ 110.736930728324523, 2.822802767113668 ], [ 112.285587915250119, 6.062683067042184 ], [ 112.985085937834342, 8.474712033600447 ], [ 112.864277774486467, 9.433630479745007 ], [ 112.968976118534115, 9.932634733823297 ], [ 112.900685427146243, 10.734452711130301 ], [ 111.418385615383286, 10.181571250679966 ] ] ] } },
{ "type": "Feature", "properties": { }, "geometry": { "type": "Polygon", "coordinates": [ [ [ 113.281287869602068, 6.204769367393848 ], [ 112.336022925948754, 5.974375803296891 ], [ 111.746278627323335, 5.350444072984306 ], [ 111.281244027288139, 5.678622942231964 ], [ 108.738075423564197, 1.46125949476179 ], [ 109.131697804446077, -0.976920538080991 ], [ 108.965503101649688, -2.969377781975296 ], [ 110.398307663937842, -1.028702832680022 ], [ 110.025972594805026, 0.30170313336312 ], [ 111.594491183557182, 1.782835227446889 ], [ 111.88830343838238, 3.127110739663761 ], [ 112.732794153116956, 4.308426216360807 ], [ 113.281287869602068, 6.204769367393848 ] ] ] } },
{ "type": "Feature", "properties": { }, "geometry": { "type": "Polygon", "coordinates": [ [ [ 18.623883134037584, 55.229801281023661 ], [ 18.852748901313948, 54.438098945353069 ], [ 17.962630533125836, 53.419089028402304 ], [ 26.764712404460006, 53.884454628280281 ], [ 29.360334743868659, 53.153274579386235 ], [ 29.993733680998602, 53.506854901948003 ], [ 32.570210253280493, 53.263073497348188 ], [ 36.573550416234099, 53.714385681634873 ], [ 37.754496629002794, 54.211839548214243 ], [ 43.253847587524064, 53.605984690673935 ], [ 46.382758835692314, 54.015551863993579 ], [ 52.675709439380611, 55.836557194764019 ], [ 61.101566907770085, 56.513272135895512 ], [ 63.206179292873237, 57.612486758941913 ], [ 67.252323778746671, 58.710515737958673 ], [ 69.376700794357433, 59.886162048023962 ], [ 65.92917250280972, 61.53434079259101 ], [ 64.428821520559666, 60.115780424553904 ], [ 61.131116241344053, 58.542478492967554 ], [ 57.923918653875333, 58.001227486792558 ], [ 56.120104155190965, 57.882413902499032 ], [ 53.815342413021483, 58.302177998740397 ], [ 49.393362696407955, 59.990610000749953 ], [ 29.112938267521418, 55.491512439243976 ], [ 26.540203136171414, 55.158189213049674 ], [ 25.027812409699965, 55.319620223258127 ], [ 22.445046859681849, 57.037262098785362 ], [ 18.623883134037584, 55.229801281023661 ] ] ] } },
{ "type": "Feature", "properties": { }, "geometry": { "type": "Polygon", "coordinates": [ [ [ 16.050559275147304, 51.30455829561928 ], [ 14.672643428493645, 50.839625277351132 ], [ 18.238430734420248, 47.947379110162018 ], [ 23.366917780787343, 46.122308103774905 ], [ 25.58498323822154, 47.085428884403726 ], [ 25.739114841397495, 47.818368316689607 ], [ 25.489406445698506, 48.1118997502845 ], [ 23.998705882847752, 47.69112002846704 ], [ 22.022237796883196, 47.955019154768053 ], [ 19.112266859746345, 49.193960003296688 ], [ 16.050559275147304, 51.30455829561928 ] ] ] } },
{ "type": "Feature", "properties": { }, "geometry": { "type": "Polygon", "coordinates": [ [ [ 17.962630533125836, 53.419089028402304 ], [ 15.730319270763641, 52.114435819890737 ], [ 19.053537304531279, 50.1302019188768 ], [ 23.350923221091939, 48.792575146361919 ], [ 24.499261571611619, 48.883019284275733 ], [ 25.453641338647671, 49.397887776965625 ], [ 28.32735358463626, 52.569745598793652 ], [ 30.090602042763564, 52.634322968079431 ], [ 29.560758625082777, 53.31742998614768 ], [ 29.360334743868659, 53.153274579386235 ], [ 26.764712404460006, 53.884454628280281 ], [ 17.962630533125836, 53.419089028402304 ] ] ] } },
{ "type": "Feature", "properties": { }, "geometry": { "type": "Polygon", "coordinates": [ [ [ 13.53020396831273, 50.056764837848739 ], [ 6.685650832616449, 48.757111224170529 ], [ 9.346551966445089, 48.919922995218926 ], [ 11.94101883265961, 48.104764521464183 ], [ 11.91789896163605, 46.274295230152497 ], [ 9.97953436522471, 44.910347559548001 ], [ 14.91231737067249, 42.677609793942196 ], [ 15.873428830760677, 41.501478297865717 ], [ 14.910130991504676, 37.362511067763606 ], [ 15.251052647192763, 36.527345522225893 ], [ 21.396036825403158, 38.730214742372652 ], [ 22.105680127414523, 39.368992812233728 ], [ 24.921048511690419, 40.501504007057683 ], [ 27.625053454559819, 41.977192707084001 ], [ 34.107583271257496, 46.545877430729192 ], [ 29.666153812719038, 49.579562331367967 ], [ 27.294242533945202, 50.200304858038201 ], [ 23.576556372384534, 46.998417547873615 ], [ 24.156620984719542, 46.693172736242339 ], [ 23.959370858280042, 45.965496933841159 ], [ 21.726565239105568, 45.069860816162333 ], [ 16.814818922215501, 47.052801735077551 ], [ 13.53020396831273, 50.056764837848739 ] ] ] } },
{ "type": "Feature", "properties": { }, "geometry": { "type": "Polygon", "coordinates": [ [ [ 7.225109558635586, 44.67703830929986 ], [ 10.674653598961603, 43.021815839578856 ], [ 13.077500401297476, 40.563770307680912 ], [ 11.987379564611935, 38.975387204846527 ], [ 15.192659018393435, 37.517563861807723 ], [ 16.122429826276043, 41.606244152346243 ], [ 15.15171284552817, 42.778742375036359 ], [ 11.68527836742896, 44.454950630513537 ], [ 7.511339629308105, 45.730213210654156 ], [ 6.995273287544057, 46.444495866857167 ], [ 7.225109558635586, 44.67703830929986 ] ] ] } },
{ "type": "Feature", "properties": { }, "geometry": { "type": "Polygon", "coordinates": [ [ [ 153.263358941217035, -65.762755250735495 ], [ 153.15005829164889, -65.511165899840876 ], [ 151.004874881831711, -66.259900788902982 ], [ 151.922023424136654, -66.99180950345918 ], [ 153.945330695227142, -67.524884129053831 ], [ 155.349265706530872, -66.674708857962813 ], [ 155.390228433863058, -66.25302597790801 ], [ 153.263358941217035, -65.762755250735495 ] ] ] } },
{ "type": "Feature", "properties": { }, "geometry": { "type": "Polygon", "coordinates": [ [ [ -44.009052198903554, -55.523293467015122 ], [ -51.674859517872065, -54.504730834230521 ], [ -53.786984949907506, -58.03200465278632 ], [ -56.053841163685171, -60.825283388337695 ], [ -56.109031907198577, -61.741048875403123 ], [ -56.473051593379864, -62.200267785844488 ], [ -47.7896876887689, -63.146074731483736 ], [ -43.543132167269299, -64.190659245543827 ], [ -34.273273909900922, -62.397825464048523 ], [ -34.686664717850299, -61.608334411433539 ], [ -34.852634040761188, -60.021024216151829 ], [ -34.022250123948496, -58.705795289714501 ], [ -34.468783773043079, -57.828393624358149 ], [ -37.305410093204785, -57.282980112509037 ], [ -39.52292527751117, -57.22478863565361 ], [ -44.009052198903554, -55.523293467015122 ] ] ] } },
{ "type": "Feature", "properties": { }, "geometry": { "type": "Polygon", "coordinates": [ [ [ -155.646784836418846, -79.855189607490018 ], [ -143.372773439028464, -80.085370498357051 ], [ -134.522330377455006, -79.764084326260175 ], [ -113.667161233363373, -77.526735261644546 ], [ -113.137019612548883, -77.357947805261361 ], [ -113.051690961197679, -77.022477330926549 ], [ -135.867212594310985, -76.464194664489639 ], [ -149.75607686279767, -75.29700675455301 ], [ -155.646784836418846, -79.855189607490018 ] ] ] } },
{ "type": "Feature", "properties": { }, "geometry": { "type": "MultiPolygon", "coordinates": [ [ [ [ 179.99999999, -74.783516907752968 ], [ 172.016523630839856, -74.546422627125665 ], [ 169.114225815353478, -75.402669003943572 ], [ 165.244836652310369, -75.965787043258416 ], [ 159.734313511880714, -75.145025221688954 ], [ 153.644240123242952, -76.804609361518956 ], [ 143.003916846945032, -77.551737198681323 ], [ 127.697193350700843, -77.685446981131392 ], [ 124.574366629598046, -78.321546720883177 ], [ 124.435925822908843, -79.023168507221087 ], [ 125.95780693858373, -79.883736881935931 ], [ 131.602271324239325, -81.300071028204087 ], [ 144.920168436851981, -83.049895148452819 ], [ 163.658806343422413, -82.967479025689713 ], [ 179.99999999, -83.332535926347632 ], [ 179.99999999, -74.783516907752968 ] ] ], [ [ [ -179.99999999, -83.332535926347632 ], [ -167.350997203581613, -83.609002813194209 ], [ -158.320332680115285, -81.087962019295418 ], [ -162.72482694598159, -80.488809880833159 ], [ -162.811652393467568, -80.217635914392972 ], [ -162.43567778926888, -80.034451602818351 ], [ -158.913820234506574, -79.731298695652583 ], [ -155.646784836418902, -79.855189607490018 ], [ -151.708507200979284, -77.211349643029521 ], [ -162.320379554318635, -76.349969921996362 ], [ -170.544770489224163, -75.158773010703669 ], [ -179.99999999, -74.783516907752968 ], [ -179.99999999, -83.332535926347632 ] ] ] ] } },
{ "type": "Feature", "properties": { }, "geometry": { "type": "Polygon", "coordinates": [ [ [ 84.029867789760374, 18.737534663386171 ], [ 81.46684825474857, 18.738996900155275 ], [ 83.97293592672581, 15.227005418563161 ], [ 83.507130168386425, 14.219178795088542 ], [ 83.72172106658077, 13.077462429746561 ], [ 84.146846133134986, 12.197987866952017 ], [ 85.212386933622128, 11.253718998553818 ], [ 85.203093218606014, 12.077167448010849 ], [ 85.544184201275996, 12.403507030433701 ], [ 85.408408117136489, 13.988221762808864 ], [ 84.874245686898306, 16.640907607092121 ], [ 84.029867789760374, 18.737534663386171 ] ] ] } },
{ "type": "Feature", "properties": { }, "geometry": { "type": "Polygon", "coordinates": [ [ [ 84.115109639205002, 12.255641010183096 ], [ 83.507130168386425, 14.219178795088542 ], [ 83.97293592672581, 15.227005418563161 ], [ 82.014111772164114, 18.232106451337476 ], [ 80.374293679354594, 19.291627053385429 ], [ 78.131736534807757, 19.655890134124878 ], [ 75.831221852155608, 20.463861419706493 ], [ 75.29798504212684, 21.564390288509873 ], [ 75.039535248513431, 18.788820712295045 ], [ 76.531524607796854, 15.003505192859704 ], [ 79.41150488780481, 14.296225758321496 ], [ 84.115109639205002, 12.255641010183096 ] ] ] } },
{ "type": "Feature", "properties": { }, "geometry": { "type": "Polygon", "coordinates": [ [ [ 77.067240706761524, 13.66205243360408 ], [ 75.005191028718528, 15.403744073251097 ], [ 75.880279401623866, 12.776479630133213 ], [ 78.370764024283218, 10.119110057926532 ], [ 77.067240706761524, 13.66205243360408 ] ] ] } },
{ "type": "Feature", "properties": { }, "geometry": { "type": "Polygon", "coordinates": [ [ [ -21.685512903731592, 46.279610608561349 ], [ -22.435521557088666, 46.896235649214958 ], [ -22.613332128228713, 45.256495785880112 ], [ -22.03521894357046, 45.684009003978723 ], [ -21.678002263646697, 44.262808270264244 ], [ -21.214007416031784, 43.707591077676327 ], [ -20.83991561112029, 43.859072937368282 ], [ -20.653089375633577, 43.17402887764694 ], [ -20.248485403270763, 44.184853317608386 ], [ -20.458905753041524, 44.737536779005232 ], [ -21.188525381883188, 44.994679653098125 ], [ -21.685512903731592, 46.279610608561349 ] ] ] } },
{ "type": "Feature", "properties": { }, "geometry": { "type": "Polygon", "coordinates": [ [ [ 115.362986583727178, 11.992969818647808 ], [ 116.138724578139346, 14.423453387024781 ], [ 119.392755369051599, 15.737635905647148 ], [ 120.389761550516326, 17.144996397059881 ], [ 122.313693812269236, 22.003744418071271 ], [ 121.902264192367014, 23.222091855462306 ], [ 120.906900157299205, 22.429161999040343 ], [ 114.993913137753694, 21.227738108608357 ], [ 114.002945027859965, 20.718332390722868 ], [ 112.542159902249608, 17.441494121457595 ], [ 110.068720072462696, 14.606770773241276 ], [ 108.12612793885684, 10.158565409132562 ], [ 106.275105414100111, 8.025914020398224 ], [ 108.075726357734538, 7.726555255699067 ], [ 111.003663366244211, 8.080086289358675 ], [ 112.159007024959678, 8.711822753062318 ], [ 113.426734885291111, 10.531854965705175 ], [ 115.362986583727178, 11.992969818647808 ] ] ] } },
{ "type": "Feature", "properties": { }, "geometry": { "type": "Polygon", "coordinates": [ [ [ 105.105723244924775, 6.922047801005438 ], [ 108.821603030352321, 11.306838141874312 ], [ 110.068720072462696, 14.606770773241276 ], [ 108.84645574663935, 13.653184564186704 ], [ 104.651668306152303, 8.680360499429543 ], [ 103.192357206117407, 8.064173665980233 ], [ 105.105723244924775, 6.922047801005438 ] ] ] } },
{ "type": "Feature", "properties": { }, "geometry": { "type": "Polygon", "coordinates": [ [ [ 116.721504597416057, 11.195111191793316 ], [ 117.168232629024331, 14.960618762929666 ], [ 116.138724578139346, 14.423453387024781 ], [ 115.695910048527267, 12.638331970607211 ], [ 116.078096904942115, 10.895892699521971 ], [ 116.721504597416057, 11.195111191793316 ] ] ] } },
{ "type": "Feature", "properties": { }, "geometry": { "type": "Polygon", "coordinates": [ [ [ 116.078096904942115, 10.895892699521971 ], [ 115.695910048527267, 12.638331970607211 ], [ 115.362986583727178, 11.992969818647808 ], [ 113.426734885291111, 10.531854965705175 ], [ 112.159007024959678, 8.711822753062318 ], [ 111.003663366244211, 8.080086289358675 ], [ 109.246799889633834, 7.793338454229749 ], [ 109.025696865928097, 6.469110516105902 ], [ 111.147043555235982, 6.922741763826437 ], [ 111.686197450450663, 7.426955832941093 ], [ 113.647924623026185, 7.916828417331953 ], [ 114.412184261977714, 9.719197277107158 ], [ 116.078096904942115, 10.895892699521971 ] ] ] } },
{ "type": "Feature", "properties": { }, "geometry": { "type": "Polygon", "coordinates": [ [ [ 106.734850095256434, 7.473820740834873 ], [ 108.239621546441668, 8.157883311345264 ], [ 105.424879172387818, 8.39612440298907 ], [ 104.33380287033232, 7.37745084137662 ], [ 106.734850095256434, 7.473820740834873 ] ] ] } },
{ "type": "Feature", "properties": { }, "geometry": { "type": "Polygon", "coordinates": [ [ [ 133.919594796385297, -33.148400571406292 ], [ 129.348458397964492, -32.795894678319328 ], [ 128.541082526095408, -33.307994190516538 ], [ 128.109419880671567, -34.272972954866532 ], [ 128.783814731831484, -34.982366046427117 ], [ 130.043654337927421, -35.357651945677993 ], [ 130.938316681114912, -36.742310124989906 ], [ 130.331689759964405, -37.309681223428385 ], [ 130.504675199657896, -37.648818596811488 ], [ 131.771242933322839, -37.991376970624025 ], [ 132.077353062116146, -38.441006993280439 ], [ 137.548496695602978, -39.710778122328023 ], [ 140.933398066318432, -39.532095184717164 ], [ 143.590176857616427, -38.882930492763919 ], [ 143.158316440424784, -37.594413602245091 ], [ 142.315259205690637, -36.968128011089007 ], [ 142.230720192182559, -36.35629682330503 ], [ 141.094089079916245, -35.514093092746933 ], [ 136.7905865417234, -34.335536589654929 ], [ 133.919594796385297, -33.148400571406292 ] ] ] } },
{ "type": "Feature", "properties": { }, "geometry": { "type": "Polygon", "coordinates": [ [ [ 26.583102653099903, 3.381316534545825 ], [ 26.280504581079793, 4.154779210023271 ], [ 24.260002567565586, 3.805629549324705 ], [ 23.190100988805725, 2.447201184006236 ], [ 24.160494485592011, 1.624781331958731 ], [ 25.180590606593899, 1.371866874194052 ], [ 25.540804385617601, 2.485074660343338 ], [ 26.583102653099903, 3.381316534545825 ] ] ] } },
{ "type": "Feature", "properties": { }, "geometry": { "type": "Polygon", "coordinates": [ [ [ 25.585717982763171, 1.956958544836217 ], [ 26.8995861411173, 1.557883157007389 ], [ 26.958257249484404, 4.160268511755884 ], [ 26.145961698608108, 4.774137403989775 ], [ 26.028634914950953, 4.201045528292593 ], [ 25.529003315769039, 4.100322996470577 ], [ 25.447382927608189, 4.755426887603227 ], [ 25.718611834334187, 5.060449959551979 ], [ 25.19571373155582, 5.418063462549564 ], [ 25.000132289808541, 4.489339130178383 ], [ 25.254480312948392, 3.584275449744966 ], [ 24.773644777963504, 3.072974550664771 ], [ 25.585717982763171, 1.956958544836217 ] ] ] } },
{ "type": "Feature", "properties": { }, "geometry": { "type": "Polygon", "coordinates": [ [ [ 31.427989589327748, -2.024276500030459 ], [ 32.290072531001577, -3.883567700782072 ], [ 34.029616695644549, -5.495303631327824 ], [ 35.042701934121602, -4.822864944120605 ], [ 32.983088864714531, -3.074096443981586 ], [ 32.661680161289098, -2.137260770544769 ], [ 31.427989589327748, -2.024276500030459 ] ] ] } },
{ "type": "Feature", "properties": { }, "geometry": { "type": "Polygon", "coordinates": [ [ [ 35.44741026383663, -4.954243305185144 ], [ 35.242640453544809, -4.596205017633368 ], [ 34.064699726588948, -5.311300514655967 ], [ 35.563693272140512, -7.127707016884123 ], [ 36.622222049056269, -7.550917446478092 ], [ 36.829578932404203, -6.819434202125435 ], [ 38.803760871859538, -6.640720950650727 ], [ 38.323169891402358, -5.130062937982341 ], [ 37.900991710977188, -5.786433596195188 ], [ 35.44741026383663, -4.954243305185144 ] ] ] } },
{ "type": "Feature", "properties": { }, "geometry": { "type": "Polygon", "coordinates": [ [ [ 34.487074648642576, -5.867802227690722 ], [ 36.255551388881479, -7.489066066322642 ], [ 36.619513983184511, -6.879585885106516 ], [ 35.173374513966571, -5.534585454787649 ], [ 34.630958199761196, -5.667698876874753 ], [ 34.487074648642576, -5.867802227690722 ] ] ] } },
{ "type": "Feature", "properties": { }, "geometry": { "type": "Polygon", "coordinates": [ [ [ 41.812647661894914, -5.847430819948631 ], [ 38.39530855585307, -4.991921741525549 ], [ 37.104138586412091, -5.633564971866729 ], [ 35.812679190470703, -5.721352504993654 ], [ 34.668579598785492, -8.676797076039421 ], [ 35.607600557290866, -9.030397999962197 ], [ 37.011375280755701, -8.943723550461602 ], [ 37.824468075213971, -7.894392854661837 ], [ 38.601152134405936, -8.488133654833426 ], [ 39.515851999709859, -8.563961835530868 ], [ 40.040939285084136, -9.941803658521581 ], [ 41.45766364689905, -10.12752120265657 ], [ 44.420286028355285, -8.844278562047259 ], [ 47.40586015265739, -8.005583496703323 ], [ 46.381666517678909, -7.247144098401797 ], [ 43.791606853011906, -7.666023057201286 ], [ 42.946114228151416, -7.432045520376937 ], [ 42.022884924547085, -6.689726802270682 ], [ 41.812647661894914, -5.847430819948631 ] ] ] } },
{ "type": "Feature", "properties": { }, "geometry": { "type": "Polygon", "coordinates": [ [ [ 46.359339747481009, -6.339972534619645 ], [ 44.291366337221739, -4.885028993495953 ], [ 41.740497534909785, -5.138695477518898 ], [ 41.987435536565684, -5.97099862730955 ], [ 42.941139989910077, -6.672415078002193 ], [ 43.794681226908246, -6.86954303956874 ], [ 46.359339747481009, -6.339972534619645 ] ] ] } },
{ "type": "Feature", "properties": { }, "geometry": { "type": "Polygon", "coordinates": [ [ [ 50.222878576711935, 5.121892811832097 ], [ 48.638160129771208, 5.737437003588125 ], [ 47.364282481517144, 5.650802257961605 ], [ 45.527747505531501, 6.10779381141287 ], [ 41.496397342950338, 7.769441816010787 ], [ 44.000139677827143, 4.950713195871764 ], [ 48.78279368440738, 1.864576163932522 ], [ 52.36474971570528, 1.887449320050941 ], [ 50.222878576711935, 5.121892811832097 ] ] ] } },
{ "type": "Feature", "properties": { }, "geometry": { "type": "Polygon", "coordinates": [ [ [ 43.539187422167487, 5.517206020197168 ], [ 42.24960149547379, 6.163192319418776 ], [ 39.418894619611208, 6.415050379529092 ], [ 37.35385160996772, 7.49890364215382 ], [ 34.61194337689389, 7.507171446531046 ], [ 34.724586579523589, 4.77584282894541 ], [ 34.991150981958, 5.125000098928086 ], [ 36.274594211157968, 5.284942624261467 ], [ 37.531188787095346, 5.992579839024194 ], [ 40.997526937406697, 5.285863730818897 ], [ 43.539187422167487, 5.517206020197168 ] ] ] } },
{ "type": "Feature", "properties": { }, "geometry": { "type": "Polygon", "coordinates": [ [ [ 41.482517131016181, 7.785728725248026 ], [ 37.947224776548637, 9.421759396870037 ], [ 37.492692543022535, 9.033208331339885 ], [ 38.261961832337995, 7.112484572330386 ], [ 39.418894619611208, 6.415050379529092 ], [ 42.24960149547379, 6.163192319418776 ], [ 43.299973364264041, 5.698956238840966 ], [ 41.482517131016181, 7.785728725248026 ] ] ] } },
{ "type": "Feature", "properties": { }, "geometry": { "type": "Polygon", "coordinates": [ [ [ 15.192659018393435, 37.517563861807723 ], [ 9.622394508777276, 39.910555050399275 ], [ 6.195772512066156, 41.106861828167403 ], [ 6.116611727157494, 40.79338899288674 ], [ 7.195101568053961, 39.20790462746001 ], [ 12.34029731660762, 38.276715343819269 ], [ 14.051687438839778, 37.118593844839914 ], [ 14.514295024447375, 36.310775399313442 ], [ 15.923145620062291, 35.663996505574204 ], [ 15.192659018393435, 37.517563861807723 ] ] ] } },
{ "type": "Feature", "properties": { }, "geometry": { "type": "Polygon", "coordinates": [ [ [ 59.478377034698347, -19.065029050029917 ], [ 59.3943538999279, -17.53950118054442 ], [ 57.093636591970835, -16.523977854039178 ], [ 55.890028056020718, -15.349144967241566 ], [ 55.32992000086282, -14.260198865611562 ], [ 55.049506747220413, -12.124921411204825 ], [ 51.284509689542922, -9.418276227709587 ], [ 50.564384121097589, -7.665395709378807 ], [ 48.309649807607535, -7.718128671388365 ], [ 48.932413570222472, -9.576044110773573 ], [ 50.913592309007285, -12.712437077502376 ], [ 52.93662701278609, -13.652144998048655 ], [ 55.3225659014401, -16.409795289555266 ], [ 59.088719404028595, -18.561277492054337 ], [ 59.478377034698347, -19.065029050029917 ] ] ] } },
{ "type": "Feature", "properties": { }, "geometry": { "type": "Polygon", "coordinates": [ [ [ 54.094969551703649, -9.692060491117759 ], [ 52.431971786099865, -8.723886487525977 ], [ 52.021288983128024, -7.603751552870715 ], [ 50.564384121097589, -7.665395709378807 ], [ 51.284509689542922, -9.418276227709587 ], [ 55.049506747220413, -12.124921411204825 ], [ 56.134600124856675, -11.693851159879999 ], [ 56.390399001984584, -11.140413219451018 ], [ 58.303305914835782, -10.45738086758502 ], [ 57.874201714819193, -9.946433696506292 ], [ 59.537036969926177, -9.828464466947628 ], [ 59.019954107695362, -9.032855883600245 ], [ 58.56314699992992, -8.967684031337777 ], [ 56.025544581030331, -9.591512502413485 ], [ 54.094969551703649, -9.692060491117759 ] ] ] } },
{ "type": "Feature", "properties": { }, "geometry": { "type": "Polygon", "coordinates": [ [ [ 15.775051977436149, 21.571512898965402 ], [ 16.192829418071582, 22.667263777701617 ], [ 12.506876319504306, 21.624821681467836 ], [ 11.769296221047778, 20.680607033773963 ], [ 11.513230958180499, 19.770738531048849 ], [ 9.969882927907367, 18.570541521982502 ], [ 9.558367954819953, 17.87476395016596 ], [ 8.118393822156316, 13.521723069522555 ], [ 9.580470380698262, 11.46612543732941 ], [ 10.516191523648439, 11.029284220249924 ], [ 11.223616581912717, 11.431089881193433 ], [ 12.071611101748907, 11.285185795369248 ], [ 14.399433270814415, 9.341813798028602 ], [ 15.555158307091958, 11.656020888525196 ], [ 14.617600171526799, 13.885736910293877 ], [ 15.070174977314576, 15.576015112186282 ], [ 13.77115136776826, 18.528036440230323 ], [ 14.66535687355864, 20.47226231793779 ], [ 15.775051977436149, 21.571512898965402 ] ] ] } },
{ "type": "Feature", "properties": { }, "geometry": { "type": "Polygon", "coordinates": [ [ [ 87.007090800948333, -52.807547500769275 ], [ 87.09672127384485, -53.777908923488845 ], [ 87.850951298271013, -54.229260631085509 ], [ 88.068207052903333, -52.902926901520495 ], [ 86.965463318671638, -51.389695217747544 ], [ 84.345909520346112, -51.434906590004026 ], [ 77.447293247569192, -49.367115351563882 ], [ 73.659882428728778, -47.022869652045863 ], [ 71.629751590782888, -44.395508683594279 ], [ 70.933595325722251, -39.631081280958945 ], [ 69.603524121060872, -38.261778208235206 ], [ 70.225168113742725, -37.500491151202915 ], [ 68.765918795962151, -37.195510579978681 ], [ 68.873629259808922, -36.621943095969009 ], [ 68.615872596487606, -36.461904769459153 ], [ 67.982937371804894, -36.599834362117406 ], [ 66.361400614758352, -35.935030252962655 ], [ 67.436595702515234, -36.609272142289704 ], [ 67.70634049210696, -37.500588111364955 ], [ 68.327164836312932, -37.158380165771973 ], [ 68.553507944155299, -37.325379389436648 ], [ 68.214541348069886, -38.924611437421113 ], [ 68.665259328785353, -39.876499780896545 ], [ 68.467138700499746, -41.949620881922421 ], [ 68.775276432391351, -42.566910057834555 ], [ 68.312088277517574, -43.448105611712968 ], [ 68.569708648644706, -44.37435376372396 ], [ 71.749170063283628, -48.052485302815697 ], [ 72.43156462697354, -48.438503423033112 ], [ 73.302253867876999, -49.938294733077441 ], [ 77.566840264394017, -51.998016543067884 ], [ 83.408172521084623, -53.01117092031005 ], [ 84.52710041400502, -52.778734372500715 ], [ 85.603899803680847, -52.020704525550222 ], [ 87.007090800948333, -52.807547500769275 ] ] ] } },
{ "type": "Feature", "properties": { }, "geometry": { "type": "Polygon", "coordinates": [ [ [ 31.515179863751747, 17.481294285971757 ], [ 29.794460005695854, 17.57171656842262 ], [ 27.412006328530683, 14.640058762293906 ], [ 25.857555774658369, 13.814254629140263 ], [ 28.814307255754365, 13.067604459079865 ], [ 30.227981598267363, 15.512916476421379 ], [ 31.438361609042826, 16.440505068830802 ], [ 32.730326467699157, 17.95318190429656 ], [ 31.515179863751747, 17.481294285971757 ] ] ] } },
{ "type": "Feature", "properties": { }, "geometry": { "type": "Polygon", "coordinates": [ [ [ 24.953554537782583, 14.086588574313073 ], [ 23.761692378504357, 13.815438453028714 ], [ 22.961854920502411, 14.008005845451317 ], [ 21.878111826678499, 13.431308565501856 ], [ 17.95923771973575, 10.233957252055786 ], [ 17.212855052201402, 9.204651842397332 ], [ 16.945758976937761, 8.137722574648176 ], [ 17.651337660320859, 7.919067230589611 ], [ 21.253267385738148, 8.086289236297731 ], [ 21.835892969079008, 7.631812413074245 ], [ 21.75854937014255, 7.10967078157764 ], [ 22.2956259316482, 7.475783339691634 ], [ 26.142449697372175, 7.597516081100483 ], [ 28.565700126499749, 8.684151942025075 ], [ 30.090417985674708, 8.367295133296228 ], [ 30.297982200457628, 8.723470373971843 ], [ 29.881700970164133, 9.287458696320625 ], [ 29.972501226533929, 9.840869256853384 ], [ 30.53043183098853, 9.828443979292334 ], [ 30.939408238238798, 10.856337566497963 ], [ 29.962658655208635, 10.546721124759317 ], [ 29.947194569769806, 11.03730020850495 ], [ 29.521582741575724, 10.375043241556323 ], [ 28.816654352425918, 11.346049213621912 ], [ 28.814307255754365, 13.067604459079865 ], [ 24.953554537782583, 14.086588574313073 ] ] ] } },
{ "type": "Feature", "properties": { }, "geometry": { "type": "Polygon", "coordinates": [ [ [ 32.669065577192178, 19.539803283832704 ], [ 31.845655766808214, 19.991539926076097 ], [ 30.621950553982504, 19.800899178667148 ], [ 29.794460005695854, 17.57171656842262 ], [ 30.56012406970715, 17.337172344122326 ], [ 32.617033664868131, 17.837193104799184 ], [ 32.669065577192178, 19.539803283832704 ] ] ] } },
{ "type": "Feature", "properties": { }, "geometry": { "type": "Polygon", "coordinates": [ [ [ -12.949790690143924, -50.001882681558932 ], [ -14.835147521964997, -48.837735564110055 ], [ -25.716152674352376, -45.270366120260043 ], [ -33.440969847238499, -41.519139036434773 ], [ -37.019937434443925, -48.591310481183164 ], [ -38.913543817253128, -51.442780919167134 ], [ -37.395424519757434, -52.28268366221549 ], [ -36.992942679421482, -51.661592983130639 ], [ -32.627258040657019, -52.968538856717522 ], [ -24.78265449705421, -57.266216622530344 ], [ -24.429322874376908, -57.811485351496913 ], [ -23.068679444329476, -56.932332310101913 ], [ -22.832683075281587, -56.562478437968458 ], [ -23.144471106684936, -56.289498287375579 ], [ -22.825864450875343, -55.954200987244349 ], [ -22.093126368668425, -55.886949549110902 ], [ -20.366352321879983, -54.535736956068781 ], [ -19.585400240583791, -54.344137562266724 ], [ -16.528507874990165, -51.668999897655951 ], [ -13.839394473943502, -50.958215734533148 ], [ -12.949790690143924, -50.001882681558932 ] ] ] } },
{ "type": "Feature", "properties": { }, "geometry": { "type": "Polygon", "coordinates": [ [ [ 16.379010550130157, 1.037404146451444 ], [ 16.356545915935634, 1.344091620486018 ], [ 15.602161558874453, 1.680007440644577 ], [ 13.554095619780343, 1.955268369516019 ], [ 12.841105171541622, 1.728621511894219 ], [ 16.813946820924233, -0.084645248693403 ], [ 17.498872615879698, -0.11433526107821 ], [ 18.642351671710326, -1.151406013521601 ], [ 19.055299890941544, -1.146690973813709 ], [ 18.582322605470051, -0.353750813440029 ], [ 16.379010550130157, 1.037404146451444 ] ] ] } },
{ "type": "Feature", "properties": { }, "geometry": { "type": "Polygon", "coordinates": [ [ [ 10.536837337799712, 4.714196031915313 ], [ 9.423301963163411, 5.265057912893609 ], [ 10.026823033755623, 4.397437219265067 ], [ 9.517011651346433, 3.861333179854524 ], [ 8.05697750825431, 4.932854071984468 ], [ 7.305600890083256, 4.808468311317183 ], [ 9.6946967373009, 2.581935497425411 ], [ 10.870184584068639, 2.004094318514279 ], [ 11.962488121763188, 2.086415969076544 ], [ 12.839957965100574, 1.726557266394747 ], [ 12.955433683067294, 1.934209913725143 ], [ 12.299941706047612, 2.585290146422267 ], [ 11.295381251789518, 2.645745571893914 ], [ 10.586092599640336, 3.151071986153015 ], [ 10.536837337799712, 4.714196031915313 ] ] ] } },
{ "type": "Feature", "properties": { }, "geometry": { "type": "Polygon", "coordinates": [ [ [ 31.506400925910359, 21.342617844881453 ], [ 29.99997508393928, 20.676331426006172 ], [ 29.226876709036858, 19.89823303502229 ], [ 27.198801879750231, 15.459861541296485 ], [ 24.953554537782583, 14.086588574313073 ], [ 25.857555774658369, 13.814254629140263 ], [ 26.866511304046842, 14.186555107650419 ], [ 28.398462824330672, 15.615302320763991 ], [ 29.64174709314608, 17.22146730394142 ], [ 30.621950553982504, 19.800899178667148 ], [ 31.845655766808214, 19.991539926076097 ], [ 32.669065577192178, 19.539803283832704 ], [ 32.257924689791245, 20.550933724144315 ], [ 31.506400925910359, 21.342617844881453 ] ] ] } },
{ "type": "Feature", "properties": { }, "geometry": { "type": "Polygon", "coordinates": [ [ [ -10.489852718133168, 45.212763788746642 ], [ -9.890928164396765, 45.19052722168361 ], [ -10.393657336407912, 46.944246658371121 ], [ -12.497755022289919, 47.800384805348976 ], [ -12.833535422275039, 48.289875899175755 ], [ -11.638692030722869, 49.116021697855146 ], [ -14.522853912516137, 49.044012290238697 ], [ -15.376632833321933, 46.582394023291819 ], [ -17.637584139136742, 43.837040102179138 ], [ -17.235635566270791, 42.248723071893025 ], [ -18.76481804224073, 39.279973728293051 ], [ -16.572130738580384, 38.90519832812204 ], [ -14.717882601059001, 43.318240516081936 ], [ -10.489852718133168, 45.212763788746642 ] ] ] } },
{ "type": "Feature", "properties": { }, "geometry": { "type": "Polygon", "coordinates": [ [ [ -25.833760377250048, 37.85831594948057 ], [ -24.715043839327887, 39.813326273632143 ], [ -23.16607042198833, 40.804626465189017 ], [ -22.923681983242432, 41.569672618454348 ], [ -24.025681841068828, 41.313936216336089 ], [ -24.650649434801391, 41.509654249594242 ], [ -25.970637788218241, 42.402124473796192 ], [ -27.51980099040934, 44.374491539856535 ], [ -27.504645925773811, 44.006988579605917 ], [ -28.168481788815505, 43.782075159244386 ], [ -29.661867775588313, 44.672168918491181 ], [ -28.474626721570004, 41.893984206392389 ], [ -28.573897046508399, 40.672206031369683 ], [ -26.309698399570557, 38.680503599408475 ], [ -25.833760377250048, 37.85831594948057 ] ] ] } },
{ "type": "Feature", "properties": { }, "geometry": { "type": "Polygon", "coordinates": [ [ [ -33.718313499885348, 10.308582981756297 ], [ -30.502304731850334, 13.368123075079604 ], [ -30.85648232616867, 14.280977165493447 ], [ -33.513991467224386, 14.246565015589645 ], [ -35.086263244528809, 14.726932810599981 ], [ -37.570918004048778, 16.177354653067102 ], [ -38.736627615247251, 17.459900981530215 ], [ -40.197798355746244, 16.888378297576491 ], [ -40.330496646415668, 16.253006436764188 ], [ -39.501109289110417, 14.907882420261672 ], [ -39.758100189109157, 11.246302072930296 ], [ -40.519783676134857, 9.828971205957396 ], [ -39.461822143208551, 9.777739286086621 ], [ -38.183708569839929, 8.90463648903931 ], [ -37.716407561250236, 7.068075485087813 ], [ -37.177780138399775, 6.434692851071527 ], [ -37.036862275926978, 7.484885366991139 ], [ -35.433365881386287, 9.697980781106999 ], [ -33.718313499885348, 10.308582981756297 ] ] ] } },
{ "type": "Feature", "properties": { }, "geometry": { "type": "Polygon", "coordinates": [ [ [ -30.498627768670438, 14.837090444019012 ], [ -29.507766794003505, 12.154008010228994 ], [ -28.702105298452825, 11.614640641670215 ], [ -29.089237169646285, 14.274426593115956 ], [ -28.762626569989283, 16.247911389499418 ], [ -30.354442191392767, 15.493062166989011 ], [ -30.498627768670438, 14.837090444019012 ] ] ] } },
{ "type": "Feature", "properties": { }, "geometry": { "type": "Polygon", "coordinates": [ [ [ -35.599808946230667, 5.086554727183479 ], [ -36.832762461830804, 6.707444116139387 ], [ -37.306440068659256, 8.542298713804875 ], [ -38.892732192457423, 9.519422014526814 ], [ -39.887323951396581, 9.40500637993933 ], [ -38.806199084861902, 7.134475511426404 ], [ -39.013900522315986, 4.465427525612542 ], [ -37.869387170761136, 3.699854623236775 ], [ -37.216963732614758, 1.253104768469136 ], [ -33.293941662816735, -5.269646802103862 ], [ -33.279266354480711, -3.986658835199536 ], [ -32.175340392557416, -1.075801697938642 ], [ -32.118618742613599, -0.101860782917191 ], [ -33.281577895876907, 2.118870981581997 ], [ -35.210617644086575, 3.461344601417864 ], [ -35.599808946230667, 5.086554727183479 ] ] ] } },
{ "type": "Feature", "properties": { }, "geometry": { "type": "Polygon", "coordinates": [ [ [ -29.507766794003505, 12.154008010228994 ], [ -29.652687800914602, 13.036553140737427 ], [ -32.6360285780463, 10.117521042362611 ], [ -34.561920438228846, 9.345949040716956 ], [ -36.155313568413739, 7.126757603967286 ], [ -36.348950867726984, 6.283055051920204 ], [ -35.599808946230667, 5.086554727183479 ], [ -35.210617644086575, 3.461344601417864 ], [ -33.281577895876907, 2.118870981581997 ], [ -32.622466412581552, 3.579788275197605 ], [ -29.417829386468576, 6.039219395543688 ], [ -28.671525802151326, 11.09277244858475 ], [ -28.702105298452825, 11.614640641670215 ], [ -29.507766794003505, 12.154008010228994 ] ] ] } },
{ "type": "Feature", "properties": { }, "geometry": { "type": "Polygon", "coordinates": [ [ [ -47.564443854620841, 15.728338965168799 ], [ -49.981545686479976, 19.24110019227798 ], [ -51.733296132862669, 19.945429994261787 ], [ -51.867407878362712, 20.346902891445158 ], [ -51.107438222299869, 21.678149370495305 ], [ -53.381721712298145, 22.039004048250369 ], [ -53.090200553135411, 19.917225161757727 ], [ -51.703572441815233, 17.777391484190321 ], [ -49.307261197390012, 15.376510364574511 ], [ -47.638090128205761, 14.463201050985734 ], [ -47.564443854620841, 15.728338965168799 ] ] ] } },
{ "type": "Feature", "properties": { }, "geometry": { "type": "Polygon", "coordinates": [ [ [ -26.583927933029656, 48.001564719488414 ], [ -25.064705382085801, 46.45639556175189 ], [ -23.475396436531991, 45.623154024622117 ], [ -24.580509699993623, 47.024343686388441 ], [ -26.583927933029656, 48.001564719488414 ] ] ] } },
{ "type": "Feature", "properties": { }, "geometry": { "type": "Polygon", "coordinates": [ [ [ -45.495421696157585, -20.078108659058326 ], [ -44.334683156692769, -18.904798195838111 ], [ -42.602139668900307, -16.731626004135293 ], [ -45.136726398477165, -18.130237809631193 ], [ -45.495421696157585, -20.078108659058326 ] ] ] } },
{ "type": "Feature", "properties": { }, "geometry": { "type": "Polygon", "coordinates": [ [ [ -22.03521894357046, 45.684009003978723 ], [ -22.62521340405759, 45.210286414055808 ], [ -22.326936385328771, 43.507584781315373 ], [ -21.742887725724071, 44.416595674777057 ], [ -22.03521894357046, 45.684009003978723 ] ] ] } },
{ "type": "Feature", "properties": { }, "geometry": { "type": "Polygon", "coordinates": [ [ [ 70.586635878300072, 22.460044615343975 ], [ 69.107730912822745, 24.984050845589131 ], [ 70.010972737711896, 22.32754131521553 ], [ 71.014083686592727, 20.52970767653991 ], [ 71.128009065406715, 17.345065681235859 ], [ 71.481258022547038, 16.622548710299967 ], [ 73.609235835267015, 14.90767578762232 ], [ 72.671463558092782, 16.809327574771128 ], [ 72.858583880950022, 18.205246005005847 ], [ 72.421572293730179, 20.327597692877383 ], [ 71.889609939814761, 21.387094588269928 ], [ 70.586635878300072, 22.460044615343975 ] ] ] } },
{ "type": "Feature", "properties": { }, "geometry": { "type": "Polygon", "coordinates": [ [ [ 105.253601782328076, -38.594809267548058 ], [ 101.084875804041175, -42.131202677533807 ], [ 99.284977366004497, -42.704369598750837 ], [ 101.713414829515003, -42.761503154269235 ], [ 108.425881958907581, -42.120434775542599 ], [ 113.509632109803945, -41.048366228162955 ], [ 115.428559859976716, -41.984430908621292 ], [ 115.271054639892412, -40.102627373687909 ], [ 113.211890305303925, -40.250241659932321 ], [ 112.052694485000629, -39.71384883522704 ], [ 105.925476670155476, -38.608862355850071 ], [ 105.253601782328076, -38.594809267548058 ] ] ] } },
{ "type": "Feature", "properties": { }, "geometry": { "type": "Polygon", "coordinates": [ [ [ 81.58456814428196, 20.994427417908984 ], [ 76.1376587452894, 23.368729920462798 ], [ 76.893815377108766, 21.855023010496286 ], [ 84.032071418795411, 19.111470264481692 ], [ 81.58456814428196, 20.994427417908984 ] ] ] } },
{ "type": "Feature", "properties": { }, "geometry": { "type": "Polygon", "coordinates": [ [ [ -18.416014044298699, 48.03078334134716 ], [ -19.638325713052776, 46.063762546456786 ], [ -19.858287389132471, 43.274053229175266 ], [ -20.418215245603104, 43.097333036399633 ], [ -19.630452425715248, 42.360069677416469 ], [ -19.102817718778304, 42.788924847397041 ], [ -19.395257608112271, 44.462295975310603 ], [ -18.915611699614885, 46.035203162176927 ], [ -17.823297645092147, 47.206076278190565 ], [ -18.416014044298699, 48.03078334134716 ] ] ] } },
{ "type": "Feature", "properties": { }, "geometry": { "type": "Polygon", "coordinates": [ [ [ 14.396529414949693, 10.947233289283076 ], [ 12.597719973613991, 11.255349564663144 ], [ 9.237962471142849, 9.297524732635468 ], [ 7.234307327846817, 7.730035462741392 ], [ 1.685196958107427, 6.513732272851781 ], [ -3.356188750373133, 2.858684680325728 ], [ -4.198468730305727, 1.103411189621629 ], [ -4.424599099092964, -0.301152375510991 ], [ -1.540594948230604, -0.03036726162139 ], [ -0.497129208925312, -0.367845698600734 ], [ 1.815546863312499, 1.678314786349261 ], [ 4.720258296181231, 1.255648240124609 ], [ 6.303536321711194, 2.948591233760284 ], [ 8.480162230209489, 3.732641210701114 ], [ 10.14668900518482, 3.250013022934268 ], [ 12.728824706297216, 1.892736979396327 ], [ 13.447655078595794, 2.087113167333163 ], [ 14.405099110546566, 1.589743378521381 ], [ 15.402381434011666, 3.41241855737797 ], [ 15.352955587515364, 4.335159525689809 ], [ 17.227127213863852, 6.533214039394704 ], [ 17.337995135752479, 7.598921728047302 ], [ 16.608536440585652, 9.449463825795915 ], [ 14.396529414949693, 10.947233289283076 ] ] ] } },
{ "type": "Feature", "properties": { }, "geometry": { "type": "Polygon", "coordinates": [ [ [ 142.737254357933125, -43.242315948554612 ], [ 142.545594875483857, -40.91834851466588 ], [ 139.573078163931285, -41.049355515677767 ], [ 139.479112522868206, -41.580928695926559 ], [ 138.83999476251438, -41.929280151819327 ], [ 138.966883311292662, -42.321305137857244 ], [ 137.923306408559597, -43.09707771310218 ], [ 137.805940644294367, -44.29480970534096 ], [ 138.585156061725201, -44.693708174842314 ], [ 140.872370176867605, -44.297762324975636 ], [ 141.633992151965003, -43.132521061978707 ], [ 142.737254357933125, -43.242315948554612 ] ] ] } },
{ "type": "Feature", "properties": { }, "geometry": { "type": "Polygon", "coordinates": [ [ [ 158.883319672577045, -47.70490153142314 ], [ 158.964076678975204, -47.275492791698298 ], [ 157.624725357734491, -47.866582728810535 ], [ 155.22593598908125, -48.243277042578136 ], [ 155.07104465301137, -48.902066360687499 ], [ 155.282621021705665, -49.793093567941838 ], [ 155.808538289988263, -50.296288518769984 ], [ 155.941579297753321, -52.190425304878971 ], [ 157.390670926141979, -52.002671156270289 ], [ 159.721932768387234, -51.045806213666587 ], [ 157.702456230876237, -48.882371987127698 ], [ 158.883319672577045, -47.70490153142314 ] ] ] } },
{ "type": "Feature", "properties": { }, "geometry": { "type": "Polygon", "coordinates": [ [ [ 151.960277685466224, -68.859661041925833 ], [ 151.441587924554653, -68.886197637295766 ], [ 132.063617883560255, -69.115883288747597 ], [ 136.904941058698256, -71.359778928900752 ], [ 143.822706712890096, -73.690974761983057 ], [ 148.273620171525778, -73.913885594277616 ], [ 149.733519967515804, -73.885462783215317 ], [ 151.039970885024189, -73.423597570444059 ], [ 152.367597749796602, -71.473163377780082 ], [ 151.91507396412922, -70.055190147408965 ], [ 151.960277685466224, -68.859661041925833 ] ] ] } },
{ "type": "Feature", "properties": { }, "geometry": { "type": "Polygon", "coordinates": [ [ [ 132.614531817411859, -67.116419731124452 ], [ 129.064692945916477, -65.336712941287857 ], [ 130.09581439472737, -66.51327601775381 ], [ 131.215216098436201, -69.663510527053774 ], [ 132.327965558973744, -71.02653562274827 ], [ 133.432096797802217, -71.586695322833037 ], [ 134.252862727555197, -70.915063889185618 ], [ 134.148509820723888, -69.254669027469845 ], [ 133.635897203931052, -68.12018686676646 ], [ 132.614531817411859, -67.116419731124452 ] ] ] } },
{ "type": "Feature", "properties": { }, "geometry": { "type": "Polygon", "coordinates": [ [ [ 140.56564086524412, -69.99138215516885 ], [ 136.410645968542724, -69.74745851882389 ], [ 137.732998118797042, -70.812424154124443 ], [ 138.347714005801947, -71.945228337260744 ], [ 138.488265747570779, -73.633127492119527 ], [ 143.134741365208242, -73.892755498148162 ], [ 146.062007391873294, -74.711664153041923 ], [ 148.519161314973104, -74.525010128446198 ], [ 148.744053068649237, -74.22927868226256 ], [ 148.489663504562515, -73.125649401619043 ], [ 143.774709819383673, -71.830125822026474 ], [ 140.56564086524412, -69.99138215516885 ] ] ] } },
{ "type": "Feature", "properties": { }, "geometry": { "type": "Polygon", "coordinates": [ [ [ 152.838462994935412, -74.083092418988727 ], [ 153.599070060859418, -73.707453912930347 ], [ 152.988601827287766, -72.149921824228727 ], [ 148.602395538979835, -71.927953926502951 ], [ 147.966175236001106, -71.496512850828694 ], [ 148.159096062368519, -71.077388425526493 ], [ 147.087551591151936, -70.301075807080494 ], [ 147.150023685579043, -72.216264307105362 ], [ 145.629009258750841, -73.862265049455672 ], [ 144.196584916287378, -74.30292400173029 ], [ 145.930705827644175, -75.136462283042334 ], [ 145.868720298251787, -74.802378000553745 ], [ 146.694115453405175, -74.448161433405943 ], [ 152.838462994935412, -74.083092418988727 ] ] ] } },
{ "type": "Feature", "properties": { }, "geometry": { "type": "Polygon", "coordinates": [ [ [ 70.746094713230576, 54.732556054033957 ], [ 69.281814105715441, 53.843668088332073 ], [ 67.426455115801019, 53.285161601834929 ], [ 66.768667787152651, 51.932258106488838 ], [ 63.481960383397379, 49.711720426280984 ], [ 59.759546229470288, 49.233486549615691 ], [ 58.685325991525403, 49.559553574687293 ], [ 57.832232175164393, 50.251940604183517 ], [ 57.991935118738361, 51.135300726104589 ], [ 55.900555261605781, 51.154480980112119 ], [ 56.658260732549579, 49.8908929886043 ], [ 56.440858013667558, 48.759399264768938 ], [ 56.812956376348303, 48.379209408568244 ], [ 59.028390272974171, 47.740921849375468 ], [ 63.128835151998075, 48.120076145634748 ], [ 66.61414985718983, 50.041105961339213 ], [ 69.403277082462523, 52.171430325387675 ], [ 69.028503570669713, 51.289463373911374 ], [ 70.746094713230576, 54.732556054033957 ] ] ] } },
{ "type": "Feature", "properties": { }, "geometry": { "type": "Polygon", "coordinates": [ [ [ 76.065560360499063, 66.55803164243612 ], [ 73.324574765601639, 63.977052523146284 ], [ 70.860926864721321, 63.167739657082272 ], [ 69.530138190020708, 61.914242678450499 ], [ 76.527226574915957, 64.299179376685572 ], [ 80.937517625287953, 67.812730438386737 ], [ 76.065560360499063, 66.55803164243612 ] ] ] } },
{ "type": "Feature", "properties": { }, "geometry": { "type": "Polygon", "coordinates": [ [ [ 67.640473149151987, 63.67546537160937 ], [ 65.92917250280972, 61.53434079259101 ], [ 69.376700794357433, 59.886162048023962 ], [ 70.026578883709249, 61.468861017051623 ], [ 69.630120848936855, 62.071851613638316 ], [ 70.860926864721321, 63.167739657082272 ], [ 73.324574765601639, 63.977052523146284 ], [ 73.92562344507256, 64.726413022174626 ], [ 67.640473149151987, 63.67546537160937 ] ] ] } },
{ "type": "Feature", "properties": { }, "geometry": { "type": "MultiPolygon", "coordinates": [ [ [ [ 179.99999999, 50.223474503854362 ], [ 172.611884754550289, 49.590412959857076 ], [ 168.245805246011258, 49.900975565655294 ], [ 163.422213210406767, 48.98150621800977 ], [ 158.292243780673772, 49.139768780630796 ], [ 155.939832488872526, 49.601340540949678 ], [ 152.705737078667028, 49.284689484680634 ], [ 151.030199493148672, 49.612380605080872 ], [ 152.349201582635089, 48.746319226397972 ], [ 159.129722542387441, 48.139166688559577 ], [ 166.494469712261292, 47.972392576966257 ], [ 178.204508588621252, 45.448987134921765 ], [ 178.1155671949507, 46.171189928033442 ], [ 177.763183891189385, 46.208198572113155 ], [ 177.862309436366417, 46.760670569964823 ], [ 179.99999999, 49.506603455431716 ], [ 179.99999999, 50.223474503854362 ] ] ], [ [ [ -179.99999999, 49.506603455431716 ], [ -179.70782914796311, 49.83036169996668 ], [ -179.145371326473878, 50.36749738672782 ], [ -179.99999999, 50.223474503854362 ], [ -179.99999999, 49.506603455431716 ] ] ] ] } },
{ "type": "Feature", "properties": { }, "geometry": { "type": "Polygon", "coordinates": [ [ [ 50.122535454601802, 61.443897529304628 ], [ 49.393362696407955, 59.990610000749953 ], [ 53.223260373637032, 58.45943315530959 ], [ 56.120104155190965, 57.882413902499032 ], [ 54.081817469224923, 59.834100276150082 ], [ 51.864926177552157, 61.044706491334189 ], [ 50.122535454601802, 61.443897529304628 ] ] ] } },
{ "type": "Feature", "properties": { }, "geometry": { "type": "Polygon", "coordinates": [ [ [ 23.959101809461078, 76.558521746142887 ], [ 20.656777907615204, 75.436608561120394 ], [ 20.027828826451252, 74.881384252210182 ], [ 20.518458813771034, 74.567443961448618 ], [ 24.447630010571785, 74.19073023080621 ], [ 35.687314469963539, 73.889597700703206 ], [ 49.688337318958261, 74.455593443543876 ], [ 59.166059675254758, 73.285838014694377 ], [ 58.018500097095696, 73.752512641218971 ], [ 52.730445003345785, 74.517988526090889 ], [ 47.441853956869416, 74.819994589111204 ], [ 41.892785418121285, 74.527374167265791 ], [ 30.827735303866515, 75.392897498613607 ], [ 23.959101809461078, 76.558521746142887 ] ] ] } },
{ "type": "Feature", "properties": { }, "geometry": { "type": "Polygon", "coordinates": [ [ [ 4.051368429746146, 51.95900294122918 ], [ 4.591738968549738, 50.806397922664644 ], [ 5.02687422223915, 50.466837503190995 ], [ 4.364209869016141, 51.694644474789527 ], [ 4.051368429746146, 51.95900294122918 ] ] ] } },
{ "type": "Feature", "properties": { }, "geometry": { "type": "Polygon", "coordinates": [ [ [ 19.103768040899968, -1.226650748709178 ], [ 11.905979661301892, -0.818904716433541 ], [ 8.909135450735645, 0.838376797148433 ], [ 4.804140379337481, 1.610855738816487 ], [ 3.09613611340972, 2.489444811663226 ], [ 1.144242816661886, 2.486940872956885 ], [ -0.364959969897015, 1.480219056582476 ], [ -3.657036845081997, 0.852479278661132 ], [ -5.393417914094586, 0.171452895271146 ], [ -6.080494882526831, -0.354470490780999 ], [ -9.365061198979161, -5.011613666035691 ], [ -11.148433677670095, -6.198861893341851 ], [ -13.074097908154274, -8.540231728937535 ], [ -13.669192094197969, -8.732480469207845 ], [ -14.584513150446108, -9.832758814124091 ], [ -14.032576012507469, -11.108906408742074 ], [ -12.884806246806916, -12.286678548686469 ], [ -13.292844105830449, -13.407768236103392 ], [ -12.959606005282632, -13.654526004891238 ], [ -13.05452451817602, -14.178817155624479 ], [ -11.893409166763565, -15.389481519358972 ], [ -12.394590139292415, -15.955261080789946 ], [ -11.31335094442016, -18.51239797825021 ], [ -11.486533954147845, -18.978765827772417 ], [ -10.132293982332813, -20.242881723716547 ], [ -7.412751288322969, -21.294719462066904 ], [ -6.335536286437539, -22.109792404400395 ], [ -6.080361070827572, -22.943363281726956 ], [ -6.920725836564348, -23.513019281338885 ], [ -6.805358238740077, -23.693446898100209 ], [ -4.126024006353622, -24.194357091484463 ], [ -2.287703443728317, -23.950029398319174 ], [ 1.130453087744323, -25.921524024164583 ], [ 1.992796701451077, -25.935095441177268 ], [ 2.351203674064476, -26.649297859131934 ], [ 10.59909105630085, -26.409070940664972 ], [ 12.757410399992965, -25.910684258302354 ], [ 15.457026343908357, -23.944053365584697 ], [ 16.669377558612968, -22.33215690541272 ], [ 16.781799739489291, -19.235617015505323 ], [ 16.524904382792752, -17.869871372630875 ], [ 16.862429689755501, -15.94460055266569 ], [ 16.512202416096049, -11.341717738704368 ], [ 20.798259934215899, -3.88443746879309 ], [ 19.103768040899968, -1.226650748709178 ] ] ] } },
{ "type": "Feature", "properties": { }, "geometry": { "type": "Polygon", "coordinates": [ [ [ 84.308551280925158, 19.510609985935893 ], [ 76.718032048354203, 21.891362957292294 ], [ 76.257039145974005, 22.266814691450307 ], [ 76.501606491494456, 20.80653165698061 ], [ 77.534080387864947, 20.357173400098482 ], [ 81.436987328372908, 19.638482255424908 ], [ 84.308551280925158, 19.510609985935893 ] ] ] } },
{ "type": "Feature", "properties": { }, "geometry": { "type": "Polygon", "coordinates": [ [ [ 83.546203005494135, 19.998755194184572 ], [ 80.46841900566622, 20.104249430144037 ], [ 75.737234710795505, 21.134748948882269 ], [ 76.137203896049257, 20.28074854837978 ], [ 80.074162212141204, 19.207069099448525 ], [ 84.015368306216331, 19.290928118619632 ], [ 83.546203005494135, 19.998755194184572 ] ] ] } },
{ "type": "Feature", "properties": { }, "geometry": { "type": "Polygon", "coordinates": [ [ [ 83.781165913069188, 19.345076476117072 ], [ 81.637844999290181, 19.358204928756908 ], [ 80.459000564793399, 19.289240146942493 ], [ 81.093486897872054, 18.790305080066016 ], [ 84.114234512852036, 18.73355634331806 ], [ 83.781165913069188, 19.345076476117072 ] ] ] } },
{ "type": "Feature", "properties": { }, "geometry": { "type": "Polygon", "coordinates": [ [ [ -20.83991561112029, 43.859072937368282 ], [ -21.599404143321745, 43.563428395772696 ], [ -21.360982288219304, 43.289852369838329 ], [ -20.736955455642164, 43.305226398027706 ], [ -20.83991561112029, 43.859072937368282 ] ] ] } },
{ "type": "Feature", "properties": { }, "geometry": { "type": "Polygon", "coordinates": [ [ [ 146.547084548548781, 36.68370121782894 ], [ 145.710779338866701, 37.477525462839004 ], [ 144.117981520322985, 38.216800591786445 ], [ 135.978945559053528, 41.205257228730872 ], [ 135.033533314339905, 42.075223357230513 ], [ 135.131699993927214, 42.362462395464533 ], [ 134.532961757797807, 42.563443561302783 ], [ 132.859727382706922, 42.500177491742157 ], [ 130.921043542439776, 41.67732847709911 ], [ 129.554137024974267, 40.472537437029075 ], [ 128.790753951399211, 38.536572901980627 ], [ 128.862654846019154, 36.55206567533525 ], [ 129.41773840894092, 35.391749488961992 ], [ 131.650689016831137, 33.000788669296789 ], [ 133.871309799235405, 29.778416269284079 ], [ 134.582221089719013, 29.429179519557479 ], [ 135.490032609936577, 29.774047885869173 ], [ 139.411499968211217, 32.861383637126025 ], [ 140.608902065244422, 34.40689897892819 ], [ 143.895464398974127, 35.980044965224245 ], [ 146.547084548548781, 36.68370121782894 ] ] ] } },
{ "type": "Feature", "properties": { }, "geometry": { "type": "Polygon", "coordinates": [ [ [ 18.610545020311289, -1.213299483724965 ], [ 17.498872615879698, -0.11433526107821 ], [ 13.661608550438892, 1.194202165139559 ], [ 12.537490255215658, 1.955440452626053 ], [ 10.580136096031891, 2.089138799970785 ], [ 7.305600890083256, 4.808468311317183 ], [ 3.420186666414692, 2.286722230444202 ], [ 5.776337957527274, 1.347608646178491 ], [ 8.909135450735645, 0.838376797148433 ], [ 11.905979661301892, -0.818904716433541 ], [ 18.610545020311289, -1.213299483724965 ] ] ] } },
{ "type": "Feature", "properties": { }, "geometry": { "type": "Polygon", "coordinates": [ [ [ 102.160758259685252, -36.021201157543068 ], [ 97.708462277235512, -35.857897011259517 ], [ 101.6816427094696, -39.421778116701049 ], [ 102.196129794780987, -40.381399132168212 ], [ 103.030402394904556, -40.841111977304564 ], [ 109.320587422593121, -39.039791785625141 ], [ 111.181795896010016, -38.222271908961979 ], [ 102.994410436472563, -36.562924905736175 ], [ 102.160758259685252, -36.021201157543068 ] ] ] } },
{ "type": "Feature", "properties": { }, "geometry": { "type": "Polygon", "coordinates": [ [ [ 108.410528927254305, -39.926780282938914 ], [ 116.485012363699283, -36.318675584654208 ], [ 118.091660713977873, -35.480616506006115 ], [ 116.945147068825605, -36.018101621736591 ], [ 113.783613695536673, -35.467521314504133 ], [ 113.066797704097667, -35.673156001194769 ], [ 106.674209101096054, -34.475956280476964 ], [ 108.439744047693679, -38.602746965077074 ], [ 108.410528927254305, -39.926780282938914 ] ] ] } },
{ "type": "Feature", "properties": { }, "geometry": { "type": "Polygon", "coordinates": [ [ [ 131.03720402369828, -31.358876704710447 ], [ 128.058264144164269, -31.253739141240185 ], [ 125.033387678420453, -30.633552828302665 ], [ 126.148526609094887, -31.972489776054957 ], [ 127.389533248283456, -34.477306301114886 ], [ 127.94413759748447, -34.325545274013933 ], [ 128.689127864030382, -33.502344961978622 ], [ 129.639320399706691, -33.201953628534064 ], [ 131.03720402369828, -31.358876704710447 ] ] ] } },
{ "type": "Feature", "properties": { }, "geometry": { "type": "Polygon", "coordinates": [ [ [ 130.659084312914672, -31.245245144203103 ], [ 126.619364156293031, -30.399236630599777 ], [ 125.549185613514354, -30.498467518634165 ], [ 125.306099488601888, -30.99650889507415 ], [ 124.388920872264407, -30.522453269802075 ], [ 121.948790248532987, -31.393404695250585 ], [ 122.473674684093154, -31.766937598788274 ], [ 124.948922769116876, -32.301006470233219 ], [ 128.085039637668672, -32.039740071254016 ], [ 130.659084312914672, -31.245245144203103 ] ] ] } },
{ "type": "Feature", "properties": { }, "geometry": { "type": "Polygon", "coordinates": [ [ [ 2.056821949985628, 51.855413650908197 ], [ 3.749901923503786, 49.514415767383724 ], [ 4.919567803155363, 48.907779067048047 ], [ 5.277353216867342, 49.119704108242139 ], [ 5.325271979091646, 50.236417567501405 ], [ 5.981408374596722, 50.952751812244216 ], [ 3.313579033353573, 52.333345859082655 ], [ 2.056821949985628, 51.855413650908197 ] ] ] } },
{ "type": "Feature", "properties": { }, "geometry": { "type": "Polygon", "coordinates": [ [ [ -5.214514187230904, 49.667646917528195 ], [ -4.16318035266031, 49.882029752665517 ], [ -3.733786245192928, 50.787670914468841 ], [ -2.374454047213312, 52.16692552287693 ], [ -2.049813051830846, 53.224149433246559 ], [ -2.215744802094364, 53.863344751759591 ], [ -4.875007381863194, 52.153382228401142 ], [ -6.995201463920897, 51.208034662673406 ], [ -5.214514187230904, 49.667646917528195 ] ] ] } },
{ "type": "Feature", "properties": { }, "geometry": { "type": "Polygon", "coordinates": [ [ [ -6.995201463920897, 51.208034662673406 ], [ -4.875007381863194, 52.153382228401142 ], [ -3.208974027059234, 53.248917835081684 ], [ -8.500832219010064, 52.414930614312077 ], [ -6.995201463920897, 51.208034662673406 ] ] ] } },
{ "type": "Feature", "properties": { }, "geometry": { "type": "Polygon", "coordinates": [ [ [ -16.717395627006464, 49.017084350618212 ], [ -12.511622224346992, 51.08664902821311 ], [ -11.404004055122078, 52.597618952933026 ], [ -9.720663671427598, 53.400124564027692 ], [ -9.451695474926208, 54.014564680482835 ], [ -11.750376184193408, 54.281137523474257 ], [ -16.331407274810964, 53.732789462227935 ], [ -16.907715012693508, 52.862496153696149 ], [ -16.392720834585024, 52.10700638748262 ], [ -16.78300137465655, 51.635511833102235 ], [ -18.035658251179235, 51.074943186749493 ], [ -19.504310536160038, 50.914885556537051 ], [ -19.848559706717953, 50.110223730773889 ], [ -16.717395627006464, 49.017084350618212 ] ] ] } },
{ "type": "Feature", "properties": { }, "geometry": { "type": "Polygon", "coordinates": [ [ [ 75.430191609958044, -38.088504708778061 ], [ 72.203248714615071, -35.093377192166407 ], [ 70.865581428746793, -31.664696334547646 ], [ 69.861566620240808, -30.292351835984029 ], [ 69.725020555852822, -31.020371492004184 ], [ 70.381820440689751, -32.452732301062511 ], [ 70.886006818129147, -34.807957818668434 ], [ 71.07092973521749, -37.378890228034699 ], [ 72.893216805525569, -40.003620073515087 ], [ 76.227608344715108, -42.36375534566389 ], [ 82.218285844583519, -44.528452692022462 ], [ 84.582945998689397, -44.256763869919787 ], [ 86.337884209677597, -45.69647447204126 ], [ 87.360716108288244, -47.765859698871566 ], [ 87.458452458974421, -46.102249744997387 ], [ 85.357085915222981, -43.140710170479252 ], [ 83.916394600081489, -42.131517199046151 ], [ 81.687448394827328, -41.487710706452212 ], [ 78.160341842670732, -39.269644953308557 ], [ 75.430191609958044, -38.088504708778061 ] ] ] } },
{ "type": "Feature", "properties": { }, "geometry": { "type": "Polygon", "coordinates": [ [ [ 104.452150130346581, 21.074736965396887 ], [ 100.936498196943617, 20.787869924833455 ], [ 97.969254086416569, 19.451105593956544 ], [ 95.931372168188403, 19.116635244412947 ], [ 92.480691676767975, 19.391665025088685 ], [ 94.642056191549585, 17.340734969788187 ], [ 95.467622955099856, 15.41645485484584 ], [ 95.725546521096874, 13.398256302933152 ], [ 97.499318863379898, 11.387092445982599 ], [ 99.436870006503952, 9.978609849054758 ], [ 101.374413998454642, 9.325748357627877 ], [ 103.192357206117407, 8.064173665980233 ], [ 104.651668306152303, 8.680360499429543 ], [ 108.84645574663935, 13.653184564186704 ], [ 110.475570311157398, 14.943001171033544 ], [ 112.542159902249608, 17.441494121457595 ], [ 114.002945027859965, 20.718332390722868 ], [ 111.519216783639521, 20.308297501697108 ], [ 111.08609510054761, 19.479532077134401 ], [ 110.346046258086758, 19.349667479303488 ], [ 104.452150130346581, 21.074736965396887 ] ] ] } },
{ "type": "Feature", "properties": { }, "geometry": { "type": "Polygon", "coordinates": [ [ [ 38.981708239488562, -15.892518728208927 ], [ 37.487299087507161, -16.0879862985011 ], [ 38.338506476337081, -15.359557486607621 ], [ 37.610491212246416, -15.108382537268113 ], [ 36.982430852460652, -16.27270975765077 ], [ 36.701669745498208, -17.874025961318583 ], [ 37.351664243286706, -19.721137688677477 ], [ 38.718538073657108, -18.095734324861034 ], [ 38.981708239488562, -15.892518728208927 ] ] ] } },
{ "type": "Feature", "properties": { }, "geometry": { "type": "Polygon", "coordinates": [ [ [ -28.335466745131001, -72.72805598516392 ], [ -22.23028332120337, -72.140173992584096 ], [ -17.47031876101483, -68.658011157019189 ], [ -28.173524248412946, -67.925477597572765 ], [ -33.003579250111265, -67.042832256584589 ], [ -41.633774926779026, -66.085708349343975 ], [ -41.821968698738168, -66.37937043143836 ], [ -41.239503560474148, -69.011958021583141 ], [ -43.265971013545148, -70.356875393709785 ], [ -43.667265290797864, -71.065124045042353 ], [ -43.171509697923426, -71.501992316679519 ], [ -39.276441744132207, -72.477503412909968 ], [ -28.335466745131001, -72.72805598516392 ] ] ] } },
{ "type": "Feature", "properties": { }, "geometry": { "type": "Polygon", "coordinates": [ [ [ -24.201629965594904, 64.902850465010516 ], [ -24.572676263479835, 65.52486095879884 ], [ -27.739072763346027, 65.973476373341271 ], [ -29.7070185950286, 65.356771768535523 ], [ -28.768694501459127, 64.279320073344863 ], [ -27.024087447833111, 64.742976480978896 ], [ -26.988327417724452, 64.138093503427484 ], [ -25.587623922425671, 64.811112797026368 ], [ -24.201629965594904, 64.902850465010516 ] ] ] } },
{ "type": "Feature", "properties": { }, "geometry": { "type": "Polygon", "coordinates": [ [ [ -22.77647995157086, 66.934033182600388 ], [ -22.485376277585004, 66.662293867872719 ], [ -23.485595395846602, 65.889579495666155 ], [ -21.892614546965078, 65.875685616096547 ], [ -21.193720137968313, 66.166678751280756 ], [ -20.797309564258654, 67.184089424367869 ], [ -21.435119937332068, 67.534510615636904 ], [ -22.231859007398853, 67.433342490347115 ], [ -22.77647995157086, 66.934033182600388 ] ] ] } },
{ "type": "Feature", "properties": { }, "geometry": { "type": "Polygon", "coordinates": [ [ [ -19.389771260621554, 42.390328627395768 ], [ -19.630452425715248, 42.360069677416469 ], [ -20.438295557370569, 42.937001870464556 ], [ -20.526712592607765, 42.365180198953666 ], [ -19.997271360028691, 41.925284101126174 ], [ -19.404856154089451, 41.816764183673932 ], [ -19.389771260621554, 42.390328627395768 ] ] ] } },
{ "type": "Feature", "properties": { }, "geometry": { "type": "Polygon", "coordinates": [ [ [ -19.858287389132471, 43.274053229175266 ], [ -19.638325713052776, 46.063762546456786 ], [ -18.683305833300285, 47.331608563450189 ], [ -18.453822171394606, 47.945910792148858 ], [ -19.463367649882553, 46.692295968665746 ], [ -20.247020139390521, 45.003908136647404 ], [ -20.392457705180618, 43.168294543458693 ], [ -19.858287389132471, 43.274053229175266 ] ] ] } },
{ "type": "Feature", "properties": { }, "geometry": { "type": "Polygon", "coordinates": [ [ [ -56.058134591226889, -62.258939159432238 ], [ -57.996172031213234, -63.734178137095299 ], [ -58.155650852110071, -64.602763266896403 ], [ -58.94663106189256, -65.513537101566669 ], [ -59.908396222627985, -67.923030623735059 ], [ -59.973679853493095, -69.081908801768748 ], [ -59.249481724294562, -70.496605913058218 ], [ -55.746227483134255, -72.233861446235636 ], [ -48.005584895093371, -74.168715233788873 ], [ -44.4789619996968, -72.986483893166351 ], [ -46.094540142115953, -72.123238618042933 ], [ -50.698698651103101, -71.279266075254313 ], [ -54.655808475000264, -69.781824135119024 ], [ -55.892978488784571, -68.202097359500186 ], [ -55.716156668638511, -66.238173377459574 ], [ -53.522879269797748, -62.550481457313495 ], [ -56.058134591226889, -62.258939159432238 ] ] ] } },
{ "type": "Feature", "properties": { }, "geometry": { "type": "Polygon", "coordinates": [ [ [ 68.525184457360879, -32.853263646765271 ], [ 70.14293521865585, -32.918155812343784 ], [ 70.165134005977166, -32.319713971193977 ], [ 69.505769021666595, -31.419879502202889 ], [ 68.162477184117591, -32.14736113370796 ], [ 68.619826890967943, -32.278776852434859 ], [ 68.525184457360879, -32.853263646765271 ] ] ] } },
{ "type": "Feature", "properties": { }, "geometry": { "type": "Polygon", "coordinates": [ [ [ 66.763244741733018, -30.173374422734355 ], [ 68.075870210279703, -31.680625016049746 ], [ 69.899934735206998, -31.492563542668371 ], [ 66.763244741733018, -30.173374422734355 ] ] ] } },
{ "type": "Feature", "properties": { }, "geometry": { "type": "Polygon", "coordinates": [ [ [ 84.305771063830719, -41.284089731206357 ], [ 82.348582268418866, -42.963284595880417 ], [ 82.778481633201238, -43.818637041699809 ], [ 82.745851273006409, -42.953561486856991 ], [ 83.671172952540502, -42.391290894587463 ], [ 88.136186212762169, -41.368796092408203 ], [ 87.007557955975628, -40.857383922994003 ], [ 84.305771063830719, -41.284089731206357 ] ] ] } },
{ "type": "Feature", "properties": { }, "geometry": { "type": "Polygon", "coordinates": [ [ [ 88.547503858794116, -40.422734003069472 ], [ 86.358534269128683, -40.415844141909766 ], [ 84.324636952679725, -41.325788965485195 ], [ 85.659637637736665, -41.249316515363233 ], [ 88.547503858794116, -40.422734003069472 ] ] ] } },
{ "type": "Feature", "properties": { }, "geometry": { "type": "Polygon", "coordinates": [ [ [ 90.539572992986166, -40.38727612923784 ], [ 86.914153351723016, -40.739472302165893 ], [ 85.874548590382659, -41.176829118052908 ], [ 87.007557955975628, -40.857383922994003 ], [ 87.670703630924919, -41.013268395031361 ], [ 92.038967137814922, -42.770144343919242 ], [ 92.019596793875934, -41.652874193251321 ], [ 90.539572992986166, -40.38727612923784 ] ] ] } },
{ "type": "Feature", "properties": { }, "geometry": { "type": "Polygon", "coordinates": [ [ [ 103.97684662200632, -41.205877251694282 ], [ 101.89299857539703, -43.36228744607579 ], [ 102.656797960314663, -43.201298541012378 ], [ 101.556523146375852, -44.536417456602543 ], [ 105.036572506420654, -43.713564528977145 ], [ 107.544046724261875, -42.570871794052294 ], [ 110.104521214680247, -42.32349834867096 ], [ 110.802707941266704, -41.546128455131992 ], [ 114.653839531103145, -40.228456416069257 ], [ 107.913726662504388, -41.447474288461954 ], [ 103.97684662200632, -41.205877251694282 ] ] ] } },
{ "type": "Feature", "properties": { }, "geometry": { "type": "Polygon", "coordinates": [ [ [ 115.879489245155199, -39.721540263561835 ], [ 111.167713481186667, -38.228684763744354 ], [ 109.320587422593121, -39.039791785625141 ], [ 103.052320041562353, -40.835409632043856 ], [ 104.073755837740308, -41.24403960330369 ], [ 107.913726662504388, -41.447474288461954 ], [ 114.653839531103145, -40.228456416069257 ], [ 115.879489245155199, -39.721540263561835 ] ] ] } },
{ "type": "Feature", "properties": { }, "geometry": { "type": "Polygon", "coordinates": [ [ [ -86.737017314046014, 47.652343691905031 ], [ -86.138335233106162, 46.134712854857291 ], [ -85.564623351221414, 45.763496296758149 ], [ -82.992125421873368, 45.684744104973113 ], [ -80.673715559345837, 44.564050144264868 ], [ -79.704720658041211, 44.553707849977592 ], [ -80.215928267724593, 45.229591367353997 ], [ -81.686273827163177, 45.620640679592661 ], [ -84.998151030065685, 47.900792488645017 ], [ -88.164990575137509, 49.515215760529742 ], [ -86.737017314046014, 47.652343691905031 ] ] ] } },
{ "type": "Feature", "properties": { }, "geometry": { "type": "MultiPolygon", "coordinates": [ [ [ [ 179.99999999, 52.287944951832607 ], [ 178.009125933028514, 51.6896169814583 ], [ 175.831403161452471, 51.524602652691563 ], [ 167.476650732842813, 51.862751440755609 ], [ 162.542850058029018, 51.69843028102003 ], [ 157.518004729326947, 50.743730854150101 ], [ 156.676026187136159, 49.853014388424626 ], [ 155.939832488872526, 49.601340540949678 ], [ 158.292243780673772, 49.139768780630796 ], [ 163.422213210406767, 48.98150621800977 ], [ 168.245805246011258, 49.900975565655294 ], [ 172.611884754550289, 49.590412959857076 ], [ 179.358125123925561, 50.110587347482415 ], [ 179.99999999, 50.223474503854362 ], [ 179.99999999, 52.287944951832607 ] ] ], [ [ [ -179.99999999, 50.223474503854362 ], [ -174.102429994736497, 52.155952264865761 ], [ -171.409906948884071, 54.141314430792363 ], [ -175.509695311898952, 54.286174036323551 ], [ -176.886611905681036, 53.9528695540697 ], [ -179.99999999, 52.287944951832607 ], [ -179.99999999, 50.223474503854362 ] ] ] ] } },
{ "type": "Feature", "properties": { }, "geometry": { "type": "MultiPolygon", "coordinates": [ [ [ [ 179.99999999, 56.024366483005657 ], [ 177.055448372852169, 56.822022435861129 ], [ 172.901929099998767, 57.010825509453035 ], [ 169.964879613232881, 56.690493951316938 ], [ 168.591333750978805, 56.206173550263522 ], [ 164.11523350599299, 56.294716442888138 ], [ 161.793018211822357, 56.765673680664065 ], [ 157.914133207289296, 56.109231848533433 ], [ 151.959552669259523, 56.005700285215944 ], [ 139.818964917001296, 57.465138636240624 ], [ 140.718474350147034, 55.485656949237601 ], [ 141.686356700117983, 54.554833268200127 ], [ 149.336918839400113, 51.963355926661059 ], [ 157.342629040017016, 51.1192359140204 ], [ 165.553747738973556, 51.855484227805221 ], [ 174.183520179253122, 51.508472315005434 ], [ 178.009125933028514, 51.6896169814583 ], [ 179.99999999, 52.287944951832607 ], [ 179.99999999, 56.024366483005657 ] ] ], [ [ [ -179.99999999, 52.287944951832607 ], [ -176.447584327638879, 54.115162214490788 ], [ -173.749957175137581, 54.252731232511103 ], [ -179.99999999, 56.024366483005657 ], [ -179.99999999, 52.287944951832607 ] ] ] ] } },
{ "type": "Feature", "properties": { }, "geometry": { "type": "Polygon", "coordinates": [ [ [ 60.542469073794138, 73.158137761774313 ], [ 60.2809398982685, 71.976474617615835 ], [ 58.146076174739818, 70.807148941018113 ], [ 58.654533810812495, 69.659635280140236 ], [ 62.53431485433115, 64.726851082103366 ], [ 69.367176422815263, 64.562864676544564 ], [ 74.934692822623916, 66.231681504416798 ], [ 74.351178895417476, 66.48700816824676 ], [ 73.959118847549121, 67.109452408792862 ], [ 66.591131636798082, 65.966877078438046 ], [ 67.338911092689131, 67.303492621722739 ], [ 68.094733469230221, 71.96952904745153 ], [ 67.526749293368027, 73.163166871237451 ], [ 64.255806406099197, 75.534682986382833 ], [ 60.591065534102668, 73.953273974599085 ], [ 60.110147806543459, 73.540856463496993 ], [ 60.542469073794138, 73.158137761774313 ] ] ] } },
{ "type": "Feature", "properties": { }, "geometry": { "type": "Polygon", "coordinates": [ [ [ 23.959101809461078, 76.558521746142887 ], [ 30.827735303866515, 75.392897498613607 ], [ 41.892785418121285, 74.527374167265791 ], [ 47.441853956869416, 74.819994589111204 ], [ 53.099620951650131, 74.480314946485251 ], [ 58.374441690788856, 73.668468559082015 ], [ 60.269193450676688, 72.777170232942609 ], [ 60.542469073794138, 73.158137761774313 ], [ 60.110147806543459, 73.540856463496993 ], [ 60.982005670233086, 74.217840072635767 ], [ 64.297467086302319, 75.497467507142304 ], [ 61.742564488078102, 76.487232719924066 ], [ 56.726830640400443, 77.477942713972439 ], [ 37.348712814685783, 79.420900771668414 ], [ 32.274425720458588, 78.629773498310499 ], [ 23.959101809461078, 76.558521746142887 ] ] ] } },
{ "type": "Feature", "properties": { }, "geometry": { "type": "Polygon", "coordinates": [ [ [ -28.179799895197927, 82.465898244402155 ], [ -39.214870980484065, 80.529801530008555 ], [ -33.806129915172633, 79.471543136839514 ], [ -31.200405261883638, 79.564338320859619 ], [ -31.132667009069493, 78.610609695340059 ], [ -29.381501290802394, 79.14416568016604 ], [ -24.817816628561943, 78.446911189026878 ], [ -22.204812908567732, 80.197382000451086 ], [ -16.224395996747504, 81.527496858159481 ], [ -8.650500861849075, 82.084046442754939 ], [ 4.869228985511772, 82.177775213155357 ], [ 28.45445962245272, 80.11176356255217 ], [ 35.233372366344717, 79.917424164769486 ], [ 37.348712814685783, 79.420900771668414 ], [ 56.726830640400443, 77.477942713972439 ], [ 55.739517693594784, 78.508714568066537 ], [ 54.27499493704331, 79.076570898574914 ], [ 46.000371863609075, 80.697777360571791 ], [ 8.105962808479495, 82.502522321593332 ], [ -8.128413753186971, 82.942271549446545 ], [ -18.61881419851073, 82.81300484469844 ], [ -28.179799895197927, 82.465898244402155 ] ] ] } },
{ "type": "Feature", "properties": { }, "geometry": { "type": "Polygon", "coordinates": [ [ [ 58.146076174739818, 70.807148941018113 ], [ 56.432794530772085, 70.146278967907975 ], [ 56.794119549690194, 69.219968615113729 ], [ 55.648777311725496, 67.994611533728602 ], [ 56.840860590189493, 66.675181221489765 ], [ 57.058519862852414, 65.678684903662287 ], [ 58.787150736934187, 64.595276906410234 ], [ 59.95608768923929, 63.152542678254079 ], [ 61.226921744652387, 62.278835849401396 ], [ 62.149244408983776, 62.222247368916612 ], [ 64.148267483537339, 62.792971932375906 ], [ 65.207762247240552, 64.529917906229699 ], [ 62.53431485433115, 64.726851082103366 ], [ 58.654533810812495, 69.659635280140236 ], [ 58.146076174739818, 70.807148941018113 ] ] ] } },
{ "type": "Feature", "properties": { }, "geometry": { "type": "MultiPolygon", "coordinates": [ [ [ [ 65.028017213418366, 64.527068353521287 ], [ 64.598626535898958, 64.524464595225652 ], [ 64.729670074734571, 64.522338565559934 ], [ 65.028017213418366, 64.527068353521287 ] ] ], [ [ [ 65.206799171532481, 64.528152459513606 ], [ 63.970657969502398, 62.374580412081293 ], [ 66.353298808538341, 63.430437282203528 ], [ 73.362203259016752, 64.476365534415308 ], [ 76.065560360499063, 66.55803164243612 ], [ 69.642558945984987, 64.609789133941049 ], [ 65.206799171532481, 64.528152459513606 ] ] ] ] } },
{ "type": "Feature", "properties": { }, "geometry": { "type": "Polygon", "coordinates": [ [ [ 59.282114609484339, 63.984963455485797 ], [ 57.345478411069294, 63.956801657260826 ], [ 55.597747279868834, 63.255436751099126 ], [ 56.797385879380684, 63.271967095441923 ], [ 59.634001620044913, 61.387877217145714 ], [ 63.07185651589861, 61.875201683777199 ], [ 63.901493842459963, 62.292080538612417 ], [ 64.148267483537339, 62.792971932375906 ], [ 61.39272312478618, 62.227146412113527 ], [ 60.360593009743404, 62.777552861773366 ], [ 59.144728196973588, 64.185409466871349 ], [ 59.282114609484339, 63.984963455485797 ] ] ] } },
{ "type": "Feature", "properties": { }, "geometry": { "type": "Polygon", "coordinates": [ [ [ 57.848910906085877, 65.156995768698636 ], [ 52.061009926180212, 63.589607013676144 ], [ 51.441095428486761, 62.349059743711308 ], [ 55.597747279868834, 63.255436751099126 ], [ 57.345478411069294, 63.956801657260826 ], [ 59.282114609484339, 63.984963455485797 ], [ 57.848910906085877, 65.156995768698636 ] ] ] } },
{ "type": "Feature", "properties": { }, "geometry": { "type": "Polygon", "coordinates": [ [ [ 55.648777311725496, 67.994611533728602 ], [ 52.72933682818288, 65.035093780633105 ], [ 51.979348866055332, 63.437247746660724 ], [ 57.848910906085877, 65.156995768698636 ], [ 57.058519862852414, 65.678684903662287 ], [ 56.840860590189493, 66.675181221489765 ], [ 55.648777311725496, 67.994611533728602 ] ] ] } },
{ "type": "Feature", "properties": { }, "geometry": { "type": "Polygon", "coordinates": [ [ [ 51.47512029522035, 62.399301790243484 ], [ 50.122535454601802, 61.443897529304628 ], [ 51.864926177552157, 61.044706491334189 ], [ 55.167767876086153, 59.026807316633494 ], [ 55.5150564829571, 59.458903200460824 ], [ 55.221971991669321, 60.590273255314862 ], [ 55.707830258954253, 61.232851221544067 ], [ 56.905536616617589, 61.504653745973727 ], [ 59.634001620044913, 61.387877217145714 ], [ 56.797385879380684, 63.271967095441923 ], [ 54.710017738573448, 63.163950709003828 ], [ 51.47512029522035, 62.399301790243484 ] ] ] } },
{ "type": "Feature", "properties": { }, "geometry": { "type": "Polygon", "coordinates": [ [ [ 75.939984969201987, 56.166202494346464 ], [ 73.236836043263764, 54.194913852297702 ], [ 72.144137924780622, 52.596483653734062 ], [ 71.704638590239341, 51.000503657463064 ], [ 71.588587569694923, 47.114681429468952 ], [ 72.47898725142467, 46.342714697802514 ], [ 75.640944287723073, 46.015177079143598 ], [ 77.297928393338353, 47.492593468606891 ], [ 80.624482730070412, 49.658750475897484 ], [ 80.63772429943316, 51.37922413584301 ], [ 81.71084897631205, 55.032108804252637 ], [ 81.798671397674369, 56.909631548054577 ], [ 80.138113438157148, 58.573034564699846 ], [ 76.312646046680882, 56.836056686854057 ], [ 75.939984969201987, 56.166202494346464 ] ] ] } },
{ "type": "Feature", "properties": { }, "geometry": { "type": "Polygon", "coordinates": [ [ [ 81.326822528289512, 53.790155501440879 ], [ 80.63772429943316, 51.37922413584301 ], [ 80.624482730070412, 49.658750475897484 ], [ 77.297928393338353, 47.492593468606891 ], [ 75.640944287723073, 46.015177079143598 ], [ 76.819207667977977, 45.887855217636158 ], [ 77.851933731869096, 46.7074656902521 ], [ 80.292818558927749, 47.58603086427096 ], [ 87.259830021016953, 54.588330217389519 ], [ 89.909781737539149, 56.012364069492001 ], [ 97.972893505921846, 59.272683355080062 ], [ 101.367195691161186, 61.416350647485444 ], [ 103.925544109425289, 64.278090550698522 ], [ 109.573018069353992, 66.594965613210704 ], [ 104.84033204398439, 65.10805700841486 ], [ 102.655703969252997, 63.791045424199929 ], [ 99.951021966395871, 63.323668452967951 ], [ 93.789449657592613, 61.060132320341772 ], [ 92.356413568612609, 60.00747287991868 ], [ 91.148568611673596, 58.594878697447406 ], [ 83.308725441848864, 55.327001214585167 ], [ 82.117492239159432, 54.082280372042987 ], [ 81.326822528289512, 53.790155501440879 ] ] ] } },
{ "type": "Feature", "properties": { }, "geometry": { "type": "Polygon", "coordinates": [ [ [ 99.603923275338985, 66.045989737497692 ], [ 86.898302497741128, 62.462677313200956 ], [ 84.567599586004647, 61.408936216032409 ], [ 83.903480039449832, 60.813688028654433 ], [ 81.326822528289512, 53.790155501440879 ], [ 82.117492239159432, 54.082280372042987 ], [ 83.308725441848864, 55.327001214585167 ], [ 91.148568611673596, 58.594878697447406 ], [ 92.356413568612609, 60.00747287991868 ], [ 93.789449657592613, 61.060132320341772 ], [ 99.951021966395871, 63.323668452967951 ], [ 102.655703969252997, 63.791045424199929 ], [ 104.84033204398439, 65.10805700841486 ], [ 107.463356159118277, 66.137269568634906 ], [ 104.464501589313073, 65.887984957401414 ], [ 99.603923275338985, 66.045989737497692 ] ] ] } },
{ "type": "Feature", "properties": { }, "geometry": { "type": "Polygon", "coordinates": [ [ [ 153.362284944870567, 35.335932435231705 ], [ 144.480738736196969, 39.954307092004008 ], [ 138.370868563064136, 41.646572405851877 ], [ 132.88230813439651, 43.725250506323533 ], [ 133.94903665877095, 42.736507611693185 ], [ 135.131699993927214, 42.362462395464533 ], [ 135.033533314339905, 42.075223357230513 ], [ 135.978945559053528, 41.205257228730872 ], [ 144.117981520322985, 38.216800591786445 ], [ 145.710779338866701, 37.477525462839004 ], [ 146.804674863430733, 36.335563871340646 ], [ 150.113362190180482, 35.876092861897384 ], [ 150.694066064379371, 35.370999018733592 ], [ 151.496804361965417, 33.764289982080356 ], [ 152.368405051868592, 34.176530957626802 ], [ 153.277188337375577, 34.13264861379605 ], [ 153.362284944870567, 35.335932435231705 ] ] ] } },
{ "type": "Feature", "properties": { }, "geometry": { "type": "Polygon", "coordinates": [ [ [ 90.08091164649835, -42.87531553428105 ], [ 93.036619998197935, -43.066275801012743 ], [ 89.58940154156717, -41.704208947418088 ], [ 88.136186212762169, -41.368796092408203 ], [ 87.234148465798413, -41.502560653626226 ], [ 87.056498130341708, -42.26267444254124 ], [ 90.08091164649835, -42.87531553428105 ] ] ] } },
{ "type": "Feature", "properties": { }, "geometry": { "type": "Polygon", "coordinates": [ [ [ 91.168657962541786, -43.649965987370152 ], [ 88.834850463012245, -43.221402235611706 ], [ 88.056092063500017, -43.176363914685204 ], [ 88.441644020396552, -43.996906252968479 ], [ 91.168657962541786, -43.649965987370152 ] ] ] } },
{ "type": "Feature", "properties": { }, "geometry": { "type": "Polygon", "coordinates": [ [ [ -59.775948826243344, 41.949606046988166 ], [ -60.818333799445405, 42.137650564419289 ], [ -61.287334738471145, 41.336646662866862 ], [ -59.62429127791561, 40.723993363731779 ], [ -60.372433169754039, 40.390582559561992 ], [ -59.185629905092355, 39.554925803762352 ], [ -60.068410705354133, 38.939111175713002 ], [ -58.445029632376219, 38.033315743617649 ], [ -56.78447008847494, 35.692694191102049 ], [ -58.333999412251281, 38.409343257569354 ], [ -58.142254668986894, 39.457555689109554 ], [ -58.460653728728566, 39.726485187753283 ], [ -56.900666664325755, 38.888042811688834 ], [ -57.115677977361308, 39.876309114928219 ], [ -59.775948826243344, 41.949606046988166 ] ] ] } },
{ "type": "Feature", "properties": { }, "geometry": { "type": "Polygon", "coordinates": [ [ [ 23.59859402295152, 22.280738568236892 ], [ 19.50189151042995, 20.740172695016291 ], [ 19.949379567395102, 19.941666027136819 ], [ 21.678164212269483, 19.944601767147336 ], [ 28.128808024148579, 21.435847539590153 ], [ 28.574009740424188, 21.96188501739671 ], [ 29.519386987444083, 22.101065925713701 ], [ 29.04176311401466, 23.127580297758207 ], [ 23.59859402295152, 22.280738568236892 ] ] ] } },
{ "type": "Feature", "properties": { }, "geometry": { "type": "Polygon", "coordinates": [ [ [ 27.488196834151481, 0.389438323912484 ], [ 26.913292469519703, 0.267003180282047 ], [ 27.113415602778421, -1.211866298768734 ], [ 27.730084132745557, -2.729601332610012 ], [ 28.779071577264265, -3.045797583010444 ], [ 29.125712518194636, -1.026363073032315 ], [ 28.528235252564784, -0.574830500597664 ], [ 27.815519954998919, -0.543615793865918 ], [ 27.488196834151481, 0.389438323912484 ] ] ] } },
{ "type": "Feature", "properties": { }, "geometry": { "type": "Polygon", "coordinates": [ [ [ -26.664703350602327, -66.056478564545401 ], [ -30.944300474672648, -66.024993772510967 ], [ -31.716834976898781, -67.547494556248679 ], [ -28.860672912054088, -68.186947160726447 ], [ -18.189738805836328, -69.305000614935196 ], [ -15.806789785989086, -67.751550523537745 ], [ -21.437513860783557, -67.280701026122927 ], [ -26.664703350602327, -66.056478564545401 ] ] ] } },
{ "type": "Feature", "properties": { }, "geometry": { "type": "Polygon", "coordinates": [ [ [ -31.167873980068155, -67.391413621581719 ], [ -30.76038032846224, -65.847226766773687 ], [ -31.738849136055059, -64.868286377636608 ], [ -32.119581621209434, -63.312398830678589 ], [ -33.990525531471, -62.033817929558111 ], [ -40.441485685675602, -63.55952279989534 ], [ -40.585359017121903, -64.862806713690716 ], [ -41.645588884757125, -66.082819852728818 ], [ -31.167873980068155, -67.391413621581719 ] ] ] } },
{ "type": "Feature", "properties": { }, "geometry": { "type": "Polygon", "coordinates": [ [ [ -1.443898430342837, 64.385565123671498 ], [ -1.872870404169963, 65.387879058561779 ], [ -0.623559179222843, 67.043209584372718 ], [ 0.253331483358464, 69.319110841940073 ], [ 1.010589465843214, 70.063049225094645 ], [ 0.414713444381854, 71.205798312967346 ], [ 0.976393419608953, 71.932524396413456 ], [ 0.164441172713925, 72.293175471813555 ], [ -3.260631697673537, 72.680915069031997 ], [ -7.541188135841093, 72.480758503569305 ], [ -3.706547184504512, 71.507234073453063 ], [ -1.797452664828289, 70.099755384836627 ], [ -2.933424556993313, 67.410548932329434 ], [ -3.127083939605656, 65.79824039069679 ], [ -2.866468666170977, 65.267112196889357 ], [ -1.443898430342837, 64.385565123671498 ] ] ] } },
{ "type": "Feature", "properties": { }, "geometry": { "type": "Polygon", "coordinates": [ [ [ -6.675391226633918, 49.40927468247817 ], [ -6.316503507221183, 49.720623737237943 ], [ -6.85906871719984, 50.272226785320896 ], [ -7.883704071346562, 50.611341287709998 ], [ -8.684433567774862, 50.115346743553197 ], [ -6.675391226633918, 49.40927468247817 ] ] ] } },
{ "type": "Feature", "properties": { }, "geometry": { "type": "Polygon", "coordinates": [ [ [ -6.548976157592059, 48.716974752940082 ], [ -5.797390604010693, 49.137008538960039 ], [ -4.483173563383346, 49.431634755858546 ], [ -6.660273950683342, 49.404587894650312 ], [ -7.97596200695154, 49.01984324616658 ], [ -6.548976157592059, 48.716974752940082 ] ] ] } },
{ "type": "Feature", "properties": { }, "geometry": { "type": "Polygon", "coordinates": [ [ [ -20.030674261935346, -8.053548913221061 ], [ -23.973273968708689, -7.500940269153125 ], [ -24.091459559410701, -7.73090171056584 ], [ -27.344185870844967, -7.00227258845687 ], [ -31.216530514667664, -8.903648094712203 ], [ -35.073413319229033, -9.026134222144194 ], [ -37.027905588171457, -12.02069637285018 ], [ -41.774720582977089, -15.673151991989313 ], [ -45.495421696157585, -20.078108659058326 ], [ -45.205853719626795, -23.032876411679524 ], [ -43.893644193390251, -27.703951354702831 ], [ -42.301373463854603, -30.654134226264258 ], [ -39.606608589110515, -34.162642279717993 ], [ -39.200655379068415, -35.80901049551801 ], [ -39.792392642147618, -37.542276952779872 ], [ -33.440969847238499, -41.519139036434773 ], [ -25.716152674352376, -45.270366120260043 ], [ -14.835147521964997, -48.837735564110055 ], [ -12.949790690143924, -50.001882681558932 ], [ -11.481230128854021, -49.443347688487499 ], [ -9.05619209602585, -47.291098083902739 ], [ -8.558590658211619, -47.468286073180536 ], [ -8.926509431710805, -48.301117763175519 ], [ -7.571105421186758, -48.82743379885882 ], [ -4.745981104610909, -48.801486428764925 ], [ -2.943992612666848, -49.403155784107838 ], [ -2.579117700770598, -48.96110645144271 ], [ -2.446238713316303, -47.821857197185345 ], [ -2.789196215967537, -47.340235910357585 ], [ -0.112148780126005, -44.53985839730322 ], [ -0.525838102666806, -43.69012673915109 ], [ 0.030845187329965, -42.079900031448304 ], [ -0.239224835944923, -41.758555390667397 ], [ -0.245347089568715, -40.438341313515238 ], [ 0.752963326686718, -39.109691419391311 ], [ 0.687141827633059, -34.908716397823056 ], [ 2.062526096516288, -34.011002372716661 ], [ 2.566983447429126, -32.691045194325525 ], [ 4.308787792450431, -31.930620938045077 ], [ 4.766518340383495, -31.361766273497743 ], [ 6.291735839619233, -30.566879774575575 ], [ 6.396169439986644, -30.210318266630189 ], [ 5.69513441562203, -29.416072805302349 ], [ 5.136339581136947, -26.385391775478165 ], [ 3.132879875850791, -26.455959987651021 ], [ 1.137539460624154, -24.524718515508287 ], [ -0.223406944156021, -23.794724564426154 ], [ -3.387475047079032, -23.612188950522231 ], [ -4.849095823927405, -21.574605141637782 ], [ -7.410468561018735, -19.846225858225605 ], [ -8.414839910296703, -18.375214693885578 ], [ -10.15115289359135, -17.257633806812059 ], [ -10.473215144525767, -15.245247497603422 ], [ -12.009740491498219, -13.769400180705494 ], [ -11.486274416312209, -12.543093741506544 ], [ -12.077901336089528, -11.950911277084538 ], [ -14.178042857405371, -10.501694755399681 ], [ -14.911092706583981, -12.363824362959688 ], [ -16.356042531756025, -12.134994102364729 ], [ -18.497742686700732, -10.467304015763791 ], [ -19.619030908656352, -8.791933632629803 ], [ -20.563680566169491, -8.52131779475229 ], [ -20.030674261935346, -8.053548913221061 ] ] ] } },
{ "type": "Feature", "properties": { }, "geometry": { "type": "Polygon", "coordinates": [ [ [ -38.220722589859371, -64.454881746503276 ], [ -40.685751914342596, -63.461202520868781 ], [ -43.664029553767271, -63.172265834248499 ], [ -46.507971832097638, -63.29402202056518 ], [ -53.314202023400895, -67.054639196252367 ], [ -55.098450479735895, -68.924114327805739 ], [ -59.77915265872047, -72.842717752982693 ], [ -66.572131707385395, -74.682869928621869 ], [ -59.10958882190706, -77.525134020716322 ], [ -56.286186834530248, -80.319461624287342 ], [ -46.006504705373032, -80.048880805563115 ], [ -45.073514165501003, -79.715825470882535 ], [ -38.22062725892998, -79.343165240119902 ], [ -33.323958977383008, -78.51282804131209 ], [ -31.830707668029522, -77.336738956402698 ], [ -31.495388468805238, -76.398712835660717 ], [ -31.585861118171145, -75.158466262830203 ], [ -32.188480702206583, -73.857529670750466 ], [ -35.189262902213883, -70.164297018960269 ], [ -36.640615213209941, -69.215520299937523 ], [ -36.651709374909359, -67.742284797659849 ], [ -37.93984569044197, -66.272033396633674 ], [ -37.475329568116436, -65.733182495952391 ], [ -38.220722589859371, -64.454881746503276 ] ] ] } },
{ "type": "Feature", "properties": { }, "geometry": { "type": "Polygon", "coordinates": [ [ [ 50.40475695517457, -81.533215168882009 ], [ 146.457621873125532, -75.752476647178725 ], [ 145.944788463156897, -75.393876999239296 ], [ 147.187491427680925, -74.755890471301782 ], [ 143.285289832669235, -74.671436455662956 ], [ 141.08541140187117, -74.127012139208389 ], [ 141.237930889969249, -73.355252033431611 ], [ 140.94549812153241, -72.942367382437226 ], [ 140.028080395841357, -72.710090879047698 ], [ 137.691511034660493, -71.055132962987486 ], [ 136.217972733152976, -70.774755539242577 ], [ 133.736026204499012, -69.626728240157661 ], [ 132.38598401303949, -68.641430416687044 ], [ 131.672379763038379, -67.193733156985559 ], [ 130.613109635807803, -66.848889268189239 ], [ 129.906819120129711, -65.920799802553347 ], [ 124.17234259610521, -62.807614294477027 ], [ 120.260335197796209, -59.900033726668305 ], [ 112.962797438107941, -59.891777537071292 ], [ 108.720568613244552, -60.233653573614014 ], [ 92.28371100090942, -57.605460172689597 ], [ 87.835474880965208, -55.996273495382809 ], [ 82.870655223593104, -55.736550217066785 ], [ 82.747333133313532, -56.918743911837197 ], [ 78.152947908107507, -57.598776805634337 ], [ 74.375395138661247, -57.676810857122163 ], [ 67.572646796638125, -56.868999079962911 ], [ 67.171565476811679, -56.738175886082551 ], [ 67.058218917041089, -56.062902172970865 ], [ 65.300870904156355, -55.689920336623068 ], [ 63.813854868588933, -56.210313446944355 ], [ 62.646661925579274, -55.655481029668664 ], [ 59.962700388782899, -55.779018558844697 ], [ 52.817815442394085, -55.178835761340473 ], [ 52.275175345853157, -55.889038779623476 ], [ 46.570420727795415, -55.163490722421159 ], [ 41.706397199251676, -57.099690341089222 ], [ 40.075562595192565, -58.648749612563286 ], [ 38.837585058491428, -58.537706248171794 ], [ 38.294643726032518, -59.215187859647614 ], [ 35.488574070972959, -58.829541719800332 ], [ 34.982178012343127, -58.277927163135445 ], [ 35.092439329948469, -56.995821418405811 ], [ 34.773932539539409, -56.641532678953752 ], [ 34.010606305914934, -56.649680264470334 ], [ 33.466242696641707, -57.543031529675886 ], [ 33.560189137404649, -58.353661719201114 ], [ 32.697400287771224, -60.555030917165105 ], [ 29.453035319610571, -62.139304238095406 ], [ 25.227178323294986, -62.432028531704141 ], [ 21.943871609039231, -62.134306424859901 ], [ 14.131133544684269, -63.770945758048526 ], [ 12.162165061475553, -64.055045394007152 ], [ 10.432311558665566, -63.922453164008608 ], [ 50.40475695517457, -81.533215168882009 ] ] ] } },
{ "type": "Feature", "properties": { }, "geometry": { "type": "Polygon", "coordinates": [ [ [ 179.99999999, -84.424880997713458 ], [ 175.836314967751207, -83.903237513350135 ], [ 179.114011122819193, -82.194908557181236 ], [ 167.551106763030134, -82.370938191555737 ], [ 147.856698096389607, -81.712003628601209 ], [ 140.196682611850292, -79.798120753267696 ], [ 136.206248971796157, -80.308006950500129 ], [ 85.176034798518671, -82.335092557243186 ], [ 69.940210709455656, -83.729355757028216 ], [ 52.51583593386966, -85.963641144254822 ], [ 28.950271791790065, -87.650544804445389 ], [ 30.175224254002082, -86.697531524351447 ], [ 23.280077830148375, -85.73027685515288 ], [ 26.737261679186581, -84.76804245255191 ], [ 26.908211304651655, -84.405044561743679 ], [ 23.511185263333644, -83.996358327988887 ], [ 10.506724796863155, -83.713915425817547 ], [ 9.755384603625842, -83.911481194026521 ], [ 12.573990377473423, -84.635850150396294 ], [ 10.220862084407603, -85.005839147999666 ], [ 0.395414950359916, -85.225006380788656 ], [ -3.046777867927081, -84.794885661307262 ], [ -2.759635127338468, -84.515590377323008 ], [ -3.491745565628997, -84.252023584022893 ], [ -9.658911814628329, -84.444553087422406 ], [ -19.102774160600099, -83.067873364810083 ], [ -20.665216477681611, -82.480141258461671 ], [ -22.240080344511757, -82.307958973181869 ], [ -26.760251039204856, -82.553780847706307 ], [ -28.297629218423797, -82.990476735959774 ], [ -25.958875928580365, -83.085856989601979 ], [ -26.200309880655212, -83.195546083510621 ], [ -37.670180708849514, -83.187662144057612 ], [ -31.308010524009177, -82.758181369814665 ], [ -29.732142436073556, -82.3215693678939 ], [ -33.46095417133656, -82.145628069251785 ], [ -38.416411495940039, -82.46559056844383 ], [ -37.806601828579716, -82.308918565003012 ], [ -40.242154017579225, -82.245157560114208 ], [ -31.037937771974043, -81.369737697383016 ], [ -31.723873995016024, -81.078293720370098 ], [ -39.353335850771309, -81.363090611134126 ], [ -45.253469487376897, -81.024655578346966 ], [ -56.452578149420006, -81.535061749562061 ], [ -75.57658475230744, -83.620039647113288 ], [ -117.667323204361722, -85.451341882410489 ], [ -149.082536274288401, -85.543661576992037 ], [ -167.097116945877332, -85.166839478448622 ], [ -179.99999999, -84.424880997713458 ], [ -179.99999999, -90.0 ], [ 179.99999999, -90.0 ], [ 179.99999999, -84.424880997713458 ] ] ] } },
{ "type": "Feature", "properties": { }, "geometry": { "type": "Polygon", "coordinates": [ [ [ 31.049828191028457, -47.75194823874704 ], [ 32.256930304543438, -46.153960972116444 ], [ 32.321990225193566, -44.743933748757271 ], [ 33.523461977994714, -43.168144783673895 ], [ 35.233695210088321, -39.943555727662371 ], [ 28.887038288785469, -40.264971748403759 ], [ 27.813590920599857, -40.706293114320914 ], [ 27.506447624563123, -41.396253121320392 ], [ 24.730153239159272, -42.15793331472986 ], [ 22.073480724120891, -44.530484658082258 ], [ 20.430270299170687, -48.320707494759588 ], [ 21.462768337546894, -49.316233304963127 ], [ 24.024951172965611, -52.950337239658147 ], [ 24.607033100404465, -52.493185931669338 ], [ 27.742971517781257, -51.8103410834754 ], [ 28.476424005816867, -49.980784297592841 ], [ 31.049828191028457, -47.75194823874704 ] ] ] } },
{ "type": "Feature", "properties": { }, "geometry": { "type": "Polygon", "coordinates": [ [ [ -30.630261253730307, 23.892390390719608 ], [ -31.741306874919623, 22.179162063618445 ], [ -31.715963411344624, 21.728839967055098 ], [ -31.317011331369187, 21.804109819380052 ], [ -31.191010427626967, 21.458667801010542 ], [ -31.726172440911977, 21.344484819241064 ], [ -31.622380666386867, 20.491792513329752 ], [ -30.713655078182814, 20.693180180011257 ], [ -30.599605130875375, 21.330126183193858 ], [ -30.0573373551935, 20.912353513363428 ], [ -29.751316679538544, 22.339475824289359 ], [ -29.984145986093178, 22.695471487236812 ], [ -30.523293553028935, 21.67222550594358 ], [ -29.840958845367616, 23.128439822105538 ], [ -30.435957405982418, 26.056278581013942 ], [ -30.681531812898523, 25.748314684669211 ], [ -30.630261253730307, 23.892390390719608 ] ] ] } },
{ "type": "Feature", "properties": { }, "geometry": { "type": "Polygon", "coordinates": [ [ [ -22.431101326192643, 48.516721793287331 ], [ -23.142121084797605, 48.571268538047242 ], [ -23.192831665187484, 48.395908336227542 ], [ -22.503608762847556, 47.762210008980013 ], [ -22.431101326192643, 48.516721793287331 ] ] ] } },
{ "type": "Feature", "properties": { }, "geometry": { "type": "Polygon", "coordinates": [ [ [ -27.873984392994082, 40.470399843596105 ], [ -27.801094997617149, 41.571160669513006 ], [ -28.315941562295002, 43.069397748301753 ], [ -30.168882434464201, 44.405205142212189 ], [ -34.669597602681698, 44.48313760653329 ], [ -32.499748328254746, 43.332579963808087 ], [ -31.093051693999566, 41.982396409870262 ], [ -30.757658791225492, 40.569012497759402 ], [ -30.859739319584023, 38.388421603612954 ], [ -29.687315209259658, 38.348129966172813 ], [ -29.755472081486985, 39.582090598264763 ], [ -28.930405983453134, 39.412089565387291 ], [ -29.501692308716915, 40.738000163293918 ], [ -28.415932720667747, 41.038579320001908 ], [ -27.873984392994082, 40.470399843596105 ] ] ] } },
{ "type": "Feature", "properties": { }, "geometry": { "type": "Polygon", "coordinates": [ [ [ -22.732166601086014, -57.057506094990906 ], [ -23.242742741191318, -56.552388126019721 ], [ -32.127354344567777, -53.035992611432135 ], [ -36.797308673872621, -52.151181234059173 ], [ -37.398329053701971, -53.582590146309151 ], [ -35.590408453304953, -57.57164721258151 ], [ -24.930734626175227, -58.887617459031844 ], [ -22.732166601086014, -57.057506094990906 ] ] ] } },
{ "type": "Feature", "properties": { }, "geometry": { "type": "Polygon", "coordinates": [ [ [ -37.045482019632622, -52.802626076335741 ], [ -40.687855623545438, -51.324995554075919 ], [ -46.020570556697237, -46.069647293033022 ], [ -47.71867713395536, -49.538956826188112 ], [ -49.259354421188469, -50.54909627119283 ], [ -51.86640940186583, -53.365071971082337 ], [ -44.560585738542102, -54.770774294174153 ], [ -40.455432957097948, -56.700664770458516 ], [ -38.286608322900882, -56.876727204227478 ], [ -35.590408453304953, -57.57164721258151 ], [ -37.398329053701971, -53.582590146309151 ], [ -37.045482019632622, -52.802626076335741 ] ] ] } },
{ "type": "Feature", "properties": { }, "geometry": { "type": "Polygon", "coordinates": [ [ [ -23.61999435680411, -58.560575549591078 ], [ -34.468783773043079, -57.828393624358149 ], [ -34.022250123948496, -58.705795289714501 ], [ -34.852634040761188, -60.021024216151829 ], [ -34.686664717850299, -61.608334411433539 ], [ -34.273273909900922, -62.397825464048523 ], [ -32.869910338897476, -63.191413909511645 ], [ -32.505745265924332, -63.713488243407411 ], [ -32.288575958308286, -65.275442834410711 ], [ -31.411849342375618, -66.273108003077596 ], [ -29.380750866181568, -66.41673923433332 ], [ -27.826804946568032, -66.061101372920106 ], [ -29.027366886272173, -65.816525533458915 ], [ -28.304451825197738, -64.130480154382155 ], [ -28.573925940006937, -62.416422628764295 ], [ -28.992266419410992, -62.082645578288499 ], [ -27.018350509335122, -61.162734574112534 ], [ -25.611245909406961, -59.864745013994188 ], [ -24.467821811351609, -59.472464707903804 ], [ -23.61999435680411, -58.560575549591078 ] ] ] } },
{ "type": "Feature", "properties": { }, "geometry": { "type": "Polygon", "coordinates": [ [ [ -9.22281730369318, 65.750633624189291 ], [ -5.734179341428569, 64.702547397161979 ], [ -5.025817591925894, 65.624192976240252 ], [ -2.866468666170977, 65.267112196889357 ], [ -3.127083939605656, 65.79824039069679 ], [ -2.933424556993313, 67.410548932329434 ], [ -1.797452664828289, 70.099755384836627 ], [ -2.331861840062608, 70.703183634884638 ], [ -3.706547184504512, 71.507234073453063 ], [ -7.541188135841093, 72.480758503569305 ], [ -15.820351074467986, 72.776089071284972 ], [ -16.232869663680649, 73.670667381390359 ], [ -15.780082352936946, 74.311661132357315 ], [ -16.47360913793284, 74.97062154392836 ], [ -18.149420747179924, 75.640368335385816 ], [ -21.133757797676999, 77.535018741349504 ], [ -24.307618803632558, 78.368592677346896 ], [ -25.889613520190693, 78.60392293278278 ], [ -26.39084712963918, 77.989288920391843 ], [ -23.353198428500725, 75.884190764104289 ], [ -24.026181415902396, 74.80091621493014 ], [ -24.630789845386225, 72.71370349322909 ], [ -26.567529132505314, 72.281163487585047 ], [ -26.312254606499195, 71.786092440462454 ], [ -27.769971860256998, 71.127411114625005 ], [ -29.895671336377745, 70.88622265754303 ], [ -21.700455096094597, 70.030128120557777 ], [ -19.102511230004033, 70.535361165476587 ], [ -12.889752588701938, 69.94393837938388 ], [ -10.468749638956016, 69.24781245936687 ], [ -7.142352084718066, 67.358510767445097 ], [ -9.22281730369318, 65.750633624189291 ] ] ] } },
{ "type": "Feature", "properties": { }, "geometry": { "type": "Polygon", "coordinates": [ [ [ -50.66309406686559, 75.159163248847491 ], [ -35.670326635551689, 74.940620530901413 ], [ -33.673809009576097, 75.456601584734315 ], [ -34.544051798453353, 78.63981594767084 ], [ -40.751598789656342, 80.551534542910673 ], [ -41.08917761730013, 81.172206946670727 ], [ -46.36748439223588, 81.510965505189986 ], [ -47.5131602236454, 80.904254824097265 ], [ -45.552137536396032, 79.696040872385822 ], [ -44.836661616820969, 77.705682747234007 ], [ -46.268772975922097, 76.501226444743736 ], [ -50.66309406686559, 75.159163248847491 ] ] ] } },
{ "type": "Feature", "properties": { }, "geometry": { "type": "Polygon", "coordinates": [ [ [ 12.032285212473576, 38.433051078725192 ], [ 9.566735573457692, 38.553515979717368 ], [ 8.352474634005992, 38.033242010484997 ], [ 8.233915940572896, 38.293076840915987 ], [ 5.083234455138766, 36.738072255579745 ], [ 0.888598641185233, 33.409611381116932 ], [ -0.19630681833417, 31.900600006012013 ], [ 0.35835342729463, 30.833813644361051 ], [ 1.457148409177462, 29.966847889955574 ], [ 1.780683533728584, 29.330094161931871 ], [ 3.61228362416163, 23.775020876272322 ], [ 1.769652107809172, 18.763470686221421 ], [ 1.92490239261785, 18.013704234672499 ], [ 3.259689925211962, 17.46687073067174 ], [ 6.786761955253155, 13.958523870610991 ], [ 7.727750488273815, 13.822905228176831 ], [ 8.602400654999, 14.047754636320754 ], [ 9.569073037728671, 13.73188845709922 ], [ 10.243066705321139, 13.857055520912922 ], [ 10.77253724143084, 14.730543882113132 ], [ 11.546224207579026, 17.994524357711992 ], [ 12.72633404895018, 19.442115469057008 ], [ 14.447943022205482, 22.731130665814426 ], [ 16.586796897654448, 25.08769645468379 ], [ 16.920403128961084, 27.303894996594131 ], [ 16.019912979166833, 29.312552387825807 ], [ 16.431571509625183, 30.209195286493266 ], [ 17.215857857584826, 30.883895273877304 ], [ 18.94028274678222, 34.248374275199851 ], [ 17.38320134129841, 35.341258169914603 ], [ 16.296432994624094, 36.796373135072599 ], [ 15.074681160174851, 37.519172600335914 ], [ 12.509072733919487, 38.045013658361626 ], [ 12.032285212473576, 38.433051078725192 ] ] ] } },
{ "type": "Feature", "properties": { }, "geometry": { "type": "Polygon", "coordinates": [ [ [ 6.995273287544057, 46.444495866857167 ], [ 7.511339629308105, 45.730213210654156 ], [ 10.194884855634292, 44.99245259767082 ], [ 12.125332242486818, 46.363924575071813 ], [ 12.133131615248173, 48.194453624902415 ], [ 9.527107917737881, 48.999476840315936 ], [ 6.458134931706833, 48.761466807670232 ], [ 6.859995157641357, 48.314940671273206 ], [ 6.995273287544057, 46.444495866857167 ] ] ] } },
{ "type": "Feature", "properties": { }, "geometry": { "type": "Polygon", "coordinates": [ [ [ -3.974181040185634, 38.286703389338378 ], [ -1.858237394374291, 38.075441814568357 ], [ -1.234727108450922, 38.658389853232897 ], [ -0.477549290579637, 41.459452239930101 ], [ 0.34689074536139, 42.994130859103876 ], [ -3.134051095561145, 42.4996352005234 ], [ -10.491137820623658, 42.999894398616007 ], [ -11.808652822038731, 42.082584299539839 ], [ -11.549086021014487, 41.006231250019653 ], [ -10.70186469416663, 40.678443517422068 ], [ -9.736353980242917, 39.368909047804472 ], [ -7.728703076333677, 38.808891411830984 ], [ -6.331094324995158, 39.070146278783078 ], [ -4.795644913890281, 38.933041110627499 ], [ -3.974181040185634, 38.286703389338378 ] ] ] } },
{ "type": "Feature", "properties": { }, "geometry": { "type": "Polygon", "coordinates": [ [ [ 6.195772512066156, 41.106861828167403 ], [ 12.024698121203059, 39.023656936052731 ], [ 13.077500401297476, 40.563770307680912 ], [ 10.147751100490479, 43.421583181813567 ], [ 7.225109558635586, 44.67703830929986 ], [ 7.51106806613139, 43.631865555817384 ], [ 6.738981742935688, 42.809624263905178 ], [ 6.195772512066156, 41.106861828167403 ] ] ] } },
{ "type": "Feature", "properties": { }, "geometry": { "type": "Polygon", "coordinates": [ [ [ -11.243422768055373, 40.227867270573533 ], [ -11.94732719331285, 42.417920811993163 ], [ -10.857616750626827, 43.319891014436969 ], [ -13.506668680830417, 42.767462114450609 ], [ -16.050269711897439, 41.672888267113635 ], [ -18.191116046794392, 41.602223340148392 ], [ -19.980769424954492, 42.15106936330595 ], [ -22.119079462366482, 41.447100174690426 ], [ -22.508424195700314, 40.507562506893599 ], [ -23.648047615806608, 39.96814616776534 ], [ -25.049008514363642, 37.938351081000491 ], [ -25.134134864917549, 37.30812219809328 ], [ -24.416949678531868, 36.275809840018852 ], [ -24.430243147898366, 34.410272332528358 ], [ -25.474464510141704, 33.034841165195985 ], [ -27.624006662103728, 31.504652482639813 ], [ -28.911712379285721, 27.082660530738124 ], [ -27.965108833937226, 22.599493309062456 ], [ -29.081352439304219, 14.835686504846437 ], [ -28.671525802151326, 11.09277244858475 ], [ -29.417829386468576, 6.039219395543688 ], [ -32.622466412581552, 3.579788275197605 ], [ -33.281577895876907, 2.118870981581997 ], [ -32.089434134120296, -0.530127714264877 ], [ -33.279266354480711, -3.986658835199536 ], [ -33.293941662816735, -5.269646802103862 ], [ -32.462275463680172, -5.874852616946327 ], [ -30.899328100903748, -6.305642875354997 ], [ -29.467196453868912, -7.802101335376384 ], [ -29.476908848181072, -8.307144846987239 ], [ -28.697426554355257, -9.341734258026962 ], [ -26.2816659966008, -7.678436610752651 ], [ -25.066038616378144, -7.514270125065875 ], [ -21.271237675585532, -8.25155964353287 ], [ -19.189596642734912, -9.272559175679584 ], [ -17.266341839882276, -9.228153618456231 ], [ -20.427088718337238, -5.346400727717314 ], [ -22.206177077958078, -4.022219014247026 ], [ -19.852669292616426, -4.642499830185927 ], [ -17.249493684718658, -4.790304814146896 ], [ -15.495857903282982, -4.550811887754222 ], [ -12.925023764779437, -3.603801093060625 ], [ -7.00458425378256, 0.162663259093302 ], [ -4.261369264501011, 1.223536406945032 ], [ -3.356188750373133, 2.858684680325728 ], [ 1.940514064691197, 6.665946690430817 ], [ 6.999122564132072, 7.628208848090479 ], [ 12.543210452059405, 11.235798065971508 ], [ 11.703154862197628, 11.569232980404127 ], [ 10.335772133593071, 13.91666100521781 ], [ 7.467093971079119, 16.128195663992571 ], [ 4.926070145492138, 18.801573236212668 ], [ 4.332267498724303, 20.121643066827446 ], [ 1.738785715018506, 20.633701786414907 ], [ 0.23795569020524, 21.542036239208276 ], [ -3.36142340496882, 24.68681694950083 ], [ -3.547599043763358, 25.789939785718872 ], [ -2.780682739411457, 29.585304126392792 ], [ -3.197186537390741, 30.349299145335042 ], [ -4.106523141763817, 30.84260339812645 ], [ -5.055256013510807, 30.91534438283739 ], [ -5.632087211134277, 31.891767402270954 ], [ -5.568537437695031, 33.312759958085152 ], [ -3.851128459816611, 35.323815942973496 ], [ -11.265731916542387, 38.829231632691624 ], [ -11.243422768055373, 40.227867270573533 ] ] ] } },
{ "type": "Feature", "properties": { }, "geometry": { "type": "Polygon", "coordinates": [ [ [ 28.153115942808608, 21.751853941180585 ], [ 21.725808582768959, 20.319469041977154 ], [ 19.992830347429624, 20.329685583378357 ], [ 20.142081819176685, 18.742222917519683 ], [ 18.301166343225631, 16.121414515192132 ], [ 17.246536725692572, 13.892963536731571 ], [ 15.930057981179623, 12.617640277100397 ], [ 14.399433270814415, 9.341813798028602 ], [ 15.94868115301807, 8.056491875798448 ], [ 16.646142112213912, 7.846044578174615 ], [ 17.95923771973575, 10.233957252055786 ], [ 21.878111826678499, 13.431308565501856 ], [ 22.961854920502411, 14.008005845451317 ], [ 23.761692378504357, 13.815438453028714 ], [ 24.953554537782583, 14.086588574313073 ], [ 27.198801879750231, 15.459861541296485 ], [ 29.226876709036858, 19.89823303502229 ], [ 29.99997508393928, 20.676331426006172 ], [ 33.04306628152991, 22.445798687367478 ], [ 29.820177627126796, 22.449429060492434 ], [ 28.656296790000855, 22.280934277447415 ], [ 28.153115942808608, 21.751853941180585 ] ] ] } },
{ "type": "Feature", "properties": { }, "geometry": { "type": "Polygon", "coordinates": [ [ [ 21.5002740841052, 5.847953257875672 ], [ 18.558081205123866, 8.759167230965488 ], [ 16.474804020518977, 9.226279724336177 ], [ 13.188528641026297, 9.095369100842216 ], [ 12.622747517445903, 8.422539217049787 ], [ 10.94719408584846, 4.487364440267182 ], [ 9.900279071100607, 3.262668407467133 ], [ 11.044128263049659, 2.474765532932852 ], [ 11.899194714980576, 2.600059727306336 ], [ 13.748295527946068, 1.194775034932476 ], [ 15.180746943252087, 0.880928379059622 ], [ 16.436937533165132, 1.17473399891949 ], [ 20.258801344730333, 1.256289615158242 ], [ 22.325677121900167, 2.487976507301047 ], [ 25.088890325481852, 3.186246613996337 ], [ 25.109926384442396, 3.570410663650673 ], [ 24.71789568780985, 3.482581765847886 ], [ 23.930231236398011, 4.808067363361362 ], [ 21.5002740841052, 5.847953257875672 ] ] ] } },
{ "type": "Feature", "properties": { }, "geometry": { "type": "Polygon", "coordinates": [ [ [ 105.69745465444376, -44.368479782469223 ], [ 104.736683279895487, -44.452479866826479 ], [ 102.863267980214815, -42.990787004270949 ], [ 100.423557770864448, -43.04901226254001 ], [ 101.879008415035571, -42.507261264977302 ], [ 97.078685527588576, -43.537396341989265 ], [ 89.58548415554057, -43.702019555220865 ], [ 88.441644020396552, -43.996906252968479 ], [ 90.370242301335139, -45.099733799230364 ], [ 92.839589604842587, -45.700908705381281 ], [ 95.986761090201639, -45.512943087735188 ], [ 100.684180868550158, -44.508020035566886 ], [ 105.536034453170672, -44.90034264953146 ], [ 105.69745465444376, -44.368479782469223 ] ] ] } },
{ "type": "Feature", "properties": { }, "geometry": { "type": "Polygon", "coordinates": [ [ [ 105.253601782328076, -38.594809267548058 ], [ 102.578793219339673, -38.887294820950558 ], [ 99.710822253799194, -40.389906549687915 ], [ 98.67207027725388, -40.495792496024308 ], [ 94.696284677097168, -39.554158433467229 ], [ 92.079179223523127, -39.766476261353169 ], [ 88.490497487478649, -39.452488503160318 ], [ 86.388336026685693, -40.331771625635241 ], [ 90.539572992986166, -40.38727612923784 ], [ 92.019596793875934, -41.652874193251321 ], [ 92.038967137814922, -42.770144343919242 ], [ 93.036619998197935, -43.066275801012743 ], [ 95.92715138716629, -43.034981609484788 ], [ 101.084875804041175, -42.131202677533807 ], [ 105.253601782328076, -38.594809267548058 ] ] ] } },
{ "type": "Feature", "properties": { }, "geometry": { "type": "Polygon", "coordinates": [ [ [ 86.45546676356588, 6.242827683805862 ], [ 87.900005901451479, 6.415395179457697 ], [ 86.440406956558306, 7.807655723317021 ], [ 85.212386933622128, 11.253718998553818 ], [ 84.115109639205002, 12.255641010183096 ], [ 79.41150488780481, 14.296225758321496 ], [ 75.453639700142659, 15.235027514889971 ], [ 77.067240706761524, 13.66205243360408 ], [ 78.383546319842608, 10.073792815150195 ], [ 85.422169697359067, 7.327881695296658 ], [ 86.45546676356588, 6.242827683805862 ] ] ] } },
{ "type": "Feature", "properties": { }, "geometry": { "type": "Polygon", "coordinates": [ [ [ -39.242656723168757, -13.283701266292175 ], [ -38.496377246444375, -6.734270283244125 ], [ -38.699864883195033, -6.705292327116644 ], [ -40.222696854044884, -7.014572371911958 ], [ -41.119683832126299, -8.148571797351503 ], [ -43.481950879338008, -13.85751926876528 ], [ -43.683798144854109, -16.729543378093055 ], [ -43.17636713764314, -18.186686828117185 ], [ -42.938598005675217, -21.566619116651619 ], [ -42.630004392139618, -22.224471941484438 ], [ -42.244016806638768, -19.498681987042751 ], [ -41.620085248744196, -18.252718590523926 ], [ -40.82985552343321, -17.283912824612237 ], [ -39.863566039145383, -17.418008801695056 ], [ -39.2288329805058, -16.019261973768245 ], [ -39.242656723168757, -13.283701266292175 ] ] ] } },
{ "type": "Feature", "properties": { }, "geometry": { "type": "Polygon", "coordinates": [ [ [ 43.532620572540722, -32.158442462248566 ], [ 41.778794126018497, -30.621745301039965 ], [ 41.731253389664978, -28.788527076320158 ], [ 41.153517357573833, -30.350255803018118 ], [ 40.889655204430156, -33.025985931553272 ], [ 40.11782074232795, -33.561038369133769 ], [ 39.87690816379893, -35.296498658061857 ], [ 39.140637466509965, -36.27062327242097 ], [ 38.955016696417125, -37.068702671780095 ], [ 44.737044437188935, -36.79600679345549 ], [ 43.910554438820228, -35.972923711396426 ], [ 43.711516478977856, -35.294769090418022 ], [ 44.202909100216409, -34.807745011079973 ], [ 44.08025873055486, -34.145484757412696 ], [ 43.548625528167889, -33.036472596193228 ], [ 43.532620572540722, -32.158442462248566 ] ] ] } },
{ "type": "Feature", "properties": { }, "geometry": { "type": "Polygon", "coordinates": [ [ [ 132.160373748314043, -32.537334397595671 ], [ 130.967826232981849, -31.901092137815532 ], [ 126.622613833115452, -31.55719793706605 ], [ 126.325277046026201, -32.203867941836357 ], [ 126.325899484293842, -32.536606327575598 ], [ 128.357024900876212, -32.868884016046103 ], [ 132.160373748314043, -32.537334397595671 ] ] ] } },
{ "type": "Feature", "properties": { }, "geometry": { "type": "Polygon", "coordinates": [ [ [ 33.171692004506767, -50.644374665814603 ], [ 32.75947026608447, -50.023374321228992 ], [ 32.543811697020608, -48.454671986010048 ], [ 31.049828191028457, -47.75194823874704 ], [ 28.476424005816867, -49.980784297592841 ], [ 27.742971517781257, -51.8103410834754 ], [ 24.607033100404465, -52.493185931669338 ], [ 24.024951172965611, -52.950337239658147 ], [ 24.249962161187646, -54.216656716728892 ], [ 22.293961714324535, -57.345086849170649 ], [ 21.976845867262117, -58.675112280987094 ], [ 20.195286185633453, -59.457896532214697 ], [ 20.591479548458508, -60.570835093321776 ], [ 19.802421639827774, -61.145603639885408 ], [ 17.120979214450756, -61.826815886621027 ], [ 16.039920352394464, -62.690864248514153 ], [ 16.200419162734676, -63.182594949114481 ], [ 17.154635883940248, -64.37505573606532 ], [ 22.504859995588848, -63.119958211105619 ], [ 23.231794633276525, -62.69221000130706 ], [ 28.504741205768251, -62.529986777873553 ], [ 31.896582147513875, -61.813176141213063 ], [ 32.581091772633357, -60.84689470015455 ], [ 34.319590898168883, -56.624908165352814 ], [ 33.576456498683683, -55.46095712172977 ], [ 33.661585225885126, -54.553006720208508 ], [ 34.440216101670508, -53.920749343139505 ], [ 34.621342847716406, -51.232686589617579 ], [ 33.171692004506767, -50.644374665814603 ] ] ] } },
{ "type": "Feature", "properties": { }, "geometry": { "type": "Polygon", "coordinates": [ [ [ 109.78436130479146, -39.107896882218093 ], [ 111.069699446135246, -39.7718298054779 ], [ 119.428567007721256, -38.28610172968714 ], [ 123.677645973094698, -38.1207262623264 ], [ 125.21535801260012, -37.619094926123047 ], [ 128.397659537106563, -35.101019332656229 ], [ 127.829255228340031, -35.107667201496881 ], [ 126.115278826412379, -33.119429527592629 ], [ 125.15164651250366, -33.868152555112339 ], [ 123.485411098085834, -33.467719481173674 ], [ 123.505565904389144, -35.338951964789338 ], [ 121.745215483359672, -36.55200146623266 ], [ 119.167052986843515, -36.969746790115984 ], [ 116.88675165608592, -36.82236045240564 ], [ 114.50316186953367, -37.418214882844886 ], [ 111.755234003509599, -36.8738655499141 ], [ 109.78436130479146, -39.107896882218093 ] ] ] } },
{ "type": "Feature", "properties": { }, "geometry": { "type": "Polygon", "coordinates": [ [ [ 161.799365595040967, -51.216229770265059 ], [ 157.751201203789321, -51.94975199858883 ], [ 157.023697806364851, -52.433831961029739 ], [ 156.931881429710018, -52.902521875179623 ], [ 154.691525238053998, -53.679767568552201 ], [ 155.309323048983231, -53.949983848098107 ], [ 154.856106453717672, -55.630960065313808 ], [ 155.985431863158283, -56.139350849874077 ], [ 155.834624819064459, -56.89020816336275 ], [ 156.138532472014418, -57.34360206956746 ], [ 154.570263750938494, -58.315462486515884 ], [ 154.594178650157005, -58.705026797778928 ], [ 154.085808151450237, -59.100593696493007 ], [ 154.779262843496923, -61.354063350915204 ], [ 153.94267095069182, -63.323310854234407 ], [ 152.7881815028544, -63.763810475878451 ], [ 153.130269634854301, -64.4157714498849 ], [ 152.682557760271777, -64.807789343419543 ], [ 152.727699528307511, -65.102619876423645 ], [ 153.455768492931355, -65.196641993161265 ], [ 153.001506637529189, -65.346321334340701 ], [ 153.198932479827647, -65.682553677007277 ], [ 155.192493942975744, -66.121459739147539 ], [ 154.977822668242084, -66.78239377327813 ], [ 154.486486724617919, -67.034076554407179 ], [ 164.778742595455043, -63.060664162659855 ], [ 169.808148196214972, -60.44347461732292 ], [ 169.522405829821395, -57.126043585126084 ], [ 167.860481484275113, -55.577550265893507 ], [ 163.834148956829381, -53.765798912949428 ], [ 162.135899684112132, -52.161187349920951 ], [ 161.799365595040967, -51.216229770265059 ] ] ] } },
{ "type": "Feature", "properties": { }, "geometry": { "type": "Polygon", "coordinates": [ [ [ 158.086489194067752, -54.336408391605552 ], [ 157.944165169880847, -52.637361151709968 ], [ 157.268301279128337, -52.444775462152997 ], [ 155.664878408826041, -53.210790980528749 ], [ 154.153778554021585, -53.469771844380702 ], [ 153.67477516346662, -54.011936082982366 ], [ 156.986437178667359, -57.736663561074394 ], [ 158.835472028835596, -56.992073590196505 ], [ 159.873299135591367, -56.104189986137484 ], [ 159.335695861169938, -54.702337538688091 ], [ 158.086489194067752, -54.336408391605552 ] ] ] } },
{ "type": "Feature", "properties": { }, "geometry": { "type": "Polygon", "coordinates": [ [ [ 158.632005119110431, -60.787546970175548 ], [ 158.626242271881409, -59.897551537362652 ], [ 157.782638097558873, -58.420988248860851 ], [ 158.256505489636766, -57.822776552964548 ], [ 158.18808508792344, -57.434737253181915 ], [ 156.119168877559048, -58.007451176031068 ], [ 155.45594597524601, -58.702536700096978 ], [ 155.136054898294361, -59.971006025586576 ], [ 155.555086439706542, -60.580840956691524 ], [ 156.383644885894768, -60.901356017620245 ], [ 158.632005119110431, -60.787546970175548 ] ] ] } },
{ "type": "Feature", "properties": { }, "geometry": { "type": "Polygon", "coordinates": [ [ [ 166.397514614392833, -67.004750404029181 ], [ 165.661175874929143, -66.236322505581285 ], [ 166.627072416070575, -64.834744074538989 ], [ 165.722277635658202, -64.563190602620097 ], [ 165.949804073244906, -63.508207222529741 ], [ 165.381607980360286, -63.082711336202991 ], [ 158.993575641124124, -65.2870867004373 ], [ 146.041600117580543, -68.278989591286745 ], [ 146.833800707195763, -69.167319223370527 ], [ 147.345798284760718, -70.246361797201615 ], [ 147.196658680131975, -70.661080385330649 ], [ 148.695325775019285, -71.352833238308506 ], [ 149.508974175362596, -72.41861384482165 ], [ 152.107498642867967, -73.191093998805272 ], [ 150.269680870563946, -74.541022471739169 ], [ 150.666347647501766, -75.341250628309453 ], [ 152.846630432282666, -75.884537219557998 ], [ 155.743340736753936, -75.797419714371898 ], [ 157.724482507897704, -75.285337939329693 ], [ 158.602299828577372, -74.384452368939691 ], [ 160.59260769859597, -73.923042139865842 ], [ 163.045438752308314, -71.606983548644592 ], [ 173.476199216805952, -73.506730946578401 ], [ 178.37231560335502, -73.205038687855705 ], [ 178.100878099325968, -72.288565515992076 ], [ 176.347418693012258, -70.831276371120737 ], [ 176.079065868072803, -69.963109320711638 ], [ 176.341366585957218, -69.576033746488378 ], [ 177.364902641529284, -69.243888743708538 ], [ 174.077011863768718, -69.165147890059771 ], [ 173.89463278419143, -70.147188733432998 ], [ 174.289503212008157, -72.174347108888583 ], [ 173.45522060980548, -71.737771109184266 ], [ 169.72124400652703, -71.511307574060567 ], [ 169.478031822228274, -71.135075209460226 ], [ 166.262282897309206, -70.683414312297131 ], [ 164.660068342941969, -70.059954853026682 ], [ 162.489856747325149, -67.936546936074066 ], [ 162.844465603423174, -67.815068417286497 ], [ 162.80836661904209, -67.3610648928546 ], [ 163.718159971745933, -67.168148218785063 ], [ 163.962868956953315, -66.782184348871269 ], [ 166.397514614392833, -67.004750404029181 ] ] ] } },
{ "type": "Feature", "properties": { }, "geometry": { "type": "Polygon", "coordinates": [ [ [ 154.819180029095321, -63.312468005622385 ], [ 157.857924950013455, -62.596515052454684 ], [ 158.294937429234096, -60.935092982414716 ], [ 156.033601986269389, -61.033410022724105 ], [ 156.195254320658847, -61.299918252137083 ], [ 154.819180029095321, -63.312468005622385 ] ] ] } },
{ "type": "Feature", "properties": { }, "geometry": { "type": "Polygon", "coordinates": [ [ [ -17.557959413494455, -7.835058788655451 ], [ -18.909371537465901, -5.817315657452599 ], [ -22.812247864093695, -5.552082066436129 ], [ -21.771328437335853, -6.169436734279938 ], [ -21.443686763335776, -7.616062611654121 ], [ -21.759058098758395, -8.595958796562387 ], [ -20.848053721344868, -9.510300544608794 ], [ -19.248916451066226, -10.092199856842823 ], [ -17.946274165502416, -11.499298781027928 ], [ -15.972562144317203, -9.571744954140387 ], [ -14.928782689394769, -9.837847680227327 ], [ -15.311124636572693, -8.891645199801561 ], [ -15.990977581019658, -8.82943777454747 ], [ -16.090334974142447, -8.226162410813199 ], [ -17.557959413494455, -7.835058788655451 ] ] ] } },
{ "type": "Feature", "properties": { }, "geometry": { "type": "Polygon", "coordinates": [ [ [ 1.01452354233664, 34.801056342683324 ], [ 0.790196240595621, 35.272679563257867 ], [ -0.188230646074791, 34.276753509309586 ], [ -3.1743012450629, 35.485239713258366 ], [ -5.153040718865573, 33.641016280218309 ], [ -5.397577392375224, 32.233901961806225 ], [ -4.943200617366576, 31.210958242500549 ], [ -4.006131746212825, 31.053101901729526 ], [ -3.160327335189562, 30.480526545614016 ], [ -2.83749741754511, 29.683128350371444 ], [ -4.038679639387087, 25.976645797104464 ], [ -3.97488946785248, 24.862231584759936 ], [ -0.727486034852171, 21.40815353011876 ], [ 0.670551222154667, 20.368954221793491 ], [ 3.193636288147845, 19.626384763701388 ], [ 3.147712285390874, 20.607605917271194 ], [ 4.613976387470942, 24.872053488720297 ], [ 4.673466768391753, 25.825364757081008 ], [ 3.193358750039605, 29.991056349725373 ], [ 0.89097811453251, 32.689069731813618 ], [ 0.708317636279116, 33.23928743249278 ], [ 1.01452354233664, 34.801056342683324 ] ] ] } },
{ "type": "Feature", "properties": { }, "geometry": { "type": "Polygon", "coordinates": [ [ [ 8.451415414067453, 43.058997143367357 ], [ 0.562460962506725, 42.92726838290573 ], [ -0.661379094213932, 40.162377949194841 ], [ -0.266686832689037, 40.108088105400398 ], [ 0.577494189567954, 40.741044375875987 ], [ 5.234796939287722, 41.534701953507543 ], [ 8.451415414067453, 43.058997143367357 ] ] ] } },
{ "type": "Feature", "properties": { }, "geometry": { "type": "Polygon", "coordinates": [ [ [ 2.302213474911668, 35.599866110442939 ], [ 4.281097096887726, 37.624248964616299 ], [ 3.079136627861405, 37.676462123625122 ], [ 1.365286583341442, 37.255682943410321 ], [ -0.715383194289651, 35.999347407477174 ], [ -6.684851820951043, 36.563009197452011 ], [ -7.893849884705015, 36.251247649930306 ], [ -3.200860867487475, 33.660566620546156 ], [ -0.216323980953264, 32.559982055615606 ], [ 0.688565202817904, 33.590911666285166 ], [ 0.933831553780182, 33.128094869182561 ], [ 2.302213474911668, 35.599866110442939 ] ] ] } },
{ "type": "Feature", "properties": { }, "geometry": { "type": "Polygon", "coordinates": [ [ [ 3.775803582127824, 38.278594387264128 ], [ 5.356224140268493, 39.761640387589345 ], [ 3.99664055413908, 39.196162292728104 ], [ 1.75024843991094, 38.85997018815528 ], [ 1.024135393196898, 39.188917220913844 ], [ -0.798684391649832, 37.27194597608672 ], [ -1.159273235755937, 37.386222154005566 ], [ -1.59087161944991, 36.519667043512818 ], [ -0.597217744739202, 36.66982874777738 ], [ 0.854033915694446, 37.828640058231315 ], [ 2.561769337419936, 38.297318021670989 ], [ 3.775803582127824, 38.278594387264128 ] ] ] } },
{ "type": "Feature", "properties": { }, "geometry": { "type": "Polygon", "coordinates": [ [ [ 8.5520886040617, 42.676053214601396 ], [ 5.351948285688678, 41.155040488056706 ], [ 0.719086217209768, 40.36824058116737 ], [ -0.122404811738907, 39.736792684579029 ], [ -0.514790098326833, 39.791814354435758 ], [ -0.835912765075638, 38.606637849542054 ], [ -1.592322229468024, 37.815918690153282 ], [ -1.075242602469206, 37.618356059206064 ], [ 0.869150064873731, 39.577935648119862 ], [ 1.593284231451121, 39.241199257134298 ], [ 4.828436029847957, 39.900703289241271 ], [ 8.733068572024193, 42.397245464358328 ], [ 8.5520886040617, 42.676053214601396 ] ] ] } },
{ "type": "Feature", "properties": { }, "geometry": { "type": "Polygon", "coordinates": [ [ [ -18.76481804224073, 39.279973728293051 ], [ -17.235635566270791, 42.248723071893025 ], [ -17.637584139136742, 43.837040102179138 ], [ -15.376632833321933, 46.582394023291819 ], [ -14.522853912516137, 49.044012290238697 ], [ -15.439588497400401, 49.361226417558356 ], [ -17.185976316393504, 49.161162464492691 ], [ -18.377156260527396, 48.048070031305151 ], [ -17.823297645092147, 47.206076278190565 ], [ -18.915611699614885, 46.035203162176927 ], [ -19.395257608112271, 44.462295975310603 ], [ -19.102817718778304, 42.788924847397041 ], [ -19.321447540333413, 41.898921964698779 ], [ -19.997271360028691, 41.925284101126174 ], [ -20.526712592607765, 42.365180198953666 ], [ -20.764502273056507, 41.219872352641147 ], [ -20.077751880736194, 39.485377960536475 ], [ -18.76481804224073, 39.279973728293051 ] ] ] } },
{ "type": "Feature", "properties": { }, "geometry": { "type": "MultiPolygon", "coordinates": [ [ [ [ 179.99999999, -82.200859309535304 ], [ 179.114011122819193, -82.194908557181236 ], [ 175.836314967751207, -83.903237513350135 ], [ 179.99999999, -84.424880997713458 ], [ 179.99999999, -82.200859309535304 ] ] ], [ [ [ -179.99999999, -84.424880997713458 ], [ -167.097116945877332, -85.166839478448622 ], [ -133.414422956328252, -85.654573803116747 ], [ -117.667323204361722, -85.451341882410489 ], [ -104.313451486626221, -84.844175994227228 ], [ -106.039192203749366, -83.918378455700676 ], [ -110.445741586471826, -80.62956449400761 ], [ -136.038175530626376, -81.900900004431776 ], [ -144.93141526815819, -81.604849528252799 ], [ -151.836134268545976, -81.988132269561063 ], [ -179.99999999, -82.200859309535304 ], [ -179.99999999, -84.424880997713458 ] ] ] ] } },
{ "type": "Feature", "properties": { }, "geometry": { "type": "Polygon", "coordinates": [ [ [ -61.441116295545477, -78.81694864035461 ], [ -70.687992346156946, -76.118521326480334 ], [ -73.89940812275762, -76.853750304375708 ], [ -78.067891863942052, -78.190948286671571 ], [ -88.994908603129929, -79.016187941559963 ], [ -96.397682928734483, -79.994534611694093 ], [ -110.495096872716459, -80.567074543554128 ], [ -106.039192203749366, -83.918378455700676 ], [ -104.360705878185172, -84.823420072967025 ], [ -75.57658475230744, -83.620039647113288 ], [ -56.452578149420006, -81.535061749562061 ], [ -61.441116295545477, -78.81694864035461 ] ] ] } },
{ "type": "Feature", "properties": { }, "geometry": { "type": "Polygon", "coordinates": [ [ [ 158.193919130668888, -43.543246776974314 ], [ 157.773103144650094, -43.570405108318582 ], [ 157.210732642440234, -45.112827118805072 ], [ 156.207112293843267, -46.307750837837126 ], [ 154.709316193981579, -47.028606149671376 ], [ 154.428697241408855, -48.526379830332829 ], [ 156.241066988589409, -48.475122432022808 ], [ 157.592832510224014, -47.880616147671411 ], [ 158.192443718032052, -47.043026214542977 ], [ 158.727690851239771, -44.647047774498581 ], [ 158.193919130668888, -43.543246776974314 ] ] ] } },
{ "type": "Feature", "properties": { }, "geometry": { "type": "Polygon", "coordinates": [ [ [ 148.636634964379425, -42.759229228115963 ], [ 147.175873925594402, -42.866389059739419 ], [ 145.943447246850411, -42.583424456569595 ], [ 145.568293252312827, -43.513626419445607 ], [ 150.494415540779983, -44.53775661612292 ], [ 151.425393169234979, -45.208807776646267 ], [ 152.179555502815475, -44.518436379561827 ], [ 150.844101010980268, -43.587066263666358 ], [ 148.636634964379425, -42.759229228115963 ] ] ] } },
{ "type": "Feature", "properties": { }, "geometry": { "type": "Polygon", "coordinates": [ [ [ 155.566036976410373, -42.734117569460366 ], [ 153.279187413321353, -44.146092995329155 ], [ 151.849762860733819, -44.616730346626241 ], [ 151.423547965278289, -45.683212935514 ], [ 152.223501917304446, -46.40862083655928 ], [ 153.373916816008006, -46.751357465740981 ], [ 154.478865893694945, -46.609759071175397 ], [ 155.02652203373529, -46.000488257090183 ], [ 155.783827502737807, -45.808923003117783 ], [ 155.743077349789758, -45.553660350431151 ], [ 156.61058210054216, -45.55838341300187 ], [ 157.21598773166815, -44.482592110366888 ], [ 155.922052719248086, -43.856139551843498 ], [ 156.004884102180512, -43.158058101464547 ], [ 155.566036976410373, -42.734117569460366 ] ] ] } },
{ "type": "Feature", "properties": { }, "geometry": { "type": "Polygon", "coordinates": [ [ [ 143.846051830763201, -41.88976971512497 ], [ 142.051098963867815, -41.202370104968423 ], [ 142.029071443524543, -43.004252731590107 ], [ 143.380394138620858, -43.328484071221837 ], [ 145.876152193463241, -43.232702411527058 ], [ 146.217889927055154, -42.295957954660189 ], [ 144.487945902145583, -41.692771512025281 ], [ 143.846051830763201, -41.88976971512497 ] ] ] } },
{ "type": "Feature", "properties": { }, "geometry": { "type": "Polygon", "coordinates": [ [ [ 140.693521762700442, -34.950710589836099 ], [ 134.007017385456891, -32.127196673590063 ], [ 132.694001166541256, -32.011718287321699 ], [ 130.896906004753021, -32.793249262427253 ], [ 133.919594796385297, -33.148400571406292 ], [ 136.7905865417234, -34.335536589654929 ], [ 141.094089079916245, -35.514093092746933 ], [ 141.782340661001257, -36.061624360192425 ], [ 140.693521762700442, -34.950710589836099 ] ] ] } },
{ "type": "Feature", "properties": { }, "geometry": { "type": "Polygon", "coordinates": [ [ [ -23.072861345217678, -71.75133839868775 ], [ -29.843783283050929, -71.826581427881138 ], [ -32.07831447843791, -71.394222487328761 ], [ -35.189262902213883, -70.164297018960269 ], [ -32.188480702206583, -73.857529670750466 ], [ -31.585861118171145, -75.158466262830203 ], [ -31.495388468805238, -76.398712835660717 ], [ -31.830707668029522, -77.336738956402698 ], [ -32.760707297103309, -78.204472649740055 ], [ -35.372726078375159, -78.980733514636981 ], [ -45.073514165501003, -79.715825470882535 ], [ -46.006504705373032, -80.048880805563115 ], [ -41.026636610891074, -80.522357095890115 ], [ -34.927685530160744, -80.352141745567707 ], [ -33.800140006969087, -80.434564801789577 ], [ -33.476621868628193, -80.739671678226998 ], [ -42.768813674377412, -81.370332670827409 ], [ -40.684674414573024, -81.49180161048325 ], [ -41.421802396880665, -81.630982046223338 ], [ -36.58935702057871, -81.43992609284409 ], [ -33.444740445713258, -81.709283335601512 ], [ -35.490286570687793, -82.095926355204526 ], [ -41.770949769828398, -82.357403945707873 ], [ -38.758262866498356, -82.5337301535709 ], [ -31.602398103721345, -82.657281818188096 ], [ -31.192960243079195, -82.556844506343538 ], [ -33.146095029754093, -82.401590487211081 ], [ -31.069962414727318, -82.015686722605125 ], [ -26.543073643333713, -81.898534919605169 ], [ -25.338103242517381, -82.110676449033662 ], [ -25.025266469150552, -82.455084494997621 ], [ -11.737579818349902, -82.978680593955744 ], [ -15.531520622453263, -82.308976452967684 ], [ -15.073359487264121, -82.020979196636858 ], [ -10.066947021735301, -81.720700727872128 ], [ 5.542545310760731, -82.03975285129323 ], [ -23.072861345217678, -71.75133839868775 ] ] ] } },
{ "type": "Feature", "properties": { }, "geometry": { "type": "Polygon", "coordinates": [ [ [ -167.613304644624577, -83.659068063391871 ], [ -157.924682345224369, -83.135084987647929 ], [ -154.913442820577387, -82.59666306350563 ], [ -154.56877201936274, -82.290583294766947 ], [ -155.407600886668689, -81.581960476134142 ], [ -158.33635687108395, -81.094400336855273 ], [ -167.613304644624577, -83.659068063391871 ] ] ] } },
{ "type": "Feature", "properties": { }, "geometry": { "type": "Polygon", "coordinates": [ [ [ 54.051827052437666, -35.742338780928584 ], [ 53.422760691030511, -34.621120442437793 ], [ 52.239769765764947, -35.671776883162437 ], [ 41.499920599768288, -36.722777057114712 ], [ 39.541897892311603, -37.246817891657102 ], [ 39.566147583956933, -36.739630224765484 ], [ 37.181606452401056, -37.82942884751602 ], [ 35.560697217665791, -40.177518863815685 ], [ 34.285368724368716, -39.513057033440312 ], [ 32.582798635454992, -42.736558715838534 ], [ 31.388622492764586, -44.311813000158203 ], [ 31.323026387602869, -45.721816491003565 ], [ 30.124619329234392, -47.319467244140341 ], [ 31.605719738471237, -48.022635071503707 ], [ 31.818021850811498, -49.591425251332069 ], [ 32.225862472389991, -50.212610757785377 ], [ 33.659767486533916, -50.991200917964434 ], [ 34.625177452260957, -49.949246171513408 ], [ 36.396074751722267, -48.865823603164507 ], [ 37.208304470239987, -48.778483022762629 ], [ 41.786904040455738, -46.224213059296439 ], [ 45.131781049058617, -45.054499333042195 ], [ 48.025846584140957, -43.616176540608372 ], [ 50.599059464207521, -41.339602634864903 ], [ 53.908241253010935, -37.132944347741891 ], [ 53.657518544200734, -36.510154261958938 ], [ 54.051827052437666, -35.742338780928584 ] ] ] } },
{ "type": "Feature", "properties": { }, "geometry": { "type": "Polygon", "coordinates": [ [ [ 155.97543066210693, -64.645388963987031 ], [ 156.308308189859417, -63.9522887430997 ], [ 155.915353715358066, -63.306584598725614 ], [ 156.08285236156479, -63.149957070836209 ], [ 153.963333870506005, -63.691201545001036 ], [ 154.211601261136764, -65.663002189173369 ], [ 156.699261264361837, -64.727077700857393 ], [ 155.97543066210693, -64.645388963987031 ] ] ] } },
{ "type": "Feature", "properties": { }, "geometry": { "type": "Polygon", "coordinates": [ [ [ 28.938370682390996, -37.504715425721841 ], [ 25.191582070177176, -31.968716954584934 ], [ 23.635634360130133, -31.041442683841861 ], [ 19.428901554468787, -30.854340260181562 ], [ 14.24310513136408, -29.633108644829434 ], [ 11.655754974003402, -27.829718844852156 ], [ 10.195999474665996, -25.819196086691882 ], [ 2.012714794673195, -25.498806422655967 ], [ 2.675912395205597, -26.552113445022471 ], [ 4.196828216524556, -26.990995794738421 ], [ 4.899593852212443, -29.837198182262725 ], [ 2.82942602959231, -31.379588221716944 ], [ 1.287236192596953, -31.599678792917175 ], [ -0.00256240492653, -32.757848436687532 ], [ -0.215270247314822, -33.350290749181887 ], [ -1.39489696383459, -33.492684071483104 ], [ -1.969247324548777, -34.033362874240694 ], [ -1.499859010959696, -37.35324818668353 ], [ -2.160420190771326, -37.672053700688068 ], [ -3.077151223410056, -39.776690757138645 ], [ -4.127164895100375, -40.610204736420556 ], [ -4.760063065773362, -43.165812206764222 ], [ -5.652769824236962, -43.326885367287844 ], [ -6.314105917009567, -44.454648616437503 ], [ -9.110133406783818, -45.342991735805754 ], [ -9.772540057305511, -45.870244714125121 ], [ -11.378813204583226, -46.177819883601295 ], [ -16.425088827050715, -51.183856503609775 ], [ -18.394029356182145, -52.713710345974789 ], [ -21.487869985952525, -54.803761005093193 ], [ -24.952342166142717, -56.421020492469864 ], [ -27.069929058464446, -57.960442180946529 ], [ -27.160931443457336, -58.449013021104044 ], [ -28.332128368088554, -58.79788303642195 ], [ -28.140354452912995, -59.011914049642442 ], [ -29.502070455117281, -59.863073492622952 ], [ -29.551454019274829, -60.26318237163624 ], [ -31.033765299179098, -60.725601325918127 ], [ -30.980086022445896, -61.167993933482549 ], [ -33.544066323184211, -62.713004619123303 ], [ -33.368903033576039, -63.629703524378264 ], [ -33.974120031568951, -64.209763796660809 ], [ -31.507124151873153, -65.78268756191801 ], [ -26.432700603942667, -67.22764781596247 ], [ -19.910495848716067, -68.345317099695947 ], [ -14.565490771854126, -68.88449604343306 ], [ -2.124760004226232, -68.850773818280899 ], [ 0.954831244797097, -68.523490669092013 ], [ 6.444349430557621, -66.81428356650423 ], [ 10.14252757944039, -67.501132998285726 ], [ 14.278528515095013, -66.526205174791059 ], [ 17.154635883940248, -64.37505573606532 ], [ 16.039920352394464, -62.690864248514153 ], [ 17.120979214450756, -61.826815886621027 ], [ 19.802421639827774, -61.145603639885408 ], [ 20.591479548458508, -60.570835093321776 ], [ 20.195286185633453, -59.457896532214697 ], [ 21.976845867262117, -58.675112280987094 ], [ 22.293961714324535, -57.345086849170649 ], [ 24.249962161187646, -54.216656716728892 ], [ 24.024951172965611, -52.950337239658147 ], [ 21.462768337546894, -49.316233304963127 ], [ 20.430270299170687, -48.320707494759588 ], [ 21.616932623890357, -45.20602374814429 ], [ 24.730153239159272, -42.15793331472986 ], [ 27.506447624563123, -41.396253121320392 ], [ 27.813590920599857, -40.706293114320914 ], [ 28.887038288785469, -40.264971748403759 ], [ 29.927358684659485, -40.251997072307859 ], [ 28.938370682390996, -37.504715425721841 ] ] ] } },
{ "type": "Feature", "properties": { }, "geometry": { "type": "Polygon", "coordinates": [ [ [ 50.40475695517457, -81.533215168882009 ], [ 10.040976532503109, -63.878645974281298 ], [ 5.040412155361584, -64.97414314965998 ], [ 1.392458410773373, -66.335565855991248 ], [ 0.818287400376027, -67.379559647400839 ], [ -0.303630187791468, -68.439227086767175 ], [ -18.15786685727835, -70.382067748775697 ], [ -23.072861345217678, -71.75133839868775 ], [ 5.542545310760731, -82.03975285129323 ], [ -10.066947021735301, -81.720700727872128 ], [ -15.073359487264121, -82.020979196636858 ], [ -15.531520622453263, -82.308976452967684 ], [ -11.737579818349902, -82.978680593955744 ], [ -25.025266469150552, -82.455084494997621 ], [ -24.877546577336513, -82.727362069426633 ], [ -19.320644337627172, -84.323831928453316 ], [ -12.881994680173607, -84.319036226276253 ], [ -12.991385760508926, -84.591957961502942 ], [ -14.221089137982178, -84.848716639411037 ], [ -12.617432012963405, -85.354441954125662 ], [ -1.891656493298258, -85.43786098126634 ], [ 2.023646339537713, -85.156718881178207 ], [ 1.40514061239446, -84.381922861261273 ], [ 4.709765704169951, -84.207938015651834 ], [ 12.49639921532577, -84.559139934442584 ], [ 18.64873841894979, -85.338898323905099 ], [ 8.394749410904788, -86.492311172864092 ], [ 8.099497405374436, -87.559564089468296 ], [ -9.379917709391364, -88.284317212482364 ], [ 45.037692023472502, -87.426795820677427 ], [ 95.321782624357624, -83.994794930214013 ], [ 153.06566736462031, -81.022089724484132 ], [ 156.770080959143201, -80.407380857870322 ], [ 147.936858462938119, -78.43007432865565 ], [ 143.605011753455045, -78.464307206944866 ], [ 143.093444585171483, -77.393370753195327 ], [ 50.40475695517457, -81.533215168882009 ] ] ] } },
{ "type": "Feature", "properties": { }, "geometry": { "type": "Polygon", "coordinates": [ [ [ 26.257094905004461, -4.622400715233063 ], [ 24.2939348907809, -3.631892744417694 ], [ 23.995736775198782, -4.345805720748809 ], [ 23.12197461364719, -4.92070267885747 ], [ 20.588795396934358, -4.978085974764594 ], [ 19.573063391836634, -6.287976160526342 ], [ 16.441250603106454, -11.507354087318866 ], [ 16.550988270914608, -16.121565087321571 ], [ 16.109943108758571, -18.02766402817138 ], [ 16.291826793547596, -19.404216917521797 ], [ 16.004717438408434, -22.490919389449868 ], [ 14.698922359634075, -24.04075910781793 ], [ 11.884744394309301, -25.871383926284746 ], [ 9.700945090610221, -26.262712804955953 ], [ 11.216544079888614, -28.243576378762324 ], [ 13.860509124014245, -29.994153726147008 ], [ 19.095026720687809, -31.108053782691261 ], [ 24.001211334831169, -31.44933153800768 ], [ 24.900099572445914, -32.100862031891616 ], [ 28.824381425109589, -37.555423972272557 ], [ 29.91015641040595, -40.280625293086359 ], [ 35.26686314197795, -39.852600898456629 ], [ 36.507210197308758, -40.495311664538129 ], [ 38.047236939485209, -38.112028302363072 ], [ 40.400183287526026, -36.969091434776168 ], [ 40.925766148484215, -35.602678606743282 ], [ 40.80778808477158, -33.858573610106873 ], [ 41.464169808757923, -33.223594934312629 ], [ 41.209590584039042, -30.547176630483904 ], [ 41.493093328826596, -28.925180781396676 ], [ 41.632288815936818, -29.625550711691215 ], [ 41.50007963052667, -28.884597690314063 ], [ 41.261977650902161, -27.703887450100837 ], [ 40.07391755417575, -26.766953902990469 ], [ 40.348312095750892, -23.614965356359583 ], [ 38.643240024808492, -18.084459664153826 ], [ 37.603861189554046, -16.409600117469932 ], [ 37.526967922020063, -14.787639889245309 ], [ 37.86853910949241, -13.579184351713065 ], [ 36.267886625099244, -13.025247786697911 ], [ 35.010128170523892, -13.518979051602336 ], [ 32.308615334157281, -11.565765919061549 ], [ 32.385438092733672, -11.259741826192075 ], [ 30.739275070327146, -10.490271766867595 ], [ 28.671884456614951, -8.145993858949881 ], [ 28.190645885229266, -6.835125265130666 ], [ 26.779990263994879, -6.348465744576856 ], [ 26.112753268937148, -5.668477266326873 ], [ 26.257094905004461, -4.622400715233063 ] ] ] } },
{ "type": "Feature", "properties": { }, "geometry": { "type": "Polygon", "coordinates": [ [ [ -33.446513677337428, 25.187316813559665 ], [ -33.95981436353852, 24.837490724662352 ], [ -34.313827960299804, 25.168392645810133 ], [ -34.775242189122551, 23.074144795413936 ], [ -35.196721420698999, 22.682051916505571 ], [ -35.78911317657478, 22.706805725297354 ], [ -36.495168448092635, 24.703102178638449 ], [ -36.393637440264882, 25.79892943373822 ], [ -36.854109690335008, 27.053648218549085 ], [ -36.644435423006925, 24.53305684623669 ], [ -36.986505422378322, 25.24222722766703 ], [ -37.228377723600389, 24.812491489673768 ], [ -37.104527201488629, 23.949729717884139 ], [ -38.159419481349161, 21.801042486999258 ], [ -40.196470311144843, 19.092110530522792 ], [ -37.570918004048778, 16.177354653067102 ], [ -35.850848655662979, 15.05576676542872 ], [ -33.116755175551013, 14.214101181911156 ], [ -33.895159412493321, 15.559053212614167 ], [ -33.333868093702741, 17.04111907940371 ], [ -32.456456873412826, 18.231742417089553 ], [ -33.471303914329951, 18.991946729384523 ], [ -33.807605878205663, 20.040655347300074 ], [ -32.869060101188808, 21.362954685495687 ], [ -33.542886854394837, 21.923644897517356 ], [ -33.215692996510228, 23.143440899171303 ], [ -32.786769708361135, 23.542937815805661 ], [ -33.446513677337428, 25.187316813559665 ] ] ] } },
{ "type": "Feature", "properties": { }, "geometry": { "type": "Polygon", "coordinates": [ [ [ -30.094373706174707, 26.604150214558473 ], [ -30.305248557739503, 26.143678894403571 ], [ -30.343012504712213, 25.788446715893507 ], [ -30.038401014009189, 26.179182887616076 ], [ -30.094373706174707, 26.604150214558473 ] ] ] } },
{ "type": "Feature", "properties": { }, "geometry": { "type": "Polygon", "coordinates": [ [ [ -22.441174968117902, 46.104143675849983 ], [ -22.459603961399655, 47.121036710040755 ], [ -23.343108536917573, 47.653582502321299 ], [ -23.784360047233715, 48.607382019859841 ], [ -25.716809795404835, 49.367346033865189 ], [ -25.410521693108365, 48.647636127782498 ], [ -24.310183589393159, 48.189261698149004 ], [ -22.955299470682522, 46.347050728033338 ], [ -22.441174968117902, 46.104143675849983 ] ] ] } },
{ "type": "Feature", "properties": { }, "geometry": { "type": "Polygon", "coordinates": [ [ [ -23.948814734564387, 46.354071466009884 ], [ -23.948661183091783, 46.762242687691277 ], [ -24.502585252271679, 46.862701744517501 ], [ -23.948814734564387, 46.354071466009884 ] ] ] } },
{ "type": "Feature", "properties": { }, "geometry": { "type": "Polygon", "coordinates": [ [ [ 145.94069481118342, 25.671621946606731 ], [ 146.574358015108032, 27.034554141652094 ], [ 149.040832698451425, 29.934020455372121 ], [ 148.852847033733781, 31.115289419760813 ], [ 140.927231196698898, 27.376793619173039 ], [ 144.595288242959924, 25.681020756629657 ], [ 145.94069481118342, 25.671621946606731 ] ] ] } },
{ "type": "Feature", "properties": { }, "geometry": { "type": "Polygon", "coordinates": [ [ [ 150.694066064379371, 35.370999018733592 ], [ 150.113362190180482, 35.876092861897384 ], [ 146.804674863430733, 36.335563871340646 ], [ 146.547084548548781, 36.68370121782894 ], [ 143.895464398974127, 35.980044965224245 ], [ 140.608902065244422, 34.40689897892819 ], [ 139.411499968211217, 32.861383637126025 ], [ 135.490032609936577, 29.774047885869173 ], [ 137.262380436905715, 28.759922532541029 ], [ 139.062125611382527, 28.38047424758302 ], [ 140.927231196698898, 27.376793619173039 ], [ 148.852847033733781, 31.115289419760813 ], [ 148.8438756588248, 32.214699104054141 ], [ 149.162625078649171, 32.809120863888772 ], [ 151.192331549701123, 33.29498142953635 ], [ 151.496804361965417, 33.764289982080356 ], [ 150.694066064379371, 35.370999018733592 ] ] ] } },
{ "type": "Feature", "properties": { }, "geometry": { "type": "Polygon", "coordinates": [ [ [ 78.946280053176707, -30.062238975570857 ], [ 76.244144801162435, -28.488381944281034 ], [ 75.254392459440012, -26.827381980781741 ], [ 74.153742172695516, -25.883229861434906 ], [ 72.412073306910074, -25.490051266924151 ], [ 73.411949034626403, -26.814934086613697 ], [ 74.900021062700347, -29.930743173728416 ], [ 76.713771196998337, -31.704625904879084 ], [ 78.544772854446379, -32.973537590420584 ], [ 83.980456408988829, -35.342742653487029 ], [ 83.779931467697295, -34.239049656274993 ], [ 82.819167339040021, -33.51498418862078 ], [ 79.795078025960336, -32.205574748501363 ], [ 79.286422955863415, -31.602887400494392 ], [ 79.636396773395589, -31.600286639523564 ], [ 79.548516849377776, -31.03140300248155 ], [ 78.946280053176707, -30.062238975570857 ] ] ] } },
{ "type": "Feature", "properties": { }, "geometry": { "type": "Polygon", "coordinates": [ [ [ 85.94813585458796, -36.100358392426379 ], [ 88.068437599875992, -37.283289396795119 ], [ 89.675603218084149, -39.320819998494841 ], [ 89.103072760593165, -37.749725423639021 ], [ 87.065003527351564, -36.315311921223447 ], [ 85.94813585458796, -36.100358392426379 ] ] ] } },
{ "type": "Feature", "properties": { }, "geometry": { "type": "Polygon", "coordinates": [ [ [ 83.130700863832743, -41.737308571043314 ], [ 82.423550107594593, -41.12456089156511 ], [ 81.015336098711046, -41.012849052146855 ], [ 81.986073768038167, -41.599882689090236 ], [ 83.130700863832743, -41.737308571043314 ] ] ] } },
{ "type": "Feature", "properties": { }, "geometry": { "type": "Polygon", "coordinates": [ [ [ 70.603580043081308, -35.272361132663676 ], [ 70.161145199273392, -34.64347863214396 ], [ 69.907944990339033, -33.215528484088466 ], [ 69.731098470068261, -33.231893096510014 ], [ 69.332054748494997, -33.912443132345885 ], [ 70.603580043081308, -35.272361132663676 ] ] ] } },
{ "type": "Feature", "properties": { }, "geometry": { "type": "Polygon", "coordinates": [ [ [ -73.950290759337918, 42.034087735917424 ], [ -76.270428333881995, 43.809264182190795 ], [ -77.90895905836183, 43.822267041783078 ], [ -79.400518193819764, 44.512346018949124 ], [ -80.673715559345837, 44.564050144264868 ], [ -82.992125421873368, 45.684744104973113 ], [ -85.563338398933766, 45.76390455545215 ], [ -83.533806490216847, 44.38713616295734 ], [ -80.092185439300948, 42.797704091485514 ], [ -78.335419817408862, 42.523075071662561 ], [ -77.132990346100797, 41.878199120791777 ], [ -75.108025400893126, 41.3841252304194 ], [ -74.413678021108041, 41.357895520687904 ], [ -73.950290759337918, 42.034087735917424 ] ] ] } },
{ "type": "Feature", "properties": { }, "geometry": { "type": "Polygon", "coordinates": [ [ [ 108.399634186425089, 8.167500570615914 ], [ 107.095423854515758, 7.544156383687045 ], [ 104.256241898736548, 7.290430788281262 ], [ 106.829413340370579, 5.073104417962858 ], [ 108.17992524588071, 6.843014143094356 ], [ 108.399634186425089, 8.167500570615914 ] ] ] } },
{ "type": "Feature", "properties": { }, "geometry": { "type": "Polygon", "coordinates": [ [ [ 108.286460263071248, 3.468566184129909 ], [ 108.32839832969897, 4.849545746205559 ], [ 109.027043504150157, 6.470361696715139 ], [ 107.673818653546988, 4.700906236813219 ], [ 108.286460263071248, 3.468566184129909 ] ] ] } },
{ "type": "Feature", "properties": { }, "geometry": { "type": "Polygon", "coordinates": [ [ [ -49.029935448708422, 69.178660341167117 ], [ -48.888316757425777, 68.282572965471658 ], [ -44.604962794720947, 69.347681011118198 ], [ -42.821167327791308, 70.920395009370012 ], [ -42.510668069263353, 71.556786148849469 ], [ -43.813075168617331, 71.722159999295855 ], [ -44.413252453747489, 72.257532108572917 ], [ -43.353706848580465, 72.914546329690438 ], [ -36.416794381438059, 73.743558294041449 ], [ -35.094064667122325, 74.462935355163168 ], [ -35.590035543192087, 74.939876998236414 ], [ -50.66309406686559, 75.159163248847491 ], [ -52.704936580353753, 74.28836364060939 ], [ -51.465483939855098, 74.094159777815506 ], [ -51.276266462197682, 72.750879145513451 ], [ -52.831485639602917, 71.751637755557752 ], [ -49.792635325862278, 70.303474771185748 ], [ -49.029935448708422, 69.178660341167117 ] ] ] } },
{ "type": "Feature", "properties": { }, "geometry": { "type": "Polygon", "coordinates": [ [ [ -35.733593349936271, 66.196647878514668 ], [ -33.28711604164198, 66.279345085834535 ], [ -33.053590389574964, 66.546621799180727 ], [ -33.904335460909671, 67.205581974397603 ], [ -37.579208720943441, 66.917122497613235 ], [ -37.20789346090163, 66.148376952830063 ], [ -35.562078420947287, 66.06688922145284 ], [ -35.733593349936271, 66.196647878514668 ] ] ] } },
{ "type": "Feature", "properties": { }, "geometry": { "type": "Polygon", "coordinates": [ [ [ -42.785080151914812, 64.675337940618149 ], [ -41.697290719184437, 64.141604708459312 ], [ -41.251825090030252, 63.546446221601265 ], [ -39.212559951312194, 63.415276120001074 ], [ -36.07846450750813, 62.576045356901083 ], [ -35.669941407728906, 63.330860835863952 ], [ -36.634831239177387, 64.194757944831338 ], [ -37.826086433174517, 64.702781694648905 ], [ -39.5418755102978, 64.835435906861903 ], [ -40.773351724232555, 65.295002618219343 ], [ -42.295643849155184, 65.112214398169726 ], [ -42.785080151914812, 64.675337940618149 ] ] ] } },
{ "type": "Feature", "properties": { }, "geometry": { "type": "Polygon", "coordinates": [ [ [ -93.907967888895413, 50.862816347506993 ], [ -88.148157307039455, 48.913561767443426 ], [ -87.561883215568145, 48.850833411874774 ], [ -88.499343288697816, 49.792220190034527 ], [ -91.439929450936631, 51.013147658308327 ], [ -93.639577879684595, 51.054474661120246 ], [ -93.907967888895413, 50.862816347506993 ] ] ] } },
{ "type": "Feature", "properties": { }, "geometry": { "type": "Polygon", "coordinates": [ [ [ -19.852275874173088, 50.111442864428433 ], [ -20.23045361530535, 49.134795449291722 ], [ -21.591559733671275, 47.149559865315922 ], [ -16.729180365025496, 49.021452071550897 ], [ -19.852275874173088, 50.111442864428433 ] ] ] } },
{ "type": "Feature", "properties": { }, "geometry": { "type": "Polygon", "coordinates": [ [ [ -8.509841450816467, 52.421903093141417 ], [ -14.823502001802035, 51.864780683988677 ], [ -17.533499506872403, 49.056198075970016 ], [ -16.59827190074796, 49.131033907065145 ], [ -14.033152873564999, 50.295467151080395 ], [ -6.995201463920899, 51.208034662673406 ], [ -8.509841450816467, 52.421903093141417 ] ] ] } },
{ "type": "Feature", "properties": { }, "geometry": { "type": "Polygon", "coordinates": [ [ [ 1.372540357574313, -69.000873427929434 ], [ 0.198569839488018, -68.6804292227649 ], [ -11.256569899632369, -68.690735589860736 ], [ -17.695553851009738, -68.237728666077572 ], [ -24.755527163852364, -71.152881917394524 ], [ -28.771558689559377, -72.460190484826683 ], [ -22.645496083814837, -72.581834269964631 ], [ -17.275286693020245, -72.011724014585198 ], [ -8.533144583350287, -71.793741125795634 ], [ -3.44083446748587, -70.986975300769885 ], [ 0.431707866700354, -69.529323376328506 ], [ 1.372540357574313, -69.000873427929434 ] ] ] } },
{ "type": "Feature", "properties": { }, "geometry": { "type": "Polygon", "coordinates": [ [ [ -9.45382124302798, 45.978456063799733 ], [ -5.940803278011801, 46.989610968736969 ], [ -5.520848140799373, 48.535695281922742 ], [ -6.139801505689044, 49.157307497784558 ], [ -6.476119842590291, 49.326162693931586 ], [ -9.23604259876055, 48.266929025530594 ], [ -10.384400257123506, 47.657576539669115 ], [ -11.729640851059525, 46.348435215464136 ], [ -10.083572854991489, 44.720196847421882 ], [ -9.167368964061449, 45.136814675173163 ], [ -9.45382124302798, 45.978456063799733 ] ] ] } },
{ "type": "Feature", "properties": { }, "geometry": { "type": "Polygon", "coordinates": [ [ [ -8.654194641804585, 50.105125914218156 ], [ -9.88335620977694, 49.590328777207361 ], [ -10.793034423296778, 48.73422481412473 ], [ -14.031581162130211, 47.779817759516519 ], [ -14.557796439738945, 46.695089607452957 ], [ -13.960689110027134, 46.346968613899314 ], [ -11.589833096009199, 46.167130537161171 ], [ -11.729640851059525, 46.348435215464136 ], [ -10.384400257123506, 47.657576539669115 ], [ -6.476119842590291, 49.326162693931586 ], [ -8.654194641804585, 50.105125914218156 ] ] ] } },
{ "type": "Feature", "properties": { }, "geometry": { "type": "Polygon", "coordinates": [ [ [ -8.001361484639414, 49.025042186653295 ], [ -8.480919205429574, 48.722226257362323 ], [ -8.371205181428962, 47.152307889969826 ], [ -6.548976157592059, 48.716974752940082 ], [ -8.001361484639414, 49.025042186653295 ] ] ] } },
{ "type": "Feature", "properties": { }, "geometry": { "type": "Polygon", "coordinates": [ [ [ 111.181795896010016, -38.222271908961979 ], [ 115.879489245155199, -39.721540263561835 ], [ 118.050761176438158, -38.681788876119718 ], [ 119.382395608286544, -37.319070734004484 ], [ 121.613653625070967, -37.644303204031011 ], [ 121.048864011445104, -35.899235873556847 ], [ 120.318391740128178, -34.784615206416255 ], [ 119.577652951625041, -33.996812782333635 ], [ 118.282921441513992, -33.484177208228672 ], [ 117.56353236229377, -33.895085890200484 ], [ 114.41446674366118, -37.243704884988823 ], [ 113.105661775122442, -36.946636215720766 ], [ 112.504852403529469, -37.610440330603716 ], [ 111.181795896010016, -38.222271908961979 ] ] ] } },
{ "type": "Feature", "properties": { }, "geometry": { "type": "Polygon", "coordinates": [ [ [ 102.212071814379556, -36.043338349589945 ], [ 102.994410436472563, -36.562924905736175 ], [ 111.181795896010016, -38.222271908961979 ], [ 112.504852403529469, -37.610440330603716 ], [ 113.105661775122442, -36.946636215720766 ], [ 114.41446674366118, -37.243704884988823 ], [ 117.56353236229377, -33.895085890200484 ], [ 118.279410300688582, -33.486158595954464 ], [ 116.489482486771848, -32.905272214334929 ], [ 112.511278193287595, -32.937614951536901 ], [ 110.228816093391373, -32.559819678820993 ], [ 102.212071814379556, -36.043338349589945 ] ] ] } },
{ "type": "Feature", "properties": { }, "geometry": { "type": "Polygon", "coordinates": [ [ [ 119.028142450575061, -36.095622770236787 ], [ 119.743395748908441, -33.455413198704463 ], [ 120.039679784902134, -33.358417414928304 ], [ 119.574579081555939, -33.174615724738338 ], [ 109.729205581477373, -34.912593831880685 ], [ 106.798768791038299, -34.501977092439219 ], [ 109.55535488964415, -38.356877352207775 ], [ 113.171764316860404, -37.874848227048531 ], [ 113.766610812074802, -37.472020950843408 ], [ 113.349073353008507, -37.592361210453753 ], [ 113.557373078420696, -36.200115417027838 ], [ 116.508262415358359, -35.119783786979646 ], [ 118.101861522150244, -35.787184761678965 ], [ 117.605174327831435, -36.255849675099178 ], [ 119.028142450575061, -36.095622770236787 ] ] ] } },
{ "type": "Feature", "properties": { }, "geometry": { "type": "Polygon", "coordinates": [ [ [ 67.608261316010768, -17.593417657153626 ], [ 67.659645417453333, -16.428409134411233 ], [ 65.943934545644325, -18.23535883847293 ], [ 64.503672815032317, -19.210296654569646 ], [ 69.452510121699035, -21.816621505103161 ], [ 70.447914129806534, -22.65236045352805 ], [ 72.097300970528593, -22.865520286203559 ], [ 68.788785678005667, -19.459598837343012 ], [ 67.608261316010768, -17.593417657153626 ] ] ] } },
{ "type": "Feature", "properties": { }, "geometry": { "type": "Polygon", "coordinates": [ [ [ 63.690499398849965, -25.99424100873285 ], [ 63.938940108567664, -25.197635891797415 ], [ 61.97575461054128, -23.584742408346106 ], [ 61.951052809121265, -23.181267814907123 ], [ 60.346077093912449, -22.287373009981145 ], [ 59.542598289063648, -21.455551137509907 ], [ 58.850467589974372, -19.648188822201387 ], [ 59.274683892744065, -18.383514015117708 ], [ 58.008872913168567, -19.168743340576846 ], [ 56.090772797800213, -19.441201199262757 ], [ 55.079074966302528, -20.312418463831495 ], [ 55.149833773791627, -21.779931577853869 ], [ 55.693577686755241, -23.213341918574287 ], [ 57.69004226551268, -26.073912816526587 ], [ 59.617745709579033, -26.963689938507077 ], [ 61.576372888236691, -27.277086045380774 ], [ 63.690499398849965, -25.99424100873285 ] ] ] } },
{ "type": "Feature", "properties": { }, "geometry": { "type": "Polygon", "coordinates": [ [ [ -50.513902827925975, 31.442202565703852 ], [ -53.146131295602046, 34.332393886090983 ], [ -52.284550784950618, 32.7968203891065 ], [ -50.266203695912097, 30.248678751696094 ], [ -49.33766141580363, 28.550037605503448 ], [ -49.126564581253525, 26.265254828423824 ], [ -48.562631072986967, 25.115911169682061 ], [ -47.637108384506931, 25.052547451284859 ], [ -47.767349898553796, 25.920686832186743 ], [ -48.160977081006202, 26.148732375937552 ], [ -48.40147161055706, 26.921482086106447 ], [ -48.559060850926585, 28.477305201935671 ], [ -49.790865706413818, 29.554704856624173 ], [ -49.909438364792614, 30.809989362310869 ], [ -50.163434565345256, 31.121691804954082 ], [ -50.410573520273012, 30.910970487906525 ], [ -50.513902827925975, 31.442202565703852 ] ] ] } },
{ "type": "Feature", "properties": { }, "geometry": { "type": "Polygon", "coordinates": [ [ [ -30.214712138294136, 29.607050946403955 ], [ -31.279618861138111, 28.04778693596035 ], [ -31.301710046796888, 26.152627059620208 ], [ -32.16549924864993, 23.735557095124754 ], [ -31.981247747320523, 23.201461618787881 ], [ -31.030806260908193, 24.715605897309057 ], [ -30.214712138294136, 29.607050946403955 ] ] ] } },
{ "type": "Feature", "properties": { }, "geometry": { "type": "Polygon", "coordinates": [ [ [ -56.900666664325755, 38.888042811688834 ], [ -58.460653728728566, 39.726485187753283 ], [ -58.142254668986894, 39.457555689109554 ], [ -58.333999412251281, 38.409343257569354 ], [ -55.367236258373303, 32.96300636494103 ], [ -54.754033888666335, 32.320283507905593 ], [ -54.149290530783283, 30.537763040358644 ], [ -53.235657437700006, 29.935249199987815 ], [ -53.266848314057675, 29.37332239921604 ], [ -52.767847174786382, 28.507205183368715 ], [ -51.167287395885445, 27.136617164227459 ], [ -50.897574882176052, 27.176140340763645 ], [ -50.878085332711265, 27.809106872921532 ], [ -49.572735947599156, 27.140075365178916 ], [ -50.581586762903349, 29.520651705279146 ], [ -51.950253277710296, 31.00209553684271 ], [ -52.28271228409983, 32.986206667644083 ], [ -52.888300945680804, 34.178589951068744 ], [ -55.8640215677068, 35.35920137991468 ], [ -57.056266331773742, 36.793447711764813 ], [ -57.045965514028509, 37.235152078215776 ], [ -56.323924482759338, 37.349356751084642 ], [ -56.900666664325755, 38.888042811688834 ] ] ] } },
{ "type": "Feature", "properties": { }, "geometry": { "type": "Polygon", "coordinates": [ [ [ -54.079206421870261, 35.296846774933591 ], [ -55.092772780462163, 37.180992059359603 ], [ -56.117172938129642, 37.867351001206657 ], [ -57.130040458950333, 39.547869242383619 ], [ -56.628236675266557, 37.738953880097085 ], [ -55.107854665508796, 35.590168170807345 ], [ -52.262519099203239, 33.759882367023366 ], [ -52.757766106329505, 34.571725654002897 ], [ -54.079206421870261, 35.296846774933591 ] ] ] } },
{ "type": "Feature", "properties": { }, "geometry": { "type": "Polygon", "coordinates": [ [ [ -25.153580691065493, 36.734060984376391 ], [ -26.309698399570557, 38.680503599408475 ], [ -28.573897046508399, 40.672206031369683 ], [ -28.684371646846266, 36.56063437458306 ], [ -27.946471734869544, 35.352562562805964 ], [ -28.260104551932208, 34.305795098137729 ], [ -29.047617447678341, 33.275527289731542 ], [ -30.218905012244079, 28.359451632340303 ], [ -30.729094117011446, 28.724755635934528 ], [ -30.684420914622645, 29.498371258024719 ], [ -30.793913032744385, 28.399032153766196 ], [ -30.667650466781712, 27.938763715712629 ], [ -30.973420676203617, 27.473211627858134 ], [ -30.638077608783362, 27.500868388196281 ], [ -30.671947656628326, 27.121807409769136 ], [ -31.168038329273983, 25.680171591924381 ], [ -30.641439959247531, 23.460730850864355 ], [ -31.37585459999584, 22.143749646233037 ], [ -30.714829029716331, 23.010678667268795 ], [ -30.869677999769042, 21.245619269363509 ], [ -31.411081030749084, 21.665746688417464 ], [ -31.528551828632743, 21.029299872411311 ], [ -32.440285093145732, 20.831789426528417 ], [ -32.540187790589762, 21.684910252043814 ], [ -32.003217832166492, 21.796825766500028 ], [ -32.250764675728746, 22.184755602409702 ], [ -33.807605878205663, 20.040655347300074 ], [ -33.471303914329951, 18.991946729384523 ], [ -32.456456873412826, 18.231742417089553 ], [ -33.333868093702741, 17.04111907940371 ], [ -33.895159412493321, 15.559053212614167 ], [ -33.116755175551013, 14.214101181911156 ], [ -30.85648232616867, 14.280977165493447 ], [ -31.341102621666433, 15.172341397125802 ], [ -31.193627716804908, 15.827681037231555 ], [ -29.595565559783232, 16.575476539622578 ], [ -29.392919339528397, 19.858298538037424 ], [ -28.763848025920868, 22.923357557457113 ], [ -29.663767535007342, 26.962295621737248 ], [ -29.565991506881367, 28.143311445287139 ], [ -28.28641768632443, 32.041657704163114 ], [ -26.202426929038168, 33.346816512025207 ], [ -25.019841061762737, 35.009923193535045 ], [ -25.153580691065493, 36.734060984376391 ] ] ] } },
{ "type": "Feature", "properties": { }, "geometry": { "type": "Polygon", "coordinates": [ [ [ -54.395575175914075, 38.529789922929972 ], [ -56.019496417747447, 38.991047181168831 ], [ -54.413761610093886, 37.694652869768468 ], [ -53.459064921274717, 36.387689837995651 ], [ -53.72617596782252, 37.589460777407581 ], [ -54.395575175914075, 38.529789922929972 ] ] ] } },
{ "type": "Feature", "properties": { }, "geometry": { "type": "Polygon", "coordinates": [ [ [ -29.521247559252618, 31.111179578836943 ], [ -30.130053960419815, 33.246856498388738 ], [ -29.569872227355884, 35.205529183334619 ], [ -30.180913858204061, 35.513222126539418 ], [ -30.556785166889362, 35.195112422979726 ], [ -30.863671514818886, 33.485938618493144 ], [ -29.521247559252618, 31.111179578836943 ] ] ] } },
{ "type": "Feature", "properties": { }, "geometry": { "type": "Polygon", "coordinates": [ [ [ 111.734490663423259, -38.662097400638672 ], [ 108.13736196881483, -38.383242212428129 ], [ 104.982473791444647, -39.47879175775762 ], [ 102.996907552921243, -39.812629555532311 ], [ 98.723376798764974, -39.601299200841019 ], [ 99.967654709577801, -40.257965075199088 ], [ 103.03510366780074, -40.970211043027277 ], [ 105.921603130941222, -40.29287238961885 ], [ 109.703784611115466, -40.142836054004817 ], [ 111.734490663423259, -38.662097400638672 ] ] ] } },
{ "type": "Feature", "properties": { }, "geometry": { "type": "Polygon", "coordinates": [ [ [ 106.356839115634514, 2.157429263443118 ], [ 107.499078524674218, -0.289639956881887 ], [ 109.707956281029155, 1.206967588684352 ], [ 110.307903143441607, 2.164562872239032 ], [ 109.290885993860954, 2.431793661303313 ], [ 106.356839115634514, 2.157429263443118 ] ] ] } },
{ "type": "Feature", "properties": { }, "geometry": { "type": "Polygon", "coordinates": [ [ [ 74.71464134742294, 23.890489831553907 ], [ 73.651047192396291, 23.987094266283844 ], [ 70.958296586730725, 25.213843629150929 ], [ 72.045918075311434, 22.955203173030647 ], [ 73.343922913427079, 21.872419202952265 ], [ 73.868216311136919, 20.808857039757886 ], [ 74.287926650120568, 18.683177931308226 ], [ 74.088314836982192, 17.288764737938688 ], [ 75.005191028718528, 15.403744073251097 ], [ 76.531524607796854, 15.003505192859704 ], [ 75.039535248513431, 18.788820712295045 ], [ 75.298354315696841, 22.183870351153598 ], [ 74.71464134742294, 23.890489831553907 ] ] ] } },
{ "type": "Feature", "properties": { }, "geometry": { "type": "Polygon", "coordinates": [ [ [ 74.363769605699844, -26.08907254329435 ], [ 73.76747262684539, -23.381652354914955 ], [ 72.555316929820805, -22.404260250342013 ], [ 71.493420824571501, -22.292933980662525 ], [ 69.008724651762506, -23.194834164471708 ], [ 71.669549426155015, -24.047426842328179 ], [ 72.372446415085292, -24.892392130117116 ], [ 72.412073306910074, -25.490051266924151 ], [ 73.311702035029313, -25.5333278369935 ], [ 74.363769605699844, -26.08907254329435 ] ] ] } },
{ "type": "Feature", "properties": { }, "geometry": { "type": "Polygon", "coordinates": [ [ [ 75.078572189899916, -23.116802435719208 ], [ 74.446816448477222, -22.28883854353343 ], [ 71.728792107048179, -21.333039900723112 ], [ 70.401641244535881, -22.028715310699138 ], [ 68.330032528823793, -22.346196363438011 ], [ 69.538536773800445, -22.174008837895297 ], [ 69.823846465971741, -22.885323618725113 ], [ 71.690595583246022, -22.251000197329315 ], [ 73.209337250611867, -22.74717917995666 ], [ 73.923160743300699, -23.700920557668123 ], [ 74.416781707212806, -25.853017173329718 ], [ 75.078572189899916, -23.116802435719208 ] ] ] } },
{ "type": "Feature", "properties": { }, "geometry": { "type": "Polygon", "coordinates": [ [ [ 28.248028337556182, 50.745378646276549 ], [ 28.686666885906632, 49.974372504000286 ], [ 30.826555311690424, 48.888014949892749 ], [ 33.632500824341072, 46.65424272026312 ], [ 47.221758586201176, 43.469404428162136 ], [ 48.77640071249855, 42.355034239566919 ], [ 54.14965010071198, 40.620289550464342 ], [ 58.315167321267161, 38.269594918027813 ], [ 61.871163792712771, 38.344517975471206 ], [ 65.547577127069559, 39.028716790793489 ], [ 62.087744842270219, 38.962099098219817 ], [ 54.812426240224326, 41.456170362114236 ], [ 50.615433733940392, 44.095511455079141 ], [ 43.80851364710648, 46.826800761789961 ], [ 40.048468715672563, 47.882678812031706 ], [ 31.964489088416201, 49.281632199938926 ], [ 29.63287025738261, 50.868689383186954 ], [ 28.248028337556182, 50.745378646276549 ] ] ] } },
{ "type": "Feature", "properties": { }, "geometry": { "type": "Polygon", "coordinates": [ [ [ 56.344047155485676, 52.42119716172666 ], [ 49.973371666372984, 52.060387705423501 ], [ 43.987971438168039, 50.518620778349117 ], [ 41.047320214965183, 50.262102856850944 ], [ 36.03784777936594, 51.154740579197195 ], [ 34.8655776306748, 50.725224757172839 ], [ 31.855833133474981, 50.535452900058054 ], [ 29.63287025738261, 50.868689383186954 ], [ 31.964489088416201, 49.281632199938926 ], [ 40.048468715672563, 47.882678812031706 ], [ 43.80851364710648, 46.826800761789961 ], [ 48.15816280317101, 45.101262083170596 ], [ 50.20717421105816, 46.37089748736112 ], [ 50.427385646436676, 46.909000207740952 ], [ 49.722129605197296, 47.472242794232301 ], [ 49.771802200820574, 47.888404957678638 ], [ 50.542076454651067, 48.608866392192844 ], [ 50.347833091452202, 48.97610063808029 ], [ 50.868534237813861, 49.779393946950023 ], [ 52.913153464846317, 50.528381774982236 ], [ 54.709631218136799, 51.784105532455186 ], [ 56.344047155485676, 52.42119716172666 ] ] ] } },
{ "type": "Feature", "properties": { }, "geometry": { "type": "Polygon", "coordinates": [ [ [ 50.427385646436676, 46.909000207740952 ], [ 50.20717421105816, 46.37089748736112 ], [ 48.15816280317101, 45.101262083170596 ], [ 52.631903317910492, 42.900751139396284 ], [ 52.30686855294865, 43.10235854849001 ], [ 54.014292069426226, 42.723344011032246 ], [ 53.066530530715596, 43.408401021274095 ], [ 54.434529580399548, 43.134486509956915 ], [ 54.655788842811965, 43.351767330205689 ], [ 53.924195267624881, 44.452704855241059 ], [ 50.427385646436676, 46.909000207740952 ] ] ] } },
{ "type": "Feature", "properties": { }, "geometry": { "type": "Polygon", "coordinates": [ [ [ 50.337811345648674, 48.489796269809332 ], [ 49.722129605197296, 47.472242794232301 ], [ 53.924195267624881, 44.452704855241059 ], [ 54.712852402815187, 43.47320623048472 ], [ 54.434529580399548, 43.134486509956915 ], [ 58.504355919512243, 43.216750717283233 ], [ 63.35315292511406, 45.04585746327222 ], [ 59.401310667019793, 44.61630406458228 ], [ 55.871162027058517, 45.919068865737032 ], [ 53.398448534960657, 47.824489253235257 ], [ 50.337811345648674, 48.489796269809332 ] ] ] } },
{ "type": "Feature", "properties": { }, "geometry": { "type": "Polygon", "coordinates": [ [ [ 40.977157653524102, 20.419915901232958 ], [ 45.9252544197902, 23.669345425864822 ], [ 46.934888852816684, 26.073025546931841 ], [ 46.529468817653644, 26.023192986917486 ], [ 46.890971655523131, 30.357898147937938 ], [ 54.33624184150073, 34.913048210416093 ], [ 58.315167321267161, 38.269594918027813 ], [ 54.14965010071198, 40.620289550464342 ], [ 48.77640071249855, 42.355034239566919 ], [ 47.221758586201176, 43.469404428162136 ], [ 34.107583271257496, 46.545877430729192 ], [ 27.625053454559819, 41.977192707084001 ], [ 24.921048511690419, 40.501504007057683 ], [ 22.105680127414523, 39.368992812233728 ], [ 21.396036825403158, 38.730214742372652 ], [ 15.251052647192763, 36.527345522225893 ], [ 15.637584002071227, 35.560573248237588 ], [ 17.399566583651737, 34.799772910910711 ], [ 16.888275834007096, 33.276036699283125 ], [ 17.783954979043145, 29.485759213905791 ], [ 17.869134024119404, 25.200226966391966 ], [ 19.551026602925919, 21.131514278496439 ], [ 23.672018133805583, 22.64051153212289 ], [ 29.136707101334846, 23.442622154307955 ], [ 29.605134320030579, 22.412087703207455 ], [ 33.04306628152991, 22.445798687367478 ], [ 31.506400925910359, 21.342617844881453 ], [ 32.650327579048145, 19.780541572570595 ], [ 32.734580198737795, 17.785341888732546 ], [ 33.479415137369962, 20.658397441592982 ], [ 35.204650838584641, 22.370177571820062 ], [ 36.737011515119434, 22.507384272038902 ], [ 39.717268994548995, 22.053339160024503 ], [ 40.969703459400471, 20.911704565884996 ], [ 40.977157653524102, 20.419915901232958 ] ] ] } },
{ "type": "Feature", "properties": { }, "geometry": { "type": "Polygon", "coordinates": [ [ [ 75.839658589717715, 63.398031112099886 ], [ 73.004949951094559, 60.97586060347188 ], [ 73.225595836941636, 58.035565687031287 ], [ 72.211261543423348, 57.034411557630932 ], [ 72.308205594687621, 55.938341162207799 ], [ 71.872896891497987, 54.030787085340059 ], [ 74.200888847627198, 55.999729211294955 ], [ 80.138113438157148, 58.573034564699846 ], [ 81.798671397674369, 56.909631548054577 ], [ 81.715638649402976, 55.040835695964859 ], [ 83.903480039449832, 60.813688028654433 ], [ 84.567599586004647, 61.408936216032409 ], [ 86.898302497741128, 62.462677313200956 ], [ 99.751441901638103, 66.01190876302033 ], [ 94.815626774380362, 66.688443619343516 ], [ 91.583669013436463, 67.659116715696115 ], [ 88.92098081470138, 68.993561441334691 ], [ 88.191924939296385, 70.411643479156396 ], [ 87.888877727554629, 69.746031542636501 ], [ 87.384268807899105, 69.475863719682579 ], [ 82.909732867858139, 68.058840197014646 ], [ 80.170488693333198, 66.757313357217257 ], [ 78.52042936381828, 65.058151197986675 ], [ 75.839658589717715, 63.398031112099886 ] ] ] } },
{ "type": "Feature", "properties": { }, "geometry": { "type": "Polygon", "coordinates": [ [ [ 52.276759756304301, 50.464661024098206 ], [ 50.868534237813861, 49.779393946950023 ], [ 50.337811345648674, 48.489796269809332 ], [ 53.398448534960657, 47.824489253235257 ], [ 55.871162027058517, 45.919068865737032 ], [ 59.401310667019793, 44.61630406458228 ], [ 64.331127986642528, 45.180375761468731 ], [ 67.25363888342784, 46.393847867225325 ], [ 67.856926624500517, 46.761925046705592 ], [ 68.465949749305182, 47.752675474372417 ], [ 69.476595888914616, 48.209597229079051 ], [ 70.582137853581202, 50.285629647724285 ], [ 71.342477443808818, 53.530323929954051 ], [ 71.872896891497987, 54.030787085340059 ], [ 72.181280534153402, 55.050604237639078 ], [ 72.289432410989207, 56.176514695113219 ], [ 70.780508788774711, 54.797487679437893 ], [ 69.641587281155481, 52.742671036972837 ], [ 69.028503570669713, 51.289463373911374 ], [ 68.797084864409982, 49.297009289916723 ], [ 67.404842907359395, 48.206693272131545 ], [ 64.545809522972803, 47.200427905623528 ], [ 61.41997978433821, 46.508228916110617 ], [ 57.982416437471244, 46.643608458333716 ], [ 55.711864072698454, 47.734503369521789 ], [ 55.317184299117365, 49.007108217015414 ], [ 54.769513948359332, 49.378232486319206 ], [ 52.276759756304301, 50.464661024098206 ] ] ] } },
{ "type": "Feature", "properties": { }, "geometry": { "type": "Polygon", "coordinates": [ [ [ 53.492581919223703, 50.814395225736355 ], [ 52.276759756304301, 50.464661024098206 ], [ 55.317184299117365, 49.007108217015414 ], [ 55.711864072698454, 47.734503369521789 ], [ 56.334131580507169, 47.295663978218499 ], [ 58.836911134204847, 46.435934019062813 ], [ 61.41997978433821, 46.508228916110617 ], [ 64.545809522972803, 47.200427905623528 ], [ 67.825993461046082, 48.462981889025087 ], [ 68.984830685743489, 49.707411022902875 ], [ 69.028503570669713, 51.289463373911374 ], [ 69.403277082462523, 52.171430325387675 ], [ 66.61414985718983, 50.041105961339213 ], [ 63.128835151998075, 48.120076145634748 ], [ 61.437629737386921, 47.778921627175201 ], [ 59.028390272974171, 47.740921849375468 ], [ 56.812956376348303, 48.379209408568244 ], [ 56.169294464184993, 49.561858016260743 ], [ 53.492581919223703, 50.814395225736355 ] ] ] } },
{ "type": "Feature", "properties": { }, "geometry": { "type": "MultiPolygon", "coordinates": [ [ [ [ 179.99999999, 49.506603455431716 ], [ 177.862309436366417, 46.760670569964823 ], [ 177.763183891189385, 46.208198572113155 ], [ 178.1155671949507, 46.171189928033442 ], [ 178.524008697720376, 44.265139769461321 ], [ 179.99999999, 44.108010705078897 ], [ 179.99999999, 49.506603455431716 ] ] ], [ [ [ -179.99999999, 44.108010705078897 ], [ -179.500732990570356, 44.033608666866662 ], [ -178.068475313315645, 45.604680157677969 ], [ -171.667254357146902, 50.809496993614893 ], [ -169.45287232169548, 54.057583381714139 ], [ -171.504610037303422, 54.147531941572936 ], [ -174.102429994736497, 52.155952264865761 ], [ -178.914506128122838, 50.58618343303322 ], [ -179.99999999, 49.506603455431716 ], [ -179.99999999, 44.108010705078897 ] ] ] ] } },
{ "type": "Feature", "properties": { }, "geometry": { "type": "Polygon", "coordinates": [ [ [ 2.134000696115285, 57.694538147678308 ], [ 2.986555359747404, 56.259390484376119 ], [ 6.605408346616542, 58.181608205349441 ], [ 8.797242279850799, 58.509128899224585 ], [ 11.683756562370389, 58.358064985789923 ], [ 16.58833237336118, 57.083897477458372 ], [ 18.623883134037584, 55.229801281023661 ], [ 22.445046859681849, 57.037262098785362 ], [ 25.027812409699965, 55.319620223258127 ], [ 26.540203136171414, 55.158189213049674 ], [ 29.112938267521418, 55.491512439243976 ], [ 49.393362696407955, 59.990610000749953 ], [ 50.122535454601802, 61.443897529304628 ], [ 51.540577754958981, 62.496163999898762 ], [ 52.72933682818288, 65.035093780633105 ], [ 56.469981707444234, 68.704053300140075 ], [ 56.794119549690194, 69.219968615113729 ], [ 56.432794530772085, 70.146278967907975 ], [ 60.2809398982685, 71.976474617615835 ], [ 60.449821433737419, 72.47449404570331 ], [ 59.166059675254758, 73.285838014694377 ], [ 49.688337318958261, 74.455593443543876 ], [ 35.687314469963539, 73.889597700703206 ], [ 25.241575810745125, 74.142245405862454 ], [ 20.518458813771034, 74.567443961448618 ], [ 20.027828826451252, 74.881384252210182 ], [ 20.3745610050421, 75.298792739635914 ], [ 24.869307144757414, 76.838798294869179 ], [ 32.274425720458588, 78.629773498310499 ], [ 37.348712814685783, 79.420900771668414 ], [ 35.233372366344717, 79.917424164769486 ], [ 28.45445962245272, 80.11176356255217 ], [ 8.548545472566829, 81.997214520003709 ], [ -2.525188174418174, 82.25053633253583 ], [ -16.224395996747504, 81.527496858159481 ], [ -22.204812908567732, 80.197382000451086 ], [ -24.732088492613137, 78.600425191108741 ], [ -21.133757797676999, 77.535018741349504 ], [ -18.149420747179924, 75.640368335385816 ], [ -16.47360913793284, 74.97062154392836 ], [ -15.780082352936946, 74.311661132357315 ], [ -16.232869663680649, 73.670667381390359 ], [ -15.820351074467986, 72.776089071284972 ], [ -7.541188135841093, 72.480758503569305 ], [ -3.260631697673537, 72.680915069031997 ], [ 0.164441172713925, 72.293175471813555 ], [ 0.976393419608953, 71.932524396413456 ], [ 0.414713444381854, 71.205798312967346 ], [ 1.010589465843214, 70.063049225094645 ], [ 0.253331483358464, 69.319110841940073 ], [ -0.623559179222843, 67.043209584372718 ], [ -1.872870404169963, 65.387879058561779 ], [ -1.443898430342837, 64.385565123671498 ], [ 2.878260973647621, 63.437929080613245 ], [ 6.253896741115124, 61.646917344796556 ], [ -0.948621246765761, 59.562348601504944 ], [ 0.241832836763911, 59.410020420146665 ], [ 2.134000696115285, 57.694538147678308 ] ] ] } },
{ "type": "Feature", "properties": { }, "geometry": { "type": "Polygon", "coordinates": [ [ [ 3.914331052606898, 52.391403557077396 ], [ 5.655586539783735, 49.795473476377175 ], [ 5.50471335512433, 49.404782655308495 ], [ 5.901760006746811, 48.652290502917658 ], [ 6.390204487684774, 48.625442400838885 ], [ 14.630732757122006, 50.27492762237037 ], [ 17.018996947065979, 51.393552621673919 ], [ 17.833047624197683, 51.990048091699457 ], [ 18.159478987863036, 52.749641502819109 ], [ 17.814936570187403, 53.703024912691419 ], [ 16.55982122055336, 55.13087861661527 ], [ 14.310050931039568, 56.085635535957472 ], [ 10.308129787106829, 57.101901295659623 ], [ 7.389936907933919, 57.02139845371299 ], [ 3.941565561039531, 55.722472110189919 ], [ 3.914331052606898, 52.391403557077396 ] ] ] } },
{ "type": "Feature", "properties": { }, "geometry": { "type": "Polygon", "coordinates": [ [ [ -33.440969847238499, -41.519139036434773 ], [ -39.792392642147618, -37.542276952779872 ], [ -41.864047872607486, -41.467470822671345 ], [ -44.694384565994092, -44.800496629516715 ], [ -40.59059476190621, -50.487884742994503 ], [ -38.913543817253128, -51.442780919167134 ], [ -37.019937434443925, -48.591310481183164 ], [ -33.440969847238499, -41.519139036434773 ] ] ] } },
{ "type": "Feature", "properties": { }, "geometry": { "type": "Polygon", "coordinates": [ [ [ 16.92532083479259, 32.819113290539036 ], [ 17.030923994803842, 34.242665829924952 ], [ 16.262642592866619, 31.816011692975241 ], [ 14.576501399840385, 28.773592099594932 ], [ 14.944489043486499, 28.082486233798029 ], [ 16.1950872426012, 27.642027215619212 ], [ 15.959633364777172, 26.492268907608452 ], [ 16.571736849933885, 25.901590990593299 ], [ 14.867485643612047, 23.948524033442542 ], [ 13.380126218648748, 22.91241515227188 ], [ 12.503924670114184, 21.62426474026277 ], [ 17.318919769641262, 23.109443253072044 ], [ 19.992830347429624, 20.329685583378357 ], [ 17.937687996881262, 24.780609413756721 ], [ 17.783954979043145, 29.485759213905791 ], [ 16.92532083479259, 32.819113290539036 ] ] ] } },
{ "type": "Feature", "properties": { }, "geometry": { "type": "Polygon", "coordinates": [ [ [ 19.992830347429624, 20.329685583378357 ], [ 17.318919769641262, 23.109443253072044 ], [ 16.192829418071582, 22.667263777701617 ], [ 15.525770004187475, 21.096026909995935 ], [ 14.440992482724468, 20.10906286482269 ], [ 13.77115136776826, 18.528036440230323 ], [ 15.070174977314576, 15.576015112186282 ], [ 14.617600171526799, 13.885736910293877 ], [ 15.549374082942075, 11.665812059462644 ], [ 16.164280855987201, 12.998733465898752 ], [ 17.246536725692572, 13.892963536731571 ], [ 18.301166343225631, 16.121414515192132 ], [ 20.142081819176685, 18.742222917519683 ], [ 19.992830347429624, 20.329685583378357 ] ] ] } },
{ "type": "Feature", "properties": { }, "geometry": { "type": "Polygon", "coordinates": [ [ [ 38.718538073657108, -18.095734324861034 ], [ 39.958772156533314, -16.652735698099971 ], [ 41.406676443836069, -13.662045626070643 ], [ 38.981708239488562, -15.892518728208927 ], [ 38.718538073657108, -18.095734324861034 ] ] ] } },
{ "type": "Feature", "properties": { }, "geometry": { "type": "Polygon", "coordinates": [ [ [ 68.553507944155299, -37.325379389436648 ], [ 68.327164836312932, -37.158380165771973 ], [ 67.70634049210696, -37.500588111364955 ], [ 67.436595702515234, -36.609272142289704 ], [ 66.479916128918376, -36.122992756233643 ], [ 66.208552116379266, -36.414321190990435 ], [ 67.418554796547625, -36.833415785580762 ], [ 67.423903448790227, -38.925256765739384 ], [ 68.085299279379029, -40.089024099947039 ], [ 67.663414184829051, -42.379543342642975 ], [ 68.38539045132255, -44.314793746627991 ], [ 69.442320281612083, -45.711397157137817 ], [ 70.314803553587367, -47.884644203854357 ], [ 71.851551394520357, -48.759813517904533 ], [ 73.228277863615389, -50.037146430608963 ], [ 74.736432015938362, -50.960408992075322 ], [ 77.703580919602544, -52.207697189916836 ], [ 82.57760429009879, -53.375887001190748 ], [ 86.561907157415476, -52.825326890337159 ], [ 87.097254770897706, -53.234783634352873 ], [ 87.007090800948333, -52.807547500769275 ], [ 85.603899803680847, -52.020704525550222 ], [ 84.52710041400502, -52.778734372500715 ], [ 83.408172521084623, -53.01117092031005 ], [ 77.566840264394017, -51.998016543067884 ], [ 73.302253867876999, -49.938294733077441 ], [ 72.43156462697354, -48.438503423033112 ], [ 71.749170063283628, -48.052485302815697 ], [ 69.227297781073659, -45.308384869195912 ], [ 68.3774889680613, -43.946696668980657 ], [ 68.312088277517574, -43.448105611712968 ], [ 68.775276432391351, -42.566910057834555 ], [ 68.467138700499746, -41.949620881922421 ], [ 68.665259328785353, -39.876499780896545 ], [ 68.214541348069886, -38.924611437421113 ], [ 68.553507944155299, -37.325379389436648 ] ] ] } },
{ "type": "Feature", "properties": { }, "geometry": { "type": "Polygon", "coordinates": [ [ [ 32.038950003748731, 9.859085810648228 ], [ 30.829511113785294, 11.28360503796997 ], [ 30.135873509301835, 10.023835849591809 ], [ 31.021567538358799, 6.907301739397164 ], [ 33.623562968999721, 6.938551112994695 ], [ 34.596980590436011, 6.601350235868944 ], [ 34.704151533842769, 6.906216540047888 ], [ 34.101871123554076, 7.398628462221848 ], [ 33.849923631361364, 8.453969964362358 ], [ 34.295086579464034, 8.852184350493081 ], [ 32.038950003748731, 9.859085810648228 ] ] ] } },
{ "type": "Feature", "properties": { }, "geometry": { "type": "Polygon", "coordinates": [ [ [ 38.517901078633606, 21.073998093164715 ], [ 36.22075006425279, 18.649022786608988 ], [ 35.305646959514831, 18.184906440457031 ], [ 35.534467744171209, 17.445401144220682 ], [ 37.640544210043714, 17.971301484028139 ], [ 42.664673363481946, 21.80249075760829 ], [ 38.517901078633606, 21.073998093164715 ] ] ] } },
{ "type": "Feature", "properties": { }, "geometry": { "type": "Polygon", "coordinates": [ [ [ 29.818342589879524, 9.314850493642464 ], [ 29.401209795573369, 9.384786201683077 ], [ 28.979852650001625, 8.988270530957095 ], [ 28.355577378161598, 9.205959467160909 ], [ 27.961167932643335, 8.910165389783295 ], [ 31.351058532183298, 6.377728402012826 ], [ 32.134672460812972, 6.74199477961307 ], [ 30.432430144686549, 8.16432637716404 ], [ 29.818342589879524, 9.314850493642464 ] ] ] } },
{ "type": "Feature", "properties": { }, "geometry": { "type": "Polygon", "coordinates": [ [ [ 27.943090489968483, 8.787472191055835 ], [ 27.49113115239, 7.173810478059396 ], [ 27.80213595884485, 6.490249742151414 ], [ 30.809015555686695, 3.499207252005249 ], [ 31.121724063468264, 6.076220408282368 ], [ 31.377761294053645, 6.316031230768709 ], [ 27.943090489968483, 8.787472191055835 ] ] ] } },
{ "type": "Feature", "properties": { }, "geometry": { "type": "Polygon", "coordinates": [ [ [ 33.533671920071448, 13.13285107177996 ], [ 31.032855210018536, 12.172025075831858 ], [ 30.416637592074409, 10.964005731964326 ], [ 30.168206488949274, 9.246855464267584 ], [ 27.788362130165229, 5.925345658991025 ], [ 28.299286846996935, 4.957059459210083 ], [ 28.788097880638205, 5.551149773629551 ], [ 28.747815713216301, 6.247874652251849 ], [ 31.480499357278642, 7.765941450127947 ], [ 32.089387030203568, 8.819768977733428 ], [ 32.577157670722933, 11.320436384639448 ], [ 33.533671920071448, 13.13285107177996 ] ] ] } },
{ "type": "Feature", "properties": { }, "geometry": { "type": "Polygon", "coordinates": [ [ [ 28.463999625439957, -1.927150601620856 ], [ 28.829764225350743, 0.929828262988994 ], [ 28.379382618756541, 3.019549230818129 ], [ 27.674329576254536, 3.406771268365841 ], [ 27.553373583834887, 4.04996998044644 ], [ 26.190059893522911, 4.871822338970376 ], [ 26.006366871615722, 4.612660722389228 ], [ 26.786431545336491, 4.140152619250063 ], [ 26.576824858771591, 3.509435150853709 ], [ 26.401902639205819, 3.822002093437498 ], [ 25.756014319655222, 3.734904666539099 ], [ 26.110446944202934, 0.899553092104704 ], [ 26.479606490508903, 0.816790393355422 ], [ 26.516853168349854, -0.754750510773725 ], [ 27.098854488608659, -1.033759102507775 ], [ 27.415269028425001, -2.418802505411258 ], [ 28.092390037865385, -2.811952460635629 ], [ 28.969985863667063, -4.070687136300378 ], [ 28.463999625439957, -1.927150601620856 ] ] ] } },
{ "type": "Feature", "properties": { }, "geometry": { "type": "Polygon", "coordinates": [ [ [ 31.021554921008331, -3.073175036348792 ], [ 29.673411603682879, 0.387140051197121 ], [ 29.9986636064957, 2.437170638093778 ], [ 29.818245153700641, 3.482882878571542 ], [ 28.108238976157512, 3.823538023018923 ], [ 26.866188573675203, 5.07561867556643 ], [ 26.322210087312758, 4.998662485584471 ], [ 27.010303184836548, 4.162363319223163 ], [ 27.553373583834887, 4.04996998044644 ], [ 27.674329576254536, 3.406771268365841 ], [ 28.379382618756541, 3.019549230818129 ], [ 28.829764225350743, 0.929828262988994 ], [ 28.599366045849489, -0.901730459706283 ], [ 29.133744495200979, -0.946568037961143 ], [ 29.337830602132826, -1.914092535823817 ], [ 30.040946105671743, -2.036996318683375 ], [ 31.021554921008331, -3.073175036348792 ] ] ] } },
{ "type": "Feature", "properties": { }, "geometry": { "type": "Polygon", "coordinates": [ [ [ 27.161027008990889, 6.033806719421912 ], [ 28.208345982859129, 7.339782343706379 ], [ 27.735028825706479, 7.974564256781411 ], [ 25.054991071320867, 7.625941430138777 ], [ 24.873285444622816, 5.643897418552127 ], [ 26.785379213193284, 4.281085134661522 ], [ 27.456181540260257, 5.534761242851282 ], [ 27.161027008990889, 6.033806719421912 ] ] ] } },
{ "type": "Feature", "properties": { }, "geometry": { "type": "Polygon", "coordinates": [ [ [ 31.021554921008331, -3.073175036348792 ], [ 31.343675450207851, -3.197511737296552 ], [ 31.930541687509521, -2.564481550459166 ], [ 31.43335448709087, -1.171882566816954 ], [ 31.83650164587209, -0.51086701258628 ], [ 31.111076169026365, 1.283285394216779 ], [ 31.398779583528135, 2.112140318448054 ], [ 29.818245153700641, 3.482882878571542 ], [ 29.9986636064957, 2.437170638093778 ], [ 29.673411603682879, 0.387140051197121 ], [ 31.021554921008331, -3.073175036348792 ] ] ] } },
{ "type": "Feature", "properties": { }, "geometry": { "type": "Polygon", "coordinates": [ [ [ 25.954208360468112, 6.282628386300376 ], [ 27.927184464572889, 5.02492147423113 ], [ 28.450881966941648, 7.199643042200847 ], [ 26.876419253341084, 7.152569108364755 ], [ 26.438291183928349, 6.802716564326988 ], [ 26.446775988019308, 6.349224817306436 ], [ 25.954208360468112, 6.282628386300376 ] ] ] } },
{ "type": "Feature", "properties": { }, "geometry": { "type": "Polygon", "coordinates": [ [ [ 24.884383929235693, 3.817262827575193 ], [ 25.957277036583864, 4.168740626618477 ], [ 27.563706607729763, 5.221628543581676 ], [ 25.862575553711878, 6.351835646273987 ], [ 24.439542680199043, 6.113177527587663 ], [ 24.51345852130942, 5.638026072277926 ], [ 24.025668007738503, 5.813686702406371 ], [ 23.769696600935401, 4.281407184530401 ], [ 24.884383929235693, 3.817262827575193 ] ] ] } },
{ "type": "Feature", "properties": { }, "geometry": { "type": "Polygon", "coordinates": [ [ [ 24.366793902306917, 1.694459141119014 ], [ 22.303966296720336, 3.387595671950449 ], [ 21.430196374150807, 2.440753326787265 ], [ 22.674663529640842, 1.426179573211659 ], [ 24.366793902306917, 1.694459141119014 ] ] ] } },
{ "type": "Feature", "properties": { }, "geometry": { "type": "Polygon", "coordinates": [ [ [ 24.112446643580718, 3.465136654222532 ], [ 23.213112474441608, 4.053035336461499 ], [ 22.303966296720336, 3.387595671950449 ], [ 24.417416414190093, 1.830179432258473 ], [ 24.287353543251573, 2.650576018453052 ], [ 23.718888107458962, 3.160498427925023 ], [ 24.112446643580718, 3.465136654222532 ] ] ] } },
{ "type": "Feature", "properties": { }, "geometry": { "type": "Polygon", "coordinates": [ [ [ 22.674663529640842, 1.426179573211659 ], [ 21.430196374150807, 2.440753326787265 ], [ 20.815875755204321, 0.69889942451083 ], [ 20.976989122287499, 0.53444498970536 ], [ 21.502810305623385, 1.04795849621996 ], [ 22.674663529640842, 1.426179573211659 ] ] ] } },
{ "type": "Feature", "properties": { }, "geometry": { "type": "Polygon", "coordinates": [ [ [ 25.156611927043013, 1.943403427923638 ], [ 24.834843889866352, 2.298474963195682 ], [ 23.887134809282045, 2.062450802929062 ], [ 22.774631007171099, 1.754522422861566 ], [ 22.793391201753664, 1.342993977147481 ], [ 23.310881146929532, 1.090665056645645 ], [ 25.156611927043013, 1.943403427923638 ] ] ] } },
{ "type": "Feature", "properties": { }, "geometry": { "type": "Polygon", "coordinates": [ [ [ 21.007663293346564, 0.324506067591212 ], [ 21.448063256278591, 0.293967811346443 ], [ 20.951500619525515, 1.033261044603576 ], [ 20.543867989705884, 1.054330372099872 ], [ 21.007663293346564, 0.324506067591212 ] ] ] } },
{ "type": "Feature", "properties": { }, "geometry": { "type": "Polygon", "coordinates": [ [ [ 21.846787477823689, 0.587433744255216 ], [ 21.198522611856554, 1.218922755451029 ], [ 20.78065066649625, 1.190753914456041 ], [ 21.408940229245434, 0.559532284201382 ], [ 21.846787477823689, 0.587433744255216 ] ] ] } },
{ "type": "Feature", "properties": { }, "geometry": { "type": "Polygon", "coordinates": [ [ [ 22.415381955461061, 0.580086999223782 ], [ 21.630462013149867, 1.225599769802759 ], [ 21.198522611856554, 1.218922755451029 ], [ 21.846787477823689, 0.587433744255216 ], [ 22.415381955461061, 0.580086999223782 ] ] ] } },
{ "type": "Feature", "properties": { }, "geometry": { "type": "Polygon", "coordinates": [ [ [ 22.044996115911037, 1.538273336932963 ], [ 21.530002744206534, 1.182173241177569 ], [ 22.456383923971096, 0.76420691262168 ], [ 23.336076978999614, 0.94605312867537 ], [ 22.779633104282613, 1.093745414108538 ], [ 22.681752427257948, 1.493909935974241 ], [ 22.044996115911037, 1.538273336932963 ] ] ] } },
{ "type": "Feature", "properties": { }, "geometry": { "type": "Polygon", "coordinates": [ [ [ 130.043654337927421, -35.357651945677993 ], [ 128.783814731831484, -34.982366046427117 ], [ 127.644124096501201, -36.117578277392361 ], [ 127.247859024085258, -35.85211601978191 ], [ 127.198951526550189, -35.177861288585561 ], [ 124.692328005795957, -36.939331843617921 ], [ 123.168459230996291, -37.440749680988731 ], [ 118.958490189699063, -37.608057428478538 ], [ 110.682056564504492, -39.108329219284542 ], [ 109.08110836536251, -38.472271780181259 ], [ 105.620197437665425, -42.092366152219846 ], [ 104.667565968461204, -42.162068430105528 ], [ 102.216793041957899, -41.395039563285252 ], [ 99.889659450226944, -40.152785390635017 ], [ 98.902067905274507, -39.983363344944451 ], [ 98.22873986434827, -40.395438682047832 ], [ 98.595768058761365, -41.287395451858124 ], [ 98.082391545159325, -41.845408920974123 ], [ 96.577627783850829, -42.506876649441821 ], [ 95.064163296401404, -42.614159949377566 ], [ 94.751375536204336, -42.941407365233054 ], [ 94.302312704923409, -43.965521335241853 ], [ 95.88876505763983, -45.508941686606818 ], [ 91.812636851654844, -47.863091005325025 ], [ 90.92831926062847, -47.880785467562994 ], [ 90.507058013634804, -47.509551318967191 ], [ 90.844624011054705, -45.172059813440605 ], [ 87.404445615039705, -45.72746866476556 ], [ 91.188805832941895, -50.349143352225255 ], [ 92.567455697468276, -53.073348154818341 ], [ 92.962948080532001, -54.235407361569095 ], [ 92.743881126344078, -54.806922893465874 ], [ 92.155043236915731, -54.753995026303024 ], [ 91.837355631556193, -55.350059230943764 ], [ 90.405918442625094, -55.999477218363822 ], [ 90.006951366090306, -55.496747969753507 ], [ 87.843358057200376, -55.939589090374049 ], [ 87.166852628601873, -55.670926180857514 ], [ 86.578846513025496, -54.865597819345624 ], [ 85.014150762625007, -54.722914563908901 ], [ 83.233520356154926, -56.030714065550377 ], [ 83.422396479259788, -56.984423966115827 ], [ 85.116734051150502, -57.091315481961374 ], [ 87.043457688189775, -57.752836872552457 ], [ 88.5653639475901, -57.608796649294476 ], [ 88.748410252302961, -57.890395747986361 ], [ 87.538570393126619, -58.450252922772073 ], [ 90.08070094281355, -61.016663490384275 ], [ 94.776548627695064, -62.07975868498184 ], [ 100.253086665910061, -62.122372317924409 ], [ 105.293362342431791, -62.980531430218548 ], [ 109.720795968482875, -62.926875643864598 ], [ 117.092653838909513, -64.060824463370622 ], [ 121.878601631188857, -65.707031021819702 ], [ 128.119614651535898, -67.023876357459926 ], [ 129.325379905143507, -68.042661503980185 ], [ 131.242121692274907, -68.70106824417428 ], [ 131.94821744068318, -69.432032881604769 ], [ 152.136681108293658, -69.173146036311849 ], [ 151.932334425196586, -68.394349017608192 ], [ 153.698933271204993, -66.942066228415172 ], [ 153.542037531549113, -65.983815883068814 ], [ 154.044768105505369, -65.087077116201513 ], [ 153.919442846465074, -64.290095325952436 ], [ 156.273276817323421, -61.410640758981089 ], [ 156.526557314936667, -60.425445824852197 ], [ 156.263630066973406, -59.313667878076807 ], [ 156.857325719703738, -57.822542189389594 ], [ 156.676701607377368, -56.541209734718144 ], [ 155.52035611141261, -55.510762479826454 ], [ 155.308743797281039, -54.279207684194446 ], [ 154.594592168317604, -53.451885790468999 ], [ 156.217560760897982, -52.261322697736574 ], [ 156.114051744376724, -51.775285584379688 ], [ 155.398538190749576, -50.33309825001043 ], [ 154.287790108656651, -49.027633812221602 ], [ 153.983153516400421, -48.085303042151736 ], [ 152.832860766118614, -47.006300452976355 ], [ 152.417551016481326, -45.825275778016291 ], [ 150.951775611233586, -44.586170282587346 ], [ 145.863945178066587, -43.64786459049693 ], [ 143.396658088437846, -42.413936493948562 ], [ 140.208048643036477, -43.221781606455565 ], [ 139.64853608203569, -42.436604189391723 ], [ 139.671387528402732, -41.813698014557865 ], [ 140.43095768783661, -40.883810117930835 ], [ 140.19356091661848, -40.523044718407874 ], [ 140.700656903348886, -40.076843975951384 ], [ 140.636582886108187, -39.542869784709652 ], [ 137.548496695602978, -39.710778122328023 ], [ 132.077353062116146, -38.441006993280439 ], [ 131.771242933322839, -37.991376970624025 ], [ 130.504675199657896, -37.648818596811488 ], [ 130.331689759964405, -37.309681223428385 ], [ 130.938316681114912, -36.742310124989906 ], [ 130.043654337927421, -35.357651945677993 ] ] ] } },
{ "type": "Feature", "properties": { }, "geometry": { "type": "Polygon", "coordinates": [ [ [ 55.816571107489374, 61.289403416107845 ], [ 55.221971991669321, 60.590273255314862 ], [ 55.5150564829571, 59.458903200460824 ], [ 55.167767876086153, 59.026807316633494 ], [ 56.127094555063643, 57.92042332527695 ], [ 61.131116241344053, 58.542478492967554 ], [ 64.428821520559666, 60.115780424553904 ], [ 67.640473149151987, 63.67546537160937 ], [ 65.253316392315469, 63.079857193139148 ], [ 62.389264100144757, 61.70523540578003 ], [ 55.816571107489374, 61.289403416107845 ] ] ] } },
{ "type": "Feature", "properties": { }, "geometry": { "type": "Polygon", "coordinates": [ [ [ -29.446265723881563, 28.028965210262029 ], [ -27.929862230363863, 34.429885131799296 ], [ -27.962040703644831, 37.461856966991704 ], [ -28.92029297098648, 35.724908341925513 ], [ -28.832475329048023, 34.416978021392048 ], [ -29.567851417752259, 33.078346853561186 ], [ -29.221843721728217, 31.21085593168895 ], [ -29.956934366023706, 28.392017468504115 ], [ -29.446265723881563, 28.028965210262029 ] ] ] } },
{ "type": "Feature", "properties": { }, "geometry": { "type": "Polygon", "coordinates": [ [ [ -6.995201463920899, 51.208034662673406 ], [ -14.033152873564999, 50.295467151080395 ], [ -16.545889622640193, 49.16497216689131 ], [ -15.439437210545478, 49.362891965781131 ], [ -14.35685072379019, 49.026303227173166 ], [ -10.556457034201353, 49.240801704096988 ], [ -8.436362598459221, 49.018527118337595 ], [ -5.194766737741749, 49.649838888449601 ], [ -6.995201463920899, 51.208034662673406 ] ] ] } },
{ "type": "Feature", "properties": { }, "geometry": { "type": "Polygon", "coordinates": [ [ [ -1.118736134877294, 36.016598415228955 ], [ -0.651952695921818, 36.870340644523445 ], [ -2.169677131164402, 36.630461224341246 ], [ -3.798089799996828, 37.746977555433219 ], [ -5.297364875856784, 37.94955398563048 ], [ -6.690336487042123, 37.749203649324478 ], [ -8.203074329167203, 38.179746607153419 ], [ -9.07250820267797, 38.829790467506889 ], [ -9.479641497568744, 39.746445748114226 ], [ -10.288840670246563, 40.111391930441847 ], [ -9.994220728711518, 38.972818904159652 ], [ -10.151214304504043, 37.579516914292512 ], [ -7.893849884705015, 36.251247649930306 ], [ -6.684851820951043, 36.563009197452011 ], [ -3.269870960634757, 36.104268065496591 ], [ -1.118736134877294, 36.016598415228955 ] ] ] } },
{ "type": "Feature", "properties": { }, "geometry": { "type": "Polygon", "coordinates": [ [ [ -47.317153481855613, -63.064420787726306 ], [ -53.522879269797748, -62.550481457313495 ], [ -55.716156668638511, -66.238173377459574 ], [ -55.892978488784571, -68.202097359500186 ], [ -54.655808475000264, -69.781824135119024 ], [ -50.698698651103101, -71.279266075254313 ], [ -45.804805838867587, -72.28136233485445 ], [ -39.292585724654053, -72.474796040376361 ], [ -43.18627783967959, -71.498988065055229 ], [ -43.681641100214947, -71.062082982723837 ], [ -43.279925515742022, -70.35386413825357 ], [ -41.252897627300044, -69.009099454269744 ], [ -41.833898093640514, -66.376467663972633 ], [ -40.585359017121903, -64.862806713690716 ], [ -40.441485685675602, -63.55952279989534 ], [ -42.982071827301652, -64.017494949956401 ], [ -47.317153481855613, -63.064420787726306 ] ] ] } },
{ "type": "Feature", "properties": { }, "geometry": { "type": "Polygon", "coordinates": [ [ [ -4.424599099092964, -0.301152375510991 ], [ -4.114846661634171, 1.325457895039579 ], [ -7.00458425378256, 0.162663259093302 ], [ -12.925023764779437, -3.603801093060625 ], [ -15.495857903282982, -4.550811887754222 ], [ -19.045454493046918, -4.746404733728216 ], [ -22.206177077958078, -4.022219014247026 ], [ -20.427088718337238, -5.346400727717314 ], [ -17.266341839882276, -9.228153618456231 ], [ -15.245333221379852, -9.270173274815134 ], [ -13.738105708921685, -11.186349392852069 ], [ -12.230678810014695, -11.469512696863083 ], [ -12.398146656480611, -8.890686535193449 ], [ -12.104057381287451, -8.275028492690334 ], [ -12.445066374786521, -7.920155692007708 ], [ -11.554412415163425, -7.170991776670027 ], [ -9.300151589054748, -6.504163523660372 ], [ -7.040276226032665, -3.982932049069088 ], [ -6.888473310243659, -2.559600067949 ], [ -6.159876699674552, -1.125087347547666 ], [ -5.228234555202763, -0.41941504465175 ], [ -4.424599099092964, -0.301152375510991 ] ] ] } },
{ "type": "Feature", "properties": { }, "geometry": { "type": "Polygon", "coordinates": [ [ [ 39.999929117352956, -59.489487888805719 ], [ 46.138228115235492, -58.691052115288031 ], [ 45.65678620568503, -57.679607446784985 ], [ 43.634772432207846, -56.101979614976926 ], [ 43.762709469038327, -56.678616570357619 ], [ 43.226107558198564, -57.168758324576054 ], [ 38.875646180210722, -56.414022663796253 ], [ 37.514064195942112, -56.800886381860593 ], [ 37.356253015063125, -57.397145534827125 ], [ 36.692407975352111, -57.596836147788174 ], [ 36.788427279327088, -58.396692716067349 ], [ 37.683857906738943, -59.055948039586504 ], [ 39.999929117352956, -59.489487888805719 ] ] ] } },
{ "type": "Feature", "properties": { }, "geometry": { "type": "Polygon", "coordinates": [ [ [ 57.1529, -5.3748 ], [ 55.976, -3.8386 ], [ 55.346164020000046, -3.730368773999941 ], [ 54.538, -3.9299 ], [ 53.9015, -4.6743 ], [ 56.8296, -5.7254 ], [ 57.1529, -5.3748 ] ] ] } },
{ "type": "Feature", "properties": { }, "geometry": { "type": "Polygon", "coordinates": [ [ [ 118.050761176438158, -38.681788876119718 ], [ 110.802707941266704, -41.546128455131992 ], [ 110.104521214680247, -42.32349834867096 ], [ 112.228099023288763, -42.062872247201092 ], [ 118.68065496700838, -40.296237101170668 ], [ 122.853786775809425, -37.772125972570926 ], [ 121.736260374945118, -37.856178671648529 ], [ 119.382395608286544, -37.319070734004484 ], [ 118.050761176438158, -38.681788876119718 ] ] ] } },
{ "type": "Feature", "properties": { }, "geometry": { "type": "Polygon", "coordinates": [ [ [ 46.367880920365884, -48.731750768385396 ], [ 47.423804970407076, -47.158855385278756 ], [ 47.039327763815244, -46.727384365822203 ], [ 47.365238580732182, -46.081930620623893 ], [ 47.385730021922399, -45.021102933811747 ], [ 47.115167668572546, -44.830331320112101 ], [ 47.3530872663653, -44.486960043889077 ], [ 46.815787228932273, -44.189767309660262 ], [ 46.950333121161847, -43.889833279652734 ], [ 45.976904827311124, -43.597500926444205 ], [ 45.385571805451512, -43.674519498006241 ], [ 43.834817400505095, -45.024044063574465 ], [ 43.781459374051821, -45.411709763306163 ], [ 41.73366807928339, -46.286150589678449 ], [ 40.232062465857489, -46.538844205775206 ], [ 38.294573494110381, -46.234897948039723 ], [ 36.621372501404167, -46.996665534576664 ], [ 36.434507722358106, -47.966099146715784 ], [ 36.876331989168811, -49.805725073917387 ], [ 36.501810772630321, -50.51051930020386 ], [ 34.032287842500509, -52.038955250872995 ], [ 34.211999691512823, -53.071466696901169 ], [ 33.641062006417421, -54.241932244962825 ], [ 33.832846870248794, -55.067973454307015 ], [ 34.41973156211526, -56.010131960100487 ], [ 35.441668341164657, -56.511508891350836 ], [ 39.252849976884363, -56.061928870447112 ], [ 45.799781387584481, -48.893100455425454 ], [ 46.367880920365884, -48.731750768385396 ] ] ] } },
{ "type": "Feature", "properties": { }, "geometry": { "type": "Polygon", "coordinates": [ [ [ 31.398779583528135, 2.112140318448054 ], [ 29.480665095848998, 4.560476762012522 ], [ 28.795972832876654, 4.415224622234091 ], [ 27.369276421754357, 5.333501890986842 ], [ 26.322210087312758, 4.998662485584471 ], [ 26.866188573675203, 5.07561867556643 ], [ 28.108238976157512, 3.823538023018923 ], [ 29.838953611195439, 3.483091168865923 ], [ 31.398779583528135, 2.112140318448054 ] ] ] } },
{ "type": "Feature", "properties": { }, "geometry": { "type": "Polygon", "coordinates": [ [ [ 169.772034190023362, -78.010791288577181 ], [ 177.235901081935168, -77.697946131754364 ], [ 177.597056585098613, -77.015835610877019 ], [ 178.748245590277435, -76.640010442100944 ], [ 179.206019838135632, -75.586505363095114 ], [ 175.492336755108596, -75.94971248873604 ], [ 170.545261073169485, -77.082522392458387 ], [ 169.772034190023362, -78.010791288577181 ] ] ] } },
{ "type": "Feature", "properties": { }, "geometry": { "type": "Polygon", "coordinates": [ [ [ 30.852117155997139, -4.620206649821982 ], [ 30.843448858389515, -4.593961452798043 ], [ 30.852056896372186, -4.623815974167142 ], [ 30.852117155997139, -4.620206649821982 ] ] ] } },
{ "type": "Feature", "properties": { }, "geometry": { "type": "Polygon", "coordinates": [ [ [ 30.852056896372186, -4.623815974167142 ], [ 30.851914953525938, -4.632346182160493 ], [ 30.882495302635483, -4.71865185245125 ], [ 30.852056896372186, -4.623815974167142 ] ] ] } },
{ "type": "Feature", "properties": { }, "geometry": { "type": "Polygon", "coordinates": [ [ [ 38.482423113451183, -8.699005030820459 ], [ 36.745392452853714, -8.153115801547521 ], [ 36.011102408835661, -9.258200096767135 ], [ 34.616004509563609, -9.445565876766493 ], [ 37.086676851488981, -9.909893675651945 ], [ 38.069719515718162, -10.762087849563741 ], [ 37.44360779439166, -11.29822647761544 ], [ 36.818023239119476, -12.718345916947914 ], [ 36.267886625099244, -13.025247786697911 ], [ 38.646966860589899, -13.622597387306437 ], [ 37.977148689850395, -14.505652744484543 ], [ 38.587371710607968, -14.502890054485807 ], [ 39.146915214732999, -14.25096806518687 ], [ 40.719869304201865, -12.428500083947849 ], [ 41.787805926789609, -9.649036243219339 ], [ 40.535246021926788, -10.118312477987478 ], [ 39.108326119654215, -10.035292599538369 ], [ 38.482423113451183, -8.699005030820459 ] ] ] } },
{ "type": "Feature", "properties": { }, "geometry": { "type": "Polygon", "coordinates": [ [ [ 35.89564676004828, -7.323549434949163 ], [ 34.431604255090633, -5.915040946818841 ], [ 34.931073025652999, -6.611664968440802 ], [ 35.89564676004828, -7.323549434949163 ] ] ] } },
{ "type": "Feature", "properties": { }, "geometry": { "type": "Polygon", "coordinates": [ [ [ 34.064187952279163, -5.307355966234873 ], [ 33.077563660433306, -5.204039192277044 ], [ 34.598371831136561, -6.765828342341411 ], [ 36.620781451617049, -7.623539783384338 ], [ 34.919575098367666, -6.582486837452468 ], [ 34.064187952279163, -5.307355966234873 ] ] ] } },
{ "type": "Feature", "properties": { }, "geometry": { "type": "Polygon", "coordinates": [ [ [ 29.037930583682428, -3.582593586319844 ], [ 28.530537787178666, -2.88363820780866 ], [ 27.692892206315044, -3.414498005020121 ], [ 27.583205406016525, -3.224321329029578 ], [ 28.441820054128957, -4.947578216090564 ], [ 28.527579408307592, -4.46783875232122 ], [ 29.195205120675734, -4.969048464074096 ], [ 29.037930583682428, -3.582593586319844 ] ] ] } },
{ "type": "Feature", "properties": { }, "geometry": { "type": "Polygon", "coordinates": [ [ [ 151.371295571894933, -45.40700522501448 ], [ 151.385934286051395, -45.322579121949708 ], [ 151.352733957865127, -45.402375212423401 ], [ 151.371295571894933, -45.40700522501448 ] ] ] } },
{ "type": "Feature", "properties": { }, "geometry": { "type": "Polygon", "coordinates": [ [ [ 123.312547705250424, -33.517285020550162 ], [ 123.279080033898978, -33.416514591162986 ], [ 123.266020180159401, -33.4149874442816 ], [ 123.312547705250424, -33.517285020550162 ] ] ] } }
]
}
