{
"type": "FeatureCollection",
"name": "plate_boundaries_0Ma",
"crs": { "type": "name", "properties": { "name": "urn:ogc:def:crs:OGC:1.3:CRS84" } },
"features": [
{ "type": "Feature", "properties": { "reconstruction_plate_ID": 593, "feature_type": "gpml:MidOceanRidge", "feature_name": "Aden Ridge from NUVEL file (MG)" }, "geometry": { "type": "LineString", "coordinates": [ [ 41.490819982615541, 11.397359773390939 ], [ 43.700088356517888, 11.900010614399118 ] ] } },
{ "type": "Feature", "properties": { "reconstruction_plate_ID": 593, "feature_type": "gpml:MidOceanRidge", "feature_name": "Aden Ridge from NUVEL file (MG)" }, "geometry": { "type": "LineString", "coordinates": [ [ 43.700088356517888, 11.900010614399118 ], [ 48.199999999999619, 12.599999999999435 ], [ 50.199999999999619, 13.399999999999388 ], [ 51.199999999999598, 13.099999999999358 ], [ 52.199999999999676, 14.599999999999334 ], [ 53.799999999999635, 14.299999999999294 ], [ 54.499999999999673, 15.199999999999276 ], [ 56.099999999999625, 14.299999999999235 ], [ 56.299999999999628, 14.499999999999238 ], [ 58.314247351579532, 12.684871188124887 ] ] } },
{ "type": "Feature", "properties": { "reconstruction_plate_ID": 248, "feature_type": "gpml:MidOceanRidge", "feature_name": "Ridge f iso on  at 4.8Ma" }, "geometry": { "type": "LineString", "coordinates": [ [ 141.106133689953822, 25.231228117739491 ], [ 141.71955286002941, 24.236390756428719 ] ] } },
{ "type": "Feature", "properties": { "reconstruction_plate_ID": 248, "feature_type": "gpml:MidOceanRidge", "feature_name": "Ridge f iso on  at 4.8Ma" }, "geometry": { "type": "LineString", "coordinates": [ [ 141.71955286002941, 24.236390756428719 ], [ 144.106, 19.988999999999798 ], [ 144.991, 19.04539999999982 ], [ 145.357, 17.918699999999831 ], [ 145.392, 16.825799999999834 ], [ 142.547531401094034, 11.291241949757303 ] ] } },
{ "type": "Feature", "properties": { "reconstruction_plate_ID": 0, "feature_type": "gpml:MidOceanRidge", "feature_name": "Ridge from iso A5 from NorthAmerica 10.9Ma" }, "geometry": { "type": "LineString", "coordinates": [ [ -28.756722531682957, 44.536707394269001 ], [ -29.45735925709479, 43.273104613490602 ], [ -29.49815534167929, 41.136604572450402 ], [ -29.840954461849542, 40.623804227526605 ], [ -29.979252150503985, 39.269404088327221 ], [ -31.211549323084583, 37.509202847047241 ], [ -31.542149380795429, 37.537802513789792 ], [ -31.660048846709586, 37.200802394921531 ], [ -32.859949257874696, 37.44070118467527 ], [ -34.681402978954686, 35.217571892929683 ] ] } },
{ "type": "Feature", "properties": { "reconstruction_plate_ID": 0, "feature_type": "gpml:MidOceanRidge", "feature_name": "Ridge from iso A5 from NorthAmerica 10.9Ma" }, "geometry": { "type": "LineString", "coordinates": [ [ -34.681402978954686, 35.217571892929683 ], [ -34.798245361983625, 34.922899228796986 ], [ -36.063945696045771, 35.159397951953579 ], [ -36.252244780450972, 34.551297762066547 ], [ -36.84754490971342, 34.650397161916402 ], [ -37.70174305623388, 33.409396301309535 ], [ -39.338343358969254, 33.677594654891813 ], [ -40.968739633034474, 31.109793019047668 ], [ -42.167137951048872, 29.9314918201753 ], [ -42.593037996894864, 29.992991394941839 ], [ -43.376736265165299, 28.726190613728857 ], [ -43.675236309002088, 28.781090316629683 ], [ -45.262731601508449, 25.132588741192425 ], [ -45.615131637180994, 25.189488392599412 ], [ -46.452729953638375, 23.844887565835339 ], [ -45.212829734551285, 23.563588790589012 ], [ -46.831384019507674, 15.62316360742177 ] ] } },
{ "type": "Feature", "properties": { "reconstruction_plate_ID": 0, "feature_type": "gpml:MidOceanRidge", "feature_name": "Ridge from iso A5 from NorthAmerica 10.9Ma" }, "geometry": { "type": "LineString", "coordinates": [ [ -46.831384019507674, 15.62316360742177 ], [ -46.831565043265009, 15.622342629131957 ] ] } },
{ "type": "Feature", "properties": { "reconstruction_plate_ID": 907, "feature_type": "gpml:MidOceanRidge", "feature_name": "Arctic" }, "geometry": { "type": "LineString", "coordinates": [ [ -6.140418615456065, 82.447295069320504 ], [ -6.896390000173649, 82.805299999950975 ], [ -2.157890000183551, 83.806099999942077 ], [ 16.586599999832639, 85.576099999916636 ], [ 60.584400000072343, 86.990499999869343 ], [ 103.653000000148495, 84.712499999927275 ], [ 115.164000000125242, 83.466899999938946 ], [ 117.545000000109582, 82.734099999943751 ], [ 119.034000000089634, 81.631899999952239 ], [ 121.605000000076473, 80.673899999956348 ], [ 121.48700000007203, 80.336099999958691 ], [ 125.102000000059078, 79.083999999962685 ], [ 125.830196858295011, 77.059467689199721 ], [ 133.672944788231121, 73.09804000345828 ], [ 135.44806444319326, 70.212635398166483 ] ] } },
{ "type": "Feature", "properties": { "reconstruction_plate_ID": 0, "feature_type": "gpml:MidOceanRidge", "feature_name": "Greenland - Eurasia" }, "geometry": { "type": "LineString", "coordinates": [ [ -6.895725398601125, 70.050044990089461 ], [ -5.602180000001077, 71.3334 ], [ 6.528919999998982, 73.2182 ], [ 8.675359999998992, 74.089399999999884 ], [ 7.69369999999894, 74.7033 ], [ 7.997729999998939, 74.846899999999863 ], [ 6.634819999998916, 75.10379999999985 ], [ 8.051329999998917, 75.52549999999988 ], [ 6.38914999999887, 76.156699999999859 ], [ 7.196409999998849, 76.754399999999805 ], [ 6.791649999998843, 76.832399999999822 ], [ 6.832149999998816, 77.40629999999976 ], [ 5.748389999998786, 77.599499999999836 ], [ 7.004939999998762, 78.230299999999787 ], [ 3.884899999998677, 78.768499999999634 ], [ 2.908839999998623, 79.252899999999642 ], [ 3.124239999998601, 79.503599999999651 ], [ -1.50021000000156, 80.338999999999629 ], [ -1.11039000000163, 80.963199999999659 ], [ -6.140418615456065, 82.447295069320504 ] ] } },
{ "type": "Feature", "properties": { "reconstruction_plate_ID": 0, "feature_type": "gpml:MidOceanRidge", "feature_name": "MOR extended for closure AT" }, "geometry": { "type": "MultiLineString", "coordinates": [ [ [ -177.740490709309881, -65.807652945514747 ], [ -177.252999999994529, -66.292600000002295 ], [ -179.99999999, -67.369744360995142 ] ], [ [ 179.99999999, -67.369744360995142 ], [ 172.597707682870009, -69.663167440452654 ] ] ] } },
{ "type": "Feature", "properties": { "reconstruction_plate_ID": 317, "feature_type": "gpml:MidOceanRidge", "feature_name": "Porcupine MOR" }, "geometry": { "type": "LineString", "coordinates": [ [ -30.076951179629891, 52.169780554323211 ], [ -29.770890812327853, 50.310614703219883 ], [ -28.367790469364795, 50.101914466797801 ], [ -27.120291229084994, 47.316714249304326 ], [ -27.597792025024845, 45.505914333357104 ], [ -28.209692537396283, 44.472614439611704 ], [ -28.756722531682957, 44.536707394269001 ] ] } },
{ "type": "Feature", "properties": { "reconstruction_plate_ID": 0, "feature_type": "gpml:MidOceanRidge", "feature_name": "Red sea rift from NUVEL file (MG)" }, "geometry": { "type": "LineString", "coordinates": [ [ 34.2, 27.594990781548191 ], [ 37.569828521651232, 22.975863118829849 ], [ 38.500152476062844, 19.799937706321113 ], [ 41.334411878993961, 16.133566313740882 ], [ 43.700088356517888, 11.900010614399118 ] ] } },
{ "type": "Feature", "properties": { "reconstruction_plate_ID": 0, "feature_type": "gpml:MidOceanRidge", "feature_name": "SouthAmerica North America BOUNDARY from BIRD 2002 model" }, "geometry": { "type": "LineString", "coordinates": [ [ -46.831384019507674, 15.62316360742177 ], [ -52.838734840933867, 16.774992838399875 ], [ -58.92110011628408, 16.628426791865017 ] ] } },
{ "type": "Feature", "properties": { "reconstruction_plate_ID": 0, "feature_type": "gpml:MidOceanRidge", "feature_name": "Sulu Sea" }, "geometry": { "type": "LineString", "coordinates": [ [ 118.741651653461659, 6.824682470094542 ], [ 122.060847739686906, 10.772610290036019 ] ] } },
{ "type": "Feature", "properties": { "reconstruction_plate_ID": 0, "feature_type": "gpml:MidOceanRidge", "feature_name": "Andaman Sea MOR" }, "geometry": { "type": "LineString", "coordinates": [ [ 92.202144906299097, 6.206389299766224 ], [ 94.440903412549034, 7.446606069363473 ], [ 93.868632756026727, 8.743932270621732 ], [ 94.070195991779642, 9.118997106650637 ], [ 93.770905528351832, 10.382950025798513 ], [ 94.104331151173682, 10.451873060257601 ], [ 94.067877787505282, 10.800870594843348 ], [ 95.295705583238245, 11.024244620789361 ], [ 95.196024777679625, 12.710734302586918 ], [ 95.677938888860709, 12.747647402489388 ], [ 96.030503298270716, 13.770574611153737 ], [ 96.037225535321937, 15.176483508359144 ], [ 97.131500314285432, 15.176328185142594 ] ] } },
{ "type": "Feature", "properties": { "reconstruction_plate_ID": 0, "feature_type": "gpml:MidOceanRidge", "feature_name": "Banda spreading" }, "geometry": { "type": "LineString", "coordinates": [ [ 127.131784735762253, -6.737635925928454 ], [ 132.276502151115778, -3.853749762750446 ] ] } },
{ "type": "Feature", "properties": { "reconstruction_plate_ID": 0, "feature_type": "gpml:MidOceanRidge", "feature_name": "Ridge f iso on EPV at 22.6Ma" }, "geometry": { "type": "LineString", "coordinates": [ [ 139.261971313835687, 24.850015419345947 ], [ 136.217200837369745, 32.783722898490097 ] ] } },
{ "type": "Feature", "properties": { "reconstruction_plate_ID": 0, "feature_type": "gpml:MidOceanRidge", "feature_name": "MOR NAM-Caribbean" }, "geometry": { "type": "LineString", "coordinates": [ [ -81.664816821395632, 17.802365906980295 ], [ -81.726351104835047, 18.86977334868584 ] ] } },
{ "type": "Feature", "properties": { "reconstruction_plate_ID": 0, "feature_type": "gpml:MidOceanRidge", "feature_name": "Lau Basin MOR" }, "geometry": { "type": "LineString", "coordinates": [ [ -175.56373322350251, -15.721221641742147 ], [ -177.250684171262094, -15.477025523640794 ] ] } },
{ "type": "Feature", "properties": { "reconstruction_plate_ID": 0, "feature_type": "gpml:MidOceanRidge", "feature_name": "Lau Basin MOR North" }, "geometry": { "type": "LineString", "coordinates": [ [ -175.424106181643822, -14.444190669305325 ], [ -175.56373322350251, -15.721221641742147 ] ] } },
{ "type": "Feature", "properties": { "reconstruction_plate_ID": 0, "feature_type": "gpml:MidOceanRidge", "feature_name": "Lau Basin MOR" }, "geometry": { "type": "LineString", "coordinates": [ [ -177.250684171262094, -15.477025523640794 ], [ -177.682334136472008, -16.180468771210151 ], [ -176.922018805582155, -16.880568324663301 ], [ -176.291762143976143, -18.099814725746846 ], [ -176.543145694977198, -19.219683805170028 ], [ -175.921356136880036, -19.404321378370916 ], [ -176.7585185633084, -22.766908014137915 ], [ -177.401071946587876, -24.103555891792478 ] ] } },
{ "type": "Feature", "properties": { "reconstruction_plate_ID": 0, "feature_type": "gpml:MidOceanRidge", "feature_name": "North Fiji Basin MOR" }, "geometry": { "type": "LineString", "coordinates": [ [ 172.65278446972053, -13.332284860108659 ], [ 173.928944615960091, -17.049653656783555 ], [ 173.265965966903224, -18.506367742656028 ], [ 173.407724731551838, -21.120704753988544 ], [ 174.11817192096413, -21.151752090405729 ], [ 174.032816367481558, -22.449423045996532 ] ] } },
{ "type": "Feature", "properties": { "reconstruction_plate_ID": 0, "feature_type": "gpml:MidOceanRidge", "feature_name": "Pacific-Nazca MOR from Bird 2003 (NW15)" }, "geometry": { "type": "LineString", "coordinates": [ [ -102.181495375976468, 1.138554388158874 ], [ -102.181729637889759, 1.13568461844839 ] ] } },
{ "type": "Feature", "properties": { "reconstruction_plate_ID": 0, "feature_type": "gpml:MidOceanRidge", "feature_name": "Pacific-Nazca MOR from Bird 2003 (NW15)" }, "geometry": { "type": "LineString", "coordinates": [ [ -102.181729637889759, 1.13568461844839 ], [ -102.734899999998973, -4.056600000000121 ], [ -104.539099999998996, -3.844300000000139 ], [ -104.699399999998974, -4.152100000000142 ], [ -105.379999999998972, -4.078500000000147 ], [ -105.544099999998977, -4.569400000000148 ], [ -106.252999999998963, -4.494000000000157 ], [ -106.95009999999894, -6.442700000000182 ], [ -107.44079999999893, -6.366800000000172 ], [ -108.320099999998931, -9.144700000000189 ], [ -109.75559999999895, -8.924400000000201 ], [ -110.485099999998909, -11.394200000000213 ], [ -110.925699999998912, -11.969000000000218 ], [ -111.007299999998892, -13.410700000000224 ], [ -112.425799999998887, -13.386400000000236 ], [ -113.364199999998846, -18.776600000000258 ], [ -114.56989999999881, -23.023000000000287 ], [ -115.597599999998792, -23.469300000000299 ], [ -115.402099999998811, -24.017300000000294 ], [ -116.183999999998761, -24.458400000000299 ], [ -116.098999999998767, -24.847300000000303 ], [ -116.489999999998759, -25.171300000000304 ], [ -115.105099999998757, -26.604000000000294 ], [ -112.94949999999875, -26.765900000000279 ], [ -112.956899999998711, -29.009400000000284 ], [ -111.805199999998734, -29.265000000000278 ], [ -112.023, -31.536199999999361 ] ] } },
{ "type": "Feature", "properties": { "reconstruction_plate_ID": 0, "feature_type": "gpml:MidOceanRidge", "feature_name": "Pacific-Nazca MOR from Bird 2003 (NW15)" }, "geometry": { "type": "LineString", "coordinates": [ [ -112.023, -31.536199999999361 ], [ -112.415199999998691, -32.488700000000286 ], [ -112.561999999998662, -34.299600000000289 ], [ -110.826999999998932, -35.090800000000272 ] ] } },
{ "type": "Feature", "properties": { "reconstruction_plate_ID": 0, "feature_type": "gpml:MidOceanRidge", "feature_name": "Pacific-Nazca MOR from Bird 2003 (NW15)" }, "geometry": { "type": "LineString", "coordinates": [ [ -110.826999999998932, -35.090800000000272 ], [ -110.794851070509708, -35.091673851043076 ] ] } },
{ "type": "Feature", "properties": { "reconstruction_plate_ID": 0, "feature_type": "gpml:MidOceanRidge", "feature_name": "Cocos-Nazca MOR from Bird 2003 (NW15)" }, "geometry": { "type": "LineString", "coordinates": [ [ -102.170944373312523, 2.987991042610129 ], [ -101.194210713788706, 2.199060725633323 ] ] } },
{ "type": "Feature", "properties": { "reconstruction_plate_ID": 0, "feature_type": "gpml:MidOceanRidge", "feature_name": "Cocos-Nazca MOR from Bird 2003 (NW15)" }, "geometry": { "type": "LineString", "coordinates": [ [ -101.194210713788706, 2.199060725633323 ], [ -96.574571745012761, 2.065593842225755 ], [ -96.536893921137292, 2.313856651934367 ], [ -95.511428905578001, 2.319654212319077 ], [ -95.48953310356849, 2.597191443690197 ], [ -90.749372670842988, 1.816773204029255 ], [ -90.543825701686174, 0.939458651119868 ], [ -87.027195495952256, 0.716517261579434 ], [ -85.325156569167888, 0.816687183822242 ], [ -85.238721956846277, 1.717318627051485 ], [ -84.676647191702799, 1.711289047539511 ], [ -84.343302341291121, 3.215863064528159 ], [ -82.822849343748175, 3.121357639254917 ] ] } },
{ "type": "Feature", "properties": { "reconstruction_plate_ID": 0, "feature_type": "gpml:MidOceanRidge", "feature_name": "Pacific-Rivera MOR from Bird 2003 (NW15)" }, "geometry": { "type": "LineString", "coordinates": [ [ -105.4019, 17.868300000000101 ], [ -106.308, 17.929200000000115 ], [ -106.2441, 18.520000000000113 ], [ -108.233, 19.107500000000115 ], [ -109.45, 20.027500000000117 ], [ -107.928304747768223, 23.123971115400476 ] ] } },
{ "type": "Feature", "properties": { "reconstruction_plate_ID": 0, "feature_type": "gpml:MidOceanRidge", "feature_name": "Pacific-Rivera MOR from Bird 2003 (NW15)" }, "geometry": { "type": "LineString", "coordinates": [ [ -107.928304747768223, 23.123971115400476 ], [ -107.805629908223736, 23.33113726128115 ] ] } },
{ "type": "Feature", "properties": { "reconstruction_plate_ID": 0, "feature_type": "gpml:MidOceanRidge", "feature_name": "Galapagos-Nazca MOR from Bird 2003 (NW15)" }, "geometry": { "type": "LineString", "coordinates": [ [ -102.182727628166205, 1.137578481118777 ], [ -102.181495375976468, 1.138554388158874 ] ] } },
{ "type": "Feature", "properties": { "reconstruction_plate_ID": 0, "feature_type": "gpml:MidOceanRidge", "feature_name": "Galapagos-Nazca MOR from Bird 2003 (NW15)" }, "geometry": { "type": "LineString", "coordinates": [ [ -102.181495375976468, 1.138554388158874 ], [ -101.047000000000963, 1.4708 ], [ -101.194210713788706, 2.199060725633323 ] ] } },
{ "type": "Feature", "properties": { "reconstruction_plate_ID": 0, "feature_type": "gpml:MidOceanRidge", "feature_name": "Pacific-Cocos MOR from Bird 2003 (NW15)" }, "geometry": { "type": "LineString", "coordinates": [ [ -104.767649256551337, 18.867778662126668 ], [ -105.4019, 17.868300000000101 ] ] } },
{ "type": "Feature", "properties": { "reconstruction_plate_ID": 0, "feature_type": "gpml:MidOceanRidge", "feature_name": "Pacific-Cocos MOR from Bird 2003 (NW15)" }, "geometry": { "type": "LineString", "coordinates": [ [ -105.4019, 17.868300000000101 ], [ -105.319599999999824, 15.1067 ], [ -104.69049999999983, 15.2733 ], [ -103.769699999999816, 11.8916 ], [ -103.597099999999799, 10.1217 ], [ -104.295299999999813, 10.016 ], [ -104.256899999999774, 8.4559 ], [ -102.960199999999787, 8.399 ], [ -102.258412824869154, 3.748697297588547 ] ] } },
{ "type": "Feature", "properties": { "reconstruction_plate_ID": 0, "feature_type": "gpml:MidOceanRidge", "feature_name": "Juan Fernandez/Nazca Ridge from Bird 2003 (NW15)" }, "geometry": { "type": "LineString", "coordinates": [ [ -109.257050008202171, -34.544950015497967 ], [ -109.2551, -34.545299999999273 ] ] } },
{ "type": "Feature", "properties": { "reconstruction_plate_ID": 0, "feature_type": "gpml:MidOceanRidge", "feature_name": "Juan Fernandez/Nazca Ridge from Bird 2003 (NW15)" }, "geometry": { "type": "LineString", "coordinates": [ [ -109.257050008202171, -34.544950015497967 ], [ -109.2551, -34.545299999999273 ] ] } },
{ "type": "Feature", "properties": { "reconstruction_plate_ID": 0, "feature_type": "gpml:MidOceanRidge", "feature_name": "Juan Fernandez/Nazca Ridge from Bird 2003 (NW15)" }, "geometry": { "type": "LineString", "coordinates": [ [ -109.2551, -34.545299999999273 ], [ -109.41, -33.140099999999308 ], [ -108.972, -32.93649999999932 ], [ -109.435, -32.399999999999338 ], [ -110.687, -31.71499999999935 ], [ -112.023, -31.536199999999361 ] ] } },
{ "type": "Feature", "properties": { "reconstruction_plate_ID": 0, "feature_type": "gpml:MidOceanRidge", "feature_name": "Cocos-Nazca MOR from Bird 2003 (NW15)" }, "geometry": { "type": "LineString", "coordinates": [ [ -82.759725347276955, 7.51769911615663 ], [ -82.822849343748175, 3.121357639254917 ] ] } },
{ "type": "Feature", "properties": { "reconstruction_plate_ID": 0, "feature_type": "gpml:MidOceanRidge", "feature_name": "Juan Fernandez/Antarctic Ridge from Bird 2003 (NW15)" }, "geometry": { "type": "LineString", "coordinates": [ [ -110.827859231406975, -35.094734269306024 ], [ -110.794851070509708, -35.091673851043076 ] ] } },
{ "type": "Feature", "properties": { "reconstruction_plate_ID": 0, "feature_type": "gpml:MidOceanRidge", "feature_name": "Juan Fernandez/Antarctic Ridge from Bird 2003 (NW15)" }, "geometry": { "type": "LineString", "coordinates": [ [ -110.794851070509708, -35.091673851043076 ], [ -109.259000000003212, -34.544599999998951 ] ] } },
{ "type": "Feature", "properties": { "reconstruction_plate_ID": 0, "feature_type": "gpml:MidOceanRidge", "feature_name": "Juan Fernandez/Antarctic Ridge from Bird 2003 (NW15)" }, "geometry": { "type": "LineString", "coordinates": [ [ -109.259000000003212, -34.544599999998951 ], [ -109.257050008202171, -34.544950015497967 ] ] } },
{ "type": "Feature", "properties": { "reconstruction_plate_ID": 0, "feature_type": "gpml:MidOceanRidge", "feature_name": "Pacific-Cocos MOR from Bird 2003 (NW15)" }, "geometry": { "type": "LineString", "coordinates": [ [ -102.258412824869154, 3.748697297588547 ], [ -102.170944373312523, 2.987991042610129 ] ] } },
{ "type": "Feature", "properties": { "reconstruction_plate_ID": 0, "feature_type": "gpml:MidOceanRidge", "feature_name": "Pacific-Cocos MOR from Bird 2003 (NW15)" }, "geometry": { "type": "LineString", "coordinates": [ [ -102.170944373312523, 2.987991042610129 ], [ -102.182727628166205, 1.137578481118777 ] ] } },
{ "type": "Feature", "properties": { "reconstruction_plate_ID": 0, "feature_type": "gpml:MidOceanRidge", "feature_name": "Pacific-Cocos MOR from Bird 2003 (NW15)" }, "geometry": { "type": "LineString", "coordinates": [ [ -102.182727628166205, 1.137578481118777 ], [ -102.181729637889759, 1.13568461844839 ] ] } },
{ "type": "Feature", "properties": { "reconstruction_plate_ID": 0, "feature_type": "gpml:MidOceanRidge", "feature_name": "Nazca-Antarctic MOR from Bird 2003 (NW15)" }, "geometry": { "type": "LineString", "coordinates": [ [ -76.144422771257965, -45.543638133621393 ], [ -77.660700000003729, -45.760499999999652 ], [ -78.206500000003643, -44.411099999999678 ], [ -81.934600000003712, -44.964099999999561 ], [ -82.508900000003578, -42.860699999999596 ], [ -83.447500000003629, -42.981499999999578 ], [ -83.826900000003491, -41.124699999999606 ], [ -87.336400000003536, -41.52129999999952 ], [ -87.417100000003543, -41.272899999999503 ], [ -90.054000000003555, -41.431899999999409 ], [ -90.087600000003533, -41.058499999999412 ], [ -91.391000000003558, -41.102499999999374 ], [ -91.657900000003423, -38.865599999999425 ], [ -93.022500000003433, -38.967299999999391 ], [ -93.074800000003393, -38.429399999999397 ], [ -93.996300000003416, -38.48229999999937 ], [ -94.129800000003328, -37.000599999999416 ], [ -97.413100000003325, -36.870999999999292 ], [ -97.401700000003302, -36.29359999999933 ], [ -108.797000000003209, -35.131899999998971 ], [ -109.259000000003212, -34.544599999998951 ] ] } },
{ "type": "Feature", "properties": { "reconstruction_plate_ID": 0, "feature_type": "gpml:MidOceanRidge", "feature_name": "Nazca-Antarctic MOR from Bird 2003 (NW15)" }, "geometry": { "type": "LineString", "coordinates": [ [ -109.259000000003212, -34.544599999998951 ], [ -109.257050008202171, -34.544950015497967 ] ] } },
{ "type": "Feature", "properties": { "reconstruction_plate_ID": 0, "feature_type": "gpml:MidOceanRidge", "feature_name": "Pacific-Antarctic MOR from Bird 2003 (NW15)" }, "geometry": { "type": "LineString", "coordinates": [ [ -177.740490709309881, -65.807652945514747 ], [ -175.728999999999246, -65.182500000000658 ], [ -174.417999999999296, -65.83520000000064 ], [ -171.299999999999187, -64.356400000000605 ], [ -170.042999999999154, -64.858500000000646 ], [ -166.607999999999123, -62.490000000000606 ], [ -163.920999999999083, -63.4667000000006 ], [ -162.060999999999069, -62.393600000000596 ], [ -160.42999999999904, -62.923300000000594 ], [ -159.887999999999039, -62.595400000000552 ], [ -156.716999999999018, -63.324000000000595 ], [ -154.180999999999017, -61.83610000000057 ], [ -151.328999999999013, -59.469400000000533 ], [ -150.38199999999901, -59.717600000000537 ], [ -147.691999999998984, -57.554700000000501 ], [ -147.16699999999895, -57.637900000000514 ], [ -144.856999999998919, -55.78420000000051 ], [ -140.324999999998909, -57.052800000000502 ], [ -139.190999999998894, -55.724900000000495 ], [ -139.577999999998923, -55.614600000000515 ], [ -137.889999999998906, -53.567900000000485 ], [ -136.589999999998895, -53.906700000000491 ], [ -136.179999999998898, -53.395700000000453 ], [ -128.62399999999883, -55.321500000000462 ], [ -127.230999999998843, -55.565400000000444 ], [ -126.799999999998832, -55.064100000000451 ], [ -121.861999999998773, -56.026200000000436 ], [ -120.662999999998789, -54.409800000000423 ], [ -118.580999999998795, -54.818500000000419 ], [ -117.660999999998793, -53.124100000000382 ], [ -118.976999999998796, -52.897400000000374 ], [ -116.38799999999884, -49.367500000000362 ], [ -113.874999999998835, -49.848900000000327 ], [ -112.425999999998851, -45.854400000000318 ], [ -112.674999999998875, -45.832700000000308 ], [ -112.215999999998886, -44.381100000000323 ], [ -111.34899999999891, -42.200400000000315 ], [ -110.953999999998885, -42.248700000000277 ], [ -110.39099999999894, -38.985800000000282 ], [ -111.269999999998916, -38.978500000000281 ], [ -110.470999999998924, -36.410200000000273 ], [ -110.738999999998939, -36.35780000000026 ], [ -110.578999999998942, -35.830100000000286 ], [ -110.89499999999893, -35.796700000000286 ], [ -110.827859231406975, -35.094734269306024 ] ] } },
{ "type": "Feature", "properties": { "reconstruction_plate_ID": 0, "feature_type": "gpml:MidOceanRidge", "feature_name": "Pacific-Antarctic MOR from Bird 2003 (NW15)" }, "geometry": { "type": "LineString", "coordinates": [ [ -110.827859231406975, -35.094734269306024 ], [ -110.826999999998932, -35.090800000000272 ] ] } },
{ "type": "Feature", "properties": { "reconstruction_plate_ID": 0, "feature_type": "gpml:MidOceanRidge", "feature_name": "Juan de Fuca-Pacific MOR from Bird 2003 (NW15)" }, "geometry": { "type": "LineString", "coordinates": [ [ -124.07517829462229, 40.309494322021706 ], [ -124.678098341242233, 40.331067068258221 ] ] } },
{ "type": "Feature", "properties": { "reconstruction_plate_ID": 0, "feature_type": "gpml:MidOceanRidge", "feature_name": "Juan de Fuca-Pacific MOR from Bird 2003 (NW15)" }, "geometry": { "type": "LineString", "coordinates": [ [ -124.678098341242233, 40.331067068258221 ], [ -127.578999999999283, 40.45 ], [ -127.55999999999932, 41.5888 ], [ -127.240999999999318, 41.6921 ], [ -126.626999999999299, 43.0136 ], [ -130.479999999999279, 44.5892 ], [ -129.868999999999289, 45.896 ], [ -130.050999999999277, 46.1958 ], [ -129.571999999999292, 46.4015 ], [ -128.937999999999306, 47.727 ], [ -129.189999999999287, 47.8354 ], [ -128.918999999999301, 48.8687 ], [ -130.500999999999294, 49.4794 ], [ -130.161999999999296, 50.2172 ], [ -131.07399999999933, 51.1851 ], [ -130.863530707798645, 51.586544642876277 ] ] } },
{ "type": "Feature", "properties": { "reconstruction_plate_ID": 0, "feature_type": "gpml:MidOceanRidge", "feature_name": "Juan de Fuca-Pacific MOR from Bird 2003 (NW15)" }, "geometry": { "type": "LineString", "coordinates": [ [ -130.863530707798645, 51.586544642876277 ], [ -130.133826486899409, 52.612722003982313 ] ] } },
{ "type": "Feature", "properties": { "reconstruction_plate_ID": 0, "feature_type": "gpml:MidOceanRidge", "feature_name": "East Scotia Ridge" }, "geometry": { "type": "LineString", "coordinates": [ [ -29.748936007457527, -54.869142624247985 ], [ -29.817004674155243, -55.683499831202461 ], [ -30.315704683320007, -55.753899805391384 ], [ -30.377904797687638, -56.443399802173104 ], [ -30.743404817176856, -56.569899783266671 ], [ -30.743104866870514, -56.859299783282204 ], [ -30.134081137631934, -57.095371536545926 ] ] } },
{ "type": "Feature", "properties": { "reconstruction_plate_ID": 829, "feature_type": "gpml:MidOceanRidge", "feature_name": "WOODLARK BASIN (SPREADING CENTER SE OF NEW GUINEA)" }, "geometry": { "type": "LineString", "coordinates": [ [ 156.301680647398712, -8.181728504109264 ], [ 156.4425, -9.1644 ], [ 156.0905, -9.5176 ], [ 154.2182, -9.909 ], [ 154.1915, -10.313 ], [ 152.8907, -10.393 ], [ 152.8826, -10.1076 ], [ 151.829856965652141, -9.904444823033097 ] ] } },
{ "type": "Feature", "properties": { "reconstruction_plate_ID": 0, "feature_type": "gpml:MidOceanRidge", "feature_name": "East Scotia Ridge" }, "geometry": { "type": "LineString", "coordinates": [ [ -30.134081137631934, -57.095371536545926 ], [ -29.851704585785154, -57.597899843601233 ], [ -29.950904791765559, -58.805199838893415 ], [ -29.563404795498034, -58.816699857286089 ], [ -29.554704921515924, -59.513799857699389 ], [ -30.10750491919006, -59.514999831462291 ], [ -29.574176135996268, -60.583173490718558 ] ] } },
{ "type": "Feature", "properties": { "reconstruction_plate_ID": 0, "feature_type": "gpml:MidOceanRidge", "feature_name": "East Scotia Ridge" }, "geometry": { "type": "LineString", "coordinates": [ [ -29.574176135996268, -60.583173490718558 ], [ -29.183700535315541, -60.667858912766839 ] ] } },
{ "type": "Feature", "properties": { "reconstruction_plate_ID": 830, "feature_type": "gpml:MidOceanRidge", "feature_name": "Manus Basin spreading ridge from Bird 2002" }, "geometry": { "type": "LineString", "coordinates": [ [ 144.016806248789464, -3.561893426513187 ], [ 144.050876953492718, -3.558918742135728 ] ] } },
{ "type": "Feature", "properties": { "reconstruction_plate_ID": 830, "feature_type": "gpml:MidOceanRidge", "feature_name": "Manus Basin spreading ridge from Bird 2002" }, "geometry": { "type": "LineString", "coordinates": [ [ 144.050876953492718, -3.558918742135728 ], [ 146.415, -3.43769 ], [ 146.836, -3.75493 ], [ 147.816, -2.81284 ], [ 150.246093254845391, -3.904900356848322 ], [ 152.124103310708819, -3.646756510280162 ] ] } },
{ "type": "Feature", "properties": { "reconstruction_plate_ID": 0, "feature_type": "gpml:MidOceanRidge", "feature_name": "SW Indian Ridge, Africa/Antarctica, based on Bird (2003)" }, "geometry": { "type": "LineString", "coordinates": [ [ -0.420189435299934, -54.865758545209218 ], [ 0.442763602952462, -54.450989563391289 ], [ 0.965034043826262, -54.832133573396753 ], [ 3.025362256890971, -53.650690050182995 ], [ 4.414872408915772, -54.430325595697603 ], [ 4.825756196249699, -54.161223067433419 ], [ 5.495034859966823, -54.542905921845069 ], [ 6.625457727248758, -53.814498390415089 ], [ 7.768975906260754, -54.394156381337027 ], [ 9.993105802582235, -52.792009789631805 ], [ 10.974525302290086, -53.331759119924655 ], [ 12.89524347556652, -51.962913907822113 ], [ 13.787559109804851, -52.476723275478783 ], [ 14.463434319205581, -51.997196291311809 ], [ 15.112009255301473, -52.30739512360902 ], [ 15.822124129676304, -51.787126823479085 ], [ 18.537367008182855, -52.734399084781003 ], [ 18.711964628187506, -52.552947282095936 ], [ 25.986950637304815, -53.581844667112478 ], [ 26.713239689479597, -52.377820587380675 ], [ 28.110789208921126, -52.903676931739568 ], [ 29.711701134589596, -49.933449965169999 ], [ 30.704665327734155, -49.010679883664764 ], [ 31.859986445407571, -47.201410890888233 ], [ 33.173860724290513, -47.264301179007887 ], [ 33.503325596603737, -46.439461062196187 ] ] } },
{ "type": "Feature", "properties": { "reconstruction_plate_ID": 0, "feature_type": "gpml:MidOceanRidge", "feature_name": "SW Indian Ridge, Africa/Antarctica, based on Bird (2003)" }, "geometry": { "type": "LineString", "coordinates": [ [ 33.503325596603737, -46.439461062196187 ], [ 33.818215225833818, -45.978988085363305 ], [ 34.503642220924874, -46.221509274074393 ], [ 35.18105357330176, -44.855346867554282 ], [ 37.508320348563139, -44.875275824719992 ], [ 38.082840184273728, -44.618806549132849 ], [ 38.338299999990632, -44.054700000051348 ], [ 39.07289999999125, -44.164800000051393 ], [ 39.458799999991619, -43.286200000051409 ], [ 41.557799999993421, -43.5794000000514 ], [ 41.811999999993603, -42.65530000005139 ], [ 42.468599999994147, -42.729900000051373 ], [ 42.872899999994374, -40.850500000051355 ], [ 44.009199999995246, -40.915000000051322 ], [ 44.022999999995264, -40.670800000051315 ], [ 44.685799999995744, -40.691100000051271 ], [ 44.715999999995731, -40.368900000051283 ], [ 45.302699999996165, -40.365900000051241 ], [ 45.331799999996143, -40.10850000005123 ], [ 46.074399999996686, -40.119000000051173 ], [ 46.244399999996645, -38.869900000051146 ], [ 48.023399999997906, -38.650700000050982 ], [ 49.036599999998437, -37.791700000050852 ], [ 52.282700000000531, -37.432200000050351 ], [ 52.338000000000228, -36.162400000050333 ], [ 53.466500000000927, -36.140900000050117 ], [ 53.470600000000751, -35.516700000050122 ], [ 54.216100000001148, -35.302400000049971 ], [ 54.255100000000944, -34.541600000049968 ], [ 55.274700000001573, -34.560500000049728 ], [ 55.301000000001501, -34.287200000049729 ], [ 55.698700000001686, -34.235000000049624 ], [ 55.737900000001517, -33.652800000049616 ], [ 57.060700000002257, -33.554200000049299 ], [ 57.153000000001654, -31.770600000049267 ], [ 58.456300000002329, -31.691000000048927 ], [ 58.529900000002122, -31.055300000048909 ], [ 59.166700000002457, -31.049700000048727 ], [ 59.188000000002262, -30.567100000048736 ], [ 60.76280000000304, -30.53150000004824 ], [ 60.810200000002403, -28.931300000048239 ], [ 62.161900000002994, -28.811400000047815 ], [ 62.135100000002829, -28.489600000047826 ], [ 62.746200000003078, -28.458500000047607 ], [ 62.703000000002937, -28.152500000047628 ], [ 63.621100000003295, -28.038800000047306 ], [ 63.603700000003194, -27.831300000047314 ], [ 65.332100000003933, -27.812200000046694 ], [ 65.347500000003791, -27.514100000046685 ], [ 67.12900000000441, -27.269200000046002 ], [ 67.433300000004195, -26.571500000045862 ], [ 69.959896840247637, -25.651132428437524 ] ] } },
{ "type": "Feature", "properties": { "reconstruction_plate_ID": 0, "feature_type": "gpml:MidOceanRidge", "feature_name": "Mid Atlantic Ridge, based on Bird (2003)" }, "geometry": { "type": "LineString", "coordinates": [ [ -46.831565043265009, 15.622342629131957 ], [ -45.129999999983909, 15.267299999999025 ], [ -45.037299999983382, 12.679899999999041 ], [ -44.261999999983402, 12.625599999999178 ], [ -44.277499999983306, 12.100799999999177 ], [ -43.884499999983312, 12.085399999999249 ], [ -43.920599999983096, 10.926999999999241 ], [ -41.087099999983074, 10.786899999999754 ], [ -41.082899999982928, 9.979389999999759 ], [ -40.861499999982932, 9.972689999999794 ], [ -40.652199999982706, 8.84059999999983 ], [ -40.119599999982704, 8.81526 ], [ -40.140799999982583, 8.21537 ], [ -38.220999999982567, 8.139530000000274 ], [ -38.206499999982469, 7.703340000000274 ], [ -36.057699999982418, 7.363420000000662 ], [ -36.046899999982365, 7.023220000000665 ], [ -35.366499999982352, 6.934950000000799 ], [ -35.362899999982297, 6.613930000000789 ], [ -33.62439999998228, 6.617600000001106 ], [ -33.5067999999821, 5.649460000001127 ], [ -32.977999999982089, 5.647160000001222 ], [ -32.861699999981788, 3.96038000000124 ], [ -30.962499999981794, 4.060810000001582 ], [ -30.735799999981374, 1.642690000001622 ], [ -30.026899999981371, 1.607090000001749 ], [ -29.920299999981221, 0.797401000001767 ], [ -26.473999999981285, 1.159180000002381 ], [ -26.288699999981166, 0.498136000002413 ], [ -25.029399999981187, 0.614126000002635 ], [ -24.611699999980885, -1.103309999997294 ], [ -16.498199999981132, 0.298947000004098 ], [ -16.252199999980995, -0.556199999995862 ], [ -15.410299999980849, -1.493419999995722 ], [ -13.157999999980929, -0.915344999995352 ], [ -12.701399999980778, -2.099079999995277 ], [ -12.164099999980769, -1.945449999995193 ], [ -11.76549999998044, -3.97198999999513 ], [ -12.096799999980419, -4.103029999995184 ], [ -12.144499999980349, -4.60881999999519 ], [ -12.018499999980266, -5.025569999995171 ], [ -11.60439999998029, -4.942309999995105 ], [ -11.516099999980241, -5.41503999999509 ], [ -11.166899999980219, -5.377059999995035 ], [ -11.180499999980027, -6.755419999995039 ], [ -13.620999999979883, -7.367399999995431 ], [ -13.022999999979568, -9.225229999995333 ], [ -13.315099999979468, -9.824679999995388 ], [ -13.03129999997919, -11.421499999995337 ], [ -15.005799999979091, -11.885299999995659 ], [ -14.790999999978954, -12.656199999995629 ], [ -14.550099999978976, -12.576999999995584 ], [ -14.478399999978699, -14.207699999995576 ], [ -13.642799999978756, -14.035499999995443 ], [ -13.226099999978471, -15.663199999995369 ], [ -13.238599999978373, -16.211699999995364 ], [ -14.302399999978309, -16.432699999995549 ], [ -14.078599999978033, -17.994599999995515 ], [ -12.959799999978106, -17.789799999995331 ], [ -12.262599999977732, -19.935299999995223 ], [ -11.944599999977763, -19.824799999995165 ], [ -11.819199999977348, -22.153399999995155 ], [ -13.829299999977149, -22.829199999995478 ], [ -13.280099999976777, -24.777099999995396 ], [ -13.810599999976738, -24.887399999995466 ], [ -13.663199999976591, -25.647999999995445 ], [ -14.048499999976562, -25.737599999995517 ], [ -13.271599999976058, -28.32099999999539 ], [ -12.745599999976113, -28.2132999999953 ], [ -12.532599999975965, -28.940899999995263 ], [ -13.990299781226334, -29.251082036456005 ], [ -13.245302378399133, -32.142818701172196 ], [ -14.523085389791406, -32.400362902620998 ], [ -14.366901942305294, -33.498959467456181 ], [ -14.701899911716627, -33.569154345234033 ], [ -14.515224672218968, -34.043061806153531 ], [ -15.273970020489635, -34.237860500381757 ], [ -15.10023513667338, -35.182348577531172 ], [ -17.702956820714743, -35.663181401495692 ], [ -17.085145919453563, -36.471814672122271 ], [ -17.440481211612237, -36.562541790727593 ], [ -17.387978325913675, -38.025139658762853 ], [ -16.044054391480497, -38.882983181251866 ], [ -15.922343319911224, -39.68068319450002 ], [ -16.414898367951423, -39.790112020277419 ], [ -16.469674976176268, -40.272924603483645 ], [ -16.867398662361541, -40.366294056022845 ], [ -16.214532743488792, -42.337984559720603 ], [ -16.329446198664733, -43.387448914928143 ], [ -15.593697646996086, -45.475503867064226 ], [ -14.894038413946927, -45.371576210229875 ], [ -14.715401895363311, -45.898584300517015 ], [ -13.809995923845689, -45.797246991509354 ], [ -13.325324291824693, -47.57773348155699 ], [ -10.48386172064135, -47.12537922910483 ], [ -9.709496063994392, -49.215912644048274 ], [ -8.139196669934579, -48.960880173539152 ], [ -7.15882777223462, -50.609766358241444 ], [ -5.169496286146815, -50.216081373567583 ], [ -4.237390253672777, -52.048569291009954 ], [ -3.955566762851737, -51.978990544972078 ], [ -2.372079762234294, -54.327428851924267 ], [ -1.382210315862386, -54.053275261644245 ], [ -0.671879429232416, -54.656934435654385 ] ] } },
{ "type": "Feature", "properties": { "reconstruction_plate_ID": 0, "feature_type": "gpml:MidOceanRidge", "feature_name": "Mid Atlantic Ridge, based on Bird (2003)" }, "geometry": { "type": "LineString", "coordinates": [ [ -0.671879429232416, -54.656934435654385 ], [ -0.420189435299934, -54.865758545209218 ] ] } },
{ "type": "Feature", "properties": { "reconstruction_plate_ID": 0, "feature_type": "gpml:MidOceanRidge", "feature_name": "SE INDIAN OCEAN RIDGE, Australia/Antarctica, based on Bird (2003)" }, "geometry": { "type": "LineString", "coordinates": [ [ 69.968125050938582, -25.637022092850295 ], [ 70.408600000006956, -26.060399999994395 ], [ 70.665400000006912, -25.912399999994353 ], [ 71.716600000006963, -26.38569999999417 ], [ 72.295784787824871, -26.989553750622385 ] ] } },
{ "type": "Feature", "properties": { "reconstruction_plate_ID": 0, "feature_type": "gpml:MidOceanRidge", "feature_name": "SE INDIAN OCEAN RIDGE, Australia/Antarctica, based on Bird (2003)" }, "geometry": { "type": "LineString", "coordinates": [ [ 72.295784787824871, -26.989553750622385 ], [ 74.405800000007204, -28.317299999993754 ], [ 74.192200000007261, -28.541299999993779 ], [ 75.553900000007445, -29.839399999993553 ], [ 75.392600000007562, -30.240099999993593 ], [ 76.689400000007723, -31.46489999999336 ], [ 76.394800000007805, -31.719099999993425 ], [ 78.085800000008035, -33.194199999993153 ], [ 77.351800000008211, -33.838299999993268 ], [ 78.803500000008384, -35.161199999993052 ], [ 78.201100000008552, -35.683099999993175 ], [ 79.162488150852653, -36.493135926499058 ] ] } },
{ "type": "Feature", "properties": { "reconstruction_plate_ID": 0, "feature_type": "gpml:MidOceanRidge", "feature_name": "SE INDIAN OCEAN RIDGE, Australia/Antarctica, based on Bird (2003)" }, "geometry": { "type": "LineString", "coordinates": [ [ 79.162488150852653, -36.493135926499058 ], [ 78.021300000008992, -37.482899999993172 ], [ 78.706100000009101, -38.000599999993085 ], [ 78.181500000009208, -38.393199999993143 ], [ 78.529300000009258, -38.659199999993099 ], [ 78.073100000009404, -39.004899999993164 ], [ 78.383900000009419, -39.261999999993115 ], [ 78.002400000009516, -39.538499999993178 ], [ 78.425400000009589, -39.904899999993106 ], [ 77.824500000009763, -40.325999999993201 ], [ 79.990000000009928, -41.891899999992894 ], [ 80.931500000009635, -41.129899999992737 ], [ 83.439000000009798, -42.88959999999237 ], [ 85.859200000008983, -40.834099999992027 ], [ 88.059900000008994, -41.997399999991728 ], [ 88.488400000008866, -41.685899999991683 ], [ 96.697500000008517, -45.4706999999907 ], [ 95.842000000008895, -46.520299999990797 ], [ 99.62430000000856, -47.978099999990391 ], [ 100.202000000008283, -47.26649999999033 ], [ 106.55400000000742, -49.100899999989799 ], [ 106.69200000000734, -48.841399999989768 ], [ 114.0241595177325, -50.388020333585459 ], [ 114.362146325947748, -49.877871135365844 ], [ 115.987946614147759, -49.85189635309834 ], [ 116.634920672723553, -49.270864068216319 ], [ 118.193689858363911, -49.864883973845807 ], [ 120.272797868911013, -50.035963714432938 ], [ 120.842045422970685, -48.88968667759675 ], [ 121.55533673132301, -49.005872646887745 ], [ 121.437040411236595, -49.620006546793213 ], [ 122.224304223176247, -49.846228846797352 ], [ 123.327840520302232, -49.584810162431332 ], [ 124.211837428760219, -48.847396285732636 ], [ 125.895692007786039, -49.717416650733966 ], [ 126.43404619496512, -48.629775965708994 ], [ 127.312948411168065, -48.763909238437087 ], [ 127.143286846257283, -49.976112609624465 ], [ 130.569978733423937, -50.524976326083227 ], [ 131.255830273125468, -50.603757818549866 ], [ 131.515067423237184, -50.222321489190058 ], [ 139.644840641699744, -50.279153572443839 ], [ 139.812684779492884, -51.837459805342171 ], [ 140.323026222648593, -51.79855132974383 ], [ 140.658847361726259, -53.885189179966716 ], [ 143.777888277859091, -54.234148287094541 ], [ 144.282099624642314, -54.798459020283829 ], [ 146.887414554135773, -54.695164189624464 ], [ 147.901908259933322, -57.566088108923232 ], [ 148.806086234375925, -57.435665490377154 ], [ 150.006144331374372, -59.57029196947822 ], [ 150.73285027208874, -59.475533498734443 ], [ 151.290310332015792, -60.41272092523505 ], [ 153.639157912122926, -59.929905635381971 ], [ 156.456929562620502, -62.914146131612284 ], [ 160.003573924344437, -61.851292349844009 ] ] } },
{ "type": "Feature", "properties": { "reconstruction_plate_ID": 0, "feature_type": "gpml:MidOceanRidge", "feature_name": "CENTRAL INDIAN OCEAN RIDGE (INDIAN PLATE) (AFR/AUS)" }, "geometry": { "type": "LineString", "coordinates": [ [ 68.29, -6.82 ], [ 67.81, -7.250000000000122 ], [ 68.07, -7.65000000000013 ], [ 67.714426192903957, -7.964309286089571 ] ] } },
{ "type": "Feature", "properties": { "reconstruction_plate_ID": 0, "feature_type": "gpml:MidOceanRidge", "feature_name": "CENTRAL INDIAN OCEAN RIDGE (INDIAN PLATE) (AFR/AUS)" }, "geometry": { "type": "LineString", "coordinates": [ [ 67.714426192903957, -7.964309286089571 ], [ 68.04, -8.490000000000144 ], [ 67.09, -9.270000000000156 ], [ 67.38, -9.630000000000161 ], [ 66.46, -10.350000000000176 ], [ 66.79, -10.760000000000181 ], [ 66.17, -11.210000000000189 ], [ 66.42, -11.560000000000196 ], [ 65.7, -12.020000000000204 ], [ 66.37, -12.830000000000219 ], [ 65.82, -13.270000000000223 ], [ 66.21, -13.780000000000234 ], [ 65.93, -13.980000000000238 ], [ 67.38, -15.94000000000028 ], [ 67.03, -16.140000000000271 ], [ 67.41, -16.660000000000291 ], [ 65.01, -18.060000000000311 ], [ 66.43, -20.080000000000346 ], [ 66.75, -19.870000000000349 ], [ 67.9, -20.470000000000354 ], [ 68.21, -20.290000000000351 ], [ 68.56, -20.710000000000363 ], [ 68.28, -20.880000000000365 ], [ 69.2, -22.090000000000387 ], [ 68.8, -22.390000000000398 ], [ 69.85, -23.710000000000413 ], [ 69.4, -24.040000000000433 ], [ 69.94, -24.68000000000044 ], [ 69.59, -24.970000000000443 ], [ 69.968125050938582, -25.637022092850295 ] ] } },
{ "type": "Feature", "properties": { "reconstruction_plate_ID": 0, "feature_type": "gpml:MidOceanRidge", "feature_name": "CENTRAL INDIAN OCEAN RIDGE (INDIAN PLATE) (AFR/AUS)" }, "geometry": { "type": "LineString", "coordinates": [ [ 69.968125050938582, -25.637022092850295 ], [ 69.959896840247637, -25.651132428437524 ] ] } },
{ "type": "Feature", "properties": { "reconstruction_plate_ID": 0, "feature_type": "gpml:MidOceanRidge", "feature_name": "CENTRAL INDIAN OCEAN RIDGE (INDIAN PLATE) (Africa/India)" }, "geometry": { "type": "LineString", "coordinates": [ [ 57.089683292179117, 10.374741604580775 ], [ 56.98, 9.86 ], [ 57.26, 9.68 ], [ 57.49, 9.94 ], [ 58.06, 9.53 ], [ 58.43, 8.86 ], [ 58.25, 8.65 ], [ 63.0, 4.11 ], [ 62.87, 3.89 ], [ 65.21, 2.92 ], [ 65.49, 3.3 ], [ 66.38, 2.75 ], [ 65.99, 2.05 ], [ 66.67, 1.62 ], [ 66.49, 1.33 ], [ 66.87, 1.07 ], [ 66.66, 0.72 ], [ 67.16, 0.34 ], [ 66.84, -0.04 ], [ 67.21, -0.34 ], [ 67.02, -0.58 ], [ 67.66, -1.04 ], [ 67.37, -1.44 ], [ 67.922464194568406, -1.903677980407575 ] ] } },
{ "type": "Feature", "properties": { "reconstruction_plate_ID": 0, "feature_type": "gpml:MidOceanRidge", "feature_name": "CENTRAL INDIAN OCEAN RIDGE (INDIAN PLATE) (Africa/India)" }, "geometry": { "type": "LineString", "coordinates": [ [ 67.922464194568406, -1.903677980407575 ], [ 67.79, -2.09 ], [ 68.25, -2.54 ], [ 67.89, -2.89 ], [ 68.67, -3.77 ], [ 68.35, -4.12 ], [ 68.75, -4.55 ], [ 68.2, -5.04 ], [ 68.61, -5.47 ], [ 67.78, -6.26 ], [ 68.29, -6.82 ] ] } },
{ "type": "Feature", "properties": { "reconstruction_plate_ID": 0, "feature_type": "gpml:MidOceanRidge", "feature_name": "NATL-S ROCKALL ISO MOR" }, "geometry": { "type": "LineString", "coordinates": [ [ -33.754294531193182, 56.700305311912729 ], [ -34.641325022127845, 56.739777293880621 ], [ -35.663945051113508, 52.596249515243557 ] ] } },
{ "type": "Feature", "properties": { "reconstruction_plate_ID": 0, "feature_type": "gpml:MidOceanRidge", "feature_name": "Ridge from iso A5 from Antarctica at 10.9Ma" }, "geometry": { "type": "LineString", "coordinates": [ [ -29.183700535315541, -60.667858912766839 ], [ -27.748706409036423, -60.733920837460637 ] ] } },
{ "type": "Feature", "properties": { "reconstruction_plate_ID": 0, "feature_type": "gpml:MidOceanRidge", "feature_name": "Ridge from iso A5 from Antarctica at 10.9Ma" }, "geometry": { "type": "LineString", "coordinates": [ [ -27.748706409036423, -60.733920837460637 ], [ -19.315987501048873, -60.810749593770801 ], [ -19.195024980375639, -60.056529193992368 ], [ -18.082354047982641, -60.046690766842381 ], [ -18.070598406401551, -59.497117775151331 ], [ -15.854441032205855, -59.221794066287529 ], [ -15.809532230564166, -58.425028062715377 ], [ -13.499086472084805, -58.461942337454012 ], [ -13.496961308958166, -58.160343236708471 ], [ -7.409944902209434, -57.800688847831353 ], [ -7.353882795310843, -57.180617524010842 ], [ -6.007239206702221, -57.148303350794031 ], [ -5.975822833982051, -56.46073034529595 ], [ -4.361302220704779, -56.392605622760698 ], [ -4.34581932153673, -55.706646660388422 ], [ -2.225277189624489, -55.514120967855135 ], [ -0.671879429232416, -54.656934435654385 ] ] } },
{ "type": "Feature", "properties": { "reconstruction_plate_ID": 0, "feature_type": "gpml:MidOceanRidge", "feature_name": "Greenland - Eurasia" }, "geometry": { "type": "LineString", "coordinates": [ [ -18.019677950177368, 65.694312606867811 ], [ -20.752547120486327, 64.981319163231575 ], [ -23.830002229869688, 63.584045412824999 ], [ -32.724788504876287, 57.599104622790101 ], [ -33.04017156827198, 57.638585513605584 ], [ -33.754294531193182, 56.700305311912729 ] ] } },
{ "type": "Feature", "properties": { "reconstruction_plate_ID": 0, "feature_type": "gpml:MidOceanRidge", "feature_name": "Jan Mayen MOR" }, "geometry": { "type": "LineString", "coordinates": [ [ -6.895725398601125, 70.050044990089461 ], [ -13.410666002191387, 70.716528893560493 ], [ -15.213362884987248, 68.966975811016525 ], [ -17.482036859827243, 67.38006119822235 ], [ -17.955894414501437, 66.565452871409775 ], [ -18.019677950177368, 65.694312606867811 ] ] } },
{ "type": "Feature", "properties": { "reconstruction_plate_ID": 0, "feature_type": "gpml:MidOceanRidge", "feature_name": "Spreading_Centre" }, "geometry": { "type": "LineString", "coordinates": [ [ -114.359364412442559, 30.903877784906474 ], [ -113.445044575253306, 30.143387529820888 ], [ -113.105484995122822, 29.127196286527326 ], [ -111.344943353985613, 27.537452486450725 ], [ -111.039920058013692, 26.689029918705369 ], [ -109.873518029276568, 25.763991170577476 ], [ -107.928304747768223, 23.123971115400476 ] ] } },
{ "type": "Feature", "properties": { "reconstruction_plate_ID": 0, "feature_type": "gpml:MidOceanRidge", "feature_name": "Juan de Fuca-Pacific MOR segment" }, "geometry": { "type": "LineString", "coordinates": [ [ -130.863530707798645, 51.586544642876277 ], [ -130.133826486899409, 52.612722003982313 ] ] } },
{ "type": "Feature", "properties": { "reconstruction_plate_ID": 0, "feature_type": "gpml:SubductionZone", "feature_name": "Apenninic Front 35-0Ma" }, "geometry": { "type": "LineString", "coordinates": [ [ 7.552616566927512, 45.107231739249741 ], [ 7.572566971798288, 45.101104467621788 ] ] } },
{ "type": "Feature", "properties": { "reconstruction_plate_ID": 0, "feature_type": "gpml:SubductionZone", "feature_name": "Apenninic Front 35-0Ma" }, "geometry": { "type": "LineString", "coordinates": [ [ 7.572566971798288, 45.101104467621788 ], [ 7.594717960465523, 45.094295730124891 ] ] } },
{ "type": "Feature", "properties": { "reconstruction_plate_ID": 0, "feature_type": "gpml:SubductionZone", "feature_name": "Apenninic Front 35-0Ma" }, "geometry": { "type": "LineString", "coordinates": [ [ 7.594717960465523, 45.094295730124891 ], [ 9.78614708818009, 45.343671572805412 ], [ 10.490818126718066, 44.91137334399491 ], [ 11.732261767124742, 44.987532133345873 ], [ 13.57515867687232, 43.765158380575897 ], [ 14.305233247338814, 42.296584074166198 ], [ 14.915679948572281, 42.096038661511969 ], [ 15.747259938584302, 41.118188875562865 ], [ 19.73634603570342, 38.097114371424396 ], [ 19.068166644836243, 37.120008447909491 ], [ 17.143596422672356, 35.758600482627507 ], [ 15.746244834555515, 36.033818864570947 ], [ 15.396156659941401, 36.685985826400177 ], [ 15.459823965950603, 37.474439110452764 ] ] } },
{ "type": "Feature", "properties": { "reconstruction_plate_ID": 0, "feature_type": "gpml:SubductionZone", "feature_name": "Africa-Betic Front 35-0Ma" }, "geometry": { "type": "LineString", "coordinates": [ [ 15.459823965950603, 37.474439110452764 ], [ 13.990678179894603, 37.121755814791435 ], [ 12.502608498480287, 37.391671977114456 ], [ 10.425753040175854, 37.117202035588427 ], [ 9.707418508362187, 37.319125766589607 ], [ 7.637585789416901, 36.67624676629525 ], [ 4.339385751537452, 36.413076902799098 ], [ 1.191839200783715, 36.513877877624253 ], [ -2.121916306739315, 35.099214280345414 ], [ -4.066250083663035, 34.996991279031327 ], [ -5.126672776776094, 34.995750164899626 ], [ -5.896412056191548, 36.358678918104978 ], [ -5.631180794784517, 36.46443605102327 ] ] } },
{ "type": "Feature", "properties": { "reconstruction_plate_ID": 0, "feature_type": "gpml:SubductionZone", "feature_name": "Africa-Betic Front 35-0Ma" }, "geometry": { "type": "LineString", "coordinates": [ [ -5.631180794784517, 36.46443605102327 ], [ -1.389404241223909, 37.898896236394101 ], [ 0.181740611689376, 38.763397142803278 ] ] } },
{ "type": "Feature", "properties": { "reconstruction_plate_ID": 0, "feature_type": "gpml:SubductionZone", "feature_name": "Deforming Subduction Front - Eastern Mediterranean 35-0Ma" }, "geometry": { "type": "LineString", "coordinates": [ [ 19.661506902138154, 41.109255680149403 ], [ 19.655516715752622, 39.980222955226665 ], [ 20.493164899439162, 39.102397873938216 ], [ 18.893324203300153, 36.909863853775157 ], [ 18.965406872369432, 35.052211584148168 ], [ 20.151081738976114, 34.013363789030429 ], [ 23.456077517626287, 32.566682483040964 ], [ 25.55707342245919, 32.40020070086284 ], [ 27.831712464130071, 33.987863675221853 ], [ 29.039828717397175, 34.326178673343477 ], [ 32.587158071954143, 34.381918550762968 ], [ 34.420966451858071, 35.216576953754277 ] ] } },
{ "type": "Feature", "properties": { "reconstruction_plate_ID": 0, "feature_type": "gpml:SubductionZone", "feature_name": "Alpine - Carpathians Deforming Front 67-0Ma" }, "geometry": { "type": "LineString", "coordinates": [ [ 7.195790954365254, 43.58312782872143 ], [ 5.237749589073856, 43.994454292812456 ], [ 5.243130027900484, 45.072128567616282 ], [ 6.704394658974484, 46.581766441245335 ], [ 10.261994072274055, 47.732730390106902 ], [ 15.988263900135752, 48.29133766378056 ], [ 16.843676059618616, 49.136171675250246 ], [ 17.981717926587631, 49.626467584253774 ], [ 20.241135293984996, 50.016688784500182 ], [ 22.407067435374156, 50.017629106964513 ], [ 24.204962144454701, 49.112572905997212 ], [ 26.767608338466186, 46.656117962559144 ], [ 26.682021080407488, 45.259774766561577 ], [ 25.442856790188163, 44.717875167528653 ], [ 22.883347207657341, 44.82110401934856 ] ] } },
{ "type": "Feature", "properties": { "reconstruction_plate_ID": 0, "feature_type": "gpml:SubductionZone", "feature_name": "manila_trench" }, "geometry": { "type": "LineString", "coordinates": [ [ 120.357995567244757, 18.725850120610094 ], [ 120.471097437681493, 20.806774181037643 ], [ 121.588339868108775, 24.044318327459795 ] ] } },
{ "type": "Feature", "properties": { "reconstruction_plate_ID": 0, "feature_type": "gpml:SubductionZone", "feature_name": "Andes Subduction Topology" }, "geometry": { "type": "LineString", "coordinates": [ [ -81.660183386710898, -3.174404036525242 ], [ -81.848630433230639, -4.305068196351384 ], [ -81.4306, -7.46037 ], [ -80.3392, -9.80051 ], [ -77.3095, -14.1857 ], [ -72.9121, -17.9365 ], [ -71.7788, -19.1377 ], [ -71.1834, -20.613 ], [ -71.5976, -26.2931 ], [ -74.78265764207039, -38.733573529941225 ] ] } },
{ "type": "Feature", "properties": { "reconstruction_plate_ID": 601, "feature_type": "gpml:SubductionZone", "feature_name": "SouthChina_SZ" }, "geometry": { "type": "LineString", "coordinates": [ [ 144.374864312559765, 41.131772561618845 ], [ 143.830957949286329, 37.921920514704354 ], [ 141.964562259950043, 35.256033174297507 ] ] } },
{ "type": "Feature", "properties": { "reconstruction_plate_ID": 601, "feature_type": "gpml:SubductionZone", "feature_name": "SouthChina_SZ" }, "geometry": { "type": "LineString", "coordinates": [ [ 141.964562259950043, 35.256033174297507 ], [ 140.67884876190746, 34.789614614619595 ], [ 139.181499784698104, 34.885571054917826 ], [ 138.110767934111095, 33.840420132643729 ], [ 136.217200837369745, 32.783722898490097 ] ] } },
{ "type": "Feature", "properties": { "reconstruction_plate_ID": 601, "feature_type": "gpml:SubductionZone", "feature_name": "SouthChina_SZ" }, "geometry": { "type": "LineString", "coordinates": [ [ 136.217200837369745, 32.783722898490097 ], [ 134.95242608948314, 32.478424002363319 ], [ 132.984771839799606, 31.318709174857503 ], [ 128.981479388494478, 25.830342250919546 ], [ 127.040863404741273, 24.305259153509759 ], [ 125.843202885925976, 23.645868327810856 ], [ 124.282494073786651, 23.288850300562363 ], [ 123.023723488994406, 23.336657667825914 ], [ 122.08912040638549, 23.757156904635462 ] ] } },
{ "type": "Feature", "properties": { "reconstruction_plate_ID": 601, "feature_type": "gpml:SubductionZone", "feature_name": "SouthChina_SZ" }, "geometry": { "type": "LineString", "coordinates": [ [ 122.08912040638549, 23.757156904635462 ], [ 121.588339868108775, 24.044318327459795 ] ] } },
{ "type": "Feature", "properties": { "reconstruction_plate_ID": 307, "feature_type": "gpml:SubductionZone", "feature_name": "Alpine_Mesh_Boundary_35-0Ma" }, "geometry": { "type": "LineString", "coordinates": [ [ 7.594717960465523, 45.094295730124891 ], [ 8.084469121941069, 45.68726167086357 ], [ 10.061962467362953, 45.424072534194885 ], [ 12.810190912465265, 46.307872210841879 ], [ 14.035357367119978, 45.465858400044866 ], [ 14.277134665701348, 44.39156883544954 ], [ 15.291555362320542, 43.229540942202703 ], [ 18.356610825411622, 42.437734578136926 ], [ 19.661506902138154, 41.109255680147207 ] ] } },
{ "type": "Feature", "properties": { "reconstruction_plate_ID": 699, "feature_type": "gpml:SubductionZone", "feature_name": "Marianas Trench-NUVEL" }, "geometry": { "type": "LineString", "coordinates": [ [ 134.641439498739743, 6.977066825004598 ], [ 136.6687510605976, 7.255929430033591 ], [ 137.346977410466451, 7.648980602922441 ], [ 138.451691841665763, 9.332450288039334 ] ] } },
{ "type": "Feature", "properties": { "reconstruction_plate_ID": 699, "feature_type": "gpml:SubductionZone", "feature_name": "Marianas Trench-NUVEL" }, "geometry": { "type": "LineString", "coordinates": [ [ 138.451691841665763, 9.332450288039334 ], [ 138.949898358889584, 10.812506296130358 ], [ 140.732820626174799, 10.845668350358073 ], [ 142.547531401094034, 11.291241949757303 ] ] } },
{ "type": "Feature", "properties": { "reconstruction_plate_ID": 699, "feature_type": "gpml:SubductionZone", "feature_name": "Marianas Trench-NUVEL" }, "geometry": { "type": "LineString", "coordinates": [ [ 142.547531401094034, 11.291241949757303 ], [ 144.856684329171259, 12.129508923547876 ], [ 146.601790385161024, 13.47442795415105 ], [ 147.615850554015935, 15.400206954712422 ], [ 147.939049095532653, 17.090240260629379 ], [ 147.823297403467308, 18.674792337115949 ], [ 147.0, 20.999999999998384 ], [ 143.370183990251121, 24.632439471688244 ] ] } },
{ "type": "Feature", "properties": { "reconstruction_plate_ID": 614, "feature_type": "gpml:SubductionZone", "feature_name": "Kalimantan subduction boundary (inferred)" }, "geometry": { "type": "LineString", "coordinates": [ [ 119.426183314208018, 5.42204655975168 ], [ 119.568730841521798, 5.533177775929783 ] ] } },
{ "type": "Feature", "properties": { "reconstruction_plate_ID": 614, "feature_type": "gpml:SubductionZone", "feature_name": "Kalimantan subduction boundary (inferred)" }, "geometry": { "type": "LineString", "coordinates": [ [ 119.568730841521798, 5.533177775929783 ], [ 122.056171257449179, 7.927274114585856 ], [ 123.092722748926306, 8.393972072229273 ] ] } },
{ "type": "Feature", "properties": { "reconstruction_plate_ID": 101, "feature_type": "gpml:SubductionZone", "feature_name": "COCOS - NORTH AMERICA TRENCH 1" }, "geometry": { "type": "LineString", "coordinates": [ [ -99.199136503785383, 15.999853275767975 ], [ -102.9, 17.6 ], [ -104.767649256551337, 18.867778662126668 ] ] } },
{ "type": "Feature", "properties": { "reconstruction_plate_ID": 101, "feature_type": "gpml:SubductionZone", "feature_name": "COCOS - NORTH AMERICA TRENCH 1" }, "geometry": { "type": "LineString", "coordinates": [ [ -104.767649256551337, 18.867778662126668 ], [ -105.6, 19.6 ], [ -105.7, 20.320734180665379 ] ] } },
{ "type": "Feature", "properties": { "reconstruction_plate_ID": 806, "feature_type": "gpml:SubductionZone", "feature_name": "Hikurangi& Kermadec TR" }, "geometry": { "type": "MultiLineString", "coordinates": [ [ [ 179.974959035129359, -37.106095315399948 ], [ 179.99999999, -37.069325126321516 ] ], [ [ -179.99999999, -37.069325126321516 ], [ -178.62631657937311, -34.988667590373524 ], [ -177.460944459880608, -32.116177251955044 ] ] ] } },
{ "type": "Feature", "properties": { "reconstruction_plate_ID": 686, "feature_type": "gpml:SubductionZone", "feature_name": "Indonesian bndy w AUS-mg" }, "geometry": { "type": "LineString", "coordinates": [ [ 91.250021384236632, 12.18718069417619 ], [ 91.023231080886276, 9.935885666264364 ], [ 91.299309596596231, 9.051584787003348 ] ] } },
{ "type": "Feature", "properties": { "reconstruction_plate_ID": 686, "feature_type": "gpml:SubductionZone", "feature_name": "Indonesian bndy w AUS-mg" }, "geometry": { "type": "LineString", "coordinates": [ [ 91.299309596596231, 9.051584787003348 ], [ 92.202144906299097, 6.206389299766224 ] ] } },
{ "type": "Feature", "properties": { "reconstruction_plate_ID": 686, "feature_type": "gpml:SubductionZone", "feature_name": "Indonesian bndy w AUS-mg" }, "geometry": { "type": "LineString", "coordinates": [ [ 92.202144906299097, 6.206389299766224 ], [ 92.909062684793724, 4.106072426149652 ], [ 93.934796766583943, 2.521092822919007 ], [ 95.745, 1.4585 ], [ 100.038, -4.4949 ], [ 102.777101165679582, -7.448874181343593 ] ] } },
{ "type": "Feature", "properties": { "reconstruction_plate_ID": 686, "feature_type": "gpml:SubductionZone", "feature_name": "Indonesian bndy w AUS-mg" }, "geometry": { "type": "LineString", "coordinates": [ [ 102.777101165679582, -7.448874181343593 ], [ 103.985813354798012, -8.355046080017273 ] ] } },
{ "type": "Feature", "properties": { "reconstruction_plate_ID": 686, "feature_type": "gpml:SubductionZone", "feature_name": "Indonesian bndy w AUS-mg" }, "geometry": { "type": "LineString", "coordinates": [ [ 103.985813354798012, -8.355046080017273 ], [ 104.977627539604583, -9.043456031299405 ] ] } },
{ "type": "Feature", "properties": { "reconstruction_plate_ID": 679, "feature_type": "gpml:SubductionZone", "feature_name": "Halmahera Subduction" }, "geometry": { "type": "LineString", "coordinates": [ [ 126.047344912003496, 3.730620202548986 ], [ 126.744748008885225, 3.182724710816606 ] ] } },
{ "type": "Feature", "properties": { "reconstruction_plate_ID": 679, "feature_type": "gpml:SubductionZone", "feature_name": "Halmahera Subduction" }, "geometry": { "type": "LineString", "coordinates": [ [ 126.744748008885225, 3.182724710816606 ], [ 127.298429190992579, 2.746980804775591 ], [ 126.873, 0.054935 ], [ 126.96091477189573, -1.61813472034173 ] ] } },
{ "type": "Feature", "properties": { "reconstruction_plate_ID": 659, "feature_type": "gpml:SubductionZone", "feature_name": "Izu Bonin Trench" }, "geometry": { "type": "LineString", "coordinates": [ [ 142.980755086116716, 24.585785276567773 ], [ 143.2, 27.999999999999854 ], [ 142.2, 30.999999999999822 ], [ 141.964562259950043, 35.256033174297507 ] ] } },
{ "type": "Feature", "properties": { "reconstruction_plate_ID": 406, "feature_type": "gpml:SubductionZone", "feature_name": "Kamchatka SZ from EarthByte COB at 0Ma -- MG 4/20/07" }, "geometry": { "type": "LineString", "coordinates": [ [ 161.475412495261196, 52.499581934652092 ], [ 159.354155054940634, 50.484607030124693 ], [ 156.128739244580146, 48.367720196077379 ] ] } },
{ "type": "Feature", "properties": { "reconstruction_plate_ID": 406, "feature_type": "gpml:SubductionZone", "feature_name": "Kamchatka SZ from EarthByte COB at 0Ma -- MG 4/20/07" }, "geometry": { "type": "LineString", "coordinates": [ [ 156.128739244580146, 48.367720196077379 ], [ 152.565326910298978, 45.50487065322438 ], [ 144.374864312559765, 41.131772561618845 ] ] } },
{ "type": "Feature", "properties": { "reconstruction_plate_ID": 901, "feature_type": "gpml:SubductionZone", "feature_name": "Northern most NAN PAC f NUMVEL file MG 4-28-07" }, "geometry": { "type": "LineString", "coordinates": [ [ -134.457064643912105, 54.266815657891954 ], [ -130.133826486899409, 52.612722003982313 ] ] } },
{ "type": "Feature", "properties": { "reconstruction_plate_ID": 830, "feature_type": "gpml:SubductionZone", "feature_name": "NewBritian TR-MG-5-22-07" }, "geometry": { "type": "LineString", "coordinates": [ [ 153.661732246571262, -5.818091661263326 ], [ 152.571441905724754, -5.65329512105606 ], [ 149.287202870392775, -7.10150722196721 ] ] } },
{ "type": "Feature", "properties": { "reconstruction_plate_ID": 847, "feature_type": "gpml:SubductionZone", "feature_name": "So Melanesian-MG-5-20-07" }, "geometry": { "type": "LineString", "coordinates": [ [ 154.724520401362383, -6.845996383136383 ], [ 154.376137095293842, -6.594303166659421 ] ] } },
{ "type": "Feature", "properties": { "reconstruction_plate_ID": 847, "feature_type": "gpml:SubductionZone", "feature_name": "So Melanesian-MG-5-20-07" }, "geometry": { "type": "LineString", "coordinates": [ [ 154.376137095293842, -6.594303166659421 ], [ 153.661732246571262, -5.818091661263326 ] ] } },
{ "type": "Feature", "properties": { "reconstruction_plate_ID": 847, "feature_type": "gpml:SubductionZone", "feature_name": "So Melanesian-MG-5-20-07" }, "geometry": { "type": "LineString", "coordinates": [ [ 153.661732246571262, -5.818091661263326 ], [ 152.124103310708819, -3.646756510280162 ] ] } },
{ "type": "Feature", "properties": { "reconstruction_plate_ID": 69702, "feature_type": "gpml:SubductionZone", "feature_name": "NewBritainTrench DiCaprio" }, "geometry": { "type": "LineString", "coordinates": [ [ 149.287202870392775, -7.10150722196721 ], [ 148.358843726143505, -7.227390966878611 ] ] } },
{ "type": "Feature", "properties": { "reconstruction_plate_ID": 69702, "feature_type": "gpml:SubductionZone", "feature_name": "NewBritainTrench DiCaprio" }, "geometry": { "type": "LineString", "coordinates": [ [ 148.358843726143505, -7.227390966878611 ], [ 147.460327512144261, -6.940733749141729 ] ] } },
{ "type": "Feature", "properties": { "reconstruction_plate_ID": 827, "feature_type": "gpml:SubductionZone", "feature_name": "New Hebrides Trench" }, "geometry": { "type": "LineString", "coordinates": [ [ 172.598783212665609, -23.241155101114025 ], [ 170.541, -22.8226 ], [ 169.217, -21.7287 ], [ 168.007, -19.7636 ], [ 166.224, -15.5595 ], [ 166.228840765072391, -14.671230044556525 ] ] } },
{ "type": "Feature", "properties": { "reconstruction_plate_ID": 827, "feature_type": "gpml:SubductionZone", "feature_name": "New Hebrides Trench" }, "geometry": { "type": "LineString", "coordinates": [ [ 166.228840765072391, -14.671230044556525 ], [ 166.208347042707004, -14.185213775451308 ] ] } },
{ "type": "Feature", "properties": { "reconstruction_plate_ID": 827, "feature_type": "gpml:SubductionZone", "feature_name": "NewHebrides VanuatuTrench DiCaprio" }, "geometry": { "type": "LineString", "coordinates": [ [ 165.552218439082793, -11.737173518388914 ], [ 166.156257120637719, -13.791955709844322 ] ] } },
{ "type": "Feature", "properties": { "reconstruction_plate_ID": 827, "feature_type": "gpml:SubductionZone", "feature_name": "NewHebrides VanuatuTrench DiCaprio" }, "geometry": { "type": "LineString", "coordinates": [ [ 166.156257120637719, -13.791955709844322 ], [ 166.208347042707004, -14.185213775451308 ] ] } },
{ "type": "Feature", "properties": { "reconstruction_plate_ID": 827, "feature_type": "gpml:SubductionZone", "feature_name": "NewHebrides VanuatuTrench DiCaprio" }, "geometry": { "type": "LineString", "coordinates": [ [ 166.208347042707004, -14.185213775451308 ], [ 166.228840765072391, -14.671230044556525 ] ] } },
{ "type": "Feature", "properties": { "reconstruction_plate_ID": 669, "feature_type": "gpml:SubductionZone", "feature_name": "North Sulawesi Subduction" }, "geometry": { "type": "LineString", "coordinates": [ [ 119.299386769090432, 1.209154002238976 ], [ 125.763155858512391, 1.836416311165902 ] ] } },
{ "type": "Feature", "properties": { "reconstruction_plate_ID": 821, "feature_type": "gpml:SubductionZone", "feature_name": "Tonga-Kermadec-MG" }, "geometry": { "type": "LineString", "coordinates": [ [ -179.27871227541209, -14.940154014626886 ], [ -175.424106181643822, -14.444190669305325 ] ] } },
{ "type": "Feature", "properties": { "reconstruction_plate_ID": 821, "feature_type": "gpml:SubductionZone", "feature_name": "Tonga-Kermadec-MG" }, "geometry": { "type": "LineString", "coordinates": [ [ -175.424106181643822, -14.444190669305325 ], [ -174.436417102733543, -14.300298366475618 ], [ -173.441292894809578, -14.610226309207045 ], [ -172.309155243682454, -15.493706778297469 ], [ -172.34735846497756, -17.305777930343215 ], [ -173.028421278989839, -19.588366535317885 ], [ -175.006968259452464, -23.766017472686428 ] ] } },
{ "type": "Feature", "properties": { "reconstruction_plate_ID": 821, "feature_type": "gpml:SubductionZone", "feature_name": "Tonga-Kermadec-MG" }, "geometry": { "type": "LineString", "coordinates": [ [ -175.006968259452464, -23.766017472686428 ], [ -175.421330518554981, -26.917350547693967 ], [ -176.235924258386774, -29.743891035292542 ], [ -177.460944459880608, -32.116177251955044 ] ] } },
{ "type": "Feature", "properties": { "reconstruction_plate_ID": 669, "feature_type": "gpml:SubductionZone", "feature_name": "West Molucca Sea Subduction" }, "geometry": { "type": "LineString", "coordinates": [ [ 124.612051726964836, -0.710297055878083 ], [ 125.763155858512391, 1.836416311165902 ] ] } },
{ "type": "Feature", "properties": { "reconstruction_plate_ID": 669, "feature_type": "gpml:SubductionZone", "feature_name": "West Molucca Sea Subduction" }, "geometry": { "type": "LineString", "coordinates": [ [ 125.763155858512391, 1.836416311165902 ], [ 126.047344912003496, 3.730620202548986 ] ] } },
{ "type": "Feature", "properties": { "reconstruction_plate_ID": 669, "feature_type": "gpml:SubductionZone", "feature_name": "West Molucca Sea Subduction" }, "geometry": { "type": "LineString", "coordinates": [ [ 126.047344912003496, 3.730620202548986 ], [ 126.124189603305155, 4.075943603098239 ] ] } },
{ "type": "Feature", "properties": { "reconstruction_plate_ID": 413, "feature_type": "gpml:SubductionZone", "feature_name": "Shirshov Ridge Subduction" }, "geometry": { "type": "LineString", "coordinates": [ [ 169.118332602803491, 53.100213858165468 ], [ 161.475412495261196, 52.499581934652092 ] ] } },
{ "type": "Feature", "properties": { "reconstruction_plate_ID": 111, "feature_type": "gpml:SubductionZone", "feature_name": "Aleutian and Bering Sea Masking Polygon" }, "geometry": { "type": "MultiLineString", "coordinates": [ [ [ -143.528781351913835, 59.340542057895412 ], [ -144.832182409780813, 58.909753674912828 ], [ -147.20988188334519, 57.466858174419833 ], [ -154.064930787400442, 54.949835784079383 ], [ -173.002, 50.819 ], [ -179.99999999, 50.449806835216194 ] ], [ [ 179.99999999, 50.449806835216194 ], [ 175.474, 50.9382 ], [ 169.118332602803491, 53.100213858165468 ] ] ] } },
{ "type": "Feature", "properties": { "reconstruction_plate_ID": 111, "feature_type": "gpml:SubductionZone", "feature_name": "Aleutian and Bering Sea Masking Polygon" }, "geometry": { "type": "LineString", "coordinates": [ [ 169.118332602803491, 53.100213858165468 ], [ 164.073689375028721, 55.194245579545495 ] ] } },
{ "type": "Feature", "properties": { "reconstruction_plate_ID": 645, "feature_type": "gpml:SubductionZone", "feature_name": "East Sunda subduction" }, "geometry": { "type": "LineString", "coordinates": [ [ 126.124189603305155, 4.075943603098239 ], [ 123.958902772013019, 6.131732364174422 ], [ 123.58400986586382, 7.889245242083823 ] ] } },
{ "type": "Feature", "properties": { "reconstruction_plate_ID": 612, "feature_type": "gpml:SubductionZone", "feature_name": "Luzon subduction" }, "geometry": { "type": "LineString", "coordinates": [ [ 120.357995567244757, 18.725850120610094 ], [ 119.734610683282526, 17.694354936306095 ] ] } },
{ "type": "Feature", "properties": { "reconstruction_plate_ID": 612, "feature_type": "gpml:SubductionZone", "feature_name": "Luzon subduction" }, "geometry": { "type": "LineString", "coordinates": [ [ 119.734610683282526, 17.694354936306095 ], [ 119.263881955965189, 16.931186516512863 ], [ 119.250966951440432, 13.797807128001311 ], [ 119.705096179949962, 13.370213350466184 ], [ 120.927314407342621, 13.161120812167812 ], [ 121.488158248936202, 12.801200107611876 ], [ 121.592877395598961, 12.351446956215312 ] ] } },
{ "type": "Feature", "properties": { "reconstruction_plate_ID": 612, "feature_type": "gpml:SubductionZone", "feature_name": "Luzon subduction" }, "geometry": { "type": "LineString", "coordinates": [ [ 121.592877395598961, 12.351446956215312 ], [ 122.060847739686906, 10.772610290036019 ] ] } },
{ "type": "Feature", "properties": { "reconstruction_plate_ID": 612, "feature_type": "gpml:SubductionZone", "feature_name": "Luzon subduction" }, "geometry": { "type": "LineString", "coordinates": [ [ 122.060847739686906, 10.772610290036019 ], [ 122.168358967876998, 9.712659160648295 ], [ 123.092722748926306, 8.393972072229273 ] ] } },
{ "type": "Feature", "properties": { "reconstruction_plate_ID": 612, "feature_type": "gpml:SubductionZone", "feature_name": "Luzon subduction" }, "geometry": { "type": "LineString", "coordinates": [ [ 123.092722748926306, 8.393972072229273 ], [ 123.58400986586382, 7.889245242083823 ] ] } },
{ "type": "Feature", "properties": { "reconstruction_plate_ID": 678, "feature_type": "gpml:SubductionZone", "feature_name": "Philippine trench" }, "geometry": { "type": "LineString", "coordinates": [ [ 123.007941551877821, 17.076359381725684 ], [ 126.325829084777865, 12.055065389004621 ], [ 127.460868383865431, 8.024415926324071 ], [ 127.335755911782059, 6.565103187081331 ], [ 128.884014350501076, 3.115711560738134 ], [ 128.940248993455668, 2.31840107500484 ] ] } },
{ "type": "Feature", "properties": { "reconstruction_plate_ID": 737, "feature_type": "gpml:SubductionZone", "feature_name": "Luzon East subduction" }, "geometry": { "type": "LineString", "coordinates": [ [ 123.007941551877821, 17.076359381725684 ], [ 122.08912040638549, 23.757156904635462 ] ] } },
{ "type": "Feature", "properties": { "reconstruction_plate_ID": 689, "feature_type": "gpml:SubductionZone", "feature_name": "Mussau Trench" }, "geometry": { "type": "LineString", "coordinates": [ [ 149.319783051345524, -0.738378168552774 ], [ 148.037053306214631, 5.569143055063459 ] ] } },
{ "type": "Feature", "properties": { "reconstruction_plate_ID": 736, "feature_type": "gpml:SubductionZone", "feature_name": "Java SZ" }, "geometry": { "type": "LineString", "coordinates": [ [ 104.977627539604583, -9.043456031299405 ], [ 108.928623564817315, -10.305763596980654 ], [ 115.12537232841612, -11.044418929807737 ], [ 117.966592431650298, -11.051547690063297 ] ] } },
{ "type": "Feature", "properties": { "reconstruction_plate_ID": 2000, "feature_type": "gpml:SubductionZone", "feature_name": "Central American subduction from 135 Ma" }, "geometry": { "type": "LineString", "coordinates": [ [ -96.178331294789302, 15.203066639623914 ], [ -91.579734358534722, 12.892172483144256 ], [ -88.514368495644334, 11.766466447972315 ], [ -87.0982623586643, 10.75386942786748 ], [ -85.975415352305447, 9.406162582043809 ], [ -83.544501192973442, 8.337761263288357 ], [ -82.759725347276955, 7.51769911615663 ] ] } },
{ "type": "Feature", "properties": { "reconstruction_plate_ID": 2000, "feature_type": "gpml:SubductionZone", "feature_name": "Central American subduction from 135 Ma" }, "geometry": { "type": "LineString", "coordinates": [ [ -82.759725347276955, 7.51769911615663 ], [ -80.95274664259297, 6.880967179705631 ] ] } },
{ "type": "Feature", "properties": { "reconstruction_plate_ID": 2031, "feature_type": "gpml:SubductionZone", "feature_name": "Caribbean/farallon subduction iniating at 85 Ma" }, "geometry": { "type": "LineString", "coordinates": [ [ -79.830023991332538, 8.774006284703283 ], [ -78.777631528184259, 7.153628563534651 ] ] } },
{ "type": "Feature", "properties": { "reconstruction_plate_ID": 2031, "feature_type": "gpml:SubductionZone", "feature_name": "Caribbean/farallon subduction iniating at 85 Ma" }, "geometry": { "type": "LineString", "coordinates": [ [ -78.777631528184259, 7.153628563534651 ], [ -78.082008257913017, 6.136826618588267 ], [ -78.012065131988649, 4.66367626753816 ] ] } },
{ "type": "Feature", "properties": { "reconstruction_plate_ID": 2011, "feature_type": "gpml:SubductionZone", "feature_name": "Caribbean subduction" }, "geometry": { "type": "LineString", "coordinates": [ [ -62.45423039091029, 19.655310982404249 ], [ -60.484851305262794, 18.623359132142991 ], [ -58.92110011628408, 16.628426791865017 ] ] } },
{ "type": "Feature", "properties": { "reconstruction_plate_ID": 2011, "feature_type": "gpml:SubductionZone", "feature_name": "Caribbean subduction" }, "geometry": { "type": "LineString", "coordinates": [ [ -58.92110011628408, 16.628426791865017 ], [ -57.655272891277839, 14.924554135341108 ], [ -57.282485415404217, 13.071277321378947 ], [ -57.787539398496563, 10.695233686878689 ] ] } },
{ "type": "Feature", "properties": { "reconstruction_plate_ID": 815, "feature_type": "gpml:SubductionZone", "feature_name": "Sandwich Trench" }, "geometry": { "type": "LineString", "coordinates": [ [ -27.748706409036423, -60.733920837460637 ], [ -26.197924284217816, -60.509764876253143 ], [ -25.0688, -59.973300000008656 ], [ -23.9907, -58.920900000008288 ], [ -23.8194, -58.195000000008072 ], [ -24.2327, -57.173600000007717 ], [ -25.7205, -55.839600000007358 ], [ -26.9949, -55.231900000007194 ], [ -29.159695319956544, -54.792300550596799 ] ] } },
{ "type": "Feature", "properties": { "reconstruction_plate_ID": 4060, "feature_type": "gpml:SubductionZone", "feature_name": "Mediterranean Subduction, DB 04-2007" }, "geometry": { "type": "LineString", "coordinates": [ [ 38.9574761066131, 38.458360074179318 ], [ 43.580653161905218, 37.734985304569186 ], [ 47.590388446323843, 34.383560735304421 ], [ 51.436061920382187, 31.853727508795902 ], [ 53.633790138395625, 29.722641053947438 ], [ 55.950642289922371, 28.213244414002332 ], [ 61.709099999999857, 25.729199999997192 ], [ 64.0361, 25.081699999997422 ], [ 65.493573966185608, 25.164562299493646 ] ] } },
{ "type": "Feature", "properties": { "reconstruction_plate_ID": 847, "feature_type": "gpml:SubductionZone", "feature_name": "SanCristobalTrench consistent with Bird 2002" }, "geometry": { "type": "LineString", "coordinates": [ [ 165.552218439082793, -11.737173518388914 ], [ 164.449633838937501, -11.085786130644305 ], [ 162.242089887812114, -11.438726594784358 ], [ 161.147461053370449, -11.145710242547754 ], [ 156.301680647398712, -8.181728504109264 ] ] } },
{ "type": "Feature", "properties": { "reconstruction_plate_ID": 847, "feature_type": "gpml:SubductionZone", "feature_name": "SanCristobalTrench consistent with Bird 2002" }, "geometry": { "type": "LineString", "coordinates": [ [ 156.301680647398712, -8.181728504109264 ], [ 155.515891582313884, -7.456834453041945 ] ] } },
{ "type": "Feature", "properties": { "reconstruction_plate_ID": 847, "feature_type": "gpml:SubductionZone", "feature_name": "SanCristobalTrench consistent with Bird 2002" }, "geometry": { "type": "LineString", "coordinates": [ [ 155.515891582313884, -7.456834453041945 ], [ 154.725425902528883, -6.847993241806202 ] ] } },
{ "type": "Feature", "properties": { "reconstruction_plate_ID": 847, "feature_type": "gpml:SubductionZone", "feature_name": "SanCristobalTrench consistent with Bird 2002" }, "geometry": { "type": "LineString", "coordinates": [ [ 154.725425902528883, -6.847993241806202 ], [ 154.376137095293842, -6.594303166659421 ] ] } },
{ "type": "Feature", "properties": { "reconstruction_plate_ID": 697, "feature_type": "gpml:SubductionZone", "feature_name": "PNG subduction" }, "geometry": { "type": "LineString", "coordinates": [ [ 131.487363024817654, 0.426456742217102 ], [ 131.901031705989055, 0.310926758904687 ] ] } },
{ "type": "Feature", "properties": { "reconstruction_plate_ID": 697, "feature_type": "gpml:SubductionZone", "feature_name": "PNG subduction" }, "geometry": { "type": "LineString", "coordinates": [ [ 131.901031705989055, 0.310926758904687 ], [ 132.708216129614698, 0.085447542758896 ] ] } },
{ "type": "Feature", "properties": { "reconstruction_plate_ID": 697, "feature_type": "gpml:SubductionZone", "feature_name": "PNG subduction" }, "geometry": { "type": "LineString", "coordinates": [ [ 132.708216129614698, 0.085447542758896 ], [ 140.02127711883233, -1.695859705153986 ] ] } },
{ "type": "Feature", "properties": { "reconstruction_plate_ID": 697, "feature_type": "gpml:SubductionZone", "feature_name": "PNG subduction" }, "geometry": { "type": "LineString", "coordinates": [ [ 140.02127711883233, -1.695859705153986 ], [ 143.866663510308939, -3.348013772103763 ] ] } },
{ "type": "Feature", "properties": { "reconstruction_plate_ID": 811, "feature_type": "gpml:SubductionZone", "feature_name": "South Shetland Trench from 3.3 Ma - lower convergence rate" }, "geometry": { "type": "LineString", "coordinates": [ [ -56.613690441626204, -60.684814609382109 ], [ -60.6502, -61.3632 ], [ -64.022421621788965, -62.5112645472881 ] ] } },
{ "type": "Feature", "properties": { "reconstruction_plate_ID": 684, "feature_type": "gpml:SubductionZone", "feature_name": "Flores Banda SZ" }, "geometry": { "type": "LineString", "coordinates": [ [ 117.966592431650298, -11.051547690063297 ], [ 120.287932796134001, -11.530054979700862 ], [ 121.326460903777615, -11.43157767009739 ] ] } },
{ "type": "Feature", "properties": { "reconstruction_plate_ID": 684, "feature_type": "gpml:SubductionZone", "feature_name": "Flores Banda SZ" }, "geometry": { "type": "LineString", "coordinates": [ [ 121.326460903777615, -11.43157767009739 ], [ 124.006221800189834, -10.69393675529688 ], [ 127.50759615916391, -9.200155345245559 ], [ 130.291517264826325, -8.809237681785726 ] ] } },
{ "type": "Feature", "properties": { "reconstruction_plate_ID": 684, "feature_type": "gpml:SubductionZone", "feature_name": "Flores Banda SZ" }, "geometry": { "type": "LineString", "coordinates": [ [ 130.291517264826325, -8.809237681785726 ], [ 131.433380185669648, -8.248910723312681 ], [ 133.737770312206322, -5.444278183251178 ], [ 134.048056502761824, -4.585536117855296 ] ] } },
{ "type": "Feature", "properties": { "reconstruction_plate_ID": 12001, "feature_type": "gpml:SubductionZone", "feature_name": "JF\\NA                      by Peter Bird   1999" }, "geometry": { "type": "LineString", "coordinates": [ [ -124.678098341242233, 40.331067068258221 ], [ -125.3091, 41.65221 ], [ -125.375, 44.6674 ], [ -126.084, 47.35027 ], [ -126.733, 48.29 ], [ -127.818, 49.08011 ], [ -128.029, 49.78131 ], [ -130.863530707798645, 51.586544642876277 ] ] } },
{ "type": "Feature", "properties": { "reconstruction_plate_ID": 201, "feature_type": "gpml:SubductionZone", "feature_name": "South America trench taken from a combination of RUM and COB file" }, "geometry": { "type": "LineString", "coordinates": [ [ -64.595021009920373, -58.081795836858944 ], [ -71.488633557034021, -56.401643911912629 ], [ -74.32328047376626, -55.081008359469045 ], [ -76.18474662593691, -53.75014243709893 ], [ -76.862165717815898, -51.366329756285928 ] ] } },
{ "type": "Feature", "properties": { "reconstruction_plate_ID": 201, "feature_type": "gpml:SubductionZone", "feature_name": "South America trench taken from a combination of RUM and COB file" }, "geometry": { "type": "LineString", "coordinates": [ [ -76.862165717815898, -51.366329756285928 ], [ -77.438701459686939, -49.463053484342574 ], [ -76.058664190021133, -46.304254307766762 ], [ -76.144422771257965, -45.543638133621393 ] ] } },
{ "type": "Feature", "properties": { "reconstruction_plate_ID": 201, "feature_type": "gpml:SubductionZone", "feature_name": "South America trench taken from a combination of RUM and COB file" }, "geometry": { "type": "LineString", "coordinates": [ [ -76.144422771257965, -45.543638133621393 ], [ -74.78265764207039, -38.733573529941225 ] ] } },
{ "type": "Feature", "properties": { "reconstruction_plate_ID": 201, "feature_type": "gpml:SubductionZone", "feature_name": "TBD SUB" }, "geometry": { "type": "LineString", "coordinates": [ [ -76.997978866849536, 9.849563909794172 ], [ -76.774877050730566, 10.152432752657454 ] ] } },
{ "type": "Feature", "properties": { "reconstruction_plate_ID": 201, "feature_type": "gpml:SubductionZone", "feature_name": "TBD SUB" }, "geometry": { "type": "LineString", "coordinates": [ [ -76.774877050730566, 10.152432752657454 ], [ -75.063889658456418, 12.209051959559527 ] ] } },
{ "type": "Feature", "properties": { "reconstruction_plate_ID": 201, "feature_type": "gpml:SubductionZone", "feature_name": "TBD SUB" }, "geometry": { "type": "LineString", "coordinates": [ [ -81.660183386710898, -3.174404036525242 ], [ -81.4025, -1.12539999999962 ], [ -80.43, 1.426599999999514 ], [ -78.012065131988649, 4.66367626753816 ] ] } },
{ "type": "Feature", "properties": { "reconstruction_plate_ID": 0, "feature_type": "gpml:SubductionZone", "feature_name": "Deforming Subduction Front - Eastern Mediterranean 35-0Ma" }, "geometry": { "type": "LineString", "coordinates": [ [ 19.661506902138154, 41.109255680149403 ], [ 19.655516715752622, 39.980222955226665 ], [ 20.493164899439162, 39.102397873938216 ], [ 18.893324203300153, 36.909863853775157 ], [ 18.965406872369432, 35.052211584148168 ], [ 20.151081738976114, 34.013363789030429 ], [ 23.456077517626287, 32.566682483040964 ], [ 25.55707342245919, 32.40020070086284 ], [ 27.831712464130071, 33.987863675221853 ], [ 29.039828717397175, 34.326178673343477 ], [ 32.587158071954143, 34.381918550762968 ], [ 34.420966451858071, 35.216576953754277 ] ] } },
{ "type": "Feature", "properties": { "reconstruction_plate_ID": 0, "feature_type": "gpml:SubductionZone", "feature_name": "Andes Subduction Topology" }, "geometry": { "type": "LineString", "coordinates": [ [ -81.660183386710898, -3.174404036525242 ], [ -81.848630433230639, -4.305068196351384 ], [ -81.4306, -7.46037 ], [ -80.3392, -9.80051 ], [ -77.3095, -14.1857 ], [ -72.9121, -17.9365 ], [ -71.7788, -19.1377 ], [ -71.1834, -20.613 ], [ -71.5976, -26.2931 ], [ -74.78265764207039, -38.733573529941225 ] ] } },
{ "type": "Feature", "properties": { "reconstruction_plate_ID": 307, "feature_type": "gpml:SubductionZone", "feature_name": "Alpine_Mesh_Boundary_35-0Ma" }, "geometry": { "type": "LineString", "coordinates": [ [ 7.594717960465523, 45.094295730124891 ], [ 8.084469121941069, 45.68726167086357 ], [ 10.061962467362953, 45.424072534194885 ], [ 12.810190912465265, 46.307872210841879 ], [ 14.035357367119978, 45.465858400044866 ], [ 14.277134665701348, 44.39156883544954 ], [ 15.291555362320542, 43.229540942202703 ], [ 18.356610825411622, 42.437734578136926 ], [ 19.661506902138154, 41.109255680147207 ] ] } },
{ "type": "Feature", "properties": { "reconstruction_plate_ID": 699, "feature_type": "gpml:SubductionZone", "feature_name": "Marianas Trench-NUVEL" }, "geometry": { "type": "LineString", "coordinates": [ [ 134.641439498739743, 6.977066825004598 ], [ 136.6687510605976, 7.255929430033591 ], [ 137.346977410466451, 7.648980602922441 ], [ 138.451691841665763, 9.332450288039334 ] ] } },
{ "type": "Feature", "properties": { "reconstruction_plate_ID": 699, "feature_type": "gpml:SubductionZone", "feature_name": "Marianas Trench-NUVEL" }, "geometry": { "type": "LineString", "coordinates": [ [ 138.451691841665763, 9.332450288039334 ], [ 138.949898358889584, 10.812506296130358 ], [ 140.732820626174799, 10.845668350358073 ], [ 142.547531401094034, 11.291241949757303 ] ] } },
{ "type": "Feature", "properties": { "reconstruction_plate_ID": 699, "feature_type": "gpml:SubductionZone", "feature_name": "Marianas Trench-NUVEL" }, "geometry": { "type": "LineString", "coordinates": [ [ 142.547531401094034, 11.291241949757303 ], [ 144.856684329171259, 12.129508923547876 ], [ 146.601790385161024, 13.47442795415105 ], [ 147.615850554015935, 15.400206954712422 ], [ 147.939049095532653, 17.090240260629379 ], [ 147.823297403467308, 18.674792337115949 ], [ 147.0, 20.999999999998384 ], [ 143.370183990251121, 24.632439471688244 ] ] } },
{ "type": "Feature", "properties": { "reconstruction_plate_ID": 806, "feature_type": "gpml:SubductionZone", "feature_name": "Hikurangi& Kermadec TR" }, "geometry": { "type": "MultiLineString", "coordinates": [ [ [ 179.974959035129359, -37.106095315399948 ], [ 179.99999999, -37.069325126321516 ] ], [ [ -179.99999999, -37.069325126321516 ], [ -178.62631657937311, -34.988667590373524 ], [ -177.460944459880608, -32.116177251955044 ] ] ] } },
{ "type": "Feature", "properties": { "reconstruction_plate_ID": 686, "feature_type": "gpml:SubductionZone", "feature_name": "Indonesian bndy w AUS-mg" }, "geometry": { "type": "LineString", "coordinates": [ [ 91.250021384236632, 12.18718069417619 ], [ 91.023231080886276, 9.935885666264364 ], [ 91.299309596596231, 9.051584787003348 ] ] } },
{ "type": "Feature", "properties": { "reconstruction_plate_ID": 686, "feature_type": "gpml:SubductionZone", "feature_name": "Indonesian bndy w AUS-mg" }, "geometry": { "type": "LineString", "coordinates": [ [ 91.299309596596231, 9.051584787003348 ], [ 92.202144906299097, 6.206389299766224 ] ] } },
{ "type": "Feature", "properties": { "reconstruction_plate_ID": 686, "feature_type": "gpml:SubductionZone", "feature_name": "Indonesian bndy w AUS-mg" }, "geometry": { "type": "LineString", "coordinates": [ [ 92.202144906299097, 6.206389299766224 ], [ 92.909062684793724, 4.106072426149652 ], [ 93.934796766583943, 2.521092822919007 ], [ 95.745, 1.4585 ], [ 100.038, -4.4949 ], [ 102.777101165679582, -7.448874181343593 ] ] } },
{ "type": "Feature", "properties": { "reconstruction_plate_ID": 686, "feature_type": "gpml:SubductionZone", "feature_name": "Indonesian bndy w AUS-mg" }, "geometry": { "type": "LineString", "coordinates": [ [ 102.777101165679582, -7.448874181343593 ], [ 103.985813354798012, -8.355046080017273 ] ] } },
{ "type": "Feature", "properties": { "reconstruction_plate_ID": 686, "feature_type": "gpml:SubductionZone", "feature_name": "Indonesian bndy w AUS-mg" }, "geometry": { "type": "LineString", "coordinates": [ [ 103.985813354798012, -8.355046080017273 ], [ 104.977627539604583, -9.043456031299405 ] ] } },
{ "type": "Feature", "properties": { "reconstruction_plate_ID": 679, "feature_type": "gpml:SubductionZone", "feature_name": "Halmahera Subduction" }, "geometry": { "type": "LineString", "coordinates": [ [ 126.047344912003496, 3.730620202548986 ], [ 126.744748008885225, 3.182724710816606 ] ] } },
{ "type": "Feature", "properties": { "reconstruction_plate_ID": 679, "feature_type": "gpml:SubductionZone", "feature_name": "Halmahera Subduction" }, "geometry": { "type": "LineString", "coordinates": [ [ 126.744748008885225, 3.182724710816606 ], [ 127.298429190992579, 2.746980804775591 ], [ 126.873, 0.054935 ], [ 126.96091477189573, -1.61813472034173 ] ] } },
{ "type": "Feature", "properties": { "reconstruction_plate_ID": 659, "feature_type": "gpml:SubductionZone", "feature_name": "Izu Bonin Trench" }, "geometry": { "type": "LineString", "coordinates": [ [ 142.980755086116716, 24.585785276567773 ], [ 143.2, 27.999999999999854 ], [ 142.2, 30.999999999999822 ], [ 141.964562259950043, 35.256033174297507 ] ] } },
{ "type": "Feature", "properties": { "reconstruction_plate_ID": 901, "feature_type": "gpml:SubductionZone", "feature_name": "Northern most NAN PAC f NUMVEL file MG 4-28-07" }, "geometry": { "type": "LineString", "coordinates": [ [ -134.457064643912105, 54.266815657891954 ], [ -130.133826486899409, 52.612722003982313 ] ] } },
{ "type": "Feature", "properties": { "reconstruction_plate_ID": 827, "feature_type": "gpml:SubductionZone", "feature_name": "NewHebrides VanuatuTrench DiCaprio" }, "geometry": { "type": "LineString", "coordinates": [ [ 165.552218439082793, -11.737173518388914 ], [ 166.156257120637719, -13.791955709844322 ] ] } },
{ "type": "Feature", "properties": { "reconstruction_plate_ID": 827, "feature_type": "gpml:SubductionZone", "feature_name": "NewHebrides VanuatuTrench DiCaprio" }, "geometry": { "type": "LineString", "coordinates": [ [ 166.156257120637719, -13.791955709844322 ], [ 166.208347042707004, -14.185213775451308 ] ] } },
{ "type": "Feature", "properties": { "reconstruction_plate_ID": 827, "feature_type": "gpml:SubductionZone", "feature_name": "NewHebrides VanuatuTrench DiCaprio" }, "geometry": { "type": "LineString", "coordinates": [ [ 166.208347042707004, -14.185213775451308 ], [ 166.228840765072391, -14.671230044556525 ] ] } },
{ "type": "Feature", "properties": { "reconstruction_plate_ID": 669, "feature_type": "gpml:SubductionZone", "feature_name": "West Molucca Sea Subduction" }, "geometry": { "type": "LineString", "coordinates": [ [ 124.612051726964836, -0.710297055878083 ], [ 125.763155858512391, 1.836416311165902 ] ] } },
{ "type": "Feature", "properties": { "reconstruction_plate_ID": 669, "feature_type": "gpml:SubductionZone", "feature_name": "West Molucca Sea Subduction" }, "geometry": { "type": "LineString", "coordinates": [ [ 125.763155858512391, 1.836416311165902 ], [ 126.047344912003496, 3.730620202548986 ] ] } },
{ "type": "Feature", "properties": { "reconstruction_plate_ID": 669, "feature_type": "gpml:SubductionZone", "feature_name": "West Molucca Sea Subduction" }, "geometry": { "type": "LineString", "coordinates": [ [ 126.047344912003496, 3.730620202548986 ], [ 126.124189603305155, 4.075943603098239 ] ] } },
{ "type": "Feature", "properties": { "reconstruction_plate_ID": 645, "feature_type": "gpml:SubductionZone", "feature_name": "East Sunda subduction" }, "geometry": { "type": "LineString", "coordinates": [ [ 126.124189603305155, 4.075943603098239 ], [ 123.958902772013019, 6.131732364174422 ], [ 123.58400986586382, 7.889245242083823 ] ] } },
{ "type": "Feature", "properties": { "reconstruction_plate_ID": 612, "feature_type": "gpml:SubductionZone", "feature_name": "Luzon subduction" }, "geometry": { "type": "LineString", "coordinates": [ [ 120.357995567244757, 18.725850120610094 ], [ 119.734610683282526, 17.694354936306095 ] ] } },
{ "type": "Feature", "properties": { "reconstruction_plate_ID": 612, "feature_type": "gpml:SubductionZone", "feature_name": "Luzon subduction" }, "geometry": { "type": "LineString", "coordinates": [ [ 119.734610683282526, 17.694354936306095 ], [ 119.263881955965189, 16.931186516512863 ], [ 119.250966951440432, 13.797807128001311 ], [ 119.705096179949962, 13.370213350466184 ], [ 120.927314407342621, 13.161120812167812 ], [ 121.488158248936202, 12.801200107611876 ], [ 121.592877395598961, 12.351446956215312 ] ] } },
{ "type": "Feature", "properties": { "reconstruction_plate_ID": 612, "feature_type": "gpml:SubductionZone", "feature_name": "Luzon subduction" }, "geometry": { "type": "LineString", "coordinates": [ [ 121.592877395598961, 12.351446956215312 ], [ 122.060847739686906, 10.772610290036019 ] ] } },
{ "type": "Feature", "properties": { "reconstruction_plate_ID": 612, "feature_type": "gpml:SubductionZone", "feature_name": "Luzon subduction" }, "geometry": { "type": "LineString", "coordinates": [ [ 122.060847739686906, 10.772610290036019 ], [ 122.168358967876998, 9.712659160648295 ], [ 123.092722748926306, 8.393972072229273 ] ] } },
{ "type": "Feature", "properties": { "reconstruction_plate_ID": 612, "feature_type": "gpml:SubductionZone", "feature_name": "Luzon subduction" }, "geometry": { "type": "LineString", "coordinates": [ [ 123.092722748926306, 8.393972072229273 ], [ 123.58400986586382, 7.889245242083823 ] ] } },
{ "type": "Feature", "properties": { "reconstruction_plate_ID": 737, "feature_type": "gpml:SubductionZone", "feature_name": "Luzon East subduction" }, "geometry": { "type": "LineString", "coordinates": [ [ 123.007941551877821, 17.076359381725684 ], [ 122.08912040638549, 23.757156904635462 ] ] } },
{ "type": "Feature", "properties": { "reconstruction_plate_ID": 736, "feature_type": "gpml:SubductionZone", "feature_name": "Java SZ" }, "geometry": { "type": "LineString", "coordinates": [ [ 104.977627539604583, -9.043456031299405 ], [ 108.928623564817315, -10.305763596980654 ], [ 115.12537232841612, -11.044418929807737 ], [ 117.966592431650298, -11.051547690063297 ] ] } },
{ "type": "Feature", "properties": { "reconstruction_plate_ID": 2000, "feature_type": "gpml:SubductionZone", "feature_name": "Central American subduction from 135 Ma" }, "geometry": { "type": "LineString", "coordinates": [ [ -96.178331294789302, 15.203066639623914 ], [ -91.579734358534722, 12.892172483144256 ], [ -88.514368495644334, 11.766466447972315 ], [ -87.0982623586643, 10.75386942786748 ], [ -85.975415352305447, 9.406162582043809 ], [ -83.544501192973442, 8.337761263288357 ], [ -82.759725347276955, 7.51769911615663 ] ] } },
{ "type": "Feature", "properties": { "reconstruction_plate_ID": 2000, "feature_type": "gpml:SubductionZone", "feature_name": "Central American subduction from 135 Ma" }, "geometry": { "type": "LineString", "coordinates": [ [ -82.759725347276955, 7.51769911615663 ], [ -80.95274664259297, 6.880967179705631 ] ] } },
{ "type": "Feature", "properties": { "reconstruction_plate_ID": 2031, "feature_type": "gpml:SubductionZone", "feature_name": "Caribbean/farallon subduction iniating at 85 Ma" }, "geometry": { "type": "LineString", "coordinates": [ [ -79.830023991332538, 8.774006284703283 ], [ -78.777631528184259, 7.153628563534651 ] ] } },
{ "type": "Feature", "properties": { "reconstruction_plate_ID": 2031, "feature_type": "gpml:SubductionZone", "feature_name": "Caribbean/farallon subduction iniating at 85 Ma" }, "geometry": { "type": "LineString", "coordinates": [ [ -78.777631528184259, 7.153628563534651 ], [ -78.082008257913017, 6.136826618588267 ], [ -78.012065131988649, 4.66367626753816 ] ] } },
{ "type": "Feature", "properties": { "reconstruction_plate_ID": 815, "feature_type": "gpml:SubductionZone", "feature_name": "Sandwich Trench" }, "geometry": { "type": "LineString", "coordinates": [ [ -27.748706409036423, -60.733920837460637 ], [ -26.197924284217816, -60.509764876253143 ], [ -25.0688, -59.973300000008656 ], [ -23.9907, -58.920900000008288 ], [ -23.8194, -58.195000000008072 ], [ -24.2327, -57.173600000007717 ], [ -25.7205, -55.839600000007358 ], [ -26.9949, -55.231900000007194 ], [ -29.159695319956544, -54.792300550596799 ] ] } },
{ "type": "Feature", "properties": { "reconstruction_plate_ID": 4060, "feature_type": "gpml:SubductionZone", "feature_name": "Mediterranean Subduction, DB 04-2007" }, "geometry": { "type": "LineString", "coordinates": [ [ 38.9574761066131, 38.458360074179318 ], [ 43.580653161905218, 37.734985304569186 ], [ 47.590388446323843, 34.383560735304421 ], [ 51.436061920382187, 31.853727508795902 ], [ 53.633790138395625, 29.722641053947438 ], [ 55.950642289922371, 28.213244414002332 ], [ 61.709099999999857, 25.729199999997192 ], [ 64.0361, 25.081699999997422 ], [ 65.493573966185608, 25.164562299493646 ] ] } },
{ "type": "Feature", "properties": { "reconstruction_plate_ID": 811, "feature_type": "gpml:SubductionZone", "feature_name": "South Shetland Trench from 3.3 Ma - lower convergence rate" }, "geometry": { "type": "LineString", "coordinates": [ [ -56.613690441626204, -60.684814609382109 ], [ -60.6502, -61.3632 ], [ -64.022421621788965, -62.5112645472881 ] ] } },
{ "type": "Feature", "properties": { "reconstruction_plate_ID": 684, "feature_type": "gpml:SubductionZone", "feature_name": "Flores Banda SZ" }, "geometry": { "type": "LineString", "coordinates": [ [ 117.966592431650298, -11.051547690063297 ], [ 120.287932796134001, -11.530054979700862 ], [ 121.326460903777615, -11.43157767009739 ] ] } },
{ "type": "Feature", "properties": { "reconstruction_plate_ID": 684, "feature_type": "gpml:SubductionZone", "feature_name": "Flores Banda SZ" }, "geometry": { "type": "LineString", "coordinates": [ [ 121.326460903777615, -11.43157767009739 ], [ 124.006221800189834, -10.69393675529688 ], [ 127.50759615916391, -9.200155345245559 ], [ 130.291517264826325, -8.809237681785726 ] ] } },
{ "type": "Feature", "properties": { "reconstruction_plate_ID": 684, "feature_type": "gpml:SubductionZone", "feature_name": "Flores Banda SZ" }, "geometry": { "type": "LineString", "coordinates": [ [ 130.291517264826325, -8.809237681785726 ], [ 131.433380185669648, -8.248910723312681 ], [ 133.737770312206322, -5.444278183251178 ], [ 134.048056502761824, -4.585536117855296 ] ] } },
{ "type": "Feature", "properties": { "reconstruction_plate_ID": 0, "feature_type": "gpml:SubductionZone", "feature_name": "Apenninic Front 35-0Ma" }, "geometry": { "type": "LineString", "coordinates": [ [ 7.552616566927512, 45.107231739249741 ], [ 7.572566971798288, 45.101104467621788 ] ] } },
{ "type": "Feature", "properties": { "reconstruction_plate_ID": 0, "feature_type": "gpml:SubductionZone", "feature_name": "Apenninic Front 35-0Ma" }, "geometry": { "type": "LineString", "coordinates": [ [ 7.572566971798288, 45.101104467621788 ], [ 7.594717960465523, 45.094295730124891 ] ] } },
{ "type": "Feature", "properties": { "reconstruction_plate_ID": 0, "feature_type": "gpml:SubductionZone", "feature_name": "Apenninic Front 35-0Ma" }, "geometry": { "type": "LineString", "coordinates": [ [ 7.594717960465523, 45.094295730124891 ], [ 9.78614708818009, 45.343671572805412 ], [ 10.490818126718066, 44.91137334399491 ], [ 11.732261767124742, 44.987532133345873 ], [ 13.57515867687232, 43.765158380575897 ], [ 14.305233247338814, 42.296584074166198 ], [ 14.915679948572281, 42.096038661511969 ], [ 15.747259938584302, 41.118188875562865 ], [ 19.73634603570342, 38.097114371424396 ], [ 19.068166644836243, 37.120008447909491 ], [ 17.143596422672356, 35.758600482627507 ], [ 15.746244834555515, 36.033818864570947 ], [ 15.396156659941401, 36.685985826400177 ], [ 15.459823965950603, 37.474439110452764 ] ] } },
{ "type": "Feature", "properties": { "reconstruction_plate_ID": 0, "feature_type": "gpml:SubductionZone", "feature_name": "Africa-Betic Front 35-0Ma" }, "geometry": { "type": "LineString", "coordinates": [ [ 15.459823965950603, 37.474439110452764 ], [ 13.990678179894603, 37.121755814791435 ], [ 12.502608498480287, 37.391671977114456 ], [ 10.425753040175854, 37.117202035588427 ], [ 9.707418508362187, 37.319125766589607 ], [ 7.637585789416901, 36.67624676629525 ], [ 4.339385751537452, 36.413076902799098 ], [ 1.191839200783715, 36.513877877624253 ], [ -2.121916306739315, 35.099214280345414 ], [ -4.066250083663035, 34.996991279031327 ], [ -5.126672776776094, 34.995750164899626 ], [ -5.896412056191548, 36.358678918104978 ], [ -5.631180794784517, 36.46443605102327 ] ] } },
{ "type": "Feature", "properties": { "reconstruction_plate_ID": 0, "feature_type": "gpml:SubductionZone", "feature_name": "Africa-Betic Front 35-0Ma" }, "geometry": { "type": "LineString", "coordinates": [ [ -5.631180794784517, 36.46443605102327 ], [ -1.389404241223909, 37.898896236394101 ], [ 0.181740611689376, 38.763397142803278 ] ] } },
{ "type": "Feature", "properties": { "reconstruction_plate_ID": 0, "feature_type": "gpml:SubductionZone", "feature_name": "Alpine - Carpathians Deforming Front 67-0Ma" }, "geometry": { "type": "LineString", "coordinates": [ [ 7.195790954365254, 43.58312782872143 ], [ 5.237749589073856, 43.994454292812456 ], [ 5.243130027900484, 45.072128567616282 ], [ 6.704394658974484, 46.581766441245335 ], [ 10.261994072274055, 47.732730390106902 ], [ 15.988263900135752, 48.29133766378056 ], [ 16.843676059618616, 49.136171675250246 ], [ 17.981717926587631, 49.626467584253774 ], [ 20.241135293984996, 50.016688784500182 ], [ 22.407067435374156, 50.017629106964513 ], [ 24.204962144454701, 49.112572905997212 ], [ 26.767608338466186, 46.656117962559144 ], [ 26.682021080407488, 45.259774766561577 ], [ 25.442856790188163, 44.717875167528653 ], [ 22.883347207657341, 44.82110401934856 ] ] } },
{ "type": "Feature", "properties": { "reconstruction_plate_ID": 0, "feature_type": "gpml:SubductionZone", "feature_name": "manila_trench" }, "geometry": { "type": "LineString", "coordinates": [ [ 120.357995567244757, 18.725850120610094 ], [ 120.471097437681493, 20.806774181037643 ], [ 121.588339868108775, 24.044318327459795 ] ] } },
{ "type": "Feature", "properties": { "reconstruction_plate_ID": 601, "feature_type": "gpml:SubductionZone", "feature_name": "SouthChina_SZ" }, "geometry": { "type": "LineString", "coordinates": [ [ 144.374864312559765, 41.131772561618845 ], [ 143.830957949286329, 37.921920514704354 ], [ 141.964562259950043, 35.256033174297507 ] ] } },
{ "type": "Feature", "properties": { "reconstruction_plate_ID": 601, "feature_type": "gpml:SubductionZone", "feature_name": "SouthChina_SZ" }, "geometry": { "type": "LineString", "coordinates": [ [ 141.964562259950043, 35.256033174297507 ], [ 140.67884876190746, 34.789614614619595 ], [ 139.181499784698104, 34.885571054917826 ], [ 138.110767934111095, 33.840420132643729 ], [ 136.217200837369745, 32.783722898490097 ] ] } },
{ "type": "Feature", "properties": { "reconstruction_plate_ID": 601, "feature_type": "gpml:SubductionZone", "feature_name": "SouthChina_SZ" }, "geometry": { "type": "LineString", "coordinates": [ [ 136.217200837369745, 32.783722898490097 ], [ 134.95242608948314, 32.478424002363319 ], [ 132.984771839799606, 31.318709174857503 ], [ 128.981479388494478, 25.830342250919546 ], [ 127.040863404741273, 24.305259153509759 ], [ 125.843202885925976, 23.645868327810856 ], [ 124.282494073786651, 23.288850300562363 ], [ 123.023723488994406, 23.336657667825914 ], [ 122.08912040638549, 23.757156904635462 ] ] } },
{ "type": "Feature", "properties": { "reconstruction_plate_ID": 601, "feature_type": "gpml:SubductionZone", "feature_name": "SouthChina_SZ" }, "geometry": { "type": "LineString", "coordinates": [ [ 122.08912040638549, 23.757156904635462 ], [ 121.588339868108775, 24.044318327459795 ] ] } },
{ "type": "Feature", "properties": { "reconstruction_plate_ID": 614, "feature_type": "gpml:SubductionZone", "feature_name": "Kalimantan subduction boundary (inferred)" }, "geometry": { "type": "LineString", "coordinates": [ [ 119.426183314208018, 5.42204655975168 ], [ 119.568730841521798, 5.533177775929783 ] ] } },
{ "type": "Feature", "properties": { "reconstruction_plate_ID": 614, "feature_type": "gpml:SubductionZone", "feature_name": "Kalimantan subduction boundary (inferred)" }, "geometry": { "type": "LineString", "coordinates": [ [ 119.568730841521798, 5.533177775929783 ], [ 122.056171257449179, 7.927274114585856 ], [ 123.092722748926306, 8.393972072229273 ] ] } },
{ "type": "Feature", "properties": { "reconstruction_plate_ID": 101, "feature_type": "gpml:SubductionZone", "feature_name": "COCOS - NORTH AMERICA TRENCH 1" }, "geometry": { "type": "LineString", "coordinates": [ [ -99.199136503785383, 15.999853275767975 ], [ -102.9, 17.6 ], [ -104.767649256551337, 18.867778662126668 ] ] } },
{ "type": "Feature", "properties": { "reconstruction_plate_ID": 101, "feature_type": "gpml:SubductionZone", "feature_name": "COCOS - NORTH AMERICA TRENCH 1" }, "geometry": { "type": "LineString", "coordinates": [ [ -104.767649256551337, 18.867778662126668 ], [ -105.6, 19.6 ], [ -105.7, 20.320734180665379 ] ] } },
{ "type": "Feature", "properties": { "reconstruction_plate_ID": 406, "feature_type": "gpml:SubductionZone", "feature_name": "Kamchatka SZ from EarthByte COB at 0Ma -- MG 4/20/07" }, "geometry": { "type": "LineString", "coordinates": [ [ 161.475412495261196, 52.499581934652092 ], [ 159.354155054940634, 50.484607030124693 ], [ 156.128739244580146, 48.367720196077379 ] ] } },
{ "type": "Feature", "properties": { "reconstruction_plate_ID": 406, "feature_type": "gpml:SubductionZone", "feature_name": "Kamchatka SZ from EarthByte COB at 0Ma -- MG 4/20/07" }, "geometry": { "type": "LineString", "coordinates": [ [ 156.128739244580146, 48.367720196077379 ], [ 152.565326910298978, 45.50487065322438 ], [ 144.374864312559765, 41.131772561618845 ] ] } },
{ "type": "Feature", "properties": { "reconstruction_plate_ID": 830, "feature_type": "gpml:SubductionZone", "feature_name": "NewBritian TR-MG-5-22-07" }, "geometry": { "type": "LineString", "coordinates": [ [ 153.661732246571262, -5.818091661263326 ], [ 152.571441905724754, -5.65329512105606 ], [ 149.287202870392775, -7.10150722196721 ] ] } },
{ "type": "Feature", "properties": { "reconstruction_plate_ID": 847, "feature_type": "gpml:SubductionZone", "feature_name": "So Melanesian-MG-5-20-07" }, "geometry": { "type": "LineString", "coordinates": [ [ 154.724520401362383, -6.845996383136383 ], [ 154.376137095293842, -6.594303166659421 ] ] } },
{ "type": "Feature", "properties": { "reconstruction_plate_ID": 847, "feature_type": "gpml:SubductionZone", "feature_name": "So Melanesian-MG-5-20-07" }, "geometry": { "type": "LineString", "coordinates": [ [ 154.376137095293842, -6.594303166659421 ], [ 153.661732246571262, -5.818091661263326 ] ] } },
{ "type": "Feature", "properties": { "reconstruction_plate_ID": 847, "feature_type": "gpml:SubductionZone", "feature_name": "So Melanesian-MG-5-20-07" }, "geometry": { "type": "LineString", "coordinates": [ [ 153.661732246571262, -5.818091661263326 ], [ 152.124103310708819, -3.646756510280162 ] ] } },
{ "type": "Feature", "properties": { "reconstruction_plate_ID": 69702, "feature_type": "gpml:SubductionZone", "feature_name": "NewBritainTrench DiCaprio" }, "geometry": { "type": "LineString", "coordinates": [ [ 149.287202870392775, -7.10150722196721 ], [ 148.358843726143505, -7.227390966878611 ] ] } },
{ "type": "Feature", "properties": { "reconstruction_plate_ID": 69702, "feature_type": "gpml:SubductionZone", "feature_name": "NewBritainTrench DiCaprio" }, "geometry": { "type": "LineString", "coordinates": [ [ 148.358843726143505, -7.227390966878611 ], [ 147.460327512144261, -6.940733749141729 ] ] } },
{ "type": "Feature", "properties": { "reconstruction_plate_ID": 827, "feature_type": "gpml:SubductionZone", "feature_name": "New Hebrides Trench" }, "geometry": { "type": "LineString", "coordinates": [ [ 172.598783212665609, -23.241155101114025 ], [ 170.541, -22.8226 ], [ 169.217, -21.7287 ], [ 168.007, -19.7636 ], [ 166.224, -15.5595 ], [ 166.228840765072391, -14.671230044556525 ] ] } },
{ "type": "Feature", "properties": { "reconstruction_plate_ID": 827, "feature_type": "gpml:SubductionZone", "feature_name": "New Hebrides Trench" }, "geometry": { "type": "LineString", "coordinates": [ [ 166.228840765072391, -14.671230044556525 ], [ 166.208347042707004, -14.185213775451308 ] ] } },
{ "type": "Feature", "properties": { "reconstruction_plate_ID": 669, "feature_type": "gpml:SubductionZone", "feature_name": "North Sulawesi Subduction" }, "geometry": { "type": "LineString", "coordinates": [ [ 119.299386769090432, 1.209154002238976 ], [ 125.763155858512391, 1.836416311165902 ] ] } },
{ "type": "Feature", "properties": { "reconstruction_plate_ID": 821, "feature_type": "gpml:SubductionZone", "feature_name": "Tonga-Kermadec-MG" }, "geometry": { "type": "LineString", "coordinates": [ [ -179.27871227541209, -14.940154014626886 ], [ -175.424106181643822, -14.444190669305325 ] ] } },
{ "type": "Feature", "properties": { "reconstruction_plate_ID": 821, "feature_type": "gpml:SubductionZone", "feature_name": "Tonga-Kermadec-MG" }, "geometry": { "type": "LineString", "coordinates": [ [ -175.424106181643822, -14.444190669305325 ], [ -174.436417102733543, -14.300298366475618 ], [ -173.441292894809578, -14.610226309207045 ], [ -172.309155243682454, -15.493706778297469 ], [ -172.34735846497756, -17.305777930343215 ], [ -173.028421278989839, -19.588366535317885 ], [ -175.006968259452464, -23.766017472686428 ] ] } },
{ "type": "Feature", "properties": { "reconstruction_plate_ID": 821, "feature_type": "gpml:SubductionZone", "feature_name": "Tonga-Kermadec-MG" }, "geometry": { "type": "LineString", "coordinates": [ [ -175.006968259452464, -23.766017472686428 ], [ -175.421330518554981, -26.917350547693967 ], [ -176.235924258386774, -29.743891035292542 ], [ -177.460944459880608, -32.116177251955044 ] ] } },
{ "type": "Feature", "properties": { "reconstruction_plate_ID": 413, "feature_type": "gpml:SubductionZone", "feature_name": "Shirshov Ridge Subduction" }, "geometry": { "type": "LineString", "coordinates": [ [ 169.118332602803491, 53.100213858165468 ], [ 161.475412495261196, 52.499581934652092 ] ] } },
{ "type": "Feature", "properties": { "reconstruction_plate_ID": 111, "feature_type": "gpml:SubductionZone", "feature_name": "Aleutian and Bering Sea Masking Polygon" }, "geometry": { "type": "MultiLineString", "coordinates": [ [ [ -143.528781351913835, 59.340542057895412 ], [ -144.832182409780813, 58.909753674912828 ], [ -147.20988188334519, 57.466858174419833 ], [ -154.064930787400442, 54.949835784079383 ], [ -173.002, 50.819 ], [ -179.99999999, 50.449806835216194 ] ], [ [ 179.99999999, 50.449806835216194 ], [ 175.474, 50.9382 ], [ 169.118332602803491, 53.100213858165468 ] ] ] } },
{ "type": "Feature", "properties": { "reconstruction_plate_ID": 111, "feature_type": "gpml:SubductionZone", "feature_name": "Aleutian and Bering Sea Masking Polygon" }, "geometry": { "type": "LineString", "coordinates": [ [ 169.118332602803491, 53.100213858165468 ], [ 164.073689375028721, 55.194245579545495 ] ] } },
{ "type": "Feature", "properties": { "reconstruction_plate_ID": 678, "feature_type": "gpml:SubductionZone", "feature_name": "Philippine trench" }, "geometry": { "type": "LineString", "coordinates": [ [ 123.007941551877821, 17.076359381725684 ], [ 126.325829084777865, 12.055065389004621 ], [ 127.460868383865431, 8.024415926324071 ], [ 127.335755911782059, 6.565103187081331 ], [ 128.884014350501076, 3.115711560738134 ], [ 128.940248993455668, 2.31840107500484 ] ] } },
{ "type": "Feature", "properties": { "reconstruction_plate_ID": 689, "feature_type": "gpml:SubductionZone", "feature_name": "Mussau Trench" }, "geometry": { "type": "LineString", "coordinates": [ [ 149.319783051345524, -0.738378168552774 ], [ 148.037053306214631, 5.569143055063459 ] ] } },
{ "type": "Feature", "properties": { "reconstruction_plate_ID": 2011, "feature_type": "gpml:SubductionZone", "feature_name": "Caribbean subduction" }, "geometry": { "type": "LineString", "coordinates": [ [ -62.45423039091029, 19.655310982404249 ], [ -60.484851305262794, 18.623359132142991 ], [ -58.92110011628408, 16.628426791865017 ] ] } },
{ "type": "Feature", "properties": { "reconstruction_plate_ID": 2011, "feature_type": "gpml:SubductionZone", "feature_name": "Caribbean subduction" }, "geometry": { "type": "LineString", "coordinates": [ [ -58.92110011628408, 16.628426791865017 ], [ -57.655272891277839, 14.924554135341108 ], [ -57.282485415404217, 13.071277321378947 ], [ -57.787539398496563, 10.695233686878689 ] ] } },
{ "type": "Feature", "properties": { "reconstruction_plate_ID": 847, "feature_type": "gpml:SubductionZone", "feature_name": "SanCristobalTrench consistent with Bird 2002" }, "geometry": { "type": "LineString", "coordinates": [ [ 165.552218439082793, -11.737173518388914 ], [ 164.449633838937501, -11.085786130644305 ], [ 162.242089887812114, -11.438726594784358 ], [ 161.147461053370449, -11.145710242547754 ], [ 156.301680647398712, -8.181728504109264 ] ] } },
{ "type": "Feature", "properties": { "reconstruction_plate_ID": 847, "feature_type": "gpml:SubductionZone", "feature_name": "SanCristobalTrench consistent with Bird 2002" }, "geometry": { "type": "LineString", "coordinates": [ [ 156.301680647398712, -8.181728504109264 ], [ 155.515891582313884, -7.456834453041945 ] ] } },
{ "type": "Feature", "properties": { "reconstruction_plate_ID": 847, "feature_type": "gpml:SubductionZone", "feature_name": "SanCristobalTrench consistent with Bird 2002" }, "geometry": { "type": "LineString", "coordinates": [ [ 155.515891582313884, -7.456834453041945 ], [ 154.725425902528883, -6.847993241806202 ] ] } },
{ "type": "Feature", "properties": { "reconstruction_plate_ID": 847, "feature_type": "gpml:SubductionZone", "feature_name": "SanCristobalTrench consistent with Bird 2002" }, "geometry": { "type": "LineString", "coordinates": [ [ 154.725425902528883, -6.847993241806202 ], [ 154.376137095293842, -6.594303166659421 ] ] } },
{ "type": "Feature", "properties": { "reconstruction_plate_ID": 697, "feature_type": "gpml:SubductionZone", "feature_name": "PNG subduction" }, "geometry": { "type": "LineString", "coordinates": [ [ 131.487363024817654, 0.426456742217102 ], [ 131.901031705989055, 0.310926758904687 ] ] } },
{ "type": "Feature", "properties": { "reconstruction_plate_ID": 697, "feature_type": "gpml:SubductionZone", "feature_name": "PNG subduction" }, "geometry": { "type": "LineString", "coordinates": [ [ 131.901031705989055, 0.310926758904687 ], [ 132.708216129614698, 0.085447542758896 ] ] } },
{ "type": "Feature", "properties": { "reconstruction_plate_ID": 697, "feature_type": "gpml:SubductionZone", "feature_name": "PNG subduction" }, "geometry": { "type": "LineString", "coordinates": [ [ 132.708216129614698, 0.085447542758896 ], [ 140.02127711883233, -1.695859705153986 ] ] } },
{ "type": "Feature", "properties": { "reconstruction_plate_ID": 697, "feature_type": "gpml:SubductionZone", "feature_name": "PNG subduction" }, "geometry": { "type": "LineString", "coordinates": [ [ 140.02127711883233, -1.695859705153986 ], [ 143.866663510308939, -3.348013772103763 ] ] } },
{ "type": "Feature", "properties": { "reconstruction_plate_ID": 12001, "feature_type": "gpml:SubductionZone", "feature_name": "JF\\NA                      by Peter Bird   1999" }, "geometry": { "type": "LineString", "coordinates": [ [ -124.678098341242233, 40.331067068258221 ], [ -125.3091, 41.65221 ], [ -125.375, 44.6674 ], [ -126.084, 47.35027 ], [ -126.733, 48.29 ], [ -127.818, 49.08011 ], [ -128.029, 49.78131 ], [ -130.863530707798645, 51.586544642876277 ] ] } },
{ "type": "Feature", "properties": { "reconstruction_plate_ID": 201, "feature_type": "gpml:SubductionZone", "feature_name": "South America trench taken from a combination of RUM and COB file" }, "geometry": { "type": "LineString", "coordinates": [ [ -64.595021009920373, -58.081795836858944 ], [ -71.488633557034021, -56.401643911912629 ], [ -74.32328047376626, -55.081008359469045 ], [ -76.18474662593691, -53.75014243709893 ], [ -76.862165717815898, -51.366329756285928 ] ] } },
{ "type": "Feature", "properties": { "reconstruction_plate_ID": 201, "feature_type": "gpml:SubductionZone", "feature_name": "South America trench taken from a combination of RUM and COB file" }, "geometry": { "type": "LineString", "coordinates": [ [ -76.862165717815898, -51.366329756285928 ], [ -77.438701459686939, -49.463053484342574 ], [ -76.058664190021133, -46.304254307766762 ], [ -76.144422771257965, -45.543638133621393 ] ] } },
{ "type": "Feature", "properties": { "reconstruction_plate_ID": 201, "feature_type": "gpml:SubductionZone", "feature_name": "South America trench taken from a combination of RUM and COB file" }, "geometry": { "type": "LineString", "coordinates": [ [ -76.144422771257965, -45.543638133621393 ], [ -74.78265764207039, -38.733573529941225 ] ] } },
{ "type": "Feature", "properties": { "reconstruction_plate_ID": 201, "feature_type": "gpml:SubductionZone", "feature_name": "TBD SUB" }, "geometry": { "type": "LineString", "coordinates": [ [ -76.997978866849536, 9.849563909794172 ], [ -76.774877050730566, 10.152432752657454 ] ] } },
{ "type": "Feature", "properties": { "reconstruction_plate_ID": 201, "feature_type": "gpml:SubductionZone", "feature_name": "TBD SUB" }, "geometry": { "type": "LineString", "coordinates": [ [ -76.774877050730566, 10.152432752657454 ], [ -75.063889658456418, 12.209051959559527 ] ] } },
{ "type": "Feature", "properties": { "reconstruction_plate_ID": 201, "feature_type": "gpml:SubductionZone", "feature_name": "TBD SUB" }, "geometry": { "type": "LineString", "coordinates": [ [ -81.660183386710898, -3.174404036525242 ], [ -81.4025, -1.12539999999962 ], [ -80.43, 1.426599999999514 ], [ -78.012065131988649, 4.66367626753816 ] ] } },
{ "type": "Feature", "properties": { "reconstruction_plate_ID": 44103, "feature_type": "gpml:UnclassifiedFeature", "feature_name": "Siberia_Mesh_Line" }, "geometry": { "type": "LineString", "coordinates": [ [ 153.928493071608727, 62.82996996890833 ], [ 161.089953542428418, 61.160664471550781 ] ] } },
{ "type": "Feature", "properties": { "reconstruction_plate_ID": 0, "feature_type": "gpml:UnclassifiedFeature", "feature_name": "West Mediterranean Mesh Boundary" }, "geometry": { "type": "LineString", "coordinates": [ [ 0.181740611689376, 38.763397142803278 ], [ 1.28833950120341, 38.488914793486082 ], [ 6.30670294625961, 39.034585844813151 ], [ 8.240085197382607, 37.949096294571184 ], [ 10.651582492787586, 39.068832224652162 ], [ 9.54395486111431, 43.396072060983599 ], [ 7.572566971798288, 45.101104467621788 ] ] } },
{ "type": "Feature", "properties": { "reconstruction_plate_ID": 0, "feature_type": "gpml:UnclassifiedFeature", "feature_name": "Alps-Apennines Transform 35-0Ma" }, "geometry": { "type": "LineString", "coordinates": [ [ 7.195790954365254, 43.58312782872143 ], [ 7.805502339529436, 43.957276165751338 ], [ 7.552616566927512, 45.107231739249741 ] ] } },
{ "type": "Feature", "properties": { "reconstruction_plate_ID": 406, "feature_type": "gpml:UnclassifiedFeature", "feature_name": "Siberia_Mesh_Line" }, "geometry": { "type": "LineString", "coordinates": [ [ 163.096142319300924, 56.257195420188779 ], [ 164.146658141649027, 58.046164088189336 ] ] } },
{ "type": "Feature", "properties": { "reconstruction_plate_ID": 0, "feature_type": "gpml:UnclassifiedFeature", "feature_name": "Transfer Alpine-Dinarides" }, "geometry": { "type": "LineString", "coordinates": [ [ 19.854261335160079, 45.027114409424726 ], [ 19.973869209234746, 43.864475068913229 ], [ 20.826684487590779, 41.971370729652669 ], [ 21.466733870107497, 41.257924819589363 ] ] } },
{ "type": "Feature", "properties": { "reconstruction_plate_ID": 0, "feature_type": "gpml:UnclassifiedFeature", "feature_name": "Eastern Mediterranean suture 35-0Ma" }, "geometry": { "type": "LineString", "coordinates": [ [ 21.466733870107497, 41.257924819589363 ], [ 24.601467543521522, 39.179087853163601 ], [ 28.272895524748332, 38.838006459590233 ], [ 34.993565004173327, 39.09659486013755 ], [ 39.272346742857621, 38.707378235217433 ] ] } },
{ "type": "Feature", "properties": { "reconstruction_plate_ID": 6662, "feature_type": "gpml:UnclassifiedFeature", "feature_name": "Kurli_Arc_Mask_Boundary_Topology" }, "geometry": { "type": "LineString", "coordinates": [ [ 144.424131575373082, 44.537376750938229 ], [ 145.828647139597962, 44.760416458225187 ], [ 151.207503739494285, 46.79364743309619 ], [ 152.74509052895985, 47.765983916753541 ], [ 154.14494713927968, 49.377113917179109 ] ] } },
{ "type": "Feature", "properties": { "reconstruction_plate_ID": 406, "feature_type": "gpml:UnclassifiedFeature", "feature_name": "Siberia_Mesh_Line" }, "geometry": { "type": "LineString", "coordinates": [ [ 164.146658141649027, 58.046164088189336 ], [ 167.488459338972405, 59.331441551708131 ], [ 171.430741166717297, 61.675599090300068 ], [ 170.018185425216586, 61.77902984031148 ], [ 164.086293429724122, 60.778945942442142 ], [ 161.319417102244358, 61.134087163529244 ] ] } },
{ "type": "Feature", "properties": { "reconstruction_plate_ID": 406, "feature_type": "gpml:UnclassifiedFeature", "feature_name": "Siberia_Mesh_Line" }, "geometry": { "type": "LineString", "coordinates": [ [ 161.319417102244358, 61.134087163529244 ], [ 161.089953542428418, 61.160664471550781 ] ] } },
{ "type": "Feature", "properties": { "reconstruction_plate_ID": 406, "feature_type": "gpml:UnclassifiedFeature", "feature_name": "Kurli_Arc_Mask_Boundary_Topology" }, "geometry": { "type": "LineString", "coordinates": [ [ 154.14494713927968, 49.377113917179109 ], [ 148.971658685948, 47.577005774151857 ], [ 144.752346409848599, 47.206736775415948 ] ] } },
{ "type": "Feature", "properties": { "reconstruction_plate_ID": 8680, "feature_type": "gpml:InferredPaleoBoundary", "feature_name": "CLONE_Southern Margin of Challenger Plateau-New Zealand" }, "geometry": { "type": "LineString", "coordinates": [ [ 165.145392554584163, -46.55704990675769 ], [ 165.457491563593919, -45.802937374997626 ], [ 171.140681546660119, -42.91443688311562 ] ] } },
{ "type": "Feature", "properties": { "reconstruction_plate_ID": 301, "feature_type": "gpml:UnclassifiedFeature", "feature_name": "Alpine Mesh Boundary 68-35Ma" }, "geometry": { "type": "LineString", "coordinates": [ [ 19.854261335160079, 45.027114409424726 ], [ 22.883347207657341, 44.82110401934856 ] ] } },
{ "type": "Feature", "properties": { "reconstruction_plate_ID": 503, "feature_type": "gpml:UnclassifiedFeature", "feature_name": "North Arabia 10-0 Ma" }, "geometry": { "type": "LineString", "coordinates": [ [ 34.419506031702795, 35.223913615846712 ], [ 35.723414789969269, 35.776743343270951 ] ] } },
{ "type": "Feature", "properties": { "reconstruction_plate_ID": 503, "feature_type": "gpml:UnclassifiedFeature", "feature_name": "Boundary East Mediterranean - North Arabia Mesh 10-0 Ma" }, "geometry": { "type": "LineString", "coordinates": [ [ 34.419506031702795, 35.223913615846712 ], [ 34.420966451858071, 35.216576953754277 ] ] } },
{ "type": "Feature", "properties": { "reconstruction_plate_ID": 2031, "feature_type": "gpml:UnclassifiedFeature", "feature_name": "Northern_Andes_Boundary_Deformation" }, "geometry": { "type": "LineString", "coordinates": [ [ -79.830023991332538, 8.774006284703283 ], [ -78.550379797740746, 9.884446958916126 ], [ -77.06901456092308, 10.106931130718239 ] ] } },
{ "type": "Feature", "properties": { "reconstruction_plate_ID": 2031, "feature_type": "gpml:UnclassifiedFeature", "feature_name": "Northern_Andes_Boundary_Deformation" }, "geometry": { "type": "LineString", "coordinates": [ [ -77.06901456092308, 10.106931130718239 ], [ -76.774877050730566, 10.152432752657454 ] ] } },
{ "type": "Feature", "properties": { "reconstruction_plate_ID": 2031, "feature_type": "gpml:UnclassifiedFeature", "feature_name": "Northern_Andes_Boundary_Deformation" }, "geometry": { "type": "LineString", "coordinates": [ [ -77.06901456092308, 10.106931130718239 ], [ -76.997978866849536, 9.849563909794172 ] ] } },
{ "type": "Feature", "properties": { "reconstruction_plate_ID": 101, "feature_type": "gpml:FractureZone", "feature_name": "Northern most NAN PAC f NUMVEL file MG 4-28-07" }, "geometry": { "type": "LineString", "coordinates": [ [ -143.528781351913835, 59.340542057895412 ], [ -137.042992618894914, 57.535653875905354 ], [ -136.3, 57.0 ], [ -135.9, 56.0 ], [ -134.457064643912105, 54.266815657891954 ] ] } },
{ "type": "Feature", "properties": { "reconstruction_plate_ID": 713, "feature_type": "gpml:ContinentalRift", "feature_name": "Victoria-Rovuma (Stamps et al 2008)" }, "geometry": { "type": "LineString", "coordinates": [ [ 34.326735741514931, -11.535456685432706 ], [ 35.263, -9.83662 ], [ 36.863245394128107, -7.894932478083064 ] ] } },
{ "type": "Feature", "properties": { "reconstruction_plate_ID": 406, "feature_type": "gpml:Fault", "feature_name": "Kamchatka" }, "geometry": { "type": "LineString", "coordinates": [ [ 161.319417102244358, 61.134087163529244 ], [ 157.959, 59.540100000000251 ], [ 155.002, 57.033300000000246 ], [ 154.776, 55.189500000000194 ], [ 155.027, 53.185700000000203 ], [ 156.128739244580146, 48.367720196077379 ] ] } },
{ "type": "Feature", "properties": { "reconstruction_plate_ID": 291, "feature_type": "gpml:ContinentalRift", "feature_name": "Victoria - Somalia" }, "geometry": { "type": "LineString", "coordinates": [ [ 36.863245394128107, -7.894932478083064 ], [ 35.910002870970601, -5.433428907483192 ] ] } },
{ "type": "Feature", "properties": { "reconstruction_plate_ID": 901, "feature_type": "gpml:Fault", "feature_name": "PAC NAM 2 SAF MG 4-28-07" }, "geometry": { "type": "LineString", "coordinates": [ [ -124.07517829462229, 40.309494322021706 ], [ -123.7, 39.0 ], [ -122.3, 37.5 ], [ -114.359364412442559, 30.903877784906474 ] ] } },
{ "type": "Feature", "properties": { "reconstruction_plate_ID": 901, "feature_type": "gpml:UnclassifiedFeature", "feature_name": "MACQUARIE" }, "geometry": { "type": "LineString", "coordinates": [ [ 160.747552631511212, -62.499999803722979 ], [ 160.848, -61.520699999998747 ], [ 160.183, -60.258399999998815 ], [ 158.069, -58.813099999998869 ], [ 157.442, -57.261899999998924 ], [ 157.919, -56.014599999998978 ], [ 159.208, -55.428799999998986 ], [ 159.783, -53.653199999999053 ], [ 161.94, -51.639699999999138 ], [ 164.004, -48.972999999999224 ], [ 165.17478037281407, -46.799885824307147 ] ] } },
{ "type": "Feature", "properties": { "reconstruction_plate_ID": 503, "feature_type": "gpml:FractureZone", "feature_name": "Dead Sea F& Arab-Turk Suture NUVEL file., DB 04-2007" }, "geometry": { "type": "LineString", "coordinates": [ [ 39.272346742857621, 38.707378235217433 ], [ 38.9574761066131, 38.458360074179318 ] ] } },
{ "type": "Feature", "properties": { "reconstruction_plate_ID": 503, "feature_type": "gpml:FractureZone", "feature_name": "Dead Sea F& Arab-Turk Suture NUVEL file., DB 04-2007" }, "geometry": { "type": "LineString", "coordinates": [ [ 38.9574761066131, 38.458360074179318 ], [ 36.8, 37.200000000000571 ], [ 35.9, 36.400000000000567 ], [ 35.723414789969269, 35.776743343270951 ] ] } },
{ "type": "Feature", "properties": { "reconstruction_plate_ID": 503, "feature_type": "gpml:FractureZone", "feature_name": "Dead Sea F& Arab-Turk Suture NUVEL file., DB 04-2007" }, "geometry": { "type": "LineString", "coordinates": [ [ 35.723414789969269, 35.776743343270951 ], [ 35.0, 32.100000000000385 ], [ 34.9, 29.50000000000043 ], [ 34.2, 27.594990781548191 ] ] } },
{ "type": "Feature", "properties": { "reconstruction_plate_ID": 659, "feature_type": "gpml:InferredPaleoBoundary", "feature_name": "Bndy Bonin-Mariana" }, "geometry": { "type": "LineString", "coordinates": [ [ 141.71955286002941, 24.236390756428719 ], [ 142.980755086116716, 24.585785276567773 ] ] } },
{ "type": "Feature", "properties": { "reconstruction_plate_ID": 659, "feature_type": "gpml:InferredPaleoBoundary", "feature_name": "Bndy Bonin-Mariana" }, "geometry": { "type": "LineString", "coordinates": [ [ 142.980755086116716, 24.585785276567773 ], [ 143.370183990251121, 24.632439471688244 ] ] } },
{ "type": "Feature", "properties": { "reconstruction_plate_ID": 701, "feature_type": "gpml:FractureZone", "feature_name": "Owen FZ from NUVEL file, DB 04-2007" }, "geometry": { "type": "LineString", "coordinates": [ [ 57.089683292179117, 10.374741604580775 ], [ 58.314247351579532, 12.684871188124887 ] ] } },
{ "type": "Feature", "properties": { "reconstruction_plate_ID": 701, "feature_type": "gpml:FractureZone", "feature_name": "Owen FZ from NUVEL file, DB 04-2007" }, "geometry": { "type": "LineString", "coordinates": [ [ 58.314247351579532, 12.684871188124887 ], [ 59.726025461727922, 15.334966039711336 ], [ 61.014259222269288, 18.701951638555823 ], [ 63.464596397129888, 22.69006056474873 ], [ 65.493573966185608, 25.164562299493646 ] ] } },
{ "type": "Feature", "properties": { "reconstruction_plate_ID": 701, "feature_type": "gpml:FractureZone", "feature_name": "Owen FZ from NUVEL file, DB 04-2007" }, "geometry": { "type": "LineString", "coordinates": [ [ 65.493573966185608, 25.164562299493646 ], [ 71.945544067701832, 34.768092124629405 ] ] } },
{ "type": "Feature", "properties": { "reconstruction_plate_ID": 248, "feature_type": "gpml:InferredPaleoBoundary", "feature_name": "Bndy from Mar to Sikoku" }, "geometry": { "type": "LineString", "coordinates": [ [ 139.261971313835687, 24.850015419345947 ], [ 141.106133689953822, 25.231228117739491 ] ] } },
{ "type": "Feature", "properties": { "reconstruction_plate_ID": 901, "feature_type": "gpml:InferredPaleoBoundary", "feature_name": "Near Vitius tr-MG-5-24-07" }, "geometry": { "type": "LineString", "coordinates": [ [ 166.156257120637719, -13.791955709844322 ], [ 168.220424083366737, -13.495733638632995 ], [ 171.285163800856395, -14.063843624750952 ], [ 171.290829618086264, -13.801392234338755 ], [ 172.65278446972053, -13.332284860108659 ] ] } },
{ "type": "Feature", "properties": { "reconstruction_plate_ID": 821, "feature_type": "gpml:InferredPaleoBoundary", "feature_name": "Hunter FractureZone DiCaprio" }, "geometry": { "type": "MultiLineString", "coordinates": [ [ [ -178.787962365328525, -16.671540169463857 ], [ -179.99999999, -17.497545180810775 ] ], [ [ 179.99999999, -17.497545180810775 ], [ 176.179022268664681, -21.231167041837459 ], [ 174.032816367481558, -22.449423045996532 ] ] ] } },
{ "type": "Feature", "properties": { "reconstruction_plate_ID": 821, "feature_type": "gpml:InferredPaleoBoundary", "feature_name": "Hunter FractureZone DiCaprio" }, "geometry": { "type": "LineString", "coordinates": [ [ 174.032816367481558, -22.449423045996532 ], [ 172.598783212665609, -23.241155101114025 ] ] } },
{ "type": "Feature", "properties": { "reconstruction_plate_ID": 7250, "feature_type": "gpml:InferredPaleoBoundary", "feature_name": "Indonesian bndy w IND-mg" }, "geometry": { "type": "LineString", "coordinates": [ [ 97.260759511785011, 28.859573068674216 ], [ 97.193823119518385, 28.625567878572966 ] ] } },
{ "type": "Feature", "properties": { "reconstruction_plate_ID": 7250, "feature_type": "gpml:InferredPaleoBoundary", "feature_name": "Indonesian bndy w IND-mg" }, "geometry": { "type": "LineString", "coordinates": [ [ 97.193823119518385, 28.625567878572966 ], [ 96.589032954806058, 27.60512796833612 ] ] } },
{ "type": "Feature", "properties": { "reconstruction_plate_ID": 7250, "feature_type": "gpml:InferredPaleoBoundary", "feature_name": "Indonesian bndy w IND-mg" }, "geometry": { "type": "LineString", "coordinates": [ [ 96.589032954806058, 27.60512796833612 ], [ 94.366025712873636, 24.692330852913315 ], [ 93.779898492021474, 22.434162727604985 ], [ 94.1816, 19.788100000001123 ], [ 93.828376589130002, 17.320309526221767 ], [ 93.103873582163374, 14.664752329516888 ], [ 91.250021384236632, 12.18718069417619 ] ] } },
{ "type": "Feature", "properties": { "reconstruction_plate_ID": 706, "feature_type": "gpml:InferredPaleoBoundary", "feature_name": "Morocco" }, "geometry": { "type": "LineString", "coordinates": [ [ -34.681402978954686, 35.217571892929683 ], [ -18.8627, 36.003600000000169 ], [ -9.884583153865282, 36.858666137993033 ], [ -5.631180794784517, 36.46443605102327 ] ] } },
{ "type": "Feature", "properties": { "reconstruction_plate_ID": 901, "feature_type": "gpml:InferredPaleoBoundary", "feature_name": "ManusTrench DiCaprio" }, "geometry": { "type": "LineString", "coordinates": [ [ 149.022417077661601, -0.590622237805595 ], [ 145.909, -0.397071 ], [ 140.02127711883233, -1.695859705153986 ] ] } },
{ "type": "Feature", "properties": { "reconstruction_plate_ID": 823, "feature_type": "gpml:InferredPaleoBoundary", "feature_name": "NewLine-1" }, "geometry": { "type": "LineString", "coordinates": [ [ -177.401071946587876, -24.103555891792478 ], [ -175.006968259452464, -23.766017472686428 ] ] } },
{ "type": "Feature", "properties": { "reconstruction_plate_ID": 608, "feature_type": "gpml:InferredPaleoBoundary", "feature_name": "Philippine Plate from NUVEL" }, "geometry": { "type": "LineString", "coordinates": [ [ 131.46432191913496, 0.353261222976295 ], [ 131.487363024817654, 0.426456742217102 ] ] } },
{ "type": "Feature", "properties": { "reconstruction_plate_ID": 823, "feature_type": "gpml:InferredPaleoBoundary", "feature_name": "LauColville LT" }, "geometry": { "type": "LineString", "coordinates": [ [ -179.27871227541209, -14.940154014626886 ], [ -178.787962365328525, -16.671540169463857 ] ] } },
{ "type": "Feature", "properties": { "reconstruction_plate_ID": 802, "feature_type": "gpml:TerraneBoundary", "feature_name": "E/W ANT" }, "geometry": { "type": "LineString", "coordinates": [ [ 160.003573924344437, -61.851292349844009 ], [ 160.747552631511212, -62.499999803722979 ] ] } },
{ "type": "Feature", "properties": { "reconstruction_plate_ID": 802, "feature_type": "gpml:TerraneBoundary", "feature_name": "E/W ANT" }, "geometry": { "type": "LineString", "coordinates": [ [ 160.747552631511212, -62.499999803722979 ], [ 166.00038296106851, -66.301557579980411 ], [ 172.597707682870009, -69.663167440452654 ] ] } },
{ "type": "Feature", "properties": { "reconstruction_plate_ID": 801, "feature_type": "gpml:TerraneBoundary", "feature_name": "Capricorn Boundary (Kreemer et al 2003)" }, "geometry": { "type": "LineString", "coordinates": [ [ 79.162488150852653, -36.493135926499058 ], [ 80.9094, -35.219500000009823 ], [ 85.455, -30.026100000008014 ], [ 87.9819, -26.207600000006881 ], [ 92.5304, -21.097600000005336 ], [ 96.6297, -15.594400000003855 ], [ 99.0444, -11.719800000002884 ], [ 103.985813354798012, -8.355046080017273 ] ] } },
{ "type": "Feature", "properties": { "reconstruction_plate_ID": 501, "feature_type": "gpml:TerraneBoundary", "feature_name": "Capricorn Boundary (Kreemer et al 2003)" }, "geometry": { "type": "LineString", "coordinates": [ [ 67.922464194568406, -1.903677980407575 ], [ 74.8979, -1.387350000000199 ], [ 80.6257, 0.0726627 ], [ 82.928, 1.027290000000151 ], [ 86.0165, 4.396560000000634 ], [ 88.4873, 5.575800000000812 ], [ 91.299309596596231, 9.051584787003348 ] ] } },
{ "type": "Feature", "properties": { "reconstruction_plate_ID": 668, "feature_type": "gpml:Transform", "feature_name": "West Sulawesi Transform" }, "geometry": { "type": "LineString", "coordinates": [ [ 121.326460903777615, -11.43157767009739 ], [ 121.266816440240973, -8.276992867552785 ], [ 120.535394328460598, -3.318615439284752 ] ] } },
{ "type": "Feature", "properties": { "reconstruction_plate_ID": 668, "feature_type": "gpml:Transform", "feature_name": "West Sulawesi Transform" }, "geometry": { "type": "LineString", "coordinates": [ [ 120.535394328460598, -3.318615439284752 ], [ 119.299386769090432, 1.209154002238976 ] ] } },
{ "type": "Feature", "properties": { "reconstruction_plate_ID": 668, "feature_type": "gpml:Transform", "feature_name": "West Sulawesi Transform" }, "geometry": { "type": "LineString", "coordinates": [ [ 119.299386769090432, 1.209154002238976 ], [ 119.307, 2.01785 ], [ 118.557276701332583, 3.505020849340355 ], [ 119.426183314208018, 5.42204655975168 ] ] } },
{ "type": "Feature", "properties": { "reconstruction_plate_ID": 674, "feature_type": "gpml:Transform", "feature_name": "Mindanao-Negros Transform" }, "geometry": { "type": "LineString", "coordinates": [ [ 126.744748008885225, 3.182724710816606 ], [ 125.383, 9.326419999999699 ], [ 124.735, 10.777299999999657 ], [ 120.639, 16.857599999999437 ], [ 119.734610683282526, 17.694354936306095 ] ] } },
{ "type": "Feature", "properties": { "reconstruction_plate_ID": 61502, "feature_type": "gpml:Transform", "feature_name": "PNG transform" }, "geometry": { "type": "LineString", "coordinates": [ [ 131.265082003746272, -2.939060720976877 ], [ 127.937759020958282, -2.57562507183081 ] ] } },
{ "type": "Feature", "properties": { "reconstruction_plate_ID": 61502, "feature_type": "gpml:Transform", "feature_name": "PNG transform" }, "geometry": { "type": "LineString", "coordinates": [ [ 127.937759020958282, -2.57562507183081 ], [ 124.077, -3.36107 ], [ 122.047059558998228, -3.338294348523335 ] ] } },
{ "type": "Feature", "properties": { "reconstruction_plate_ID": 61502, "feature_type": "gpml:Transform", "feature_name": "PNG transform" }, "geometry": { "type": "LineString", "coordinates": [ [ 122.047059558998228, -3.338294348523335 ], [ 120.535394328460598, -3.318615439284752 ] ] } },
{ "type": "Feature", "properties": { "reconstruction_plate_ID": 602, "feature_type": "gpml:Transform", "feature_name": "Red River Fault" }, "geometry": { "type": "LineString", "coordinates": [ [ 97.260759511785011, 28.859573068674216 ], [ 101.517, 23.9319 ], [ 104.866, 21.5656 ], [ 109.435701585719514, 17.192216270178136 ] ] } },
{ "type": "Feature", "properties": { "reconstruction_plate_ID": 662, "feature_type": "gpml:Transform", "feature_name": "Japan transform adapted from cob Subduction GS" }, "geometry": { "type": "LineString", "coordinates": [ [ 144.752346409848599, 47.206736775415948 ], [ 144.424131575373082, 44.537376750938229 ] ] } },
{ "type": "Feature", "properties": { "reconstruction_plate_ID": 317, "feature_type": "gpml:Transform", "feature_name": "North Porcupine Transform" }, "geometry": { "type": "LineString", "coordinates": [ [ -35.663945051113508, 52.596249515243557 ], [ -30.076951179629891, 52.169780554323211 ] ] } },
{ "type": "Feature", "properties": { "reconstruction_plate_ID": 679, "feature_type": "gpml:Transform", "feature_name": "North halmahera transform" }, "geometry": { "type": "LineString", "coordinates": [ [ 131.46432191913496, 0.353261222976295 ], [ 130.069, 0.86171 ], [ 128.940248993455668, 2.31840107500484 ] ] } },
{ "type": "Feature", "properties": { "reconstruction_plate_ID": 201, "feature_type": "gpml:Transform", "feature_name": "NORTH SCOTIA RIDGE TRANSFORM FAULT" }, "geometry": { "type": "LineString", "coordinates": [ [ -29.159695319956544, -54.792300550596799 ], [ -29.748936007457527, -54.869142624247985 ] ] } },
{ "type": "Feature", "properties": { "reconstruction_plate_ID": 201, "feature_type": "gpml:Transform", "feature_name": "NORTH SCOTIA RIDGE TRANSFORM FAULT" }, "geometry": { "type": "LineString", "coordinates": [ [ -29.748936007457527, -54.869142624247985 ], [ -33.9723, -54.3793 ], [ -34.9996, -54.1506 ], [ -35.9785, -53.4772 ], [ -37.6399, -53.1951 ], [ -40.2758, -53.3469 ], [ -47.8633, -52.6433 ], [ -51.9415, -52.7283 ], [ -55.1463, -53.5247 ], [ -61.8127, -53.7198 ], [ -65.6986, -54.5398 ], [ -67.987, -54.5503 ], [ -71.788, -53.8719 ], [ -74.9904, -52.5562 ], [ -76.862165717815898, -51.366329756285928 ] ] } },
{ "type": "Feature", "properties": { "reconstruction_plate_ID": 802, "feature_type": "gpml:Transform", "feature_name": "South Scotia Ridge Transform Fault from Bird 2002" }, "geometry": { "type": "LineString", "coordinates": [ [ -46.914466517243703, -59.965573385275576 ], [ -42.064316727038445, -60.50221303209176 ], [ -41.214315490735572, -60.974905186540838 ], [ -39.824894630190656, -60.634669260598429 ], [ -39.091851631931043, -61.018846362047377 ], [ -36.417962474187235, -61.392069216234511 ], [ -32.372084880563868, -60.410692417077378 ], [ -29.574176135996268, -60.583173490718558 ] ] } },
{ "type": "Feature", "properties": { "reconstruction_plate_ID": 652, "feature_type": "gpml:Transform", "feature_name": "South Sulawesi transform" }, "geometry": { "type": "LineString", "coordinates": [ [ 130.291517264826325, -8.809237681785726 ], [ 127.131784735762253, -6.737635925928454 ] ] } },
{ "type": "Feature", "properties": { "reconstruction_plate_ID": 652, "feature_type": "gpml:Transform", "feature_name": "South Sulawesi transform" }, "geometry": { "type": "LineString", "coordinates": [ [ 127.131784735762253, -6.737635925928454 ], [ 122.047059558998228, -3.338294348523335 ] ] } },
{ "type": "Feature", "properties": { "reconstruction_plate_ID": 409, "feature_type": "gpml:UnclassifiedFeature", "feature_name": "NE SIberia" }, "geometry": { "type": "LineString", "coordinates": [ [ 164.073689375028721, 55.194245579545495 ], [ 163.096142319300924, 56.257195420188779 ] ] } },
{ "type": "Feature", "properties": { "reconstruction_plate_ID": 697, "feature_type": "gpml:Transform", "feature_name": "Toricelli transform" }, "geometry": { "type": "LineString", "coordinates": [ [ 131.179954233137011, -0.174347799573518 ], [ 132.259047878728893, -0.605045629341172 ] ] } },
{ "type": "Feature", "properties": { "reconstruction_plate_ID": 697, "feature_type": "gpml:Transform", "feature_name": "Toricelli transform" }, "geometry": { "type": "LineString", "coordinates": [ [ 132.259047878728893, -0.605045629341172 ], [ 140.202426027729928, -2.951958363920241 ], [ 144.798546288078825, -4.900271110077689 ] ] } },
{ "type": "Feature", "properties": { "reconstruction_plate_ID": 604, "feature_type": "gpml:Transform", "feature_name": "Continuation of RRF" }, "geometry": { "type": "LineString", "coordinates": [ [ 109.435701585719514, 17.192216270178136 ], [ 109.790432370829791, 15.324280694375279 ], [ 109.778823183456609, 12.635491545943239 ], [ 109.219690642632258, 8.286306928079609 ], [ 110.463391755908276, 3.066173303840204 ] ] } },
{ "type": "Feature", "properties": { "reconstruction_plate_ID": 673, "feature_type": "gpml:Transform", "feature_name": "Three Pagodas and Sumatra Fault Zone" }, "geometry": { "type": "LineString", "coordinates": [ [ 97.738965029528558, 4.550087955736898 ], [ 98.72644445511088, 2.190383235555988 ], [ 103.098110044553522, -4.654563047460094 ], [ 102.777101165679582, -7.448874181343593 ] ] } },
{ "type": "Feature", "properties": { "reconstruction_plate_ID": 603, "feature_type": "gpml:Transform", "feature_name": "Burma transform" }, "geometry": { "type": "LineString", "coordinates": [ [ 97.368435732862991, 13.61353593561272 ], [ 96.660306884698855, 11.526110122085299 ], [ 96.610319795281384, 9.2689543039016 ], [ 96.845953701570949, 6.755631630178999 ], [ 97.3939425540851, 4.840370220548114 ], [ 97.738965029528558, 4.550087955736898 ] ] } },
{ "type": "Feature", "properties": { "reconstruction_plate_ID": 603, "feature_type": "gpml:Transform", "feature_name": "Burma transform" }, "geometry": { "type": "LineString", "coordinates": [ [ 96.589032954806058, 27.60512796833612 ], [ 96.913414655502876, 26.021208791930395 ], [ 96.085773766618161, 22.398174745889996 ], [ 96.191607965919459, 19.996818168568364 ], [ 97.131500314285432, 15.176328185142594 ] ] } },
{ "type": "Feature", "properties": { "reconstruction_plate_ID": 603, "feature_type": "gpml:Transform", "feature_name": "Burma transform" }, "geometry": { "type": "LineString", "coordinates": [ [ 97.131500314285432, 15.176328185142594 ], [ 97.368435732862991, 13.61353593561272 ] ] } },
{ "type": "Feature", "properties": { "reconstruction_plate_ID": 61502, "feature_type": "gpml:Transform", "feature_name": "Bird's Head transform" }, "geometry": { "type": "LineString", "coordinates": [ [ 128.565915278122844, -1.862873357190738 ], [ 131.179954233137011, -0.174347799573518 ] ] } },
{ "type": "Feature", "properties": { "reconstruction_plate_ID": 61502, "feature_type": "gpml:Transform", "feature_name": "Bird's Head transform" }, "geometry": { "type": "LineString", "coordinates": [ [ 131.179954233137011, -0.174347799573518 ], [ 131.901031705989055, 0.310926758904687 ] ] } },
{ "type": "Feature", "properties": { "reconstruction_plate_ID": 614, "feature_type": "gpml:Transform", "feature_name": "Borneo transform" }, "geometry": { "type": "LineString", "coordinates": [ [ 117.416583503360997, 8.64245461777567 ], [ 118.741651653461659, 6.824682470094542 ] ] } },
{ "type": "Feature", "properties": { "reconstruction_plate_ID": 614, "feature_type": "gpml:Transform", "feature_name": "Borneo transform" }, "geometry": { "type": "LineString", "coordinates": [ [ 118.741651653461659, 6.824682470094542 ], [ 119.568730841521798, 5.533177775929783 ] ] } },
{ "type": "Feature", "properties": { "reconstruction_plate_ID": 614, "feature_type": "gpml:OrogenicBelt", "feature_name": "Borneo deformation" }, "geometry": { "type": "LineString", "coordinates": [ [ 110.463391755908276, 3.066173303840204 ], [ 112.713522003433155, 2.174057919691769 ], [ 113.579854719008765, 2.606242294713538 ], [ 116.55930576844743, 7.699777511199978 ] ] } },
{ "type": "Feature", "properties": { "reconstruction_plate_ID": 901, "feature_type": "gpml:Transform", "feature_name": "Sorol Trough" }, "geometry": { "type": "LineString", "coordinates": [ [ 138.451691841665763, 9.332450288039334 ], [ 140.598093505474424, 8.666494731154861 ], [ 143.660084969766984, 6.765262603452932 ], [ 148.037053306214631, 5.569143055063459 ] ] } },
{ "type": "Feature", "properties": { "reconstruction_plate_ID": 608, "feature_type": "gpml:InferredPaleoBoundary", "feature_name": "Philippine Plate from NUVEL" }, "geometry": { "type": "LineString", "coordinates": [ [ 132.708216129614698, 0.085447542758896 ], [ 132.805258156463111, 3.712058429817851 ], [ 133.50612823196164, 5.799414601735107 ], [ 134.641439498739743, 6.977066825004598 ] ] } },
{ "type": "Feature", "properties": { "reconstruction_plate_ID": 2015, "feature_type": "gpml:Transform", "feature_name": "" }, "geometry": { "type": "LineString", "coordinates": [ [ -80.95274664259297, 6.880967179705631 ], [ -78.777631528184259, 7.153628563534651 ] ] } },
{ "type": "Feature", "properties": { "reconstruction_plate_ID": 339, "feature_type": "gpml:Transform", "feature_name": "FZ NORTH 2" }, "geometry": { "type": "LineString", "coordinates": [ [ -81.726351104835047, 18.86977334868584 ], [ -79.464587913216022, 19.346379328633095 ], [ -72.230171028576052, 19.774122994111206 ], [ -62.45423039091029, 19.655310982404249 ] ] } },
{ "type": "Feature", "properties": { "reconstruction_plate_ID": 339, "feature_type": "gpml:Transform", "feature_name": "FZ NORTH 1" }, "geometry": { "type": "LineString", "coordinates": [ [ -99.199136503785383, 15.999853275767975 ], [ -96.178331294789302, 15.203066639623914 ] ] } },
{ "type": "Feature", "properties": { "reconstruction_plate_ID": 339, "feature_type": "gpml:Transform", "feature_name": "FZ NORTH 1" }, "geometry": { "type": "LineString", "coordinates": [ [ -96.178331294789302, 15.203066639623914 ], [ -88.59467205993414, 15.777462192600614 ], [ -85.1908, 17.022400000000342 ], [ -81.664816821395632, 17.802365906980295 ] ] } },
{ "type": "Feature", "properties": { "reconstruction_plate_ID": 201, "feature_type": "gpml:Transform", "feature_name": "TBD" }, "geometry": { "type": "LineString", "coordinates": [ [ -75.063889658456418, 12.209051959559527 ], [ -69.923451603159336, 11.540737207411317 ], [ -57.787539398496563, 10.695233686878689 ] ] } },
{ "type": "Feature", "properties": { "reconstruction_plate_ID": 802, "feature_type": "gpml:Transform", "feature_name": "Shackleton Fracture Zone" }, "geometry": { "type": "LineString", "coordinates": [ [ -64.595021009920373, -58.081795836858944 ], [ -64.189734124763191, -58.232408597602749 ] ] } },
{ "type": "Feature", "properties": { "reconstruction_plate_ID": 802, "feature_type": "gpml:Transform", "feature_name": "Shackleton Fracture Zone" }, "geometry": { "type": "LineString", "coordinates": [ [ -64.189734124763191, -58.232408597602749 ], [ -62.249681262657944, -58.624386099833089 ], [ -56.613690441626204, -60.684814609382109 ] ] } },
{ "type": "Feature", "properties": { "reconstruction_plate_ID": 802, "feature_type": "gpml:Transform", "feature_name": "Shackleton Fracture Zone" }, "geometry": { "type": "LineString", "coordinates": [ [ -56.613690441626204, -60.684814609382109 ], [ -54.918165754523741, -61.503628454165039 ] ] } },
{ "type": "Feature", "properties": { "reconstruction_plate_ID": 802, "feature_type": "gpml:Transform", "feature_name": "Shackleton Fracture Zone" }, "geometry": { "type": "LineString", "coordinates": [ [ -54.918165754523741, -61.503628454165039 ], [ -54.769140376713771, -61.584459390053325 ] ] } },
{ "type": "Feature", "properties": { "reconstruction_plate_ID": 829, "feature_type": "gpml:Transform", "feature_name": "Woodlark Rise boundary" }, "geometry": { "type": "LineString", "coordinates": [ [ 155.515891582313884, -7.456834453041945 ], [ 153.267326077768473, -9.166457842652358 ] ] } },
{ "type": "Feature", "properties": { "reconstruction_plate_ID": 847, "feature_type": "gpml:InferredPaleoBoundary", "feature_name": "Manus trench from Bird 2002" }, "geometry": { "type": "LineString", "coordinates": [ [ 149.022417077661601, -0.590622237805595 ], [ 149.319783051345524, -0.738378168552774 ] ] } },
{ "type": "Feature", "properties": { "reconstruction_plate_ID": 847, "feature_type": "gpml:InferredPaleoBoundary", "feature_name": "Manus trench from Bird 2002" }, "geometry": { "type": "LineString", "coordinates": [ [ 149.319783051345524, -0.738378168552774 ], [ 153.119, -2.20029 ], [ 153.711, -2.68759 ], [ 154.955, -4.55028 ], [ 154.978, -5.24012 ], [ 154.545, -5.90097 ], [ 154.724520401362383, -6.845996383136383 ] ] } },
{ "type": "Feature", "properties": { "reconstruction_plate_ID": 847, "feature_type": "gpml:InferredPaleoBoundary", "feature_name": "Manus trench from Bird 2002" }, "geometry": { "type": "LineString", "coordinates": [ [ 154.724520401362383, -6.845996383136383 ], [ 154.725425902528883, -6.847993241806202 ] ] } },
{ "type": "Feature", "properties": { "reconstruction_plate_ID": 61502, "feature_type": "gpml:Transform", "feature_name": "PNG transform" }, "geometry": { "type": "LineString", "coordinates": [ [ 124.612051726964836, -0.710297055878083 ], [ 126.96091477189573, -1.61813472034173 ] ] } },
{ "type": "Feature", "properties": { "reconstruction_plate_ID": 61502, "feature_type": "gpml:Transform", "feature_name": "PNG transform" }, "geometry": { "type": "LineString", "coordinates": [ [ 126.96091477189573, -1.61813472034173 ], [ 128.565915278122844, -1.862873357190738 ] ] } },
{ "type": "Feature", "properties": { "reconstruction_plate_ID": 69702, "feature_type": "gpml:Transform", "feature_name": "PNG" }, "geometry": { "type": "LineString", "coordinates": [ [ 144.798546288078825, -4.900271110077689 ], [ 144.016806248789464, -3.561893426513187 ] ] } },
{ "type": "Feature", "properties": { "reconstruction_plate_ID": 69702, "feature_type": "gpml:Transform", "feature_name": "PNG" }, "geometry": { "type": "LineString", "coordinates": [ [ 144.016806248789464, -3.561893426513187 ], [ 143.985772526316879, -3.517695518229945 ] ] } },
{ "type": "Feature", "properties": { "reconstruction_plate_ID": 69702, "feature_type": "gpml:Transform", "feature_name": "PNG" }, "geometry": { "type": "LineString", "coordinates": [ [ 143.985772526316879, -3.517695518229945 ], [ 143.866663510308939, -3.348013772103763 ] ] } },
{ "type": "Feature", "properties": { "reconstruction_plate_ID": 802, "feature_type": "gpml:Transform", "feature_name": "Shackleton Fracture Zone" }, "geometry": { "type": "LineString", "coordinates": [ [ -54.918165754523187, -61.503628454164911 ], [ -54.769140376713132, -61.584459390053212 ] ] } },
{ "type": "Feature", "properties": { "reconstruction_plate_ID": 802, "feature_type": "gpml:Transform", "feature_name": "Shackleton Fracture Zone" }, "geometry": { "type": "LineString", "coordinates": [ [ -64.595021009919179, -58.081795836859023 ], [ -64.189734124763191, -58.232408597602749 ] ] } },
{ "type": "Feature", "properties": { "reconstruction_plate_ID": 701, "feature_type": "gpml:ContinentalRift", "feature_name": "Somalia Africa boundary from PB03 GS" }, "geometry": { "type": "LineString", "coordinates": [ [ 34.326735741514931, -11.535456685432706 ], [ 34.0713, -13.1779 ], [ 34.8484, -14.5446 ], [ 34.6046, -15.851 ], [ 35.1906, -16.8479 ], [ 35.2024, -17.9741 ], [ 33.2805, -19.681 ], [ 33.0998, -21.3337 ], [ 29.2941, -22.4956 ], [ 27.4852, -24.4143 ], [ 27.8993, -26.1904 ], [ 26.591, -26.7714 ], [ 26.5886, -28.1584 ], [ 27.7591, -29.0597 ], [ 28.9068, -30.623 ], [ 37.5667, -36.9931 ], [ 32.7055, -46.1731 ], [ 33.503325596603737, -46.439461062196187 ] ] } },
{ "type": "Feature", "properties": { "reconstruction_plate_ID": 511, "feature_type": "gpml:UnclassifiedFeature", "feature_name": "Capricorn_Def_Line" }, "geometry": { "type": "LineString", "coordinates": [ [ 86.440015236846378, -24.558758085934667 ], [ 84.589040303797233, -25.065582789964726 ], [ 83.642601078444642, -26.510106681382116 ], [ 78.33294828881138, -27.136422471293585 ], [ 72.295784787824871, -26.989553750622385 ] ] } },
{ "type": "Feature", "properties": { "reconstruction_plate_ID": 511, "feature_type": "gpml:UnclassifiedFeature", "feature_name": "Capricorn_Def_Line" }, "geometry": { "type": "LineString", "coordinates": [ [ 88.206380821284299, -4.627789140728042 ], [ 77.89035238932189, -4.240417325924605 ], [ 72.251057827514742, -5.244016096335502 ], [ 70.531487439767531, -6.940384209371559 ], [ 70.167176265936035, -8.076730113173259 ], [ 67.714426192903957, -7.964309286089571 ] ] } },
{ "type": "Feature", "properties": { "reconstruction_plate_ID": 811, "feature_type": "gpml:Transform", "feature_name": "Bransfield Strait western transform" }, "geometry": { "type": "LineString", "coordinates": [ [ -64.022421621788965, -62.5112645472881 ], [ -61.7501, -63.2928 ] ] } },
{ "type": "Feature", "properties": { "reconstruction_plate_ID": 511, "feature_type": "gpml:UnclassifiedFeature", "feature_name": "Capricorn_Def_Line" }, "geometry": { "type": "LineString", "coordinates": [ [ 88.206380821284299, -4.627789140728042 ], [ 87.973387923273748, -13.784577907793214 ], [ 86.440015236846378, -24.558758085934667 ] ] } },
{ "type": "Feature", "properties": { "reconstruction_plate_ID": 811, "feature_type": "gpml:ContinentalRift", "feature_name": "Bransfield Strait back-arc rift" }, "geometry": { "type": "LineString", "coordinates": [ [ -61.7501, -63.2928 ], [ -54.769140376713132, -61.584459390053212 ] ] } },
{ "type": "Feature", "properties": { "reconstruction_plate_ID": 811, "feature_type": "gpml:Transform", "feature_name": "South Scotia transform above Powell Basin rifts" }, "geometry": { "type": "LineString", "coordinates": [ [ -50.877854430737564, -60.072523618570884 ], [ -46.914466517243703, -59.965573385275576 ] ] } },
{ "type": "Feature", "properties": { "reconstruction_plate_ID": 811, "feature_type": "gpml:ContinentalRift", "feature_name": "north of Powell Basin rift" }, "geometry": { "type": "LineString", "coordinates": [ [ -54.918165754523741, -61.503628454165039 ], [ -51.10349809618512, -60.568381343131335 ] ] } },
{ "type": "Feature", "properties": { "reconstruction_plate_ID": 8182, "feature_type": "gpml:Transform", "feature_name": "Transform south of Scotia Sea from Bird 2002" }, "geometry": { "type": "LineString", "coordinates": [ [ -50.877854430737564, -60.072523618570884 ], [ -51.10349809618512, -60.568381343131335 ] ] } },
{ "type": "Feature", "properties": { "reconstruction_plate_ID": 401, "feature_type": "gpml:Suture", "feature_name": "Siberia-Alaska suture" }, "geometry": { "type": "LineString", "coordinates": [ [ 135.44806444319326, 70.212635398166483 ], [ 133.60087239936928, 69.079506609753437 ], [ 133.675725281894017, 68.517624177810731 ], [ 137.710822408101961, 65.958685011245748 ], [ 145.398919525071648, 64.290202108994848 ], [ 147.920563749231292, 62.414112843133253 ], [ 149.392373736181867, 61.875294120094267 ], [ 151.459836478130399, 61.709134427683452 ], [ 153.928493071608727, 62.82996996890833 ] ] } },
{ "type": "Feature", "properties": { "reconstruction_plate_ID": 715, "feature_type": "gpml:ContinentalRift", "feature_name": "NE Africa-Somalia rigid boundary" }, "geometry": { "type": "LineString", "coordinates": [ [ 36.337961845741859, 5.814215669743828 ], [ 41.490819982615541, 11.397359773390939 ] ] } },
{ "type": "Feature", "properties": { "reconstruction_plate_ID": 0, "feature_type": "gpml:ContinentalRift", "feature_name": "Victoria-Somalia rigid boundary" }, "geometry": { "type": "LineString", "coordinates": [ [ 34.512113840119312, -5.168631303359729 ], [ 36.341222536181952, -1.66766320797422 ], [ 35.909749194004355, 0.67893967594952 ], [ 36.373980655875506, 2.995872380871289 ], [ 36.337961845741859, 5.814215669743828 ] ] } },
{ "type": "Feature", "properties": { "reconstruction_plate_ID": 606, "feature_type": "gpml:Suture", "feature_name": "Generalised Lhasa-Greater India suture" }, "geometry": { "type": "LineString", "coordinates": [ [ 71.945544067701832, 34.768092124629405 ], [ 72.9601, 35.368000000010831 ], [ 73.4279, 34.962200000010704 ], [ 74.5823, 35.606200000010936 ], [ 75.1693, 34.628700000010561 ], [ 76.8409, 34.252700000010414 ], [ 79.068, 32.845300000009857 ], [ 80.0176, 31.533400000009351 ], [ 81.3479, 30.835900000009154 ], [ 83.2836, 30.480300000008967 ], [ 86.0274, 29.126200000008499 ], [ 90.992, 29.324800000008555 ], [ 93.2461, 29.002100000008454 ], [ 95.363, 29.56980000000868 ], [ 97.193823119518385, 28.625567878572966 ] ] } },
{ "type": "Feature", "properties": { "reconstruction_plate_ID": 104, "feature_type": "gpml:PassiveContinentalBoundary", "feature_name": "NAM_Boundary" }, "geometry": { "type": "LineString", "coordinates": [ [ -105.7, 20.320734180665379 ], [ -106.348459429337595, 21.192664645473542 ], [ -107.169373476349222, 21.566240023388673 ], [ -107.02422635499363, 22.015958153490828 ], [ -107.830863635969934, 22.848769505530981 ], [ -107.805629908223736, 23.33113726128115 ] ] } },
{ "type": "Feature", "properties": { "reconstruction_plate_ID": 677, "feature_type": "gpml:UnclassifiedFeature", "feature_name": "South_China_Sea_Deformation_Boundary" }, "geometry": { "type": "LineString", "coordinates": [ [ 117.295649136593397, 8.552727830387068 ], [ 117.416583503360997, 8.64245461777567 ] ] } },
{ "type": "Feature", "properties": { "reconstruction_plate_ID": 677, "feature_type": "gpml:UnclassifiedFeature", "feature_name": "South_China_Sea_Deformation_Boundary" }, "geometry": { "type": "LineString", "coordinates": [ [ 117.416583503360997, 8.64245461777567 ], [ 119.815872635646741, 10.228110374952436 ], [ 121.592877395598961, 12.351446956215312 ] ] } },
{ "type": "Feature", "properties": { "reconstruction_plate_ID": 613, "feature_type": "gpml:UnclassifiedFeature", "feature_name": "CLONE:South_China_Sea_Deformation_Boundary" }, "geometry": { "type": "LineString", "coordinates": [ [ 116.55930576844743, 7.699777511199978 ], [ 117.295649136593397, 8.552727830387068 ] ] } },
{ "type": "Feature", "properties": { "reconstruction_plate_ID": 709, "feature_type": "gpml:UnclassifiedFeature", "feature_name": "MESH_BREAKUP_BOUNDARY" }, "geometry": { "type": "LineString", "coordinates": [ [ 34.512113840119312, -5.168631303359729 ], [ 35.910002870970601, -5.433428907483192 ] ] } },
{ "type": "Feature", "properties": { "reconstruction_plate_ID": 950, "feature_type": "gpml:UnclassifiedFeature", "feature_name": "Cambell_Deformation_Boundary" }, "geometry": { "type": "LineString", "coordinates": [ [ 165.145392554584163, -46.55704990675769 ], [ 165.17478037281407, -46.799885824307147 ] ] } },
{ "type": "Feature", "properties": { "reconstruction_plate_ID": 806, "feature_type": "gpml:UnclassifiedFeature", "feature_name": "Alpine_Fault_40_0Ma" }, "geometry": { "type": "LineString", "coordinates": [ [ 178.208119936193754, -35.533254202745283 ], [ 175.483, -40.243299999997788 ], [ 174.28, -41.226499999997714 ], [ 172.531, -41.933999999997582 ], [ 171.140681546660119, -42.91443688311562 ] ] } },
{ "type": "Feature", "properties": { "reconstruction_plate_ID": 833, "feature_type": "gpml:UnclassifiedFeature", "feature_name": "NZ_Mesh_segment" }, "geometry": { "type": "LineString", "coordinates": [ [ 178.208119936193754, -35.533254202745283 ], [ 179.893284224430914, -36.027448466179472 ], [ 179.974959035129359, -37.106095315399948 ] ] } },
{ "type": "Feature", "properties": { "reconstruction_plate_ID": 69702, "feature_type": "gpml:UnclassifiedFeature", "feature_name": "PNG_Mesh_Boundary" }, "geometry": { "type": "LineString", "coordinates": [ [ 147.460327512144261, -6.940733749141729 ], [ 148.086217080835098, -6.772105485769822 ] ] } },
{ "type": "Feature", "properties": { "reconstruction_plate_ID": 69702, "feature_type": "gpml:UnclassifiedFeature", "feature_name": "PNG_Mesh_Boundary" }, "geometry": { "type": "LineString", "coordinates": [ [ 148.086217080835098, -6.772105485769822 ], [ 147.956809382391498, -6.258000912682095 ], [ 146.605782175030811, -5.058581536848492 ], [ 144.050876953492718, -3.558918742135728 ] ] } },
{ "type": "Feature", "properties": { "reconstruction_plate_ID": 69702, "feature_type": "gpml:UnclassifiedFeature", "feature_name": "PNG_Mesh_Boundary" }, "geometry": { "type": "LineString", "coordinates": [ [ 144.050876953492718, -3.558918742135728 ], [ 143.985772526316879, -3.517695518229945 ] ] } },
{ "type": "Feature", "properties": { "reconstruction_plate_ID": 61502, "feature_type": "gpml:UnclassifiedFeature", "feature_name": "CLONE:PNG_Boundary_Topology" }, "geometry": { "type": "LineString", "coordinates": [ [ 132.259047878728893, -0.605045629341172 ], [ 129.910117732462595, -1.438205345714108 ], [ 131.265082003746272, -2.939060720976877 ] ] } },
{ "type": "Feature", "properties": { "reconstruction_plate_ID": 61502, "feature_type": "gpml:UnclassifiedFeature", "feature_name": "CLONE:PNG_Boundary_Topology" }, "geometry": { "type": "LineString", "coordinates": [ [ 131.265082003746272, -2.939060720976877 ], [ 132.325168135154428, -3.897687647195829 ], [ 134.048056502761824, -4.585536117855296 ] ] } },
{ "type": "Feature", "properties": { "reconstruction_plate_ID": 615, "feature_type": "gpml:UnclassifiedFeature", "feature_name": "PNG_Mesh_Boundary" }, "geometry": { "type": "LineString", "coordinates": [ [ 151.829856965652141, -9.904444823033097 ], [ 151.871525757978134, -9.793074144471486 ] ] } },
{ "type": "Feature", "properties": { "reconstruction_plate_ID": 61502, "feature_type": "gpml:UnclassifiedFeature", "feature_name": "CLONE:PNG_Boundary_Topology_1.9_0" }, "geometry": { "type": "LineString", "coordinates": [ [ 131.773515666994598, -3.399217087450372 ], [ 132.276502151115778, -3.853749762750446 ] ] } },
{ "type": "Feature", "properties": { "reconstruction_plate_ID": 615, "feature_type": "gpml:UnclassifiedFeature", "feature_name": "PNG_Mesh_Boundary" }, "geometry": { "type": "LineString", "coordinates": [ [ 150.751743533570391, -8.067659651098731 ], [ 148.953167962176195, -7.714268260855917 ], [ 148.358843726143505, -7.227390966878611 ] ] } },
{ "type": "Feature", "properties": { "reconstruction_plate_ID": 829, "feature_type": "gpml:InferredPaleoBoundary", "feature_name": "duplicate_section_topology" }, "geometry": { "type": "LineString", "coordinates": [ [ 150.751743533570391, -8.067659651098731 ], [ 152.999459580381853, -8.639046869933471 ], [ 153.289296988803784, -9.209640290897713 ], [ 154.129165877132266, -8.970844651198854 ], [ 153.717983563831922, -9.572216579408721 ], [ 151.871525757978134, -9.793074144471486 ] ] } },
{ "type": "Feature", "properties": { "reconstruction_plate_ID": 61502, "feature_type": "gpml:UnclassifiedFeature", "feature_name": "CLONE:PNG_Boundary_Topology" }, "geometry": { "type": "LineString", "coordinates": [ [ 132.276502151115778, -3.853749762750446 ], [ 134.048056502761824, -4.585536117855296 ] ] } },
{ "type": "Feature", "properties": { "reconstruction_plate_ID": 829, "feature_type": "gpml:InferredPaleoBoundary", "feature_name": "duplicate_section_Topology" }, "geometry": { "type": "LineString", "coordinates": [ [ 154.129165877132266, -8.970844651198854 ], [ 153.71798356383195, -9.572216579408746 ], [ 151.871525757978162, -9.79307414447144 ] ] } },
{ "type": "Feature", "properties": { "reconstruction_plate_ID": 61502, "feature_type": "gpml:UnclassifiedFeature", "feature_name": "CLONE:PNG_Boundary_Topology_1.9_0" }, "geometry": { "type": "LineString", "coordinates": [ [ 131.265082003746272, -2.939060720976882 ], [ 131.773515666994598, -3.399217087450372 ] ] } },
{ "type": "Feature", "properties": { "reconstruction_plate_ID": 829, "feature_type": "gpml:InferredPaleoBoundary", "feature_name": "duplicate_section_topology" }, "geometry": { "type": "LineString", "coordinates": [ [ 150.751743533570391, -8.067659651098731 ], [ 152.999459580381853, -8.639046869933471 ], [ 153.267326077768473, -9.166457842652358 ] ] } },
{ "type": "Feature", "properties": { "reconstruction_plate_ID": 829, "feature_type": "gpml:InferredPaleoBoundary", "feature_name": "duplicate_section_topology" }, "geometry": { "type": "LineString", "coordinates": [ [ 153.267326077768473, -9.166457842652358 ], [ 154.129165877132266, -8.970844651198854 ] ] } }
]
}
