{"type": "FeatureCollection", "features": [{"type": "Feature", "properties": {}, "geometry": {"type": "MultiLineString", "coordinates": [[[3896984.5346851703, 1218969.5205916387], [4102439.483888318, 1272729.0088732906]]]}}, {"type": "Feature", "properties": {}, "geometry": {"type": "MultiLineString", "coordinates": [[[4102439.483888318, 1272729.0088732906], [4521537.702066096, 1347594.2076249067], [4704877.352876899, 1433155.653348943], [4800274.524721122, 1401070.1235492302], [4884998.329125926, 1561497.5745176733], [5036695.508923803, 1529412.1284181601], [5096092.478337893, 1625669.0102796394], [5252018.922874078, 1529412.1284181536], [5269377.703083514, 1550802.4286553692], [5469824.262164215, 1356671.339217133]]]}}, {"type": "Feature", "properties": {}, "geometry": {"type": "MultiLineString", "coordinates": [[[12964631.201337617, 2698526.5493021966], [13049005.783077348, 2592132.0353247453]]]}}, {"type": "Feature", "properties": {}, "geometry": {"type": "MultiLineString", "coordinates": [[[13049005.783077348, 2592132.0353247453], [13372590.601739345, 2137859.9559413], [13476259.028157396, 2036939.3394958398], [13535562.541639, 1916436.7348613995], [13562443.736319354, 1799549.807224652], [13390004.62015916, 1207620.0110032018]]]}}, {"type": "Feature", "properties": {}, "geometry": {"type": "MultiLineString", "coordinates": [[[-2441565.329076603, 4756329.495458245], [-2519592.343266204, 4623102.94105069], [-2553227.3174757594, 4397009.084117225], [-2589910.30572911, 4342602.093533025], [-2619813.464353686, 4198671.269658741], [-2750146.6401215624, 4011189.6983967796], [-2778918.2332004295, 4014239.200224952], [-2793520.5511286007, 3978299.6888260944], [-2896285.343713639, 4003885.1603921815], [-3086102.1467769044, 3766565.105959067]]]}}, {"type": "Feature", "properties": {}, "geometry": {"type": "MultiLineString", "coordinates": [[[-3086102.1467769044, 3766565.105959067], [-3100216.474750897, 3735079.9178204914], [-3209890.4861478377, 3760349.381643761], [-3234582.6838936154, 3695364.4567971937], [-3286395.623512159, 3705956.6490460224], [-3378917.7891092165, 3573276.8586899326], [-3521978.3372545065, 3601956.9082362787], [-3702247.75929921, 3327286.686143365], [-3825296.6916166744, 3201227.35291306], [-3863179.9395327587, 3207806.3069928386], [-3949500.493168858, 3072301.0687488783], [-3976039.0251620803, 3078173.0498797474], [-4159595.7086452753, 2687977.6339217015], [-4191446.8672587117, 2694062.7296600197], [-4280614.941438096, 2550261.1141984407], [-4168693.4881401844, 2520176.1482556253], [-4376406.160380829, 1670926.7588157165]]]}}, {"type": "Feature", "properties": {}, "geometry": {"type": "MultiLineString", "coordinates": [[[-4376406.160380829, 1670926.7588157165], [-4376428.248463593, 1670838.9544411153]]]}}, {"type": "Feature", "properties": {}, "geometry": {"type": "MultiLineString", "coordinates": [[[-346002.459608219, 8269485.908505024], [-386308.58644824126, 8292055.892370418], [-118912.16639248116, 8352440.836416047], [888577.8054765823, 8448908.86285148], [3176289.3939497382, 8515826.480752258], [5629114.644204166, 8403543.779586753], [6381361.417800194, 8332430.040670097], [6592144.359963835, 8287607.063415589], [6798871.481596712, 8216249.6978464285], [7057850.428138047, 8150583.9376844475], [7091028.826101257, 8126659.507887693], [7456787.498548003, 8034691.21374885], [7753506.162062055, 7876677.117667192], [8730360.242438652, 7546347.476473805], [9172505.521444386, 7294262.299664344]]]}}, {"type": "Feature", "properties": {}, "geometry": {"type": "MultiLineString", "coordinates": [[[-467880.43839033326, 7279781.275942455], [-374252.73548143165, 7393280.937115625], [425729.5808260327, 7556644.027804855], [558998.8737726774, 7630816.008627909], [491447.5647826465, 7682573.816640183], [509807.4887041522, 7694620.068068919], [421343.594314603, 7716113.5196097], [508097.25667482556, 7751224.6458598655], [399332.45010528085, 7803320.925177629], [445594.0439166582, 7852056.699925837], [420011.59448125697, 7858368.918070544], [418645.93885262904, 7904438.4126844], [351135.8761323183, 7919790.098922632], [423493.5322027754, 7969308.15039785], [232782.66278356782, 8010761.136022341], [172894.79578185125, 8047383.335546354], [184920.29854141327, 8066064.161438073], [-87560.93424355556, 8126866.561178537], [-64134.68495684229, 8170758.637969098], [-346002.459608219, 8269485.908505024]]]}}, {"type": "Feature", "properties": {}, "geometry": {"type": "MultiLineString", "coordinates": [[[-12648471.363878377, -6892185.299439674], [-12548272.028331118, -6937377.591973648], [-12593660.821642792, -7036979.168707352]], [[12593660.821642792, -7036979.168707352], [11764475.685391443, -7245205.804400089]]]}}, {"type": "Feature", "properties": {}, "geometry": {"type": "MultiLineString", "coordinates": [[[-2427205.480996192, 5550329.384293003], [-2435753.3382889056, 5359008.088302072], [-2324390.8447117046, 5337436.445119369], [-2263830.7146197106, 5047910.699351901], [-2329612.574041114, 4858238.11827941], [-2396030.0875659366, 4749581.520515496], [-2441565.329076603, 4756329.495458245]]]}}, {"type": "Feature", "properties": {}, "geometry": {"type": "MultiLineString", "coordinates": [[[3123887.3959658328, 2951316.518338091], [3467935.237076952, 2457318.0463517294], [3573845.665199933, 2117639.1446446003], [3859823.0199039653, 1725514.7816900518], [4102439.483888318, 1272729.0088732906]]]}}, {"type": "Feature", "properties": {}, "geometry": {"type": "MultiLineString", "coordinates": [[[-4376406.160380829, 1670926.7588157165], [-4929286.949832436, 1794115.9322067143], [-5497950.359982645, 1778440.5550173228]]]}}, {"type": "Feature", "properties": {}, "geometry": {"type": "MultiLineString", "coordinates": [[[11191739.722940056, 729912.8614752867], [11471159.637640785, 1152151.3353576981]]]}}, {"type": "Feature", "properties": {}, "geometry": {"type": "MultiLineString", "coordinates": [[[8693369.283895517, 663785.223966827], [8897956.927606514, 796428.7872713626], [8836271.075805549, 935180.366642318], [8852779.202585366, 975294.3025191879], [8815549.677006476, 1110476.4075053385], [8846363.044000939, 1117847.860453109], [8840180.667432241, 1155173.8304607829], [8953726.849461805, 1179064.1216840092], [8929047.389843497, 1359437.447271623], [8973882.862040026, 1363385.371600981], [8996230.317567876, 1472789.237962491], [8980377.624130227, 1623153.8980497832], [9082704.495972196, 1623137.286076398]]]}}, {"type": "Feature", "properties": {}, "geometry": {"type": "MultiLineString", "coordinates": [[[11983143.89048323, -720603.0667378334], [12486012.269869113, -412165.89813995897]]]}}, {"type": "Feature", "properties": {}, "geometry": {"type": "MultiLineString", "coordinates": [[[12806006.712292375, 2657757.488916966], [12236776.021326596, 3506359.7853165315]]]}}, {"type": "Feature", "properties": {}, "geometry": {"type": "MultiLineString", "coordinates": [[[-7606022.3696568385, 1903994.6424014396], [-7598337.067402615, 2018155.684932622]]]}}, {"type": "Feature", "properties": {}, "geometry": {"type": "MultiLineString", "coordinates": [[[-16404156.845661351, -1681414.1541458536], [-16567591.962181423, -1655297.156283641]]]}}, {"type": "Feature", "properties": {}, "geometry": {"type": "MultiLineString", "coordinates": [[[-16419948.97387846, -1544833.538081808], [-16404156.845661351, -1681414.1541458536]]]}}, {"type": "Feature", "properties": {}, "geometry": {"type": "MultiLineString", "coordinates": [[[-16567591.962181423, -1655297.156283641], [-16590880.7361933, -1730531.0408701147], [-16502217.236682422, -1805407.3331512215], [-16411325.285526741, -1935807.2215232737], [-16404068.031130152, -2055579.4020293884], [-16341189.16727891, -2075326.856975744], [-16322367.901249742, -2434969.8014251557], [-16338902.628943287, -2577925.5234912466]]]}}, {"type": "Feature", "properties": {}, "geometry": {"type": "MultiLineString", "coordinates": [[[16182766.151065173, -1425913.4010070155], [16218747.286664035, -1823491.1799803276], [16118818.836470505, -1979288.7440526504], [16060430.937532222, -2258902.271958082], [16125358.406187382, -2262222.9175730613], [16080142.67183807, -2401013.8675547983]]]}}, {"type": "Feature", "properties": {}, "geometry": {"type": "MultiLineString", "coordinates": [[[-9652934.900952434, 121770.57780828357], [-9652961.205244068, 121463.6504332683]]]}}, {"type": "Feature", "properties": {}, "geometry": {"type": "MultiLineString", "coordinates": [[[-9652961.205244068, 121463.6504332683], [-9696656.762547472, -433861.1137305512], [-9867826.540790988, -411155.2281677907], [-9881670.19393521, -444075.0186594518], [-9946221.87040818, -436203.360006175], [-9959536.339406207, -488706.03788922343], [-10026776.60380431, -480641.86643877125], [-10082568.90186566, -689059.1049904594], [-10129260.447419664, -680941.4548863827], [-10193613.485251604, -978043.278812066], [-10330412.252196819, -954481.750847918], [-10377236.282748692, -1218631.5766277967], [-10412653.567774424, -1280107.5571322828], [-10403767.64515489, -1434300.0369342424], [-10537013.574425444, -1431701.1096944863], [-10541445.208023176, -2008190.60251155], [-10574586.944043295, -2462359.434739625], [-10660254.666580664, -2510091.888605481], [-10630580.361901384, -2568700.5372145344], [-10692820.906949827, -2615875.481653658], [-10676090.248279793, -2657467.085808814], [-10704376.930264266, -2692117.5853535417], [-10541141.710475167, -2845334.875115313], [-10339497.337473294, -2862649.0220019105], [-10276248.390369534, -3102593.063945185], [-10163655.324375732, -3129932.843974661], [-10108448.206552006, -3372905.941496504]]]}}, {"type": "Feature", "properties": {}, "geometry": {"type": "MultiLineString", "coordinates": [[[-10108448.206552006, -3372905.941496504], [-10109514.588723423, -3474802.443017731], [-10053311.09575287, -3668459.406379582], [-9866976.79861436, -3753019.588525181]]]}}, {"type": "Feature", "properties": {}, "geometry": {"type": "MultiLineString", "coordinates": [[[-9866976.79861436, -3753019.588525181], [-9864079.441273164, -3753112.9627678776]]]}}, {"type": "Feature", "properties": {}, "geometry": {"type": "MultiLineString", "coordinates": [[[-9647423.722738221, 319571.36224641633], [-9557518.60975243, 235193.7610707741]]]}}, {"type": "Feature", "properties": {}, "geometry": {"type": "MultiLineString", "coordinates": [[[-9557518.60975243, 235193.7610707741], [-9121526.153413968, 220919.22283900707], [-9117359.347716838, 247471.40462365368], [-9020495.298216922, 248091.46477538146], [-9017687.857581196, 277774.60112435283], [-8571850.112279631, 194307.37967315063], [-8553777.461560955, 100476.90675671838], [-8221762.830200695, 76632.897229336], [-8060881.123286082, 87346.26270257011], [-8051513.612860502, 183670.52230059376], [-7998431.438502749, 183025.6472282117], [-7963417.512006465, 343942.70791646367], [-7820127.364921103, 333835.1732216994]]]}}, {"type": "Feature", "properties": {}, "geometry": {"type": "MultiLineString", "coordinates": [[[-9815772.266685192, 1911046.3840865693], [-9899171.903361915, 1917559.7247898073], [-9883594.780357948, 1980746.7387515965], [-10058716.821942538, 2043581.0771131807], [-10155954.779778363, 2141979.5475435015], [-9959660.73650183, 2473158.4902837942]]]}}, {"type": "Feature", "properties": {}, "geometry": {"type": "MultiLineString", "coordinates": [[[-9959660.73650183, 2473158.4902837942], [-9944368.39667542, 2495315.2313640052]]]}}, {"type": "Feature", "properties": {}, "geometry": {"type": "MultiLineString", "coordinates": [[[-9653052.730498003, 121666.20267847147], [-9652934.900952434, 121770.57780828357]]]}}, {"type": "Feature", "properties": {}, "geometry": {"type": "MultiLineString", "coordinates": [[[-9652934.900952434, 121770.57780828357], [-9545219.260430284, 157304.88296795625], [-9557518.60975243, 235193.7610707741]]]}}, {"type": "Feature", "properties": {}, "geometry": {"type": "MultiLineString", "coordinates": [[[-9740586.29393849, 2017942.3489994723], [-9815772.266685192, 1911046.3840865693]]]}}, {"type": "Feature", "properties": {}, "geometry": {"type": "MultiLineString", "coordinates": [[[-9815772.266685192, 1911046.3840865693], [-9849317.83262728, 1615690.4813425185], [-9788218.219183048, 1633508.5174437382], [-9741686.487418799, 1271829.4773684111], [-9741508.956767961, 1082535.2103917974], [-9808034.527679821, 1071230.3917388793], [-9816188.380865358, 904374.7438486989], [-9694486.42319871, 898289.1765038307], [-9652921.739286048, 400930.33851387457]]]}}, {"type": "Feature", "properties": {}, "geometry": {"type": "MultiLineString", "coordinates": [[[-9748635.269899381, -3694685.961871316], [-9748447.667099604, -3694723.370907923]]]}}, {"type": "Feature", "properties": {}, "geometry": {"type": "MultiLineString", "coordinates": [[[-9748635.269899381, -3694685.961871316], [-9748447.667099604, -3694723.370907923]]]}}, {"type": "Feature", "properties": {}, "geometry": {"type": "MultiLineString", "coordinates": [[[-9748447.667099604, -3694723.370907923], [-9815565.250327995, -3544476.6501955823], [-9783717.22926589, -3522700.773158846], [-9844679.375420846, -3465314.1695922273], [-9981666.107616197, -3392034.556466295], [-10108448.206552006, -3372905.941496504]]]}}, {"type": "Feature", "properties": {}, "geometry": {"type": "MultiLineString", "coordinates": [[[-7797038.665010639, 804032.3261206562], [-7820127.364921103, 333835.1732216994]]]}}, {"type": "Feature", "properties": {}, "geometry": {"type": "MultiLineString", "coordinates": [[[-9866895.10524277, -3753439.9794763653], [-9864079.441273164, -3753112.9627678776]]]}}, {"type": "Feature", "properties": {}, "geometry": {"type": "MultiLineString", "coordinates": [[[-9864079.441273164, -3753112.9627678776], [-9748822.872756114, -3694648.5495145363]]]}}, {"type": "Feature", "properties": {}, "geometry": {"type": "MultiLineString", "coordinates": [[[-9748822.872756114, -3694648.5495145363], [-9748635.269899381, -3694685.961871316]]]}}, {"type": "Feature", "properties": {}, "geometry": {"type": "MultiLineString", "coordinates": [[[-9652921.739286048, 400930.33851387457], [-9647423.722738221, 319571.36224641633]]]}}, {"type": "Feature", "properties": {}, "geometry": {"type": "MultiLineString", "coordinates": [[[-9647423.722738221, 319571.36224641633], [-9653052.730498003, 121666.20267847147]]]}}, {"type": "Feature", "properties": {}, "geometry": {"type": "MultiLineString", "coordinates": [[[-9653052.730498003, 121666.20267847147], [-9652961.205244068, 121463.6504332683]]]}}, {"type": "Feature", "properties": {}, "geometry": {"type": "MultiLineString", "coordinates": [[[-6426113.941118008, -4862199.524849749], [-6545467.856847146, -4884964.524507083], [-6644998.28024905, -4743104.031969364], [-6938904.988388902, -4801299.907323984], [-7073940.387989279, -4579538.580022555], [-7149492.559189655, -4592303.35155604], [-7256140.031612077, -4395746.612286828], [-7543796.934268316, -4437790.597497142], [-7560904.819765952, -4411461.127548274], [-7782301.920035665, -4428315.964893996], [-7800826.873531751, -4388725.640043692], [-7911833.864732871, -4393392.242987427], [-8025457.778420269, -4155700.8558974625], [-8140954.194293077, -4166525.536257507], [-8166431.715263477, -4109255.4777108994], [-8245230.165221755, -4114889.591017849], [-8312897.167557626, -3956942.877890246], [-8607758.20338559, -3943115.3192778854], [-8628294.133226724, -3881489.2133299736], [-9684621.674875243, -3757411.2222102955], [-9748822.872756114, -3694648.5495145363]]]}}, {"type": "Feature", "properties": {}, "geometry": {"type": "MultiLineString", "coordinates": [[[-9748822.872756114, -3694648.5495145363], [-9748635.269899381, -3694685.961871316]]]}}, {"type": "Feature", "properties": {}, "geometry": {"type": "MultiLineString", "coordinates": [[[-12648471.363878377, -6892185.299439674], [-12588575.82636237, -6833620.16029055], [-12408381.588546596, -6894758.062697849], [-12377805.237353282, -6755720.708361563], [-12222813.412014501, -6803136.619743992], [-12269742.574899185, -6577678.756436101], [-11953483.230772609, -6671194.480439636], [-11946365.952124402, -6568408.761336148], [-11763518.497808749, -6619257.513707073], [-11762450.343454784, -6587806.076158782], [-11444759.637426816, -6657578.061992814], [-11428444.617484074, -6514660.659815442], [-11474750.557842348, -6283980.157946192], [-11376452.162350388, -6308355.134724335], [-11396606.891622953, -6094582.819136556], [-11347654.47663548, -6102861.400115772], [-11352024.702741621, -5917420.375212836], [-10876464.081232185, -6044552.091907985], [-10913516.386861881, -5911454.675679524], [-10954139.948172728, -5900352.929603328], [-11006335.68233323, -5693132.641169065], [-10872815.67826602, -5727589.259093746], [-10884833.71975367, -5675596.909533925], [-10119549.226013813, -5870818.747526542], [-9989316.22951978, -5895398.692808035], [-9997654.299880024, -5844842.1030875025], [-9530199.873063715, -5941745.100824551], [-9565606.2516456, -5778644.49930244], [-9368814.142703362, -5820020.128512158], [-9424934.140760407, -5647908.317423777], [-9547394.147746034, -5624768.767393957], [-9585298.801677119, -5261382.216525027], [-9347224.822384674, -5311259.761000486], [-9470176.726575112, -4894817.450277839], [-9492405.158428803, -4892540.697036741], [-9536386.397287562, -4739944.672502119], [-9582081.701522797, -4509707.729089876], [-9545522.555739895, -4514819.00681693], [-9660112.52145346, -4168494.458034256], [-9737375.427917367, -4167717.538412174], [-9781142.482546251, -3893936.606525046], [-9807077.244282002, -3888342.9107263237], [-9814851.655469337, -3831997.0943318456], [-9844277.938657327, -3828429.9614932383], [-9866895.10524277, -3753439.9794763653]]]}}, {"type": "Feature", "properties": {}, "geometry": {"type": "MultiLineString", "coordinates": [[[-9866895.10524277, -3753439.9794763653], [-9866976.79861436, -3753019.588525181]]]}}, {"type": "Feature", "properties": {}, "geometry": {"type": "MultiLineString", "coordinates": [[[-10786123.642772147, 4309229.971369876], [-10837331.55460061, 4311521.056845272]]]}}, {"type": "Feature", "properties": {}, "geometry": {"type": "MultiLineString", "coordinates": [[[-10837331.55460061, 4311521.056845272], [-11082665.985794682, 4324150.535920344], [-11014122.377108723, 4444943.185656795], [-10980392.17119384, 4455887.486079424], [-10846975.273200618, 4595694.752454788], [-11074844.844011135, 4761855.349286056], [-10936711.308126645, 4899181.717534791], [-10931970.252368711, 4930618.699923439], [-10877922.204977581, 4952172.727493425], [-10734794.438016022, 5090739.652420103], [-10748275.010938903, 5102045.626132066], [-10653186.425530551, 5209604.761709982], [-10739361.537623579, 5272984.442532657], [-10656481.7829488, 5349354.844722769], [-10656263.83257803, 5449192.408698088], [-10607437.212343, 5490478.962713318]]]}}, {"type": "Feature", "properties": {}, "geometry": {"type": "MultiLineString", "coordinates": [[[-10607437.212343, 5490478.962713318], [-10465940.773619764, 5595675.322146937]]]}}, {"type": "Feature", "properties": {}, "geometry": {"type": "MultiLineString", "coordinates": [[[-2349404.4483678886, -5825140.714345403], [-2338679.731038345, -5907288.543064395], [-2376368.650836016, -5914372.366109287], [-2367153.9300761665, -5983600.1587924], [-2393000.625157795, -5996270.880324322], [-2386929.7941388, -6025222.434578893], [-2334788.330675541, -6048801.720571557]]]}}, {"type": "Feature", "properties": {}, "geometry": {"type": "MultiLineString", "coordinates": [[[14719204.439573523, -875051.5625597283], [14722018.071871866, -980150.2335825978], [14684863.31627442, -1017925.691344219], [14504124.299393669, -1059786.7279863928], [14496663.382888585, -1102995.1161014817], [14373368.38177305, -1111551.2718296342], [14376126.054838428, -1081027.1881731153], [14279555.901643166, -1059299.5423491627]]]}}, {"type": "Feature", "properties": {}, "geometry": {"type": "MultiLineString", "coordinates": [[[-2334788.330675541, -6048801.720571557], [-2302608.6899835807, -6098881.834774209], [-2285102.762136615, -6218548.605236414], [-2255299.800080392, -6219683.970133364], [-2240100.2141486076, -6288343.586076713], [-2281974.1015141117, -6288461.495963304], [-2218993.688535955, -6393031.672114557]]]}}, {"type": "Feature", "properties": {}, "geometry": {"type": "MultiLineString", "coordinates": [[[-2218993.688535955, -6393031.672114557], [-2187917.720585344, -6401288.126259201]]]}}, {"type": "Feature", "properties": {}, "geometry": {"type": "MultiLineString", "coordinates": [[[13595815.402849771, -380951.3111275577], [13599047.664329067, -380633.1630017374]]]}}, {"type": "Feature", "properties": {}, "geometry": {"type": "MultiLineString", "coordinates": [[[13599047.664329067, -380633.1630017374], [13822879.454545595, -367667.5194050305], [13860892.14174351, -401596.93781740696], [13958251.035500335, -300838.6250120099], [14181919.712725392, -417636.55075119185], [14360698.409585096, -390027.5785400984]]]}}, {"type": "Feature", "properties": {}, "geometry": {"type": "MultiLineString", "coordinates": [[[-33185.14545823526, -5824798.586604602], [35088.35595524846, -5782818.50429228], [76236.48493666205, -5821398.787019038], [241322.86924387843, -5701558.0319589535], [349931.60606570565, -5780724.604594752], [383344.1711644256, -5753435.341478992], [435143.28989239817, -5792129.692995848], [527792.5046145244, -5718218.07388461], [615967.8494169227, -5777058.991665019], [802566.662050171, -5614002.772391674], [877638.3956224623, -5669081.73637826], [1042287.8691384806, -5529119.401750591], [1110027.5385194412, -5581762.577014628], [1168735.7631777623, -5532635.76181775], [1218249.2694993485, -5564427.715004373], [1280564.0073507682, -5511080.187396002], [1489444.3176424103, -5608115.314579482], [1505598.441819243, -5589561.441577558], [2074037.9450528452, -5694552.011124022], [2152310.157658805, -5571639.153552624], [2255659.1128235594, -5625409.80565576], [2437391.2041427153, -5320010.168714558], [2534853.8049628995, -5224352.695945743], [2661411.265208159, -5035864.140954574], [2770063.762260029, -5042435.285072859], [2812036.087704189, -4956149.015048649]]]}}, {"type": "Feature", "properties": {}, "geometry": {"type": "MultiLineString", "coordinates": [[[2812036.087704189, -4956149.015048649], [2846505.518105616, -4907886.504228598], [2899887.2263180567, -4933313.319068669], [2981361.048968673, -4789861.400319366], [3178203.424428621, -4791957.73465081], [3231816.4018479786, -4764971.692650752], [3264350.226460771, -4705556.128201871], [3324747.1344550257, -4717158.935078361], [3374796.765836963, -4624485.624348285], [3548303.066903605, -4655432.667173036], [3588946.099151, -4557826.635795638], [3643768.296931506, -4565713.378994304], [3716529.627674179, -4366660.242026043], [3813731.3388594547, -4373503.531283964], [3819837.0817566225, -4347590.331053101], [3876935.157084097, -4349744.890370691], [3886067.3346854076, -4315538.8141427925], [3937115.825582751, -4315220.231625156], [3944854.924558587, -4287879.771789688], [4009262.4473717576, -4288995.291835761], [4049021.587071696, -4156158.5683357907], [4209191.572609663, -4132822.363860617], [4315231.943632122, -4041307.1774788746], [4608388.225943961, -4002978.6145456824], [4638937.821499752, -3867481.7198982663], [4739394.7408257, -3865186.1357324286], [4752188.041545991, -3798522.3535640705], [4822706.249596931, -3775628.336892434], [4841062.880178328, -3694327.886093135], [4931667.614752477, -3696348.0572099863], [4939370.128223674, -3667133.8294991846], [4975916.086005519, -3661553.4908308536], [4990713.3793572895, -3599305.590851755], [5111088.088383035, -3588761.9410804836], [5153006.659247484, -3397982.7632924025], [5271986.038053456, -3389466.9748657425], [5290184.474649008, -3321456.6996765547], [5347842.467301994, -3320857.578412372], [5358384.89602073, -3269226.4793521697], [5501597.489601322, -3265417.8538823123], [5533490.584456002, -3094239.412075942], [5658495.048388832, -3081414.9385023247], [5661359.29862122, -3046996.118477888], [5717550.641338211, -3043669.8102899436], [5718590.898354555, -3010942.020142176], [5804173.154353893, -2998781.623041766], [5805925.64999694, -2976589.446978922], [5964012.267953116, -2974546.714481525], [5970257.567122303, -2942665.4546811664], [6137026.508124461, -2916474.2637220137], [6175938.474196497, -2841859.2205975023], [6421631.3031299915, -2743432.5678151483]]]}}, {"type": "Feature", "properties": {}, "geometry": {"type": "MultiLineString", "coordinates": [[[-4376428.248463593, 1670838.9544411153], [-4219542.344568146, 1632866.811587374], [-4224481.591024178, 1356139.6614176345], [-4152006.220717941, 1350332.1753895762], [-4155786.5138535835, 1294203.8210856265], [-4118966.297675492, 1292556.7614871988], [-4127032.6214359547, 1168663.618240829], [-3861275.580118726, 1153679.6479014596], [-3863595.1131238486, 1067315.0849057175], [-3842795.238355354, 1066598.505950495], [-3826501.5672053043, 945519.1731762588], [-3776439.3539396035, 942809.0095611156], [-3780042.7485461757, 878649.5865782588], [-3599442.4018312474, 870538.3497924297], [-3599118.9493513373, 823886.978490275], [-3397432.460916862, 787531.8764726685], [-3397122.413269211, 751146.8313626826], [-3333176.2464957642, 741706.1853425209], [-3333462.4576635235, 707372.4810641267], [-3169577.1210445035, 707764.9945890157], [-3160159.2733174525, 604220.5714424648], [-3110289.7459937623, 603974.5820464033], [-3101785.553541343, 423570.20328157354], [-2922397.3025248414, 434311.3811660894], [-2903300.99718298, 175688.84774283893], [-2836359.3599154633, 171881.35956372868], [-2826651.601115904, 85283.56832324964], [-2500951.8201178336, 123976.52655553044], [-2483630.472720984, 53276.60198903844], [-2364636.8058244893, 65681.95521770757], [-2325043.121491012, -118001.12288965512], [-1558688.1593793693, 31972.955883927287], [-1535423.5257225896, -59486.65828924839], [-1455699.3753237322, -159724.13530999783], [-1243054.8564964, -97897.90549394557], [-1199644.4904142022, -224500.63141906314], [-1148940.9746409997, -208069.60918310942], [-1110529.262834063, -424811.91468333337], [-1141736.4640949208, -438826.88972794753], [-1145979.6633387958, -492922.0807955237], [-1133866.3727243568, -537494.341106807], [-1094842.702952588, -528589.4602610143], [-1086259.1392644437, -579148.9041309936], [-1053340.896604696, -575086.8704382854], [-1053836.7888765556, -722505.1075349242], [-1283396.129334375, -787957.5451549871], [-1225472.148508181, -986656.1250565518], [-1252363.634123372, -1050768.5291475405], [-1223923.4278604332, -1221551.3651822156], [-1408722.740134695, -1271155.680158956], [-1387426.3162798262, -1353604.9023704026], [-1364947.6411235637, -1345134.3146389807], [-1355611.3996914448, -1519540.5011771566], [-1277651.9302163182, -1501123.439883697], [-1235911.4771245117, -1675208.68729936], [-1236081.001631135, -1733871.2483702127], [-1334961.8674993615, -1757507.3954364345], [-1310828.8228112299, -1924554.3492295772], [-1207062.5291762163, -1902650.70168391], [-1138035.459861284, -2132116.5664604087], [-1108731.985020003, -2120298.2433033288], [-1092651.259921172, -2369353.2008471237], [-1276886.3422245893, -2441632.086854422], [-1221381.5543820707, -2649959.468768471], [-1269867.126908631, -2661755.615194366], [-1254156.7070608032, -2743097.5766326967], [-1289253.3088651525, -2752679.659886656], [-1209808.8618763061, -3028963.582463329], [-1162215.050514254, -3017444.7252090713], [-1140385.1299320285, -3095266.2332659247], [-1271842.3188457899, -3128444.112121624], [-1192641.4430349013, -3437802.461859981], [-1306482.6696143302, -3465352.989781864], [-1287155.7677054424, -3582854.7015103847], [-1316815.3114276726, -3590361.0881664036], [-1297713.5308375924, -3641033.5297388774], [-1364504.676684286, -3661859.2906535096], [-1343878.3116354316, -3762801.6197938332], [-1572389.0959027614, -3814169.2225967497], [-1512323.97208001, -3900513.632285332], [-1543172.5601004325, -3910197.5800101724], [-1528506.8767900188, -4066186.9556577755], [-1404681.2010942097, -4157551.1871434585], [-1388587.2563436313, -4242410.316225454], [-1430758.479564668, -4254043.186798741], [-1432014.0275279235, -4305345.972535686], [-1465889.8260225402, -4315262.078166932], [-1394263.1899032504, -4524266.084511771], [-1395795.6653326415, -4635174.680204055], [-1316552.7260647758, -4855044.399551911], [-1258270.155450265, -4844127.927225368], [-1239214.6474353697, -4899452.820507268], [-1163686.3166179492, -4888820.6903991345], [-1110467.6960820826, -5075164.672248708], [-876185.3263558267, -5027918.156099293], [-800465.37150924, -5245657.123048197], [-672164.5218827506, -5219180.7134400895], [-584457.326526771, -5389896.618423958], [-423234.736764079, -5349239.226267183], [-342273.61739124666, -5537904.078261407], [-319678.7541915537, -5530768.458745856], [-188174.8898728487, -5770294.570317206], [-109895.52202629561, -5742477.717314528], [-53154.92652984543, -5803674.515307837]]]}}, {"type": "Feature", "properties": {}, "geometry": {"type": "MultiLineString", "coordinates": [[[-53154.92652984543, -5803674.515307837], [-33185.14545823526, -5824798.586604602]]]}}, {"type": "Feature", "properties": {}, "geometry": {"type": "MultiLineString", "coordinates": [[[6422597.843528625, -2741923.566565097], [6456547.282624186, -2787200.756411829], [6482395.284463523, -2771373.2486081184], [6571269.494834071, -2821989.2117344565], [6614219.788575248, -2886567.4650604827]]]}}, {"type": "Feature", "properties": {}, "geometry": {"type": "MultiLineString", "coordinates": [[[6614219.788575248, -2886567.4650604827], [6782734.919156536, -3028567.853851201], [6758917.748731242, -3052525.7273451337], [6856051.704495512, -3191375.893186668], [6832686.746228518, -3234243.2261811644], [6921814.104199105, -3365277.9576377766], [6889123.633900789, -3392473.1843838175], [7003932.878494363, -3550262.6440376784], [6921042.98970647, -3619140.650777912], [7013895.392534054, -3760541.928920236], [6945299.99742771, -3816296.7612773543], [7006573.159841843, -3902789.473004616]]]}}, {"type": "Feature", "properties": {}, "geometry": {"type": "MultiLineString", "coordinates": [[[7006573.159841843, -3902789.473004616], [6875514.182306457, -4008385.013147256], [6919518.387326559, -4063571.875051178], [6860852.9100860935, -4105399.7699622125], [6882717.820169842, -4133727.4127875655], [6831402.29091013, -4170527.1816033614], [6850025.438569953, -4197883.6010456225], [6807404.605891592, -4227292.4587524105], [6831778.306782052, -4266243.554633867], [6764876.587482865, -4310982.92776069], [6895260.374855246, -4477049.3743999405], [7005316.700889616, -4396298.07218469], [7152507.539742819, -4582592.70702342], [7443533.902368715, -4364920.115599616], [7586483.56018045, -4488220.068152907], [7636455.557750128, -4455230.67816527], [8164263.1042478075, -4854539.87189087], [8040289.395213688, -4964615.122388254], [8280844.958920347, -5116922.744637693], [8366890.71242276, -5042665.0068547875], [8791317.812099326, -5233720.122241385], [8818075.307044746, -5206768.131497661], [9323923.507030606, -5367004.185820059], [9385313.564565286, -5314258.4300413], [9520463.274868425, -5311569.915777301], [9611966.087727802, -5251358.622506715], [9700634.851383314, -5312914.231455033], [9859451.9149806, -5330615.844534931], [9984345.71587473, -5211785.206961304], [10035445.043584114, -5223853.478880864], [9983788.125028055, -5287555.954933191], [10032749.359265035, -5310983.26479298], [10141700.678784752, -5283909.1875233725], [10265675.032926988, -5207391.20516744], [10343375.512350017, -5297646.18974902], [10464493.853835743, -5184769.553213174], [10527840.375690853, -5198714.839503823], [10427046.92188586, -5324424.369680709], [10666432.384223847, -5381145.633462286], [10716384.891000703, -5389276.593105987], [10766867.72416517, -5349884.18240226], [11427824.173384707, -5355757.38613069], [11311439.04733172, -5516246.816632027], [11356067.666398322, -5512253.004792103], [11198655.749484979, -5725403.3394389525], [11414491.85785951, -5760834.383440297], [11401300.278436553, -5817993.353530483], [11617137.46028047, -5807543.510024462], [11411643.909200775, -6095716.214882132], [11494766.756289868, -6082731.159714667], [11363712.39173152, -6293893.470934386], [11428891.522650428, -6284583.010865844], [11370055.552405832, -6376398.003605868], [11599634.767404161, -6329171.883059018], [11473251.681789208, -6618380.625114199], [11858259.68551817, -6516128.430572451]]]}}, {"type": "Feature", "properties": {}, "geometry": {"type": "MultiLineString", "coordinates": [[[6436545.205799989, -729412.0623206095], [6389650.371867799, -775401.3887231188], [6412533.702403694, -818182.1619717731], [6377722.796052373, -851798.1516982224]]]}}, {"type": "Feature", "properties": {}, "geometry": {"type": "MultiLineString", "coordinates": [[[6377722.796052373, -851798.1516982224], [6406073.68870951, -908021.806259738], [6312992.123635716, -991444.3672309619], [6338486.102519834, -1029947.1017271403], [6248187.496100848, -1106952.3380794474], [6276930.912448442, -1150802.640077328], [6216068.56873127, -1198931.0248107554], [6237443.138917926, -1236364.211493498], [6166969.966858475, -1285562.1055669123], [6224444.778685827, -1372193.1335714292], [6169765.55907577, -1419251.925793366], [6202545.306404854, -1473797.29893549], [6174790.462352453, -1495187.6258594836], [6293775.6495975675, -1704812.6939736393], [6259226.6632576445, -1726202.8701042093], [6289747.209104328, -1781817.33910967], [6052296.096358594, -1931548.976245175], [6163541.9977439465, -2147594.617001736], [6195449.369851613, -2125132.523966377], [6295733.171517415, -2189306.6479817037], [6326425.744381981, -2170054.9243606986], [6354308.157221653, -2214975.6459134948], [6326501.035609217, -2233157.867726956], [6398076.213976756, -2362572.340749724], [6357620.448437863, -2394658.3820432057], [6438410.157856928, -2535834.8896645843], [6392674.898129203, -2571128.28331166], [6433786.414261721, -2639574.9663785165], [6397552.171284661, -2670589.321468284], [6422597.843528625, -2741923.566565097]]]}}, {"type": "Feature", "properties": {}, "geometry": {"type": "MultiLineString", "coordinates": [[[6422597.843528625, -2741923.566565097], [6421631.3031299915, -2743432.5678151483]]]}}, {"type": "Feature", "properties": {}, "geometry": {"type": "MultiLineString", "coordinates": [[[5367128.846786605, 1109598.5008652846], [5359149.500092417, 1054546.076311261], [5386273.728284554, 1035294.7045311205], [5406759.398274301, 1063102.2424173304], [5462182.42055253, 1019251.8967118604], [5499807.998452299, 947594.0419535757], [5483703.72679372, 925134.1234177356], [5946132.968449479, 439572.3443601864], [5934416.02877014, 416042.92945893557], [6157554.005253754, 312299.59093169955], [6183159.500359951, 352941.31283203897], [6268385.594063531, 294117.7673648167], [6232819.818428918, 219251.4316028828], [6297672.222118356, 173262.10878908978], [6281016.777773098, 142246.05310700994], [6317173.615260553, 114438.55449016966], [6297600.653770691, 77005.38278954403], [6345013.662712804, 36363.653083799], [6314832.055054893, -4278.076836712638], [6349737.466809524, -36363.653083799], [6331690.045711629, -62032.11399076003], [6391831.458735807, -111229.99693563777], [6364020.26518294, -154010.76394634348], [6415574.31575467, -203602.01178596987]]]}}, {"type": "Feature", "properties": {}, "geometry": {"type": "MultiLineString", "coordinates": [[[6415574.31575467, -203602.01178596987], [6402765.928395273, -223529.50806475125], [6445397.229006214, -271657.8671868933], [6410681.9450626, -309091.033857873], [6482208.92717986, -403208.70279905084], [6451054.532277988, -440641.8631990109], [6487565.114989868, -486631.17150557676], [6434176.137664808, -539037.6573160092], [6471476.233734615, -585026.9812911253], [6390514.77748731, -669518.99078437], [6436545.205799989, -729412.0623206095]]]}}, {"type": "Feature", "properties": {}, "geometry": {"type": "MultiLineString", "coordinates": [[[-2624373.7882514847, 6009322.839926774], [-2692410.309295298, 6013271.489144344], [-2868620.3747415445, 5593990.655991487]]]}}, {"type": "Feature", "properties": {}, "geometry": {"type": "MultiLineString", "coordinates": [[[-2187917.720585344, -6401288.126259201], [-2079015.3799079836, -6407725.352022652]]]}}, {"type": "Feature", "properties": {}, "geometry": {"type": "MultiLineString", "coordinates": [[[-2079015.3799079836, -6407725.352022652], [-1446141.448004994, -6415207.829419051], [-1447474.9545341893, -6341573.537962634], [-1363696.7486999368, -6340610.400996867], [-1369875.530789357, -6286704.297821779], [-1204963.6987123378, -6259622.283458232], [-1210394.8406793121, -6180966.847902483], [-1033156.6660728279, -6184620.0996992085], [-1035830.8902965622, -6154746.473782316], [-570527.9162952638, -6119046.758784334], [-569349.7231389506, -6057307.934573968], [-465223.2707249369, -6054084.007716484], [-465587.1910507932, -5985336.612479305], [-339997.9523236105, -5978509.755646051], [-340794.657217495, -5909617.947962868], [-174789.71146730828, -5890233.644085715], [-53154.92652984543, -5803674.515307837]]]}}, {"type": "Feature", "properties": {}, "geometry": {"type": "MultiLineString", "coordinates": [[[-1283878.2991542295, 6881592.780749115], [-1489787.0459597537, 6814703.020959719], [-1735657.217825639, 6682379.436903591], [-2524196.592830937, 6099001.711283673], [-2547623.7976685567, 6102929.592322196], [-2624373.7882514847, 6009322.839926774]]]}}, {"type": "Feature", "properties": {}, "geometry": {"type": "MultiLineString", "coordinates": [[[-467880.43839033326, 7279781.275942455], [-902685.69034923, 7338954.1211762745], [-1045388.3689151662, 7182576.055301706], [-1222987.3035659164, 7037927.8031238], [-1267402.3937660027, 6962710.730876236], [-1283878.2991542295, 6881592.780749115]]]}}, {"type": "Feature", "properties": {}, "geometry": {"type": "MultiLineString", "coordinates": [[[-10341564.112099871, 3305256.6612147572], [-10284504.814097721, 3223896.9362646346], [-10286136.981175924, 3115192.8172445437], [-10172021.51809224, 2945162.939460495], [-10166677.049188163, 2854428.2602963373], [-10082642.639863497, 2755502.0057784608], [-9959660.73650183, 2473158.4902837942]]]}}, {"type": "Feature", "properties": {}, "geometry": {"type": "MultiLineString", "coordinates": [[[-10607437.212343, 5490478.962713318], [-10465940.773619764, 5595675.322146937]]]}}, {"type": "Feature", "properties": {}, "geometry": {"type": "MultiLineString", "coordinates": [[[639070.6522214431, 4816348.005497017], [640782.3080608491, 4815703.866348045]]]}}, {"type": "Feature", "properties": {}, "geometry": {"type": "MultiLineString", "coordinates": [[[640782.3080608491, 4815703.866348045], [642682.9289410145, 4814988.075179479]]]}}, {"type": "Feature", "properties": {}, "geometry": {"type": "MultiLineString", "coordinates": [[[642682.9289410145, 4814988.075179479], [826887.0182711883, 4841196.337045516], [888729.9506288348, 4795754.579360237], [993446.5030225406, 4803764.057485651], [1157828.14514549, 4675028.661248658], [1230369.9073827753, 4519885.771009938], [1284305.4319003322, 4498662.125337018], [1363145.925166988, 4395056.100175819], [1734365.1052155101, 4073856.516472497], [1683080.9367511803, 3969681.4418278597], [1522099.7442437562, 3824360.807256411], [1396417.6157403667, 3853752.32667632], [1361557.0083523567, 3923372.325377864], [1362426.5236492474, 4007482.8068053336]]]}}, {"type": "Feature", "properties": {}, "geometry": {"type": "MultiLineString", "coordinates": [[[1362426.5236492474, 4007482.8068053336], [1234899.0770634902, 3969867.8402566887], [1102226.1230813498, 3998656.6863292647], [920256.5059915928, 3969382.0701863663], [856081.0949436071, 3990919.841603244], [675457.454841269, 3922332.9656790732], [384206.04042538884, 3894243.70810735], [105478.76150384208, 3905003.4361651144], [-188908.66863285724, 3753918.6836716854], [-362158.17946773255, 3742997.6119336043], [-456606.40567145025, 3742864.9856899204], [-522185.9556219036, 3888436.737307222], [-498470.4538992741, 3899726.0245333216]]]}}, {"type": "Feature", "properties": {}, "geometry": {"type": "MultiLineString", "coordinates": [[[-498470.4538992741, 3899726.0245333216], [-122207.899398922, 4052732.9250095356], [15920.786448224384, 4144821.081329409]]]}}, {"type": "Feature", "properties": {}, "geometry": {"type": "MultiLineString", "coordinates": [[[1702060.0134831567, 4394108.711152054], [1711574.998736732, 4274248.09309273], [1792306.590198023, 4180902.5453881286], [1669194.7971526468, 3947262.0530172577], [1688763.8776236859, 3748896.2225666787], [1801788.4999476098, 3637858.3765597204], [2108807.858115728, 3483144.1095942524], [2299090.879564036, 3465335.6388383675], [2488791.871961919, 3635132.0071405326], [2593377.5903753694, 3671300.675590881], [2909526.805704162, 3677259.1659544804], [3062939.849669559, 3766458.8014044287]]]}}, {"type": "Feature", "properties": {}, "geometry": {"type": "MultiLineString", "coordinates": [[[614380.3353029909, 4655826.004638572], [446130.629953814, 4699205.900351837], [443744.9580726522, 4812657.592289727], [562224.7356679725, 4971051.023254182], [854335.742763991, 5091337.427073934], [1326247.1605069619, 5149553.673018689], [1389368.6748867312, 5237381.469576836], [1478277.5516501851, 5288225.341413357], [1659506.9267950263, 5328622.095728862], [1837072.742922664, 5328719.363843462], [1996891.006964339, 5234931.872374484], [2243672.4708488435, 4978834.485052185], [2255653.6541992286, 4832381.059651761], [2157880.5850172825, 4775397.861575766], [1939608.1335801887, 4786259.138481768]]]}}, {"type": "Feature", "properties": {}, "geometry": {"type": "MultiLineString", "coordinates": [[[11192730.123571508, 2002762.8010089137], [11163692.677924093, 2225326.0544165005], [11199825.254941395, 2571590.1246361146]]]}}, {"type": "Feature", "properties": {}, "geometry": {"type": "MultiLineString", "coordinates": [[[-7710202.014829809, -339508.5861578684], [-7724465.422212315, -460435.25511558854], [-7672096.099424712, -797900.8662598111], [-7556524.67661762, -1048183.4976415517], [-7238684.535450691, -1517187.5669419763], [-6789336.757085464, -1918340.4702063415], [-6670478.235301396, -2046811.037785889], [-6598552.359343077, -2204601.0888929237], [-6561863.15913975, -2812086.310289032], [-6552020.930017984, -4141645.982459425]]]}}, {"type": "Feature", "properties": {}, "geometry": {"type": "MultiLineString", "coordinates": [[[12496759.956908189, 4396496.656006941], [12649609.445310177, 4055186.826078342], [12630633.633618439, 3770674.4600846553]]]}}, {"type": "Feature", "properties": {}, "geometry": {"type": "MultiLineString", "coordinates": [[[12630633.633618439, 3770674.4600846553], [12539991.148712302, 3720835.874151247], [12401715.733010082, 3731090.789291184], [12357342.812791716, 3619367.342624712], [12236776.021326596, 3506359.7853165315]]]}}, {"type": "Feature", "properties": {}, "geometry": {"type": "MultiLineString", "coordinates": [[[12236776.021326596, 3506359.7853165315], [12136744.806135481, 3473703.2246645694], [12008955.27148412, 3349637.729454558], [11834248.23647567, 2762597.7729145708], [11695772.314043183, 2599497.393228232], [11601051.78484, 2528975.9878206677], [11465191.569341023, 2490792.584089197], [11348016.97406444, 2495905.645916327], [11252481.67335059, 2540878.326902397]]]}}, {"type": "Feature", "properties": {}, "geometry": {"type": "MultiLineString", "coordinates": [[[11252481.67335059, 2540878.326902397], [11199825.254941395, 2571590.1246361146]]]}}, {"type": "Feature", "properties": {}, "geometry": {"type": "MultiLineString", "coordinates": [[[642682.9289410145, 4814988.075179479], [681685.4414064967, 4877277.859271295], [849780.297580289, 4849642.472319889], [1076071.359692926, 4942363.652302496], [1185053.39059718, 4854031.3747855425], [1213230.2651002468, 4741047.19238154], [1308268.5006048796, 4618502.958145641], [1577575.9280127608, 4534818.440401331], [1702060.0134831765, 4394108.7111518225]]]}}, {"type": "Feature", "properties": {}, "geometry": {"type": "MultiLineString", "coordinates": [[[12689193.890905999, 746210.6606401153], [12878076.165663505, 776035.5526921087], [12938779.195171762, 818073.1354769513], [13027309.956161402, 998123.5522588969]]]}}, {"type": "Feature", "properties": {}, "geometry": {"type": "MultiLineString", "coordinates": [[[13027309.956161402, 998123.5522588969], [13057902.714940237, 1156418.2915711992], [13225053.822939035, 1159965.0384304805], [13390004.62015916, 1207620.0110032018]]]}}, {"type": "Feature", "properties": {}, "geometry": {"type": "MultiLineString", "coordinates": [[[13390004.62015916, 1207620.0110032018], [13595516.149064, 1297274.2955816388], [13738698.594146408, 1441115.8518537339], [13799132.983749084, 1647081.3381713512], [13794327.302495945, 1827831.9594580175], [13748046.96543192, 1997302.0706989092], [13617493.019802444, 2245992.3811405166], [13189980.645019103, 2634488.5211738036]]]}}, {"type": "Feature", "properties": {}, "geometry": {"type": "MultiLineString", "coordinates": [[[11264866.095745577, 579898.2691052764], [11277675.472760873, 591783.9652671494]]]}}, {"type": "Feature", "properties": {}, "geometry": {"type": "MultiLineString", "coordinates": [[[11277675.472760873, 591783.9652671494], [11496215.199136754, 847837.1678358724], [11590157.441325497, 897751.4297097]]]}}, {"type": "Feature", "properties": {}, "geometry": {"type": "MultiLineString", "coordinates": [[[-9265092.979515778, 1711214.0545656665], [-9586943.976917963, 1882351.3454186185], [-9740586.29393849, 2017942.3489994723]]]}}, {"type": "Feature", "properties": {}, "geometry": {"type": "MultiLineString", "coordinates": [[[-9740586.29393849, 2017942.3489994723], [-9805841.872991966, 2096255.2186815543], [-9803079.554353092, 2173342.066686193]]]}}, {"type": "Feature", "properties": {}, "geometry": {"type": "MultiLineString", "coordinates": [[[15886744.626165505, -3968197.261677861], [15891540.647302553, -3964274.706964185]], [[-15891540.647302553, -3964274.706964185], [-15909785.729683783, -3742108.135407877], [-15980568.614323733, -3434952.4489445416]]]}}, {"type": "Feature", "properties": {}, "geometry": {"type": "MultiLineString", "coordinates": [[[8563749.427951248, 1303442.4019578998], [8560486.853398172, 1062662.2058682495], [8592453.448437965, 968084.4191586102]]]}}, {"type": "Feature", "properties": {}, "geometry": {"type": "MultiLineString", "coordinates": [[[8592453.448437965, 968084.4191586102], [8693369.283895517, 663785.223966827]]]}}, {"type": "Feature", "properties": {}, "geometry": {"type": "MultiLineString", "coordinates": [[[8693369.283895517, 663785.223966827], [8769056.754150784, 439152.2829373125], [8871070.20662369, 269635.7085437441], [9044396.661626687, 155989.3743983575], [9440281.84565142, -480738.1231278185], [9683356.257544752, -796671.3662316797]]]}}, {"type": "Feature", "properties": {}, "geometry": {"type": "MultiLineString", "coordinates": [[[9683356.257544752, -796671.3662316797], [9791356.240018403, -893588.2180943975]]]}}, {"type": "Feature", "properties": {}, "geometry": {"type": "MultiLineString", "coordinates": [[[9791356.240018403, -893588.2180943975], [9879821.613994123, -967215.0323846748]]]}}, {"type": "Feature", "properties": {}, "geometry": {"type": "MultiLineString", "coordinates": [[[11898620.66377756, 398996.95902770635], [11966966.48345732, 340398.4980728007]]]}}, {"type": "Feature", "properties": {}, "geometry": {"type": "MultiLineString", "coordinates": [[[11966966.48345732, 340398.4980728007], [12021036.725137273, 293794.8586858218], [11986559.04091944, 5875.403775565669], [11992778.391716402, -173062.61355728126]]]}}, {"type": "Feature", "properties": {}, "geometry": {"type": "MultiLineString", "coordinates": [[[13155464.678033238, 2629498.9962717635], [13065595.530491576, 2994631.926585301], [12855048.753511602, 3315540.377667531], [12630633.633618439, 3770674.4600846553]]]}}, {"type": "Feature", "properties": {}, "geometry": {"type": "MultiLineString", "coordinates": [[[12997980.747088883, 5584101.657954819], [13021621.279009972, 5376978.121730177], [12944592.63106735, 5157505.280266729]]]}}, {"type": "Feature", "properties": {}, "geometry": {"type": "MultiLineString", "coordinates": [[[12944592.63106735, 5157505.280266729], [12878579.023665901, 4858128.514897249], [12496759.956908189, 4396496.656006941]]]}}, {"type": "Feature", "properties": {}, "geometry": {"type": "MultiLineString", "coordinates": [[[-10671658.190633267, 5764147.92072423], [-10465940.773619764, 5595675.322146937]]]}}, {"type": "Feature", "properties": {}, "geometry": {"type": "MultiLineString", "coordinates": [[[14491172.42921738, -622256.0498331182], [14389589.591009168, -604630.7449694031], [14068420.45039788, -759519.8002459571]]]}}, {"type": "Feature", "properties": {}, "geometry": {"type": "MultiLineString", "coordinates": [[[14583044.934212524, -732192.4253469764], [14552337.382441524, -705273.3536730118]]]}}, {"type": "Feature", "properties": {}, "geometry": {"type": "MultiLineString", "coordinates": [[[14552337.382441524, -705273.3536730118], [14491172.42921738, -622256.0498331182]]]}}, {"type": "Feature", "properties": {}, "geometry": {"type": "MultiLineString", "coordinates": [[[14491172.42921738, -622256.0498331182], [14360698.409585096, -390027.5785400984]]]}}, {"type": "Feature", "properties": {}, "geometry": {"type": "MultiLineString", "coordinates": [[[14068420.45039788, -759519.8002459571], [13979860.33504446, -772983.3090685211]]]}}, {"type": "Feature", "properties": {}, "geometry": {"type": "MultiLineString", "coordinates": [[[13979860.33504446, -772983.3090685211], [13897602.788001249, -742324.7684156375]]]}}, {"type": "Feature", "properties": {}, "geometry": {"type": "MultiLineString", "coordinates": [[[15923887.843346592, -2485691.5128663033], [15746579.73634194, -2440926.2005356885], [15655556.392633239, -2323929.911405361], [15596515.266091147, -2113752.7166546416], [15535100.135673422, -1664117.8778309177], [15554618.41865269, -1569115.729887686]]]}}, {"type": "Feature", "properties": {}, "geometry": {"type": "MultiLineString", "coordinates": [[[15554618.41865269, -1569115.729887686], [15562518.632212926, -1517135.5644684199]]]}}, {"type": "Feature", "properties": {}, "geometry": {"type": "MultiLineString", "coordinates": [[[15544126.515509821, -1255313.265145151], [15565271.67963633, -1475075.9819077721]]]}}, {"type": "Feature", "properties": {}, "geometry": {"type": "MultiLineString", "coordinates": [[[15565271.67963633, -1475075.9819077721], [15562518.632212926, -1517135.5644684199]]]}}, {"type": "Feature", "properties": {}, "geometry": {"type": "MultiLineString", "coordinates": [[[15562518.632212926, -1517135.5644684199], [15554618.41865269, -1569115.729887686]]]}}, {"type": "Feature", "properties": {}, "geometry": {"type": "MultiLineString", "coordinates": [[[11269913.37582227, 129321.34193744982], [11879068.835214293, 196408.24757088517]]]}}, {"type": "Feature", "properties": {}, "geometry": {"type": "MultiLineString", "coordinates": [[[-16769680.148626251, -1597877.519969013], [-16419948.97387846, -1544833.538081808]]]}}, {"type": "Feature", "properties": {}, "geometry": {"type": "MultiLineString", "coordinates": [[[-16419948.97387846, -1544833.538081808], [-16330534.985644154, -1529444.0391689125], [-16230823.632529326, -1562591.2930389983], [-16105325.462383017, -1657081.2319948156], [-16064755.051906075, -1850883.9466837822], [-16067451.280955845, -2095010.9867833874], [-16129429.030784022, -2541825.965063522]]]}}, {"type": "Feature", "properties": {}, "geometry": {"type": "MultiLineString", "coordinates": [[[-16129429.030784022, -2541825.965063522], [-16051995.945753977, -2878845.7407122767], [-15997118.023192847, -3181159.033323466], [-15980568.614323733, -3434952.4489445416]]]}}, {"type": "Feature", "properties": {}, "geometry": {"type": "MultiLineString", "coordinates": [[[11772542.474863665, -75967.63428798954], [11879068.835214293, 196408.24757088517]]]}}, {"type": "Feature", "properties": {}, "geometry": {"type": "MultiLineString", "coordinates": [[[11879068.835214293, 196408.24757088517], [11898620.66377756, 398996.95902770635]]]}}, {"type": "Feature", "properties": {}, "geometry": {"type": "MultiLineString", "coordinates": [[[11898620.66377756, 398996.95902770635], [11904161.586964335, 435929.9485398342]]]}}, {"type": "Feature", "properties": {}, "geometry": {"type": "MultiLineString", "coordinates": [[[13549351.762995118, 5645471.438307609], [12997980.747088883, 5584101.657954819]]]}}, {"type": "Feature", "properties": {}, "geometry": {"type": "MultiLineString", "coordinates": [[[-10896379.722439293, 6271309.059284766], [-11039326.539219374, 6228867.728395259], [-11368306.99791689, 6085837.704076943], [-12158997.51404248, 5833296.865456992], [-14102761.758107359, 5411477.788272292], [-14712363.98859641, 5373384.972401118]], [[14712363.98859641, 5373384.972401118], [14291851.994271444, 5423763.966888057], [13549351.762995118, 5645471.438307609]]]}}, {"type": "Feature", "properties": {}, "geometry": {"type": "MultiLineString", "coordinates": [[[13549351.762995118, 5645471.438307609], [12922408.841726657, 5857980.929318589]]]}}, {"type": "Feature", "properties": {}, "geometry": {"type": "MultiLineString", "coordinates": [[[11904161.586964335, 435929.9485398342], [11688063.52185789, 655800.5220881029], [11640412.538235309, 843769.9057728101]]]}}, {"type": "Feature", "properties": {}, "geometry": {"type": "MultiLineString", "coordinates": [[[11192730.123571508, 2002762.8010089137], [11153684.485494124, 1892442.7259909278]]]}}, {"type": "Feature", "properties": {}, "geometry": {"type": "MultiLineString", "coordinates": [[[11153684.485494124, 1892442.7259909278], [11123335.614980675, 1810820.9989931013], [11171173.637235165, 1475701.8007605975], [11219473.2882235, 1429969.919326556], [11336787.417630864, 1407607.1036652247], [11394012.680076357, 1369112.9321520173], [11409423.644293992, 1321010.9916684916]]]}}, {"type": "Feature", "properties": {}, "geometry": {"type": "MultiLineString", "coordinates": [[[11409423.644293992, 1321010.9916684916], [11471159.637640785, 1152151.3353576981]]]}}, {"type": "Feature", "properties": {}, "geometry": {"type": "MultiLineString", "coordinates": [[[11471159.637640785, 1152151.3353576981], [11491702.150646323, 1038787.6690207747], [11590157.441325497, 897751.4297097]]]}}, {"type": "Feature", "properties": {}, "geometry": {"type": "MultiLineString", "coordinates": [[[11590157.441325497, 897751.4297097], [11640412.538235309, 843769.9057728101]]]}}, {"type": "Feature", "properties": {}, "geometry": {"type": "MultiLineString", "coordinates": [[[11469918.935961764, 1826347.384969362], [11857220.396986255, 1289312.4164796628], [12004493.476947797, 858226.6742886616], [12003563.981860979, 702150.3599783395], [12169243.631372357, 333231.314398769], [12177655.949890701, 247957.43934718857]]]}}, {"type": "Feature", "properties": {}, "geometry": {"type": "MultiLineString", "coordinates": [[[11469918.935961764, 1826347.384969362], [11252481.67335059, 2540878.326902397]]]}}, {"type": "Feature", "properties": {}, "geometry": {"type": "MultiLineString", "coordinates": [[[14106730.358326877, -78970.96319786158], [13962539.415106189, 595630.520642843]]]}}, {"type": "Feature", "properties": {}, "geometry": {"type": "MultiLineString", "coordinates": [[[9879821.613994123, -967215.0323846748], [10241235.432494506, -1102221.1687309344], [10816665.313357055, -1181221.803715388], [11083539.897742212, -1181984.238646739]]]}}, {"type": "Feature", "properties": {}, "geometry": {"type": "MultiLineString", "coordinates": [[[-8993239.983961133, 1625996.9904343986], [-8588116.617590833, 1378842.5944839756], [-8310598.98154775, 1258446.2009870887], [-8185548.884505003, 1150146.963351388], [-8089204.535898334, 1006007.2320435195], [-7866686.67960999, 891739.572890821], [-7797038.665010639, 804032.3261206562]]]}}, {"type": "Feature", "properties": {}, "geometry": {"type": "MultiLineString", "coordinates": [[[-7797038.665010639, 804032.3261206562], [-7629774.313755484, 735932.6191188658]]]}}, {"type": "Feature", "properties": {}, "geometry": {"type": "MultiLineString", "coordinates": [[[-7514589.882410615, 938396.8423927007], [-7423554.810591336, 765094.2780022947]]]}}, {"type": "Feature", "properties": {}, "geometry": {"type": "MultiLineString", "coordinates": [[[-7423554.810591336, 765094.2780022947], [-7362318.627524359, 656345.3623286068], [-7361189.614382682, 498789.0614046657]]]}}, {"type": "Feature", "properties": {}, "geometry": {"type": "MultiLineString", "coordinates": [[[-5798851.977460788, 2102170.8864820777], [-5625770.340875795, 1991801.1904671707], [-5497950.359982645, 1778440.5550173228]]]}}, {"type": "Feature", "properties": {}, "geometry": {"type": "MultiLineString", "coordinates": [[[-5497950.359982645, 1778440.5550173228], [-5393172.29344753, 1596209.091953121], [-5370716.738615365, 1397998.181507742], [-5431196.248453264, 1143875.7557811295]]]}}, {"type": "Feature", "properties": {}, "geometry": {"type": "MultiLineString", "coordinates": [[[-2079015.3799079836, -6407725.352022652], [-1967050.7507559925, -6385870.568717734], [-1891898.740771892, -6333422.950202832], [-1828419.1936608115, -6229967.41135623], [-1827457.3350715525, -6158182.212922778], [-1876252.0217440983, -6056607.86301611], [-2014687.454295931, -5922991.905347918], [-2125439.3420353755, -5861780.56640719], [-2304343.174681779, -5817370.493924056]]]}}, {"type": "Feature", "properties": {}, "geometry": {"type": "MultiLineString", "coordinates": [[[3417683.458059684, 4112339.918842871], [3836099.5736348215, 4035261.5262056394], [4249054.471054705, 3677434.709945248], [4636200.567034872, 3406875.854502922], [4868718.208355906, 3178885.8835789277], [5101893.106233112, 3017438.7801388875], [5663254.497015109, 2751781.3401006777], [5885515.288120505, 2682535.360076206], [6018357.667689759, 2691397.0265942905]]]}}, {"type": "Feature", "properties": {}, "geometry": {"type": "MultiLineString", "coordinates": [[[15544126.515509821, -1255313.265145151], [15450354.731933635, -1185646.1072122091], [15237817.634387583, -1223393.7832769956], [15139256.477864904, -1192055.108838287], [14719204.439573523, -875051.5625597283]]]}}, {"type": "Feature", "properties": {}, "geometry": {"type": "MultiLineString", "coordinates": [[[14719204.439573523, -875051.5625597283], [14652176.516715534, -797522.7326775528]]]}}, {"type": "Feature", "properties": {}, "geometry": {"type": "MultiLineString", "coordinates": [[[14652176.516715534, -797522.7326775528], [14583113.120356906, -732405.9932113454]]]}}, {"type": "Feature", "properties": {}, "geometry": {"type": "MultiLineString", "coordinates": [[[14583113.120356906, -732405.9932113454], [14552337.382441524, -705273.3536730118]]]}}, {"type": "Feature", "properties": {}, "geometry": {"type": "MultiLineString", "coordinates": [[[12422353.460588703, 45610.36771242576], [12461509.194348475, 33254.21410805477]]]}}, {"type": "Feature", "properties": {}, "geometry": {"type": "MultiLineString", "coordinates": [[[12461509.194348475, 33254.21410805477], [12537847.947062716, 9138.778835416055]]]}}, {"type": "Feature", "properties": {}, "geometry": {"type": "MultiLineString", "coordinates": [[[12537847.947062716, 9138.778835416055], [13226247.939049214, -181375.44951950386]]]}}, {"type": "Feature", "properties": {}, "geometry": {"type": "MultiLineString", "coordinates": [[[13226247.939049214, -181375.44951950386], [13582754.674884072, -358076.47682875564]]]}}, {"type": "Feature", "properties": {}, "geometry": {"type": "MultiLineString", "coordinates": [[[-4243667.773996841, -6402940.623030422], [-4516490.281469957, -6468887.316135434], [-4713890.001204832, -6579722.637612397]]]}}, {"type": "Feature", "properties": {}, "geometry": {"type": "MultiLineString", "coordinates": [[[11083539.897742212, -1181984.238646739], [11296465.192902828, -1233161.5329734655], [11395090.683138931, -1222629.1917635072]]]}}, {"type": "Feature", "properties": {}, "geometry": {"type": "MultiLineString", "coordinates": [[[11395090.683138931, -1222629.1917635072], [11654812.080546271, -1143737.0464043443], [11998772.076466445, -983974.3400085832], [12264334.25798008, -942164.9106047098]]]}}, {"type": "Feature", "properties": {}, "geometry": {"type": "MultiLineString", "coordinates": [[[12264334.25798008, -942164.9106047098], [12376742.503191993, -882236.8328263733], [12614663.772413643, -582275.9837786962], [12649182.459920676, -490431.82595050195]]]}}, {"type": "Feature", "properties": {}, "geometry": {"type": "MultiLineString", "coordinates": [[[-10837331.55460061, 4311521.056845272], [-10816031.904679831, 4451661.5300452765], [-10636601.305695564, 4770086.0780859655], [-10522457.145738823, 5051415.670119707], [-10512758.317285955, 5149414.399956908], [-10547201.325646877, 5231561.806340716], [-10513978.387331387, 5304262.487896507], [-10607437.212343, 5490478.962713318]]]}}, {"type": "Feature", "properties": {}, "geometry": {"type": "MultiLineString", "coordinates": [[[-4960902.375025412, -6146956.754900621], [-5572666.703032712, -5979415.650623517], [-5859252.32254732, -5846549.615538318], [-6072130.802054847, -5711674.443176071], [-6240482.887842678, -5467840.032531756]]]}}, {"type": "Feature", "properties": {}, "geometry": {"type": "MultiLineString", "coordinates": [[[-6240482.887842678, -5467840.032531756], [-6373403.324487322, -5271289.884382496], [-6389161.096807851, -4941984.562660989], [-6426113.941118008, -4862199.524849749]]]}}, {"type": "Feature", "properties": {}, "geometry": {"type": "MultiLineString", "coordinates": [[[-6426113.941118008, -4862199.524849749], [-6552020.930017984, -4141645.982459425]]]}}, {"type": "Feature", "properties": {}, "geometry": {"type": "MultiLineString", "coordinates": [[[-7241965.932177713, 1053429.914835104], [-7219156.478251193, 1085822.137668079]]]}}, {"type": "Feature", "properties": {}, "geometry": {"type": "MultiLineString", "coordinates": [[[-7219156.478251193, 1085822.137668079], [-7044530.802956715, 1305781.5756180352]]]}}, {"type": "Feature", "properties": {}, "geometry": {"type": "MultiLineString", "coordinates": [[[-7710202.014829809, -339508.5861578684], [-7689989.085735975, -120363.69076300468], [-7597735.274646631, 152577.60826618772], [-7361189.614382682, 498789.0614046657]]]}}, {"type": "Feature", "properties": {}, "geometry": {"type": "MultiLineString", "coordinates": [[[1702060.0134831567, 4394108.711152054], [1711574.998736732, 4274248.09309273], [1792306.590198023, 4180902.5453881286], [1669194.7971526468, 3947262.0530172577], [1688763.8776236859, 3748896.2225666787], [1801788.4999476098, 3637858.3765597204], [2108807.858115728, 3483144.1095942524], [2299090.879564036, 3465335.6388383675], [2488791.871961919, 3635132.0071405326], [2593377.5903753694, 3671300.675590881], [2909526.805704162, 3677259.1659544804], [3062939.849669559, 3766458.8014044287]]]}}, {"type": "Feature", "properties": {}, "geometry": {"type": "MultiLineString", "coordinates": [[[-7710202.014829809, -339508.5861578684], [-7724465.422212315, -460435.25511558854], [-7672096.099424712, -797900.8662598111], [-7556524.67661762, -1048183.4976415517], [-7238684.535450691, -1517187.5669419763], [-6789336.757085464, -1918340.4702063415], [-6670478.235301396, -2046811.037785889], [-6598552.359343077, -2204601.0888929237], [-6561863.15913975, -2812086.310289032], [-6552020.930017984, -4141645.982459425]]]}}, {"type": "Feature", "properties": {}, "geometry": {"type": "MultiLineString", "coordinates": [[[642682.9289410145, 4814988.075179479], [681685.4414064967, 4877277.859271295], [849780.297580289, 4849642.472319889], [1076071.359692926, 4942363.652302496], [1185053.39059718, 4854031.3747855425], [1213230.2651002468, 4741047.19238154], [1308268.5006048796, 4618502.958145641], [1577575.9280127608, 4534818.440401331], [1702060.0134831765, 4394108.7111518225]]]}}, {"type": "Feature", "properties": {}, "geometry": {"type": "MultiLineString", "coordinates": [[[12689193.890905999, 746210.6606401153], [12878076.165663505, 776035.5526921087], [12938779.195171762, 818073.1354769513], [13027309.956161402, 998123.5522588969]]]}}, {"type": "Feature", "properties": {}, "geometry": {"type": "MultiLineString", "coordinates": [[[13027309.956161402, 998123.5522588969], [13057902.714940237, 1156418.2915711992], [13225053.822939035, 1159965.0384304805], [13390004.62015916, 1207620.0110032018]]]}}, {"type": "Feature", "properties": {}, "geometry": {"type": "MultiLineString", "coordinates": [[[13390004.62015916, 1207620.0110032018], [13595516.149064, 1297274.2955816388], [13738698.594146408, 1441115.8518537339], [13799132.983749084, 1647081.3381713512], [13794327.302495945, 1827831.9594580175], [13748046.96543192, 1997302.0706989092], [13617493.019802444, 2245992.3811405166], [13189980.645019103, 2634488.5211738036]]]}}, {"type": "Feature", "properties": {}, "geometry": {"type": "MultiLineString", "coordinates": [[[15886744.626165505, -3968197.261677861], [15891540.647302553, -3964274.706964185]], [[-15891540.647302553, -3964274.706964185], [-15909785.729683783, -3742108.135407877], [-15980568.614323733, -3434952.4489445416]]]}}, {"type": "Feature", "properties": {}, "geometry": {"type": "MultiLineString", "coordinates": [[[8563749.427951248, 1303442.4019578998], [8560486.853398172, 1062662.2058682495], [8592453.448437965, 968084.4191586102]]]}}, {"type": "Feature", "properties": {}, "geometry": {"type": "MultiLineString", "coordinates": [[[8592453.448437965, 968084.4191586102], [8693369.283895517, 663785.223966827]]]}}, {"type": "Feature", "properties": {}, "geometry": {"type": "MultiLineString", "coordinates": [[[8693369.283895517, 663785.223966827], [8769056.754150784, 439152.2829373125], [8871070.20662369, 269635.7085437441], [9044396.661626687, 155989.3743983575], [9440281.84565142, -480738.1231278185], [9683356.257544752, -796671.3662316797]]]}}, {"type": "Feature", "properties": {}, "geometry": {"type": "MultiLineString", "coordinates": [[[9683356.257544752, -796671.3662316797], [9791356.240018403, -893588.2180943975]]]}}, {"type": "Feature", "properties": {}, "geometry": {"type": "MultiLineString", "coordinates": [[[9791356.240018403, -893588.2180943975], [9879821.613994123, -967215.0323846748]]]}}, {"type": "Feature", "properties": {}, "geometry": {"type": "MultiLineString", "coordinates": [[[11898620.66377756, 398996.95902770635], [11966966.48345732, 340398.4980728007]]]}}, {"type": "Feature", "properties": {}, "geometry": {"type": "MultiLineString", "coordinates": [[[11966966.48345732, 340398.4980728007], [12021036.725137273, 293794.8586858218], [11986559.04091944, 5875.403775565669], [11992778.391716402, -173062.61355728126]]]}}, {"type": "Feature", "properties": {}, "geometry": {"type": "MultiLineString", "coordinates": [[[13155464.678033238, 2629498.9962717635], [13065595.530491576, 2994631.926585301], [12855048.753511602, 3315540.377667531], [12630633.633618439, 3770674.4600846553]]]}}, {"type": "Feature", "properties": {}, "geometry": {"type": "MultiLineString", "coordinates": [[[-10671658.190633267, 5764147.92072423], [-10465940.773619764, 5595675.322146937]]]}}, {"type": "Feature", "properties": {}, "geometry": {"type": "MultiLineString", "coordinates": [[[15544126.515509821, -1255313.265145151], [15565271.67963633, -1475075.9819077721]]]}}, {"type": "Feature", "properties": {}, "geometry": {"type": "MultiLineString", "coordinates": [[[15565271.67963633, -1475075.9819077721], [15562518.632212926, -1517135.5644684199]]]}}, {"type": "Feature", "properties": {}, "geometry": {"type": "MultiLineString", "coordinates": [[[15562518.632212926, -1517135.5644684199], [15554618.41865269, -1569115.729887686]]]}}, {"type": "Feature", "properties": {}, "geometry": {"type": "MultiLineString", "coordinates": [[[11772542.474863665, -75967.63428798954], [11879068.835214293, 196408.24757088517]]]}}, {"type": "Feature", "properties": {}, "geometry": {"type": "MultiLineString", "coordinates": [[[11879068.835214293, 196408.24757088517], [11898620.66377756, 398996.95902770635]]]}}, {"type": "Feature", "properties": {}, "geometry": {"type": "MultiLineString", "coordinates": [[[11898620.66377756, 398996.95902770635], [11904161.586964335, 435929.9485398342]]]}}, {"type": "Feature", "properties": {}, "geometry": {"type": "MultiLineString", "coordinates": [[[11904161.586964335, 435929.9485398342], [11688063.52185789, 655800.5220881029], [11640412.538235309, 843769.9057728101]]]}}, {"type": "Feature", "properties": {}, "geometry": {"type": "MultiLineString", "coordinates": [[[11192730.123571508, 2002762.8010089137], [11153684.485494124, 1892442.7259909278]]]}}, {"type": "Feature", "properties": {}, "geometry": {"type": "MultiLineString", "coordinates": [[[11153684.485494124, 1892442.7259909278], [11123335.614980675, 1810820.9989931013], [11171173.637235165, 1475701.8007605975], [11219473.2882235, 1429969.919326556], [11336787.417630864, 1407607.1036652247], [11394012.680076357, 1369112.9321520173], [11409423.644293992, 1321010.9916684916]]]}}, {"type": "Feature", "properties": {}, "geometry": {"type": "MultiLineString", "coordinates": [[[11409423.644293992, 1321010.9916684916], [11471159.637640785, 1152151.3353576981]]]}}, {"type": "Feature", "properties": {}, "geometry": {"type": "MultiLineString", "coordinates": [[[11471159.637640785, 1152151.3353576981], [11491702.150646323, 1038787.6690207747], [11590157.441325497, 897751.4297097]]]}}, {"type": "Feature", "properties": {}, "geometry": {"type": "MultiLineString", "coordinates": [[[11590157.441325497, 897751.4297097], [11640412.538235309, 843769.9057728101]]]}}, {"type": "Feature", "properties": {}, "geometry": {"type": "MultiLineString", "coordinates": [[[11469918.935961764, 1826347.384969362], [11252481.67335059, 2540878.326902397]]]}}, {"type": "Feature", "properties": {}, "geometry": {"type": "MultiLineString", "coordinates": [[[9879821.613994123, -967215.0323846748], [10241235.432494506, -1102221.1687309344], [10816665.313357055, -1181221.803715388], [11083539.897742212, -1181984.238646739]]]}}, {"type": "Feature", "properties": {}, "geometry": {"type": "MultiLineString", "coordinates": [[[-8993239.983961133, 1625996.9904343986], [-8588116.617590833, 1378842.5944839756], [-8310598.98154775, 1258446.2009870887], [-8185548.884505003, 1150146.963351388], [-8089204.535898334, 1006007.2320435195], [-7866686.67960999, 891739.572890821], [-7797038.665010639, 804032.3261206562]]]}}, {"type": "Feature", "properties": {}, "geometry": {"type": "MultiLineString", "coordinates": [[[-7797038.665010639, 804032.3261206562], [-7629774.313755484, 735932.6191188658]]]}}, {"type": "Feature", "properties": {}, "geometry": {"type": "MultiLineString", "coordinates": [[[-7514589.882410615, 938396.8423927007], [-7423554.810591336, 765094.2780022947]]]}}, {"type": "Feature", "properties": {}, "geometry": {"type": "MultiLineString", "coordinates": [[[-7423554.810591336, 765094.2780022947], [-7362318.627524359, 656345.3623286068], [-7361189.614382682, 498789.0614046657]]]}}, {"type": "Feature", "properties": {}, "geometry": {"type": "MultiLineString", "coordinates": [[[-2079015.3799079836, -6407725.352022652], [-1967050.7507559925, -6385870.568717734], [-1891898.740771892, -6333422.950202832], [-1828419.1936608115, -6229967.41135623], [-1827457.3350715525, -6158182.212922778], [-1876252.0217440983, -6056607.86301611], [-2014687.454295931, -5922991.905347918], [-2125439.3420353755, -5861780.56640719], [-2304343.174681779, -5817370.493924056]]]}}, {"type": "Feature", "properties": {}, "geometry": {"type": "MultiLineString", "coordinates": [[[3417683.458059684, 4112339.918842871], [3836099.5736348215, 4035261.5262056394], [4249054.471054705, 3677434.709945248], [4636200.567034872, 3406875.854502922], [4868718.208355906, 3178885.8835789277], [5101893.106233112, 3017438.7801388875], [5663254.497015109, 2751781.3401006777], [5885515.288120505, 2682535.360076206], [6018357.667689759, 2691397.0265942905]]]}}, {"type": "Feature", "properties": {}, "geometry": {"type": "MultiLineString", "coordinates": [[[-4243667.773996841, -6402940.623030422], [-4516490.281469957, -6468887.316135434], [-4713890.001204832, -6579722.637612397]]]}}, {"type": "Feature", "properties": {}, "geometry": {"type": "MultiLineString", "coordinates": [[[11083539.897742212, -1181984.238646739], [11296465.192902828, -1233161.5329734655], [11395090.683138931, -1222629.1917635072]]]}}, {"type": "Feature", "properties": {}, "geometry": {"type": "MultiLineString", "coordinates": [[[11395090.683138931, -1222629.1917635072], [11654812.080546271, -1143737.0464043443], [11998772.076466445, -983974.3400085832], [12264334.25798008, -942164.9106047098]]]}}, {"type": "Feature", "properties": {}, "geometry": {"type": "MultiLineString", "coordinates": [[[12264334.25798008, -942164.9106047098], [12376742.503191993, -882236.8328263733], [12614663.772413643, -582275.9837786962], [12649182.459920676, -490431.82595050195]]]}}, {"type": "Feature", "properties": {}, "geometry": {"type": "MultiLineString", "coordinates": [[[639070.6522214431, 4816348.005497017], [640782.3080608491, 4815703.866348045]]]}}, {"type": "Feature", "properties": {}, "geometry": {"type": "MultiLineString", "coordinates": [[[640782.3080608491, 4815703.866348045], [642682.9289410145, 4814988.075179479]]]}}, {"type": "Feature", "properties": {}, "geometry": {"type": "MultiLineString", "coordinates": [[[642682.9289410145, 4814988.075179479], [826887.0182711883, 4841196.337045516], [888729.9506288348, 4795754.579360237], [993446.5030225406, 4803764.057485651], [1157828.14514549, 4675028.661248658], [1230369.9073827753, 4519885.771009938], [1284305.4319003322, 4498662.125337018], [1363145.925166988, 4395056.100175819], [1734365.1052155101, 4073856.516472497], [1683080.9367511803, 3969681.4418278597], [1522099.7442437562, 3824360.807256411], [1396417.6157403667, 3853752.32667632], [1361557.0083523567, 3923372.325377864], [1362426.5236492474, 4007482.8068053336]]]}}, {"type": "Feature", "properties": {}, "geometry": {"type": "MultiLineString", "coordinates": [[[1362426.5236492474, 4007482.8068053336], [1234899.0770634902, 3969867.8402566887], [1102226.1230813498, 3998656.6863292647], [920256.5059915928, 3969382.0701863663], [856081.0949436071, 3990919.841603244], [675457.454841269, 3922332.9656790732], [384206.04042538884, 3894243.70810735], [105478.76150384208, 3905003.4361651144], [-188908.66863285724, 3753918.6836716854], [-362158.17946773255, 3742997.6119336043], [-456606.40567145025, 3742864.9856899204], [-522185.9556219036, 3888436.737307222], [-498470.4538992741, 3899726.0245333216]]]}}, {"type": "Feature", "properties": {}, "geometry": {"type": "MultiLineString", "coordinates": [[[-498470.4538992741, 3899726.0245333216], [-122207.899398922, 4052732.9250095356], [15920.786448224384, 4144821.081329409]]]}}, {"type": "Feature", "properties": {}, "geometry": {"type": "MultiLineString", "coordinates": [[[614380.3353029909, 4655826.004638572], [446130.629953814, 4699205.900351837], [443744.9580726522, 4812657.592289727], [562224.7356679725, 4971051.023254182], [854335.742763991, 5091337.427073934], [1326247.1605069619, 5149553.673018689], [1389368.6748867312, 5237381.469576836], [1478277.5516501851, 5288225.341413357], [1659506.9267950263, 5328622.095728862], [1837072.742922664, 5328719.363843462], [1996891.006964339, 5234931.872374484], [2243672.4708488435, 4978834.485052185], [2255653.6541992286, 4832381.059651761], [2157880.5850172825, 4775397.861575766], [1939608.1335801887, 4786259.138481768]]]}}, {"type": "Feature", "properties": {}, "geometry": {"type": "MultiLineString", "coordinates": [[[11192730.123571508, 2002762.8010089137], [11163692.677924093, 2225326.0544165005], [11199825.254941395, 2571590.1246361146]]]}}, {"type": "Feature", "properties": {}, "geometry": {"type": "MultiLineString", "coordinates": [[[12496759.956908189, 4396496.656006941], [12649609.445310177, 4055186.826078342], [12630633.633618439, 3770674.4600846553]]]}}, {"type": "Feature", "properties": {}, "geometry": {"type": "MultiLineString", "coordinates": [[[12630633.633618439, 3770674.4600846553], [12539991.148712302, 3720835.874151247], [12401715.733010082, 3731090.789291184], [12357342.812791716, 3619367.342624712], [12236776.021326596, 3506359.7853165315]]]}}, {"type": "Feature", "properties": {}, "geometry": {"type": "MultiLineString", "coordinates": [[[12236776.021326596, 3506359.7853165315], [12136744.806135481, 3473703.2246645694], [12008955.27148412, 3349637.729454558], [11834248.23647567, 2762597.7729145708], [11695772.314043183, 2599497.393228232], [11601051.78484, 2528975.9878206677], [11465191.569341023, 2490792.584089197], [11348016.97406444, 2495905.645916327], [11252481.67335059, 2540878.326902397]]]}}, {"type": "Feature", "properties": {}, "geometry": {"type": "MultiLineString", "coordinates": [[[11252481.67335059, 2540878.326902397], [11199825.254941395, 2571590.1246361146]]]}}, {"type": "Feature", "properties": {}, "geometry": {"type": "MultiLineString", "coordinates": [[[11264866.095745577, 579898.2691052764], [11277675.472760873, 591783.9652671494]]]}}, {"type": "Feature", "properties": {}, "geometry": {"type": "MultiLineString", "coordinates": [[[11277675.472760873, 591783.9652671494], [11496215.199136754, 847837.1678358724], [11590157.441325497, 897751.4297097]]]}}, {"type": "Feature", "properties": {}, "geometry": {"type": "MultiLineString", "coordinates": [[[-9265092.979515778, 1711214.0545656665], [-9586943.976917963, 1882351.3454186185], [-9740586.29393849, 2017942.3489994723]]]}}, {"type": "Feature", "properties": {}, "geometry": {"type": "MultiLineString", "coordinates": [[[-9740586.29393849, 2017942.3489994723], [-9805841.872991966, 2096255.2186815543], [-9803079.554353092, 2173342.066686193]]]}}, {"type": "Feature", "properties": {}, "geometry": {"type": "MultiLineString", "coordinates": [[[12997980.747088883, 5584101.657954819], [13021621.279009972, 5376978.121730177], [12944592.63106735, 5157505.280266729]]]}}, {"type": "Feature", "properties": {}, "geometry": {"type": "MultiLineString", "coordinates": [[[12944592.63106735, 5157505.280266729], [12878579.023665901, 4858128.514897249], [12496759.956908189, 4396496.656006941]]]}}, {"type": "Feature", "properties": {}, "geometry": {"type": "MultiLineString", "coordinates": [[[14491172.42921738, -622256.0498331182], [14389589.591009168, -604630.7449694031], [14068420.45039788, -759519.8002459571]]]}}, {"type": "Feature", "properties": {}, "geometry": {"type": "MultiLineString", "coordinates": [[[14583044.934212524, -732192.4253469764], [14552337.382441524, -705273.3536730118]]]}}, {"type": "Feature", "properties": {}, "geometry": {"type": "MultiLineString", "coordinates": [[[14552337.382441524, -705273.3536730118], [14491172.42921738, -622256.0498331182]]]}}, {"type": "Feature", "properties": {}, "geometry": {"type": "MultiLineString", "coordinates": [[[14491172.42921738, -622256.0498331182], [14360698.409585096, -390027.5785400984]]]}}, {"type": "Feature", "properties": {}, "geometry": {"type": "MultiLineString", "coordinates": [[[14068420.45039788, -759519.8002459571], [13979860.33504446, -772983.3090685211]]]}}, {"type": "Feature", "properties": {}, "geometry": {"type": "MultiLineString", "coordinates": [[[13979860.33504446, -772983.3090685211], [13897602.788001249, -742324.7684156375]]]}}, {"type": "Feature", "properties": {}, "geometry": {"type": "MultiLineString", "coordinates": [[[15923887.843346592, -2485691.5128663033], [15746579.73634194, -2440926.2005356885], [15655556.392633239, -2323929.911405361], [15596515.266091147, -2113752.7166546416], [15535100.135673422, -1664117.8778309177], [15554618.41865269, -1569115.729887686]]]}}, {"type": "Feature", "properties": {}, "geometry": {"type": "MultiLineString", "coordinates": [[[15554618.41865269, -1569115.729887686], [15562518.632212926, -1517135.5644684199]]]}}, {"type": "Feature", "properties": {}, "geometry": {"type": "MultiLineString", "coordinates": [[[11269913.37582227, 129321.34193744982], [11879068.835214293, 196408.24757088517]]]}}, {"type": "Feature", "properties": {}, "geometry": {"type": "MultiLineString", "coordinates": [[[-16769680.148626251, -1597877.519969013], [-16419948.97387846, -1544833.538081808]]]}}, {"type": "Feature", "properties": {}, "geometry": {"type": "MultiLineString", "coordinates": [[[-16419948.97387846, -1544833.538081808], [-16330534.985644154, -1529444.0391689125], [-16230823.632529326, -1562591.2930389983], [-16105325.462383017, -1657081.2319948156], [-16064755.051906075, -1850883.9466837822], [-16067451.280955845, -2095010.9867833874], [-16129429.030784022, -2541825.965063522]]]}}, {"type": "Feature", "properties": {}, "geometry": {"type": "MultiLineString", "coordinates": [[[-16129429.030784022, -2541825.965063522], [-16051995.945753977, -2878845.7407122767], [-15997118.023192847, -3181159.033323466], [-15980568.614323733, -3434952.4489445416]]]}}, {"type": "Feature", "properties": {}, "geometry": {"type": "MultiLineString", "coordinates": [[[13549351.762995118, 5645471.438307609], [12997980.747088883, 5584101.657954819]]]}}, {"type": "Feature", "properties": {}, "geometry": {"type": "MultiLineString", "coordinates": [[[-10896379.722439293, 6271309.059284766], [-11039326.539219374, 6228867.728395259], [-11368306.99791689, 6085837.704076943], [-12158997.51404248, 5833296.865456992], [-14102761.758107359, 5411477.788272292], [-14712363.98859641, 5373384.972401118]], [[14712363.98859641, 5373384.972401118], [14291851.994271444, 5423763.966888057], [13549351.762995118, 5645471.438307609]]]}}, {"type": "Feature", "properties": {}, "geometry": {"type": "MultiLineString", "coordinates": [[[13549351.762995118, 5645471.438307609], [12922408.841726657, 5857980.929318589]]]}}, {"type": "Feature", "properties": {}, "geometry": {"type": "MultiLineString", "coordinates": [[[11469918.935961764, 1826347.384969362], [11857220.396986255, 1289312.4164796628], [12004493.476947797, 858226.6742886616], [12003563.981860979, 702150.3599783395], [12169243.631372357, 333231.314398769], [12177655.949890701, 247957.43934718857]]]}}, {"type": "Feature", "properties": {}, "geometry": {"type": "MultiLineString", "coordinates": [[[14106730.358326877, -78970.96319786158], [13962539.415106189, 595630.520642843]]]}}, {"type": "Feature", "properties": {}, "geometry": {"type": "MultiLineString", "coordinates": [[[-5798851.977460788, 2102170.8864820777], [-5625770.340875795, 1991801.1904671707], [-5497950.359982645, 1778440.5550173228]]]}}, {"type": "Feature", "properties": {}, "geometry": {"type": "MultiLineString", "coordinates": [[[-5497950.359982645, 1778440.5550173228], [-5393172.29344753, 1596209.091953121], [-5370716.738615365, 1397998.181507742], [-5431196.248453264, 1143875.7557811295]]]}}, {"type": "Feature", "properties": {}, "geometry": {"type": "MultiLineString", "coordinates": [[[15544126.515509821, -1255313.265145151], [15450354.731933635, -1185646.1072122091], [15237817.634387583, -1223393.7832769956], [15139256.477864904, -1192055.108838287], [14719204.439573523, -875051.5625597283]]]}}, {"type": "Feature", "properties": {}, "geometry": {"type": "MultiLineString", "coordinates": [[[14719204.439573523, -875051.5625597283], [14652176.516715534, -797522.7326775528]]]}}, {"type": "Feature", "properties": {}, "geometry": {"type": "MultiLineString", "coordinates": [[[14652176.516715534, -797522.7326775528], [14583113.120356906, -732405.9932113454]]]}}, {"type": "Feature", "properties": {}, "geometry": {"type": "MultiLineString", "coordinates": [[[14583113.120356906, -732405.9932113454], [14552337.382441524, -705273.3536730118]]]}}, {"type": "Feature", "properties": {}, "geometry": {"type": "MultiLineString", "coordinates": [[[12422353.460588703, 45610.36771242576], [12461509.194348475, 33254.21410805477]]]}}, {"type": "Feature", "properties": {}, "geometry": {"type": "MultiLineString", "coordinates": [[[12461509.194348475, 33254.21410805477], [12537847.947062716, 9138.778835416055]]]}}, {"type": "Feature", "properties": {}, "geometry": {"type": "MultiLineString", "coordinates": [[[12537847.947062716, 9138.778835416055], [13226247.939049214, -181375.44951950386]]]}}, {"type": "Feature", "properties": {}, "geometry": {"type": "MultiLineString", "coordinates": [[[13226247.939049214, -181375.44951950386], [13582754.674884072, -358076.47682875564]]]}}, {"type": "Feature", "properties": {}, "geometry": {"type": "MultiLineString", "coordinates": [[[-10837331.55460061, 4311521.056845272], [-10816031.904679831, 4451661.5300452765], [-10636601.305695564, 4770086.0780859655], [-10522457.145738823, 5051415.670119707], [-10512758.317285955, 5149414.399956908], [-10547201.325646877, 5231561.806340716], [-10513978.387331387, 5304262.487896507], [-10607437.212343, 5490478.962713318]]]}}, {"type": "Feature", "properties": {}, "geometry": {"type": "MultiLineString", "coordinates": [[[-4960902.375025412, -6146956.754900621], [-5572666.703032712, -5979415.650623517], [-5859252.32254732, -5846549.615538318], [-6072130.802054847, -5711674.443176071], [-6240482.887842678, -5467840.032531756]]]}}, {"type": "Feature", "properties": {}, "geometry": {"type": "MultiLineString", "coordinates": [[[-6240482.887842678, -5467840.032531756], [-6373403.324487322, -5271289.884382496], [-6389161.096807851, -4941984.562660989], [-6426113.941118008, -4862199.524849749]]]}}, {"type": "Feature", "properties": {}, "geometry": {"type": "MultiLineString", "coordinates": [[[-6426113.941118008, -4862199.524849749], [-6552020.930017984, -4141645.982459425]]]}}, {"type": "Feature", "properties": {}, "geometry": {"type": "MultiLineString", "coordinates": [[[-7241965.932177713, 1053429.914835104], [-7219156.478251193, 1085822.137668079]]]}}, {"type": "Feature", "properties": {}, "geometry": {"type": "MultiLineString", "coordinates": [[[-7219156.478251193, 1085822.137668079], [-7044530.802956715, 1305781.5756180352]]]}}, {"type": "Feature", "properties": {}, "geometry": {"type": "MultiLineString", "coordinates": [[[-7710202.014829809, -339508.5861578684], [-7689989.085735975, -120363.69076300468], [-7597735.274646631, 152577.60826618772], [-7361189.614382682, 498789.0614046657]]]}}, {"type": "Feature", "properties": {}, "geometry": {"type": "MultiLineString", "coordinates": [[[11297406.850533683, 6610313.974457526], [12019681.307133842, 6449233.266324092]]]}}, {"type": "Feature", "properties": {}, "geometry": {"type": "MultiLineString", "coordinates": [[[15920.786448224384, 4144821.081329409], [113007.89854838404, 4115594.0715320543], [551757.7539805423, 4173686.39553189], [724606.4402884874, 4058083.1010196493], [931725.8503383718, 4177330.7794048972], [815750.1364802577, 4636084.931449397], [640782.3080608491, 4815703.866348045]]]}}, {"type": "Feature", "properties": {}, "geometry": {"type": "MultiLineString", "coordinates": [[[614380.3353029909, 4655826.004638572], [664986.3533739666, 4695286.6728811655], [639070.6522214431, 4816348.005497017]]]}}, {"type": "Feature", "properties": {}, "geometry": {"type": "MultiLineString", "coordinates": [[[12729546.701630807, 5964932.026645545], [12610536.494823063, 6143421.783803346]]]}}, {"type": "Feature", "properties": {}, "geometry": {"type": "MultiLineString", "coordinates": [[[1680790.6096330155, 4807924.749307461], [1702588.7299041233, 4685502.319031681], [1794505.905831517, 4485464.220294659], [1856856.2828235049, 4409873.419020277]]]}}, {"type": "Feature", "properties": {}, "geometry": {"type": "MultiLineString", "coordinates": [[[1856856.2828235049, 4409873.419020277], [2150810.8548740386, 4189062.5678996868], [2475869.255507269, 4152763.602051033], [3060579.708181169, 4180285.0514226523], [3441244.1571733276, 4138857.055220115]]]}}, {"type": "Feature", "properties": {}, "geometry": {"type": "MultiLineString", "coordinates": [[[12262160.692897854, 4756399.962561109], [12365007.296092687, 4779874.203138655], [12663428.188359447, 4993227.098368738], [12713679.173524281, 5094806.0951533625], [12693991.688210385, 5262379.220743954]]]}}, {"type": "Feature", "properties": {}, "geometry": {"type": "MultiLineString", "coordinates": [[[12610536.494823063, 6143421.783803346], [12716422.142328158, 6270413.7511452325], [12727125.875222312, 6499143.800264745], [12609434.707035992, 6509145.4365421105], [12288507.840971459, 6412110.928801141], [12039907.244284494, 6446651.998416105]]]}}, {"type": "Feature", "properties": {}, "geometry": {"type": "MultiLineString", "coordinates": [[[12039907.244284494, 6446651.998416105], [12019681.307133842, 6449233.266324092]]]}}, {"type": "Feature", "properties": {}, "geometry": {"type": "MultiLineString", "coordinates": [[[12693991.688210385, 5262379.220743954], [12414630.9965789, 5075088.721936984], [12091422.81879218, 5036420.671451653]]]}}, {"type": "Feature", "properties": {}, "geometry": {"type": "MultiLineString", "coordinates": [[[13851072.302368417, -4968463.197505273], [13941637.378408447, -4889417.79446942], [14668344.796148954, -4585217.295175228]]]}}, {"type": "Feature", "properties": {}, "geometry": {"type": "MultiLineString", "coordinates": [[[1680790.6096330155, 4807924.749307461], [1939608.1335801887, 4786259.138481768]]]}}, {"type": "Feature", "properties": {}, "geometry": {"type": "MultiLineString", "coordinates": [[[3062717.873505663, 3767242.6875226963], [3171474.097488984, 3826298.5393688125]]]}}, {"type": "Feature", "properties": {}, "geometry": {"type": "MultiLineString", "coordinates": [[[3062717.873505663, 3767242.6875226963], [3062939.849669559, 3766458.8014044287]]]}}, {"type": "Feature", "properties": {}, "geometry": {"type": "MultiLineString", "coordinates": [[[-7514589.882410615, 938396.8423927007], [-7387763.34813063, 1057160.7292693472], [-7247093.483494287, 1080955.65131263]]]}}, {"type": "Feature", "properties": {}, "geometry": {"type": "MultiLineString", "coordinates": [[[-7247093.483494287, 1080955.65131263], [-7219156.478251193, 1085822.137668079]]]}}, {"type": "Feature", "properties": {}, "geometry": {"type": "MultiLineString", "coordinates": [[[-7247093.483494287, 1080955.65131263], [-7241965.932177713, 1053429.914835104]]]}}, {"type": "Feature", "properties": {}, "geometry": {"type": "MultiLineString", "coordinates": [[[-10896379.722439293, 6271309.059284766], [-10576677.515626114, 6092687.083461318], [-10569406.581381451, 6039279.896171979], [-10630431.39150059, 5939113.229856349], [-10671658.190633267, 5764147.92072423]]]}}, {"type": "Feature", "properties": {}, "geometry": {"type": "MultiLineString", "coordinates": [[[3223670.993991909, -1233739.2559747088], [3316660.5325829946, -1052045.5368692912], [3472146.3532572268, -844378.1667481132]]]}}, {"type": "Feature", "properties": {}, "geometry": {"type": "MultiLineString", "coordinates": [[[12039907.244284494, 6446651.998416105], [11969563.836764872, 6290927.626018001], [12016130.602351122, 6042605.171115817], [12190611.09553175, 5857502.005643159], [12411985.579529155, 5654191.466854396], [12944592.63106735, 5157505.280266729]]]}}, {"type": "Feature", "properties": {}, "geometry": {"type": "MultiLineString", "coordinates": [[[3472146.3532572268, -844378.1667481132], [3387188.948025077, -581115.6329760171]]]}}, {"type": "Feature", "properties": {}, "geometry": {"type": "MultiLineString", "coordinates": [[[-10786123.642772147, 4309229.971369876], [-10824015.927332666, 4170005.7028967286], [-10776680.277776146, 4010208.403823544], [-10341564.112099871, 3305256.6612147572]]]}}, {"type": "Feature", "properties": {}, "geometry": {"type": "MultiLineString", "coordinates": [[[11836971.229973674, -6578639.949088537], [11959595.819881653, -6484150.462473292], [12056093.786332317, -6361321.024802402], [12058989.710539391, -6219328.575518394], [12180648.82836181, -6065414.519496171], [12351262.968475163, -5940579.894046484], [12514411.243235396, -5881636.445157564], [12745089.717415411, -5701813.409796059], [13121176.779715007, -5495940.207929459], [13542944.57508512, -5220439.514283225], [13832630.63640936, -4993879.810165105]]]}}, {"type": "Feature", "properties": {}, "geometry": {"type": "MultiLineString", "coordinates": [[[3441244.1571733276, 4138857.055220115], [3417683.458059684, 4112339.918842871]]]}}, {"type": "Feature", "properties": {}, "geometry": {"type": "MultiLineString", "coordinates": [[[3417683.458059684, 4112339.918842871], [3247055.1016484043, 3978214.101406079], [3178738.3623012207, 3892847.7777867434], [3171474.097488984, 3826298.5393688125]]]}}, {"type": "Feature", "properties": {}, "geometry": {"type": "MultiLineString", "coordinates": [[[3171474.097488984, 3826298.5393688125], [3151973.8680308904, 3433221.8548239367], [3170307.890264055, 3155069.981634408], [3123887.3959658328, 2951316.518338091]]]}}, {"type": "Feature", "properties": {}, "geometry": {"type": "MultiLineString", "coordinates": [[[13049005.783077348, 2592132.0353247453], [13155464.678033238, 2629498.9962717635]]]}}, {"type": "Feature", "properties": {}, "geometry": {"type": "MultiLineString", "coordinates": [[[13155464.678033238, 2629498.9962717635], [13189980.645019103, 2634488.5211738036]]]}}, {"type": "Feature", "properties": {}, "geometry": {"type": "MultiLineString", "coordinates": [[[5367128.846786605, 1109598.5008652846], [5469824.262164215, 1356671.339217133]]]}}, {"type": "Feature", "properties": {}, "geometry": {"type": "MultiLineString", "coordinates": [[[5469824.262164215, 1356671.339217133], [5583704.105975665, 1640103.7600841506], [5674267.0286843935, 2000206.811108931], [5861337.174429614, 2426750.761789649], [6018357.667689759, 2691397.0265942905]]]}}, {"type": "Feature", "properties": {}, "geometry": {"type": "MultiLineString", "coordinates": [[[6018357.667689759, 2691397.0265942905], [6413719.429939411, 3718535.6776449042]]]}}, {"type": "Feature", "properties": {}, "geometry": {"type": "MultiLineString", "coordinates": [[[12806006.712292375, 2657757.488916966], [12964631.201337617, 2698526.5493021966]]]}}, {"type": "Feature", "properties": {}, "geometry": {"type": "MultiLineString", "coordinates": [[[15565271.67963633, -1475075.9819077721], [15764276.398781884, -1443394.5314778497], [16040332.083110398, -1504154.835722179], [16046085.370526288, -1476085.2338109424], [16182766.151065173, -1425913.4010070155]]]}}, {"type": "Feature", "properties": {}, "geometry": {"type": "MultiLineString", "coordinates": [[[-16681665.788267491, -1783051.5710558482], [-16772927.866546048, -1871393.6768842998]], [[16772927.866546048, -1871393.6768842998], [16313957.2800516, -2270716.686221262], [16080142.67183807, -2401013.8675547983]]]}}, {"type": "Feature", "properties": {}, "geometry": {"type": "MultiLineString", "coordinates": [[[16080142.67183807, -2401013.8675547983], [15923887.843346592, -2485691.5128663033]]]}}, {"type": "Feature", "properties": {}, "geometry": {"type": "MultiLineString", "coordinates": [[[8852228.656972406, 3086567.4966890486], [8852205.02455896, 3061538.7178057297]]]}}, {"type": "Feature", "properties": {}, "geometry": {"type": "MultiLineString", "coordinates": [[[8852205.02455896, 3061538.7178057297], [8822367.821954008, 2952400.667744994]]]}}, {"type": "Feature", "properties": {}, "geometry": {"type": "MultiLineString", "coordinates": [[[8822367.821954008, 2952400.667744994], [8680508.384600043, 2640893.7098064735], [8665242.019421548, 2399381.728052996], [8742751.9660815, 2116373.065853803], [8745680.994356757, 1852438.117216136], [8712132.438179204, 1568422.9290413482], [8563749.427951248, 1303442.4019578998]]]}}, {"type": "Feature", "properties": {}, "geometry": {"type": "MultiLineString", "coordinates": [[[-3086102.1467769044, 3766565.105959067], [-1673006.6512747363, 3850525.4634646527], [-873483.1431333134, 3941799.275241419], [-498470.4538992741, 3899726.0245333216]]]}}, {"type": "Feature", "properties": {}, "geometry": {"type": "MultiLineString", "coordinates": [[[14078826.429660512, -63168.18272056704], [13784870.147252856, -42467.506145578795], [13226247.939049214, -181375.44951950386]]]}}, {"type": "Feature", "properties": {}, "geometry": {"type": "MultiLineString", "coordinates": [[[-16338902.628943287, -2577925.5234912466], [-16129429.030784022, -2541825.965063522]]]}}, {"type": "Feature", "properties": {}, "geometry": {"type": "MultiLineString", "coordinates": [[[12420226.06356559, 37781.96635136324], [12422353.460588703, 45610.36771242576]]]}}, {"type": "Feature", "properties": {}, "geometry": {"type": "MultiLineString", "coordinates": [[[-16769680.148626251, -1597877.519969013], [-16681665.788267491, -1783051.5710558482]]]}}, {"type": "Feature", "properties": {}, "geometry": {"type": "MultiLineString", "coordinates": [[[11858259.68551817, -6516128.430572451], [11836971.229973674, -6578639.949088537]]]}}, {"type": "Feature", "properties": {}, "geometry": {"type": "MultiLineString", "coordinates": [[[11836971.229973674, -6578639.949088537], [11750529.248584844, -6938210.348151557], [11764475.685391443, -7245205.804400089]]]}}, {"type": "Feature", "properties": {}, "geometry": {"type": "MultiLineString", "coordinates": [[[7006573.159841843, -3902789.473004616], [7199613.629773401, -3766771.1149063795], [7749935.058698682, -3211349.7150631933], [8065158.8232313655, -2802942.7104504476], [8570193.958337927, -2256431.119506503], [9030446.410869109, -1667850.4647926698], [9299696.959617892, -1253455.1335104604], [9791356.240018403, -893588.2180943975]]]}}, {"type": "Feature", "properties": {}, "geometry": {"type": "MultiLineString", "coordinates": [[[6415574.31575467, -203602.01178596987], [7075202.062097157, -148379.74554014488], [7617259.444515374, 7771.415343881075], [7834211.183088224, 109870.63805047555], [8117476.568646989, 470220.47547604336], [8345905.081025771, 596342.4936318506], [8592453.448437965, 968084.4191586102]]]}}, {"type": "Feature", "properties": {}, "geometry": {"type": "MultiLineString", "coordinates": [[[11395090.683138931, -1222629.1917635072], [11419162.305297043, -885240.2733619668], [11380125.402164798, -354932.2693763919]]]}}, {"type": "Feature", "properties": {}, "geometry": {"type": "MultiLineString", "coordinates": [[[11380125.402164798, -354932.2693763919], [11269913.37582227, 129321.34193744982]]]}}, {"type": "Feature", "properties": {}, "geometry": {"type": "MultiLineString", "coordinates": [[[11269913.37582227, 129321.34193744982], [11268753.922821712, 215812.92763623147], [11192572.53292737, 374868.68130442203], [11264866.095745577, 579898.2691052764]]]}}, {"type": "Feature", "properties": {}, "geometry": {"type": "MultiLineString", "coordinates": [[[11966966.48345732, 340398.4980728007], [11797695.096435728, 997478.6007042744], [11722423.994853128, 1152652.9090477806], [11252879.867947536, 1802950.8482579133], [11153684.485494124, 1892442.7259909278]]]}}, {"type": "Feature", "properties": {}, "geometry": {"type": "MultiLineString", "coordinates": [[[12394826.003759608, -314338.1712964878], [12082061.749104753, -275468.03654228564]]]}}, {"type": "Feature", "properties": {}, "geometry": {"type": "MultiLineString", "coordinates": [[[12082061.749104753, -275468.03654228564], [11714313.466529027, -359472.86516086786], [11522761.844085542, -357036.9660442024]]]}}, {"type": "Feature", "properties": {}, "geometry": {"type": "MultiLineString", "coordinates": [[[11522761.844085542, -357036.9660442024], [11380125.402164798, -354932.2693763919]]]}}, {"type": "Feature", "properties": {}, "geometry": {"type": "MultiLineString", "coordinates": [[[8852228.656972406, 3086567.4966890486], [9353139.309904391, 2559567.0625990573], [9704759.127452442, 2306485.7003694163], [10202504.317230677, 1838738.40208028]]]}}, {"type": "Feature", "properties": {}, "geometry": {"type": "MultiLineString", "coordinates": [[[12091422.81879218, 5036420.671451653], [12262160.692897854, 4756399.962561109]]]}}, {"type": "Feature", "properties": {}, "geometry": {"type": "MultiLineString", "coordinates": [[[-2868620.3747415445, 5593990.655991487], [-2427205.480996192, 5550329.384293003]]]}}, {"type": "Feature", "properties": {}, "geometry": {"type": "MultiLineString", "coordinates": [[[12420226.06356559, 37781.96635136324], [12287881.20716779, 92161.53930859594], [12177655.949890701, 247957.43934718857]]]}}, {"type": "Feature", "properties": {}, "geometry": {"type": "MultiLineString", "coordinates": [[[-2304343.174681779, -5817370.493924056], [-2349404.4483678886, -5825140.714345403]]]}}, {"type": "Feature", "properties": {}, "geometry": {"type": "MultiLineString", "coordinates": [[[-2349404.4483678886, -5825140.714345403], [-2693842.9558399743, -5775553.150463122], [-2780508.656884432, -5752357.2826267695], [-2873880.2629620703, -5683898.230133643], [-3013353.015479637, -5655150.091420742], [-3220487.814289257, -5670624.6843271805], [-3848463.503835995, -5598802.228937198], [-4173605.495374405, -5607491.930380814], [-4403285.128590174, -5688734.85850248], [-4927845.601419061, -5708588.517881903], [-5202703.714431045, -5791815.135384861], [-5383456.3035621215, -5792878.520097125], [-5716068.817173067, -5724052.778332309], [-6033710.574261981, -5589894.180920395], [-6240482.887842678, -5467840.032531756]]]}}, {"type": "Feature", "properties": {}, "geometry": {"type": "MultiLineString", "coordinates": [[[-3540811.777937009, -6332666.117760944], [-3158594.6635993267, -6385133.6619077455], [-3080732.8349415185, -6431181.1166477315], [-2986644.9917783746, -6398052.885123292], [-2920839.0398005075, -6435453.575608325], [-2711204.1133776056, -6471686.356298134], [-2432935.2652318394, -6376199.928387009], [-2218993.688535955, -6393031.672114557]]]}}, {"type": "Feature", "properties": {}, "geometry": {"type": "MultiLineString", "coordinates": [[[12264334.25798008, -942164.9106047098], [11983143.89048323, -720603.0667378334]]]}}, {"type": "Feature", "properties": {}, "geometry": {"type": "MultiLineString", "coordinates": [[[11983143.89048323, -720603.0667378334], [11522761.844085542, -357036.9660442024]]]}}, {"type": "Feature", "properties": {}, "geometry": {"type": "MultiLineString", "coordinates": [[[12922408.841726657, 5857980.929318589], [12729546.701630807, 5964932.026645545]]]}}, {"type": "Feature", "properties": {}, "geometry": {"type": "MultiLineString", "coordinates": [[[12393442.348934952, -18646.832068521842], [12495099.778904816, -64710.792140187994]]]}}, {"type": "Feature", "properties": {}, "geometry": {"type": "MultiLineString", "coordinates": [[[12495099.778904816, -64710.792140187994], [13238684.746029453, -315717.59873985784], [13661613.144118743, -524093.3224579548]]]}}, {"type": "Feature", "properties": {}, "geometry": {"type": "MultiLineString", "coordinates": [[[10202504.317230677, 1838738.40208028], [10264311.018232483, 1638960.9521200114], [10297714.030866101, 1351390.094661152], [10284671.313175667, 886236.4304552769], [10430148.891321791, 327933.10369975335]]]}}, {"type": "Feature", "properties": {}, "geometry": {"type": "MultiLineString", "coordinates": [[[9223096.353888882, 486640.5785366109], [9324466.56550245, 234265.68692966836], [9728340.738589719, -497814.3854442427], [9683356.257544752, -796671.3662316797]]]}}, {"type": "Feature", "properties": {}, "geometry": {"type": "MultiLineString", "coordinates": [[[9123306.46612753, 1455993.6882012538], [9077585.690519629, 1232739.6227291403], [9090783.715424636, 991332.5279137172], [9128376.751093036, 722527.7417886299], [9189293.396382995, 517686.8103657508], [9223096.353888882, 486640.5785366109]]]}}, {"type": "Feature", "properties": {}, "geometry": {"type": "MultiLineString", "coordinates": [[[8822367.821954008, 2952400.667744994], [8887906.896936063, 2783009.5464696772], [8878891.26094672, 2395532.697685503], [8926164.415141005, 2138696.134764848], [9082704.495972196, 1623137.286076398]]]}}, {"type": "Feature", "properties": {}, "geometry": {"type": "MultiLineString", "coordinates": [[[9082704.495972196, 1623137.286076398], [9123306.46612753, 1455993.6882012538]]]}}, {"type": "Feature", "properties": {}, "geometry": {"type": "MultiLineString", "coordinates": [[[12143731.124553476, -199237.87926710563], [12393442.348934952, -18646.832068521842]]]}}, {"type": "Feature", "properties": {}, "geometry": {"type": "MultiLineString", "coordinates": [[[12393442.348934952, -18646.832068521842], [12461509.194348475, 33254.21410805477]]]}}, {"type": "Feature", "properties": {}, "geometry": {"type": "MultiLineString", "coordinates": [[[11053755.396161858, 924327.1297994686], [11191739.722940056, 729912.8614752867]]]}}, {"type": "Feature", "properties": {}, "geometry": {"type": "MultiLineString", "coordinates": [[[11191739.722940056, 729912.8614752867], [11277675.472760873, 591783.9652671494]]]}}, {"type": "Feature", "properties": {}, "geometry": {"type": "MultiLineString", "coordinates": [[[10430148.891321791, 327933.10369975335], [10645557.735864831, 232519.66320842135], [10726042.701831888, 278742.606893252], [10980115.27462906, 823505.9633959911]]]}}, {"type": "Feature", "properties": {}, "geometry": {"type": "MultiLineString", "coordinates": [[[13027309.956161402, 998123.5522588969], [13235864.854030928, 926898.26769407], [13540844.591845857, 723557.7928361784], [13962539.415106189, 595630.520642843]]]}}, {"type": "Feature", "properties": {}, "geometry": {"type": "MultiLineString", "coordinates": [[[12537847.947062716, 9138.778835416055], [12536648.270913687, 397011.74234067433], [12590508.420629794, 620258.5026362349], [12689193.890905999, 746210.6606401153]]]}}, {"type": "Feature", "properties": {}, "geometry": {"type": "MultiLineString", "coordinates": [[[-7629774.313755484, 735932.6191188658], [-7423554.810591336, 765094.2780022947]]]}}, {"type": "Feature", "properties": {}, "geometry": {"type": "MultiLineString", "coordinates": [[[-7598337.067402615, 2018155.684932622], [-7382123.863853101, 2069129.8046393904], [-6705189.6419044165, 2114878.1826591208], [-5798851.977460788, 2102170.8864820777]]]}}, {"type": "Feature", "properties": {}, "geometry": {"type": "MultiLineString", "coordinates": [[[-9265092.979515778, 1711214.0545656665], [-8993239.983961133, 1625996.9904343986]]]}}, {"type": "Feature", "properties": {}, "geometry": {"type": "MultiLineString", "coordinates": [[[-8993239.983961133, 1625996.9904343986], [-8277348.176590675, 1687429.131382549], [-7944320.175727686, 1820576.3733392283], [-7606022.3696568385, 1903994.6424014396]]]}}, {"type": "Feature", "properties": {}, "geometry": {"type": "MultiLineString", "coordinates": [[[-7044530.802956715, 1305781.5756180352], [-6566573.5209878, 1234304.0181352086], [-5431196.248453264, 1143875.7557811295]]]}}, {"type": "Feature", "properties": {}, "geometry": {"type": "MultiLineString", "coordinates": [[[-4960902.375025412, -6146956.754900621], [-4923054.221220039, -6161889.898688472]]]}}, {"type": "Feature", "properties": {}, "geometry": {"type": "MultiLineString", "coordinates": [[[-4923054.221220039, -6161889.898688472], [-4757226.885283566, -6200686.020597785], [-4243667.773996841, -6402940.623030422]]]}}, {"type": "Feature", "properties": {}, "geometry": {"type": "MultiLineString", "coordinates": [[[-4243667.773996841, -6402940.623030422], [-4084034.2637272477, -6482496.95589167]]]}}, {"type": "Feature", "properties": {}, "geometry": {"type": "MultiLineString", "coordinates": [[[-4084034.2637272477, -6482496.95589167], [-4069730.8641405725, -6490324.142547222]]]}}, {"type": "Feature", "properties": {}, "geometry": {"type": "MultiLineString", "coordinates": [[[14652176.516715534, -797522.7326775528], [14423195.784052558, -980370.3240102066]]]}}, {"type": "Feature", "properties": {}, "geometry": {"type": "MultiLineString", "coordinates": [[[14078826.429660512, -63168.18272056704], [14106730.358326877, -78970.96319786158]]]}}, {"type": "Feature", "properties": {}, "geometry": {"type": "MultiLineString", "coordinates": [[[14106730.358326877, -78970.96319786158], [14461669.26421499, -235325.23431261734], [14515502.793148912, -287442.89898932294], [14622262.157610195, -486661.1180307547], [14619618.309623724, -560440.8751675007], [14573830.659035703, -631120.0464756154], [14583044.934212524, -732192.4253469764]]]}}, {"type": "Feature", "properties": {}, "geometry": {"type": "MultiLineString", "coordinates": [[[14583044.934212524, -732192.4253469764], [14583113.120356906, -732405.9932113454]]]}}, {"type": "Feature", "properties": {}, "geometry": {"type": "MultiLineString", "coordinates": [[[11772542.474863665, -75967.63428798954], [11992778.391716402, -173062.61355728126]]]}}, {"type": "Feature", "properties": {}, "geometry": {"type": "MultiLineString", "coordinates": [[[11992778.391716402, -173062.61355728126], [12143731.124553476, -199237.87926710563]]]}}, {"type": "Feature", "properties": {}, "geometry": {"type": "MultiLineString", "coordinates": [[[13661613.144118743, -524093.3224579548], [13595815.402849771, -380951.3111275577]]]}}, {"type": "Feature", "properties": {}, "geometry": {"type": "MultiLineString", "coordinates": [[[13595815.402849771, -380951.3111275577], [13593119.948143536, -376224.2611473711]]]}}, {"type": "Feature", "properties": {}, "geometry": {"type": "MultiLineString", "coordinates": [[[13593119.948143536, -376224.2611473711], [13582754.674884072, -358076.47682875564]]]}}, {"type": "Feature", "properties": {}, "geometry": {"type": "MultiLineString", "coordinates": [[[-4084034.263727212, -6482496.955891657], [-4069730.8641405297, -6490324.142547212]]]}}, {"type": "Feature", "properties": {}, "geometry": {"type": "MultiLineString", "coordinates": [[[-4960902.375025318, -6146956.754900627], [-4923054.221220039, -6161889.898688472]]]}}, {"type": "Feature", "properties": {}, "geometry": {"type": "MultiLineString", "coordinates": [[[3223670.993991909, -1233739.2559747088], [3194080.7386997053, -1409401.667683259], [3261432.628238224, -1555572.4640689625], [3232740.4138321495, -1695294.065278608], [3282533.620502241, -1801913.423765626], [3277731.2625120226, -1922361.8443542635], [3089947.093426865, -2104918.401564254], [3064450.4739346583, -2281683.022575207], [2706462.1859474448, -2405952.637084982], [2529794.3472911404, -2611159.089572825], [2557591.05144886, -2801103.296876915], [2434129.6049005417, -2863237.2123648636], [2424872.809309162, -3011573.037730757], [2525003.24374315, -3107973.2419348164], [2616497.2725359527, -3275206.8971396084], [3317742.495903829, -3956142.721283801], [2749578.052211857, -4928239.3204656625], [2812036.087704189, -4956149.015048649]]]}}, {"type": "Feature", "properties": {}, "geometry": {"type": "MultiLineString", "coordinates": [[[7953686.046191293, -2626608.5159891993], [7774800.811097991, -2680811.7099507446], [7661659.111908537, -2835293.6279536756], [7163809.316836637, -2902274.3110686354], [6614219.788575248, -2886567.4650604827]]]}}, {"type": "Feature", "properties": {}, "geometry": {"type": "MultiLineString", "coordinates": [[[8323260.067850036, -494950.8659501645], [7351112.738397656, -453520.7229159482], [6815682.546112467, -560857.5701365367], [6647339.09796312, -742287.3844662212], [6608237.859224395, -863821.7788971461], [6377722.796052373, -851798.1516982224]]]}}, {"type": "Feature", "properties": {}, "geometry": {"type": "MultiLineString", "coordinates": [[[-4713890.001204832, -6579722.637612397], [-4510927.836394735, -6654598.812938345]]]}}, {"type": "Feature", "properties": {}, "geometry": {"type": "MultiLineString", "coordinates": [[[8323260.067850036, -494950.8659501645], [8241290.880783672, -1474286.913761022], [7953686.046191293, -2626608.5159891993]]]}}, {"type": "Feature", "properties": {}, "geometry": {"type": "MultiLineString", "coordinates": [[[-4510927.836394735, -6654598.812938345], [-4069730.8641405297, -6490324.142547212]]]}}, {"type": "Feature", "properties": {}, "geometry": {"type": "MultiLineString", "coordinates": [[[-3836059.7983834953, -6343139.176780754], [-3540811.777937009, -6332666.117760944]]]}}, {"type": "Feature", "properties": {}, "geometry": {"type": "MultiLineString", "coordinates": [[[-4084034.2637272477, -6482496.95589167], [-3834913.694939156, -6391588.984343555]]]}}, {"type": "Feature", "properties": {}, "geometry": {"type": "MultiLineString", "coordinates": [[[-3836059.7983834953, -6343139.176780754], [-3834913.694939156, -6391588.984343555]]]}}, {"type": "Feature", "properties": {}, "geometry": {"type": "MultiLineString", "coordinates": [[[9172505.521444386, 7294262.299664344], [9168495.322103793, 7192734.627915281], [9232922.224602828, 7141878.54113833], [9784034.596889768, 6906282.667599929], [10513457.591196904, 6749453.724650334], [10901770.682186315, 6570381.906364533], [11069218.820633959, 6518446.951208431], [11240771.35656655, 6502387.496957487], [11297406.850533683, 6610313.974457526]]]}}, {"type": "Feature", "properties": {}, "geometry": {"type": "MultiLineString", "coordinates": [[[3426882.7880720594, 621841.5051355979], [3896984.5346851703, 1218969.5205916387]]]}}, {"type": "Feature", "properties": {}, "geometry": {"type": "MultiLineString", "coordinates": [[[3255763.566481457, -552795.0220244053], [3432770.605581159, -178359.78015737265], [3392531.459393046, 72613.90230274099], [3434579.687628386, 320414.2863585495], [3426882.7880720594, 621841.5051355979]]]}}, {"type": "Feature", "properties": {}, "geometry": {"type": "MultiLineString", "coordinates": [[[6413719.429939411, 3718535.6776449042], [6488297.587922444, 3782636.8453638745], [6540736.104832635, 3739279.756762292], [6626023.938201509, 3808082.772557973], [6704857.056475181, 3703637.6063867514], [6864203.312640828, 3663445.690411508], [7101283.285442718, 3512946.1331055644], [7220496.03678444, 3372606.386033559], [7357997.690212075, 3297984.013333486], [7541945.503313273, 3259940.299195586], [7823601.751917939, 3115086.251455455], [8270127.644667567, 3136329.3683215743], [8483244.012850538, 3101812.2455847007], [8660886.87557671, 3162536.4022868387], [8852205.02455896, 3061538.7178057297]]]}}, {"type": "Feature", "properties": {}, "geometry": {"type": "MultiLineString", "coordinates": [[[-9803079.554353092, 2173342.066686193], [-9848396.157904817, 2266598.690410479], [-9917912.18678605, 2306554.1535183974], [-9896540.613128029, 2354653.2904706313], [-9955868.23439331, 2443725.0933317267], [-9944368.39667542, 2495315.2313640052]]]}}, {"type": "Feature", "properties": {}, "geometry": {"type": "MultiLineString", "coordinates": [[[11043079.487336764, 914730.6718899751], [11053755.396161858, 924327.1297994686]]]}}, {"type": "Feature", "properties": {}, "geometry": {"type": "MultiLineString", "coordinates": [[[11053755.396161858, 924327.1297994686], [11265582.95864409, 1093916.005887525], [11409423.644293992, 1321010.9916684916]]]}}, {"type": "Feature", "properties": {}, "geometry": {"type": "MultiLineString", "coordinates": [[[10980115.27462906, 823505.9633959911], [11043079.487336764, 914730.6718899751]]]}}, {"type": "Feature", "properties": {}, "geometry": {"type": "MultiLineString", "coordinates": [[[3255763.566481457, -552795.0220244053], [3387188.948025077, -581115.6329760171]]]}}, {"type": "Feature", "properties": {}, "geometry": {"type": "MultiLineString", "coordinates": [[[13851072.302368417, -4968463.197505273], [13832630.63640936, -4993879.810165105]]]}}, {"type": "Feature", "properties": {}, "geometry": {"type": "MultiLineString", "coordinates": [[[15837121.596266015, -3800290.724816252], [15260312.245459484, -4302199.42312048], [15077631.625750355, -4406541.530992838], [14868988.011483036, -4481507.345289995], [14668344.796148954, -4585217.295175228]]]}}, {"type": "Feature", "properties": {}, "geometry": {"type": "MultiLineString", "coordinates": [[[15837121.596266015, -3800290.724816252], [15953830.484481607, -3853072.0825478886], [15886744.626165505, -3968197.261677861]]]}}, {"type": "Feature", "properties": {}, "geometry": {"type": "MultiLineString", "coordinates": [[[13897602.788001249, -742324.7684156375], [13957978.908963146, -724289.6522139753]]]}}, {"type": "Feature", "properties": {}, "geometry": {"type": "MultiLineString", "coordinates": [[[13957978.908963146, -724289.6522139753], [13949855.723105015, -669305.1845760307], [13831069.170410851, -541024.9883560492], [13599047.664329067, -380633.1630017374]]]}}, {"type": "Feature", "properties": {}, "geometry": {"type": "MultiLineString", "coordinates": [[[13599047.664329067, -380633.1630017374], [13593119.948143536, -376224.2611473711]]]}}, {"type": "Feature", "properties": {}, "geometry": {"type": "MultiLineString", "coordinates": [[[12495099.778904816, -64710.792140187994], [12271796.034250326, -153818.8222312112], [12394826.003759608, -314338.1712964878]]]}}, {"type": "Feature", "properties": {}, "geometry": {"type": "MultiLineString", "coordinates": [[[12394826.003759608, -314338.1712964878], [12490378.3476738, -416865.1378389349], [12649182.459920676, -490431.82595050195]]]}}, {"type": "Feature", "properties": {}, "geometry": {"type": "MultiLineString", "coordinates": [[[14279555.901643166, -1059299.5423491627], [14284781.282803886, -1047388.2175181583]]]}}, {"type": "Feature", "properties": {}, "geometry": {"type": "MultiLineString", "coordinates": [[[12440775.069020517, -363552.7684878536], [12486012.269869113, -412165.89813995897]]]}}, {"type": "Feature", "properties": {}, "geometry": {"type": "MultiLineString", "coordinates": [[[14197656.676857319, -862851.6752279062], [14031548.850656666, -825055.7772105534], [13979860.33504446, -772983.3090685211]]]}}, {"type": "Feature", "properties": {}, "geometry": {"type": "MultiLineString", "coordinates": [[[14197656.676857319, -862851.6752279062], [14403610.591469321, -923962.6643991199], [14424787.554303769, -984988.774127591], [14506438.100677185, -959449.0994152471], [14461031.528970929, -1023767.046334618], [14284781.282803886, -1047388.2175181583]]]}}, {"type": "Feature", "properties": {}, "geometry": {"type": "MultiLineString", "coordinates": [[[12486012.269869113, -412165.89813995897], [12649182.459920676, -490431.82595050195]]]}}, {"type": "Feature", "properties": {}, "geometry": {"type": "MultiLineString", "coordinates": [[[14506438.100677185, -959449.0994152471], [14461031.52897093, -1023767.0463346207], [14284781.28280389, -1047388.2175181534]]]}}, {"type": "Feature", "properties": {}, "geometry": {"type": "MultiLineString", "coordinates": [[[12394826.003759608, -314338.1712964883], [12440775.069020517, -363552.7684878536]]]}}, {"type": "Feature", "properties": {}, "geometry": {"type": "MultiLineString", "coordinates": [[[14197656.676857319, -862851.6752279062], [14403610.591469321, -923962.6643991199], [14423195.784052558, -980370.3240102066]]]}}, {"type": "Feature", "properties": {}, "geometry": {"type": "MultiLineString", "coordinates": [[[14423195.784052558, -980370.3240102066], [14506438.100677185, -959449.0994152471]]]}}]}